# Blender v3.2.1 OBJ File: ''
# www.blender.org
mtllib MetalInvasionLogo.mtl
o Mesh_0.001
v -111.367805 -1.523363 -6.453870
v -115.051620 -1.523363 -6.453870
v -115.051620 32.421909 -6.453864
v -103.978889 12.046925 -6.453867
v -107.662704 12.046925 -6.453867
v -107.662704 18.851624 -6.453866
v -111.367805 25.617210 -6.453866
v -107.662704 25.617210 -6.453866
v -107.662704 18.851624 -6.453866
v -115.051620 32.421909 -6.453864
v -111.367805 32.421909 -6.453864
v -111.367805 25.617210 -6.453866
v -111.367805 18.851624 -6.453866
v -111.367805 -1.523363 -6.453870
v -115.051620 32.421909 -6.453864
v -103.978889 18.851624 -6.453866
v -103.978889 12.046925 -6.453867
v -107.662704 18.851624 -6.453866
v -111.367805 18.851624 -6.453866
v -115.051620 32.421909 -6.453864
v -111.367805 25.617210 -6.453866
v -111.367805 18.851624 -6.453866
v -111.367805 25.617210 -6.453866
v -107.662704 18.851624 -6.453866
v -115.051620 32.421906 4.192989
v -115.051620 -1.523365 4.192983
v -111.367805 -1.523365 4.192983
v -107.662704 18.851622 4.192986
v -107.662704 12.046923 4.192986
v -103.978889 12.046923 4.192986
v -107.662704 18.851622 4.192986
v -107.662704 25.617210 4.192987
v -111.367805 25.617210 4.192987
v -111.367805 25.617210 4.192987
v -111.367805 32.421906 4.192989
v -115.051620 32.421906 4.192989
v -115.051620 32.421906 4.192989
v -111.367805 -1.523365 4.192983
v -111.367805 18.851622 4.192986
v -107.662704 18.851622 4.192986
v -103.978889 12.046923 4.192986
v -103.978889 18.851622 4.192986
v -111.367805 25.617210 4.192987
v -115.051620 32.421906 4.192989
v -111.367805 18.851622 4.192986
v -107.662704 18.851622 4.192986
v -111.367805 25.617210 4.192987
v -111.367805 18.851622 4.192986
v -111.062225 -2.084581 -6.352565
v -111.062225 18.290405 -6.352561
v -110.803169 -2.560356 -6.064071
v -111.062225 18.290405 -6.352561
v -110.803169 17.814629 -6.064067
v -110.803169 -2.560356 -6.064071
v -110.803169 -2.560356 -6.064071
v -110.803169 17.814629 -6.064067
v -110.630074 -2.878263 -5.632311
v -110.630074 -2.878263 -5.632311
v -110.630074 17.496725 -5.632308
v -110.569290 -2.989897 -5.123014
v -110.630074 17.496725 -5.632308
v -110.569290 17.385090 -5.123011
v -110.569290 -2.989897 -5.123014
v -110.569290 -2.989897 -5.123014
v -110.569290 17.385090 -5.123011
v -110.569290 -2.989897 2.862126
v -110.569290 17.385090 -5.123011
v -110.569290 17.385090 2.862129
v -110.569290 -2.989897 2.862126
v -110.569290 -2.989897 2.862126
v -110.569290 17.385090 2.862129
v -110.630074 -2.878263 3.371423
v -110.569290 17.385090 2.862129
v -110.630074 17.496723 3.371426
v -110.630074 -2.878263 3.371423
v -110.630074 -2.878263 3.371423
v -110.630074 17.496723 3.371426
v -110.803169 -2.560358 3.803183
v -110.803169 -2.560358 3.803183
v -110.803169 17.814627 3.803186
v -111.062225 -2.084583 4.091677
v -110.803169 17.814627 3.803186
v -111.062225 18.290405 4.091681
v -111.062225 -2.084583 4.091677
v -111.062225 -2.084583 4.091677
v -111.062225 18.290405 4.091681
v -111.367805 -1.523365 4.192983
v -111.062225 18.290405 4.091681
v -111.367805 18.851622 4.192986
v -111.367805 -1.523365 4.192983
v -111.367805 18.851624 -6.453866
v -107.662704 18.851624 -6.453866
v -111.062225 18.290405 -6.352561
v -107.662704 18.851624 -6.453866
v -107.968277 18.290405 -6.352561
v -111.062225 18.290405 -6.352561
v -111.062225 18.290405 -6.352561
v -107.968277 18.290405 -6.352561
v -110.803169 17.814629 -6.064067
v -107.968277 18.290405 -6.352561
v -108.227333 17.814629 -6.064067
v -110.803169 17.814629 -6.064067
v -110.803169 17.814629 -6.064067
v -108.227333 17.814629 -6.064067
v -110.630074 17.496725 -5.632308
v -108.227333 17.814629 -6.064067
v -108.400429 17.496725 -5.632308
v -110.630074 17.496725 -5.632308
v -110.630074 17.496725 -5.632308
v -108.400429 17.496725 -5.632308
v -110.569290 17.385090 -5.123011
v -108.400429 17.496725 -5.632308
v -108.461212 17.385090 -5.123011
v -110.569290 17.385090 -5.123011
v -110.569290 17.385090 -5.123011
v -108.461212 17.385090 -5.123011
v -110.569290 17.385090 2.862129
v -108.461212 17.385090 -5.123011
v -108.461212 17.385090 2.862129
v -110.569290 17.385090 2.862129
v -110.569290 17.385090 2.862129
v -108.461212 17.385090 2.862129
v -110.630074 17.496723 3.371426
v -108.461212 17.385090 2.862129
v -108.400429 17.496723 3.371426
v -110.630074 17.496723 3.371426
v -110.630074 17.496723 3.371426
v -108.400429 17.496723 3.371426
v -110.803169 17.814627 3.803186
v -108.400429 17.496723 3.371426
v -108.227333 17.814627 3.803186
v -110.803169 17.814627 3.803186
v -110.803169 17.814627 3.803186
v -108.227333 17.814627 3.803186
v -111.062225 18.290405 4.091681
v -108.227333 17.814627 3.803186
v -107.968277 18.290405 4.091681
v -111.062225 18.290405 4.091681
v -111.062225 18.290405 4.091681
v -107.968277 18.290405 4.091681
v -111.367805 18.851622 4.192986
v -107.968277 18.290405 4.091681
v -107.662704 18.851622 4.192986
v -111.367805 18.851622 4.192986
v -107.662704 18.851624 -6.453866
v -107.662704 12.046925 -6.453867
v -107.968277 18.290405 -6.352561
v -107.662704 12.046925 -6.453867
v -107.968277 11.485708 -6.352562
v -107.968277 18.290405 -6.352561
v -107.968277 18.290405 -6.352561
v -107.968277 11.485708 -6.352562
v -108.227333 17.814629 -6.064067
v -107.968277 11.485708 -6.352562
v -108.227333 11.009930 -6.064069
v -108.227333 17.814629 -6.064067
v -108.227333 17.814629 -6.064067
v -108.227333 11.009930 -6.064069
v -108.400429 17.496725 -5.632308
v -108.227333 11.009930 -6.064069
v -108.400429 10.692026 -5.632309
v -108.400429 17.496725 -5.632308
v -108.400429 17.496725 -5.632308
v -108.400429 10.692026 -5.632309
v -108.461212 17.385090 -5.123011
v -108.400429 10.692026 -5.632309
v -108.461212 10.580395 -5.123012
v -108.461212 17.385090 -5.123011
v -108.461212 17.385090 -5.123011
v -108.461212 10.580395 -5.123012
v -108.461212 17.385090 2.862129
v -108.461212 10.580395 -5.123012
v -108.461212 10.580393 2.862128
v -108.461212 17.385090 2.862129
v -108.461212 17.385090 2.862129
v -108.461212 10.580393 2.862128
v -108.400429 17.496723 3.371426
v -108.461212 10.580393 2.862128
v -108.400429 10.692025 3.371425
v -108.400429 17.496723 3.371426
v -108.400429 17.496723 3.371426
v -108.400429 10.692025 3.371425
v -108.227333 17.814627 3.803186
v -108.400429 10.692025 3.371425
v -108.227333 11.009929 3.803185
v -108.227333 17.814627 3.803186
v -108.227333 17.814627 3.803186
v -108.227333 11.009929 3.803185
v -107.968277 18.290405 4.091681
v -108.227333 11.009929 3.803185
v -107.968277 11.485706 4.091680
v -107.968277 18.290405 4.091681
v -107.968277 18.290405 4.091681
v -107.968277 11.485706 4.091680
v -107.662704 18.851622 4.192986
v -107.968277 11.485706 4.091680
v -107.662704 12.046923 4.192986
v -107.662704 18.851622 4.192986
v -107.662704 12.046925 -6.453867
v -103.978889 12.046925 -6.453867
v -107.968277 11.485708 -6.352562
v -103.978889 12.046925 -6.453867
v -103.673309 11.485708 -6.352562
v -107.968277 11.485708 -6.352562
v -107.968277 11.485708 -6.352562
v -103.673309 11.485708 -6.352562
v -108.227333 11.009930 -6.064069
v -103.673309 11.485708 -6.352562
v -103.414253 11.009930 -6.064069
v -108.227333 11.009930 -6.064069
v -108.227333 11.009930 -6.064069
v -103.414253 11.009930 -6.064069
v -108.400429 10.692026 -5.632309
v -103.414253 11.009930 -6.064069
v -103.241158 10.692026 -5.632309
v -108.400429 10.692026 -5.632309
v -108.400429 10.692026 -5.632309
v -103.241158 10.692026 -5.632309
v -108.461212 10.580395 -5.123012
v -103.241158 10.692026 -5.632309
v -103.180374 10.580395 -5.123012
v -108.461212 10.580395 -5.123012
v -108.461212 10.580395 -5.123012
v -103.180374 10.580395 -5.123012
v -108.461212 10.580393 2.862128
v -103.180374 10.580395 -5.123012
v -103.180374 10.580393 2.862128
v -108.461212 10.580393 2.862128
v -108.461212 10.580393 2.862128
v -103.180374 10.580393 2.862128
v -108.400429 10.692025 3.371425
v -103.180374 10.580393 2.862128
v -103.241158 10.692025 3.371425
v -108.400429 10.692025 3.371425
v -108.400429 10.692025 3.371425
v -103.241158 10.692025 3.371425
v -108.227333 11.009929 3.803185
v -103.241158 10.692025 3.371425
v -103.414253 11.009929 3.803185
v -108.227333 11.009929 3.803185
v -108.227333 11.009929 3.803185
v -103.414253 11.009929 3.803185
v -107.968277 11.485706 4.091680
v -103.414253 11.009929 3.803185
v -103.673309 11.485706 4.091680
v -107.968277 11.485706 4.091680
v -107.968277 11.485706 4.091680
v -103.673309 11.485706 4.091680
v -107.662704 12.046923 4.192986
v -103.673309 11.485706 4.091680
v -103.978889 12.046923 4.192986
v -107.662704 12.046923 4.192986
v -103.978889 12.046925 -6.453867
v -103.978889 18.851624 -6.453866
v -103.673309 11.485708 -6.352562
v -103.978889 18.851624 -6.453866
v -103.673309 19.412838 -6.352561
v -103.673309 11.485708 -6.352562
v -103.673309 11.485708 -6.352562
v -103.673309 19.412838 -6.352561
v -103.414253 11.009930 -6.064069
v -103.673309 19.412838 -6.352561
v -103.414253 19.888615 -6.064067
v -103.414253 11.009930 -6.064069
v -103.414253 11.009930 -6.064069
v -103.414253 19.888615 -6.064067
v -103.241158 10.692026 -5.632309
v -103.414253 19.888615 -6.064067
v -103.241158 20.206518 -5.632307
v -103.241158 10.692026 -5.632309
v -103.241158 10.692026 -5.632309
v -103.241158 20.206518 -5.632307
v -103.180374 10.580395 -5.123012
v -103.241158 20.206518 -5.632307
v -103.180374 20.318150 -5.123010
v -103.180374 10.580395 -5.123012
v -103.180374 10.580395 -5.123012
v -103.180374 20.318150 -5.123010
v -103.180374 10.580393 2.862128
v -103.180374 20.318150 -5.123010
v -103.180374 20.318150 2.862130
v -103.180374 10.580393 2.862128
v -103.180374 10.580393 2.862128
v -103.180374 20.318150 2.862130
v -103.241158 10.692025 3.371425
v -103.180374 20.318150 2.862130
v -103.241158 20.206516 3.371427
v -103.241158 10.692025 3.371425
v -103.241158 10.692025 3.371425
v -103.241158 20.206516 3.371427
v -103.414253 11.009929 3.803185
v -103.241158 20.206516 3.371427
v -103.414253 19.888613 3.803187
v -103.414253 11.009929 3.803185
v -103.414253 11.009929 3.803185
v -103.414253 19.888613 3.803187
v -103.673309 11.485706 4.091680
v -103.414253 19.888613 3.803187
v -103.673309 19.412836 4.091681
v -103.673309 11.485706 4.091680
v -103.673309 11.485706 4.091680
v -103.673309 19.412836 4.091681
v -103.978889 12.046923 4.192986
v -103.673309 19.412836 4.091681
v -103.978889 18.851622 4.192986
v -103.978889 12.046923 4.192986
v -103.978889 18.851624 -6.453866
v -107.662704 18.851624 -6.453866
v -103.673309 19.412838 -6.352561
v -107.662704 18.851624 -6.453866
v -107.357124 19.412838 -6.352561
v -103.673309 19.412838 -6.352561
v -103.673309 19.412838 -6.352561
v -107.357124 19.412838 -6.352561
v -103.414253 19.888615 -6.064067
v -107.357124 19.412838 -6.352561
v -107.098068 19.888615 -6.064067
v -103.414253 19.888615 -6.064067
v -103.414253 19.888615 -6.064067
v -107.098068 19.888615 -6.064067
v -103.241158 20.206518 -5.632307
v -107.098068 19.888615 -6.064067
v -106.924973 20.206518 -5.632307
v -103.241158 20.206518 -5.632307
v -103.241158 20.206518 -5.632307
v -106.924973 20.206518 -5.632307
v -103.180374 20.318150 -5.123010
v -106.924973 20.206518 -5.632307
v -106.864189 20.318150 -5.123010
v -103.180374 20.318150 -5.123010
v -103.180374 20.318150 -5.123010
v -106.864189 20.318150 -5.123010
v -103.180374 20.318150 2.862130
v -106.864189 20.318150 -5.123010
v -106.864189 20.318150 2.862130
v -103.180374 20.318150 2.862130
v -103.180374 20.318150 2.862130
v -106.864189 20.318150 2.862130
v -103.241158 20.206516 3.371427
v -106.864189 20.318150 2.862130
v -106.924973 20.206516 3.371427
v -103.241158 20.206516 3.371427
v -103.241158 20.206516 3.371427
v -106.924973 20.206516 3.371427
v -103.414253 19.888613 3.803187
v -106.924973 20.206516 3.371427
v -107.098068 19.888613 3.803187
v -103.414253 19.888613 3.803187
v -103.414253 19.888613 3.803187
v -107.098068 19.888613 3.803187
v -103.673309 19.412836 4.091681
v -107.098068 19.888613 3.803187
v -107.357124 19.412836 4.091681
v -103.673309 19.412836 4.091681
v -103.673309 19.412836 4.091681
v -107.357124 19.412836 4.091681
v -103.978889 18.851622 4.192986
v -107.357124 19.412836 4.091681
v -107.662704 18.851622 4.192986
v -103.978889 18.851622 4.192986
v -107.662704 18.851624 -6.453866
v -107.662704 25.617210 -6.453866
v -107.357124 19.412838 -6.352561
v -107.662704 25.617210 -6.453866
v -107.357124 26.178429 -6.352560
v -107.357124 19.412838 -6.352561
v -107.357124 19.412838 -6.352561
v -107.357124 26.178429 -6.352560
v -107.098068 19.888615 -6.064067
v -107.357124 26.178429 -6.352560
v -107.098068 26.654203 -6.064066
v -107.098068 19.888615 -6.064067
v -107.098068 19.888615 -6.064067
v -107.098068 26.654203 -6.064066
v -106.924973 20.206518 -5.632307
v -107.098068 26.654203 -6.064066
v -106.924973 26.972109 -5.632306
v -106.924973 20.206518 -5.632307
v -106.924973 20.206518 -5.632307
v -106.924973 26.972109 -5.632306
v -106.864189 20.318150 -5.123010
v -106.924973 26.972109 -5.632306
v -106.864189 27.083740 -5.123009
v -106.864189 20.318150 -5.123010
v -106.864189 20.318150 -5.123010
v -106.864189 27.083740 -5.123009
v -106.864189 20.318150 2.862130
v -106.864189 27.083740 -5.123009
v -106.864189 27.083740 2.862131
v -106.864189 20.318150 2.862130
v -106.864189 20.318150 2.862130
v -106.864189 27.083740 2.862131
v -106.924973 20.206516 3.371427
v -106.864189 27.083740 2.862131
v -106.924973 26.972107 3.371428
v -106.924973 20.206516 3.371427
v -106.924973 20.206516 3.371427
v -106.924973 26.972107 3.371428
v -107.098068 19.888613 3.803187
v -106.924973 26.972107 3.371428
v -107.098068 26.654202 3.803188
v -107.098068 19.888613 3.803187
v -107.098068 19.888613 3.803187
v -107.098068 26.654202 3.803188
v -107.357124 19.412836 4.091681
v -107.098068 26.654202 3.803188
v -107.357124 26.178429 4.091682
v -107.357124 19.412836 4.091681
v -107.357124 19.412836 4.091681
v -107.357124 26.178429 4.091682
v -107.662704 18.851622 4.192986
v -107.357124 26.178429 4.091682
v -107.662704 25.617210 4.192987
v -107.662704 18.851622 4.192986
v -107.662704 25.617210 -6.453866
v -111.367805 25.617210 -6.453866
v -107.357124 26.178429 -6.352560
v -111.367805 25.617210 -6.453866
v -111.062225 26.178429 -6.352560
v -107.357124 26.178429 -6.352560
v -107.357124 26.178429 -6.352560
v -111.062225 26.178429 -6.352560
v -107.098068 26.654203 -6.064066
v -111.062225 26.178429 -6.352560
v -110.803169 26.654203 -6.064066
v -107.098068 26.654203 -6.064066
v -107.098068 26.654203 -6.064066
v -110.803169 26.654203 -6.064066
v -106.924973 26.972109 -5.632306
v -110.803169 26.654203 -6.064066
v -110.630074 26.972109 -5.632306
v -106.924973 26.972109 -5.632306
v -106.924973 26.972109 -5.632306
v -110.630074 26.972109 -5.632306
v -106.864189 27.083740 -5.123009
v -110.630074 26.972109 -5.632306
v -110.569290 27.083740 -5.123009
v -106.864189 27.083740 -5.123009
v -106.864189 27.083740 -5.123009
v -110.569290 27.083740 -5.123009
v -106.864189 27.083740 2.862131
v -110.569290 27.083740 -5.123009
v -110.569290 27.083740 2.862131
v -106.864189 27.083740 2.862131
v -106.864189 27.083740 2.862131
v -110.569290 27.083740 2.862131
v -106.924973 26.972107 3.371428
v -110.569290 27.083740 2.862131
v -110.630074 26.972107 3.371428
v -106.924973 26.972107 3.371428
v -106.924973 26.972107 3.371428
v -110.630074 26.972107 3.371428
v -107.098068 26.654202 3.803188
v -110.630074 26.972107 3.371428
v -110.803169 26.654202 3.803188
v -107.098068 26.654202 3.803188
v -107.098068 26.654202 3.803188
v -110.803169 26.654202 3.803188
v -107.357124 26.178429 4.091682
v -110.803169 26.654202 3.803188
v -111.062225 26.178429 4.091682
v -107.357124 26.178429 4.091682
v -107.357124 26.178429 4.091682
v -111.062225 26.178429 4.091682
v -107.662704 25.617210 4.192987
v -111.062225 26.178429 4.091682
v -111.367805 25.617210 4.192987
v -107.662704 25.617210 4.192987
v -111.367805 25.617210 -6.453866
v -111.367805 32.421909 -6.453864
v -111.062225 26.178429 -6.352560
v -111.367805 32.421909 -6.453864
v -111.062225 32.983124 -6.352559
v -111.062225 26.178429 -6.352560
v -111.062225 26.178429 -6.352560
v -111.062225 32.983124 -6.352559
v -110.803169 26.654203 -6.064066
v -111.062225 32.983124 -6.352559
v -110.803169 33.458904 -6.064065
v -110.803169 26.654203 -6.064066
v -110.803169 26.654203 -6.064066
v -110.803169 33.458904 -6.064065
v -110.630074 26.972109 -5.632306
v -110.803169 33.458904 -6.064065
v -110.630074 33.776806 -5.632305
v -110.630074 26.972109 -5.632306
v -110.630074 26.972109 -5.632306
v -110.630074 33.776806 -5.632305
v -110.569290 27.083740 -5.123009
v -110.630074 33.776806 -5.632305
v -110.569290 33.888439 -5.123008
v -110.569290 27.083740 -5.123009
v -110.569290 27.083740 -5.123009
v -110.569290 33.888439 -5.123008
v -110.569290 27.083740 2.862131
v -110.569290 33.888439 -5.123008
v -110.569290 33.888439 2.862132
v -110.569290 27.083740 2.862131
v -110.569290 27.083740 2.862131
v -110.569290 33.888439 2.862132
v -110.630074 26.972107 3.371428
v -110.569290 33.888439 2.862132
v -110.630074 33.776806 3.371429
v -110.630074 26.972107 3.371428
v -110.630074 26.972107 3.371428
v -110.630074 33.776806 3.371429
v -110.803169 26.654202 3.803188
v -110.630074 33.776806 3.371429
v -110.803169 33.458900 3.803189
v -110.803169 26.654202 3.803188
v -110.803169 26.654202 3.803188
v -110.803169 33.458900 3.803189
v -111.062225 26.178429 4.091682
v -110.803169 33.458900 3.803189
v -111.062225 32.983124 4.091683
v -111.062225 26.178429 4.091682
v -111.062225 26.178429 4.091682
v -111.062225 32.983124 4.091683
v -111.367805 25.617210 4.192987
v -111.062225 32.983124 4.091683
v -111.367805 32.421906 4.192989
v -111.367805 25.617210 4.192987
v -111.367805 32.421909 -6.453864
v -115.051620 32.421909 -6.453864
v -111.062225 32.983124 -6.352559
v -115.051620 32.421909 -6.453864
v -115.357193 32.983124 -6.352559
v -111.062225 32.983124 -6.352559
v -111.062225 32.983124 -6.352559
v -115.357193 32.983124 -6.352559
v -110.803169 33.458904 -6.064065
v -115.357193 32.983124 -6.352559
v -115.616249 33.458904 -6.064065
v -110.803169 33.458904 -6.064065
v -110.803169 33.458904 -6.064065
v -115.616249 33.458904 -6.064065
v -110.630074 33.776806 -5.632305
v -115.616249 33.458904 -6.064065
v -115.789345 33.776806 -5.632305
v -110.630074 33.776806 -5.632305
v -110.630074 33.776806 -5.632305
v -115.789345 33.776806 -5.632305
v -110.569290 33.888439 -5.123008
v -115.789345 33.776806 -5.632305
v -115.850128 33.888439 -5.123008
v -110.569290 33.888439 -5.123008
v -110.569290 33.888439 -5.123008
v -115.850128 33.888439 -5.123008
v -110.569290 33.888439 2.862132
v -115.850128 33.888439 -5.123008
v -115.850128 33.888439 2.862132
v -110.569290 33.888439 2.862132
v -110.569290 33.888439 2.862132
v -115.850128 33.888439 2.862132
v -110.630074 33.776806 3.371429
v -115.850128 33.888439 2.862132
v -115.789345 33.776806 3.371429
v -110.630074 33.776806 3.371429
v -110.630074 33.776806 3.371429
v -115.789345 33.776806 3.371429
v -110.803169 33.458900 3.803189
v -115.789345 33.776806 3.371429
v -115.616249 33.458900 3.803189
v -110.803169 33.458900 3.803189
v -110.803169 33.458900 3.803189
v -115.616249 33.458900 3.803189
v -111.062225 32.983124 4.091683
v -115.616249 33.458900 3.803189
v -115.357193 32.983124 4.091683
v -111.062225 32.983124 4.091683
v -111.062225 32.983124 4.091683
v -115.357193 32.983124 4.091683
v -111.367805 32.421906 4.192989
v -115.357193 32.983124 4.091683
v -115.051620 32.421906 4.192989
v -111.367805 32.421906 4.192989
v -115.051620 32.421909 -6.453864
v -115.051620 -1.523363 -6.453870
v -115.357193 32.983124 -6.352559
v -115.051620 -1.523363 -6.453870
v -115.357193 -2.084581 -6.352565
v -115.357193 32.983124 -6.352559
v -115.357193 32.983124 -6.352559
v -115.357193 -2.084581 -6.352565
v -115.616249 33.458904 -6.064065
v -115.357193 -2.084581 -6.352565
v -115.616249 -2.560356 -6.064071
v -115.616249 33.458904 -6.064065
v -115.616249 33.458904 -6.064065
v -115.616249 -2.560356 -6.064071
v -115.789345 33.776806 -5.632305
v -115.616249 -2.560356 -6.064071
v -115.789345 -2.878263 -5.632311
v -115.789345 33.776806 -5.632305
v -115.789345 33.776806 -5.632305
v -115.789345 -2.878263 -5.632311
v -115.850128 33.888439 -5.123008
v -115.850128 33.888439 -5.123008
v -115.850128 -2.989897 -5.123014
v -115.850128 33.888439 2.862132
v -115.850128 -2.989897 -5.123014
v -115.850128 -2.989897 2.862126
v -115.850128 33.888439 2.862132
v -115.850128 -2.989897 2.862126
v -115.789345 -2.878263 3.371423
v -115.789345 33.776806 3.371429
v -115.789345 33.776806 3.371429
v -115.789345 -2.878263 3.371423
v -115.616249 33.458900 3.803189
v -115.789345 -2.878263 3.371423
v -115.616249 -2.560358 3.803183
v -115.616249 33.458900 3.803189
v -115.616249 33.458900 3.803189
v -115.616249 -2.560358 3.803183
v -115.357193 32.983124 4.091683
v -115.616249 -2.560358 3.803183
v -115.357193 -2.084583 4.091677
v -115.357193 32.983124 4.091683
v -115.357193 32.983124 4.091683
v -115.357193 -2.084583 4.091677
v -115.051620 32.421906 4.192989
v -115.357193 -2.084583 4.091677
v -115.051620 -1.523365 4.192983
v -115.051620 32.421906 4.192989
v -115.051620 -1.523363 -6.453870
v -111.367805 -1.523363 -6.453870
v -115.357193 -2.084581 -6.352565
v -111.367805 -1.523363 -6.453870
v -111.062225 -2.084581 -6.352565
v -115.357193 -2.084581 -6.352565
v -115.357193 -2.084581 -6.352565
v -111.062225 -2.084581 -6.352565
v -115.616249 -2.560356 -6.064071
v -115.616249 -2.560356 -6.064071
v -110.803169 -2.560356 -6.064071
v -115.789345 -2.878263 -5.632311
v -110.803169 -2.560356 -6.064071
v -110.630074 -2.878263 -5.632311
v -115.789345 -2.878263 -5.632311
v -115.789345 -2.878263 -5.632311
v -110.630074 -2.878263 -5.632311
v -115.850128 -2.989897 -5.123014
v -110.630074 -2.878263 -5.632311
v -110.569290 -2.989897 -5.123014
v -115.850128 -2.989897 -5.123014
v -115.850128 -2.989897 -5.123014
v -110.569290 -2.989897 -5.123014
v -115.850128 -2.989897 2.862126
v -110.569290 -2.989897 -5.123014
v -110.569290 -2.989897 2.862126
v -115.850128 -2.989897 2.862126
v -115.850128 -2.989897 2.862126
v -110.569290 -2.989897 2.862126
v -115.789345 -2.878263 3.371423
v -110.569290 -2.989897 2.862126
v -110.630074 -2.878263 3.371423
v -115.789345 -2.878263 3.371423
v -115.789345 -2.878263 3.371423
v -110.630074 -2.878263 3.371423
v -115.616249 -2.560358 3.803183
v -110.630074 -2.878263 3.371423
v -110.803169 -2.560358 3.803183
v -115.616249 -2.560358 3.803183
v -115.616249 -2.560358 3.803183
v -110.803169 -2.560358 3.803183
v -115.357193 -2.084583 4.091677
v -110.803169 -2.560358 3.803183
v -111.062225 -2.084583 4.091677
v -115.357193 -2.084583 4.091677
v -115.357193 -2.084583 4.091677
v -111.062225 -2.084583 4.091677
v -115.051620 -1.523365 4.192983
v -111.062225 -2.084583 4.091677
v -111.367805 -1.523365 4.192983
v -115.051620 -1.523365 4.192983
v -96.568680 -1.523363 -6.453870
v -100.273788 -1.523363 -6.453870
v -100.273788 18.851624 -6.453866
v -100.273788 32.421909 -6.453864
v -96.568680 32.421909 -6.453864
v -96.568680 -1.523363 -6.453870
v -103.978889 18.851624 -6.453866
v -103.978889 25.617210 -6.453866
v -100.273788 25.617210 -6.453866
v -100.273788 25.617210 -6.453866
v -100.273788 32.421909 -6.453864
v -96.568680 -1.523363 -6.453870
v -100.273788 18.851624 -6.453866
v -103.978889 18.851624 -6.453866
v -100.273788 25.617210 -6.453866
v -100.273788 25.617210 -6.453866
v -96.568680 -1.523363 -6.453870
v -100.273788 18.851624 -6.453866
v -100.273788 18.851622 4.192986
v -100.273788 -1.523365 4.192983
v -96.568680 -1.523365 4.192983
v -96.568680 -1.523365 4.192983
v -96.568680 32.421906 4.192989
v -100.273788 32.421906 4.192989
v -100.273788 25.617210 4.192987
v -103.978889 25.617210 4.192987
v -103.978889 18.851622 4.192986
v -96.568680 -1.523365 4.192983
v -100.273788 32.421906 4.192989
v -100.273788 25.617210 4.192987
v -100.273788 25.617210 4.192987
v -103.978889 18.851622 4.192986
v -100.273788 18.851622 4.192986
v -100.273788 18.851622 4.192986
v -96.568680 -1.523365 4.192983
v -100.273788 25.617210 4.192987
v -96.568680 -1.523363 -6.453870
v -96.568680 32.421909 -6.453864
v -96.263107 -2.084581 -6.352565
v -96.568680 32.421909 -6.453864
v -96.263107 32.983124 -6.352559
v -96.263107 -2.084581 -6.352565
v -96.263107 -2.084581 -6.352565
v -96.263107 32.983124 -6.352559
v -96.004044 -2.560356 -6.064071
v -96.263107 32.983124 -6.352559
v -96.004044 33.458904 -6.064065
v -96.004044 -2.560356 -6.064071
v -96.004044 -2.560356 -6.064071
v -96.004044 33.458904 -6.064065
v -95.830948 -2.878263 -5.632311
v -96.004044 33.458904 -6.064065
v -95.830948 33.776806 -5.632305
v -95.830948 -2.878263 -5.632311
v -95.830948 -2.878263 -5.632311
v -95.830948 33.776806 -5.632305
v -95.770172 -2.989897 -5.123014
v -95.830948 33.776806 -5.632305
v -95.770172 33.888439 -5.123008
v -95.770172 -2.989897 -5.123014
v -95.770172 -2.989897 -5.123014
v -95.770172 33.888439 -5.123008
v -95.770172 -2.989897 2.862126
v -95.770172 33.888439 -5.123008
v -95.770172 33.888439 2.862132
v -95.770172 -2.989897 2.862126
v -95.770172 -2.989897 2.862126
v -95.770172 33.888439 2.862132
v -95.830948 -2.878263 3.371423
v -95.770172 33.888439 2.862132
v -95.830948 33.776806 3.371429
v -95.830948 -2.878263 3.371423
v -95.830948 -2.878263 3.371423
v -95.830948 33.776806 3.371429
v -96.004044 -2.560358 3.803183
v -95.830948 33.776806 3.371429
v -96.004044 33.458900 3.803189
v -96.004044 -2.560358 3.803183
v -96.004044 -2.560358 3.803183
v -96.004044 33.458900 3.803189
v -96.263107 -2.084583 4.091677
v -96.004044 33.458900 3.803189
v -96.263107 32.983124 4.091683
v -96.263107 -2.084583 4.091677
v -96.263107 -2.084583 4.091677
v -96.263107 32.983124 4.091683
v -96.568680 -1.523365 4.192983
v -96.263107 32.983124 4.091683
v -96.568680 32.421906 4.192989
v -96.568680 -1.523365 4.192983
v -96.568680 32.421909 -6.453864
v -100.273788 32.421909 -6.453864
v -96.263107 32.983124 -6.352559
v -100.273788 32.421909 -6.453864
v -100.579361 32.983124 -6.352559
v -96.263107 32.983124 -6.352559
v -96.263107 32.983124 -6.352559
v -100.579361 32.983124 -6.352559
v -96.004044 33.458904 -6.064065
v -100.579361 32.983124 -6.352559
v -100.838425 33.458904 -6.064065
v -96.004044 33.458904 -6.064065
v -96.004044 33.458904 -6.064065
v -100.838425 33.458904 -6.064065
v -95.830948 33.776806 -5.632305
v -100.838425 33.458904 -6.064065
v -101.011520 33.776806 -5.632305
v -95.830948 33.776806 -5.632305
v -95.830948 33.776806 -5.632305
v -101.011520 33.776806 -5.632305
v -95.770172 33.888439 -5.123008
v -101.011520 33.776806 -5.632305
v -101.072296 33.888439 -5.123008
v -95.770172 33.888439 -5.123008
v -95.770172 33.888439 -5.123008
v -101.072296 33.888439 -5.123008
v -95.770172 33.888439 2.862132
v -101.072296 33.888439 -5.123008
v -101.072296 33.888439 2.862132
v -95.770172 33.888439 2.862132
v -95.770172 33.888439 2.862132
v -101.072296 33.888439 2.862132
v -95.830948 33.776806 3.371429
v -101.072296 33.888439 2.862132
v -101.011520 33.776806 3.371429
v -95.830948 33.776806 3.371429
v -95.830948 33.776806 3.371429
v -101.011520 33.776806 3.371429
v -96.004044 33.458900 3.803189
v -101.011520 33.776806 3.371429
v -100.838425 33.458900 3.803189
v -96.004044 33.458900 3.803189
v -96.004044 33.458900 3.803189
v -100.838425 33.458900 3.803189
v -96.263107 32.983124 4.091683
v -100.838425 33.458900 3.803189
v -100.579361 32.983124 4.091683
v -96.263107 32.983124 4.091683
v -96.263107 32.983124 4.091683
v -100.579361 32.983124 4.091683
v -96.568680 32.421906 4.192989
v -100.579361 32.983124 4.091683
v -100.273788 32.421906 4.192989
v -96.568680 32.421906 4.192989
v -100.273788 32.421909 -6.453864
v -100.273788 25.617210 -6.453866
v -100.579361 32.983124 -6.352559
v -100.273788 25.617210 -6.453866
v -100.579361 26.178429 -6.352560
v -100.579361 32.983124 -6.352559
v -100.579361 32.983124 -6.352559
v -100.579361 26.178429 -6.352560
v -100.838425 33.458904 -6.064065
v -100.579361 26.178429 -6.352560
v -100.838425 26.654203 -6.064066
v -100.838425 33.458904 -6.064065
v -100.838425 33.458904 -6.064065
v -100.838425 26.654203 -6.064066
v -101.011520 33.776806 -5.632305
v -100.838425 26.654203 -6.064066
v -101.011520 26.972109 -5.632306
v -101.011520 33.776806 -5.632305
v -101.011520 33.776806 -5.632305
v -101.011520 26.972109 -5.632306
v -101.072296 33.888439 -5.123008
v -101.011520 26.972109 -5.632306
v -101.072296 27.083740 -5.123009
v -101.072296 33.888439 -5.123008
v -101.072296 33.888439 -5.123008
v -101.072296 27.083740 -5.123009
v -101.072296 33.888439 2.862132
v -101.072296 27.083740 -5.123009
v -101.072296 27.083740 2.862131
v -101.072296 33.888439 2.862132
v -101.072296 33.888439 2.862132
v -101.072296 27.083740 2.862131
v -101.011520 33.776806 3.371429
v -101.072296 27.083740 2.862131
v -101.011520 26.972107 3.371428
v -101.011520 33.776806 3.371429
v -101.011520 33.776806 3.371429
v -101.011520 26.972107 3.371428
v -100.838425 33.458900 3.803189
v -100.838425 33.458900 3.803189
v -100.838425 26.654202 3.803188
v -100.579361 32.983124 4.091683
v -100.838425 26.654202 3.803188
v -100.579361 26.178429 4.091682
v -100.579361 32.983124 4.091683
v -100.579361 32.983124 4.091683
v -100.579361 26.178429 4.091682
v -100.273788 32.421906 4.192989
v -100.579361 26.178429 4.091682
v -100.273788 25.617210 4.192987
v -100.273788 32.421906 4.192989
v -100.273788 25.617210 -6.453866
v -103.978889 25.617210 -6.453866
v -100.579361 26.178429 -6.352560
v -103.978889 25.617210 -6.453866
v -104.284470 26.178429 -6.352560
v -100.579361 26.178429 -6.352560
v -100.579361 26.178429 -6.352560
v -104.284470 26.178429 -6.352560
v -100.838425 26.654203 -6.064066
v -104.284470 26.178429 -6.352560
v -104.543526 26.654203 -6.064066
v -100.838425 26.654203 -6.064066
v -100.838425 26.654203 -6.064066
v -104.543526 26.654203 -6.064066
v -101.011520 26.972109 -5.632306
v -104.543526 26.654203 -6.064066
v -104.716621 26.972109 -5.632306
v -101.011520 26.972109 -5.632306
v -101.011520 26.972109 -5.632306
v -104.716621 26.972109 -5.632306
v -101.072296 27.083740 -5.123009
v -104.716621 26.972109 -5.632306
v -104.777405 27.083740 -5.123009
v -101.072296 27.083740 -5.123009
v -101.072296 27.083740 -5.123009
v -104.777405 27.083740 -5.123009
v -101.072296 27.083740 2.862131
v -104.777405 27.083740 -5.123009
v -104.777405 27.083740 2.862131
v -101.072296 27.083740 2.862131
v -101.072296 27.083740 2.862131
v -104.777405 27.083740 2.862131
v -101.011520 26.972107 3.371428
v -104.777405 27.083740 2.862131
v -104.716621 26.972107 3.371428
v -101.011520 26.972107 3.371428
v -101.011520 26.972107 3.371428
v -104.716621 26.972107 3.371428
v -100.838425 26.654202 3.803188
v -104.716621 26.972107 3.371428
v -104.543526 26.654202 3.803188
v -100.838425 26.654202 3.803188
v -100.838425 26.654202 3.803188
v -104.543526 26.654202 3.803188
v -100.579361 26.178429 4.091682
v -104.543526 26.654202 3.803188
v -104.284470 26.178429 4.091682
v -100.579361 26.178429 4.091682
v -100.579361 26.178429 4.091682
v -104.284470 26.178429 4.091682
v -100.273788 25.617210 4.192987
v -104.284470 26.178429 4.091682
v -103.978889 25.617210 4.192987
v -100.273788 25.617210 4.192987
v -103.978889 25.617210 -6.453866
v -103.978889 18.851624 -6.453866
v -104.284470 26.178429 -6.352560
v -103.978889 18.851624 -6.453866
v -104.284470 18.290405 -6.352561
v -104.284470 26.178429 -6.352560
v -104.284470 26.178429 -6.352560
v -104.284470 18.290405 -6.352561
v -104.543526 26.654203 -6.064066
v -104.284470 18.290405 -6.352561
v -104.543526 17.814629 -6.064067
v -104.543526 26.654203 -6.064066
v -104.543526 26.654203 -6.064066
v -104.543526 17.814629 -6.064067
v -104.716621 26.972109 -5.632306
v -104.543526 17.814629 -6.064067
v -104.716621 17.496725 -5.632308
v -104.716621 26.972109 -5.632306
v -104.716621 26.972109 -5.632306
v -104.716621 17.496725 -5.632308
v -104.777405 27.083740 -5.123009
v -104.716621 17.496725 -5.632308
v -104.777405 17.385090 -5.123011
v -104.777405 27.083740 -5.123009
v -104.777405 27.083740 -5.123009
v -104.777405 17.385090 -5.123011
v -104.777405 27.083740 2.862131
v -104.777405 17.385090 -5.123011
v -104.777405 17.385090 2.862129
v -104.777405 27.083740 2.862131
v -104.777405 27.083740 2.862131
v -104.777405 17.385090 2.862129
v -104.716621 26.972107 3.371428
v -104.777405 17.385090 2.862129
v -104.716621 17.496723 3.371426
v -104.716621 26.972107 3.371428
v -104.716621 26.972107 3.371428
v -104.716621 17.496723 3.371426
v -104.543526 26.654202 3.803188
v -104.716621 17.496723 3.371426
v -104.543526 17.814627 3.803186
v -104.543526 26.654202 3.803188
v -104.543526 26.654202 3.803188
v -104.543526 17.814627 3.803186
v -104.284470 26.178429 4.091682
v -104.543526 17.814627 3.803186
v -104.284470 18.290405 4.091681
v -104.284470 26.178429 4.091682
v -104.284470 26.178429 4.091682
v -104.284470 18.290405 4.091681
v -103.978889 25.617210 4.192987
v -104.284470 18.290405 4.091681
v -103.978889 18.851622 4.192986
v -103.978889 25.617210 4.192987
v -103.978889 18.851624 -6.453866
v -100.273788 18.851624 -6.453866
v -104.284470 18.290405 -6.352561
v -100.273788 18.851624 -6.453866
v -100.579361 18.290405 -6.352561
v -104.284470 18.290405 -6.352561
v -104.284470 18.290405 -6.352561
v -100.579361 18.290405 -6.352561
v -104.543526 17.814629 -6.064067
v -100.579361 18.290405 -6.352561
v -100.838425 17.814629 -6.064067
v -104.543526 17.814629 -6.064067
v -104.543526 17.814629 -6.064067
v -100.838425 17.814629 -6.064067
v -104.716621 17.496725 -5.632308
v -100.838425 17.814629 -6.064067
v -101.011520 17.496725 -5.632308
v -104.716621 17.496725 -5.632308
v -104.716621 17.496725 -5.632308
v -101.011520 17.496725 -5.632308
v -104.777405 17.385090 -5.123011
v -101.011520 17.496725 -5.632308
v -101.072296 17.385090 -5.123011
v -104.777405 17.385090 -5.123011
v -104.777405 17.385090 -5.123011
v -101.072296 17.385090 -5.123011
v -104.777405 17.385090 2.862129
v -101.072296 17.385090 -5.123011
v -101.072296 17.385090 2.862129
v -104.777405 17.385090 2.862129
v -104.777405 17.385090 2.862129
v -101.072296 17.385090 2.862129
v -104.716621 17.496723 3.371426
v -101.072296 17.385090 2.862129
v -101.011520 17.496723 3.371426
v -104.716621 17.496723 3.371426
v -104.716621 17.496723 3.371426
v -101.011520 17.496723 3.371426
v -104.543526 17.814627 3.803186
v -101.011520 17.496723 3.371426
v -100.838425 17.814627 3.803186
v -104.543526 17.814627 3.803186
v -104.543526 17.814627 3.803186
v -100.838425 17.814627 3.803186
v -104.284470 18.290405 4.091681
v -100.838425 17.814627 3.803186
v -100.579361 18.290405 4.091681
v -104.284470 18.290405 4.091681
v -104.284470 18.290405 4.091681
v -100.579361 18.290405 4.091681
v -103.978889 18.851622 4.192986
v -100.579361 18.290405 4.091681
v -100.273788 18.851622 4.192986
v -103.978889 18.851622 4.192986
v -100.273788 18.851624 -6.453866
v -100.273788 -1.523363 -6.453870
v -100.579361 18.290405 -6.352561
v -100.273788 -1.523363 -6.453870
v -100.579361 -2.084581 -6.352565
v -100.579361 18.290405 -6.352561
v -100.579361 18.290405 -6.352561
v -100.579361 -2.084581 -6.352565
v -100.838425 17.814629 -6.064067
v -100.579361 -2.084581 -6.352565
v -100.838425 -2.560356 -6.064071
v -100.838425 17.814629 -6.064067
v -100.838425 17.814629 -6.064067
v -100.838425 -2.560356 -6.064071
v -101.011520 17.496725 -5.632308
v -100.838425 -2.560356 -6.064071
v -101.011520 -2.878263 -5.632311
v -101.011520 17.496725 -5.632308
v -101.011520 17.496725 -5.632308
v -101.011520 -2.878263 -5.632311
v -101.072296 17.385090 -5.123011
v -101.011520 -2.878263 -5.632311
v -101.072296 -2.989897 -5.123014
v -101.072296 17.385090 -5.123011
v -101.072296 17.385090 -5.123011
v -101.072296 -2.989897 -5.123014
v -101.072296 17.385090 2.862129
v -101.072296 -2.989897 -5.123014
v -101.072296 -2.989897 2.862126
v -101.072296 17.385090 2.862129
v -101.072296 17.385090 2.862129
v -101.072296 -2.989897 2.862126
v -101.011520 17.496723 3.371426
v -101.072296 -2.989897 2.862126
v -101.011520 -2.878263 3.371423
v -101.011520 17.496723 3.371426
v -101.011520 17.496723 3.371426
v -101.011520 -2.878263 3.371423
v -100.838425 17.814627 3.803186
v -101.011520 -2.878263 3.371423
v -100.838425 -2.560358 3.803183
v -100.838425 17.814627 3.803186
v -100.838425 17.814627 3.803186
v -100.838425 -2.560358 3.803183
v -100.579361 18.290405 4.091681
v -100.838425 -2.560358 3.803183
v -100.579361 -2.084583 4.091677
v -100.579361 18.290405 4.091681
v -100.579361 18.290405 4.091681
v -100.579361 -2.084583 4.091677
v -100.273788 18.851622 4.192986
v -100.579361 -2.084583 4.091677
v -100.273788 -1.523365 4.192983
v -100.273788 18.851622 4.192986
v -100.273788 -1.523363 -6.453870
v -96.568680 -1.523363 -6.453870
v -100.579361 -2.084581 -6.352565
v -96.568680 -1.523363 -6.453870
v -96.263107 -2.084581 -6.352565
v -100.579361 -2.084581 -6.352565
v -100.579361 -2.084581 -6.352565
v -96.263107 -2.084581 -6.352565
v -100.838425 -2.560356 -6.064071
v -100.838425 -2.560356 -6.064071
v -96.004044 -2.560356 -6.064071
v -101.011520 -2.878263 -5.632311
v -96.004044 -2.560356 -6.064071
v -95.830948 -2.878263 -5.632311
v -101.011520 -2.878263 -5.632311
v -101.011520 -2.878263 -5.632311
v -95.830948 -2.878263 -5.632311
v -101.072296 -2.989897 -5.123014
v -95.830948 -2.878263 -5.632311
v -95.770172 -2.989897 -5.123014
v -101.072296 -2.989897 -5.123014
v -101.072296 -2.989897 -5.123014
v -95.770172 -2.989897 -5.123014
v -101.072296 -2.989897 2.862126
v -95.770172 -2.989897 -5.123014
v -95.770172 -2.989897 2.862126
v -101.072296 -2.989897 2.862126
v -101.072296 -2.989897 2.862126
v -95.770172 -2.989897 2.862126
v -101.011520 -2.878263 3.371423
v -95.770172 -2.989897 2.862126
v -95.830948 -2.878263 3.371423
v -101.011520 -2.878263 3.371423
v -101.011520 -2.878263 3.371423
v -95.830948 -2.878263 3.371423
v -100.838425 -2.560358 3.803183
v -95.830948 -2.878263 3.371423
v -96.004044 -2.560358 3.803183
v -100.838425 -2.560358 3.803183
v -96.004044 -2.560358 3.803183
v -96.263107 -2.084583 4.091677
v -100.579361 -2.084583 4.091677
v -100.579361 -2.084583 4.091677
v -96.263107 -2.084583 4.091677
v -100.273788 -1.523365 4.192983
v -96.263107 -2.084583 4.091677
v -96.568680 -1.523365 4.192983
v -100.273788 -1.523365 4.192983
v -111.367805 -1.523363 -6.453870
v -111.367805 18.851624 -6.453866
v -111.062225 -2.084581 -6.352565
v -111.367805 18.851624 -6.453866
v -111.062225 18.290405 -6.352561
v -111.062225 -2.084581 -6.352565
v -110.803169 17.814629 -6.064067
v -110.630074 17.496725 -5.632308
v -110.630074 -2.878263 -5.632311
v -110.630074 17.496723 3.371426
v -110.803169 17.814627 3.803186
v -110.803169 -2.560358 3.803183
v -115.789345 -2.878263 -5.632311
v -115.850128 -2.989897 -5.123014
v -115.850128 33.888439 -5.123008
v -115.850128 33.888439 2.862132
v -115.850128 -2.989897 2.862126
v -115.789345 33.776806 3.371429
v -111.062225 -2.084581 -6.352565
v -110.803169 -2.560356 -6.064071
v -115.616249 -2.560356 -6.064071
v -101.011520 26.972107 3.371428
v -100.838425 26.654202 3.803188
v -100.838425 33.458900 3.803189
v -96.263107 -2.084581 -6.352565
v -96.004044 -2.560356 -6.064071
v -100.838425 -2.560356 -6.064071
v -100.838425 -2.560358 3.803183
v -96.004044 -2.560358 3.803183
v -100.579361 -2.084583 4.091677
vt 2.776000 1.000000
vt 1.392000 1.000000
vt 1.392000 -5.944000
vt 5.552000 -1.776000
vt 4.168000 -1.776000
vt 4.168000 -3.168000
vt 2.776000 -4.552000
vt 4.168000 -4.552000
vt 4.168000 -3.168000
vt 1.392000 -5.944000
vt 2.776000 -5.944000
vt 2.776000 -4.552000
vt 2.776000 -3.168000
vt 2.776000 1.000000
vt 1.392000 -5.944000
vt 5.552000 -3.168000
vt 5.552000 -1.776000
vt 4.168000 -3.168000
vt 2.776000 -3.168000
vt 1.392000 -5.944000
vt 2.776000 -4.552000
vt 2.776000 -3.168000
vt 2.776000 -4.552000
vt 4.168000 -3.168000
vt 1.392000 -5.944000
vt 1.392000 1.000000
vt 2.776000 1.000000
vt 4.168000 -3.168000
vt 4.168000 -1.776000
vt 5.552000 -1.776000
vt 4.168000 -3.168000
vt 4.168000 -4.552000
vt 2.776000 -4.552000
vt 2.776000 -4.552000
vt 2.776000 -5.944000
vt 1.392000 -5.944000
vt 1.392000 -5.944000
vt 2.776000 1.000000
vt 2.776000 -3.168000
vt 4.168000 -3.168000
vt 5.552000 -1.776000
vt 5.552000 -3.168000
vt 2.776000 -4.552000
vt 1.392000 -5.944000
vt 2.776000 -3.168000
vt 4.168000 -3.168000
vt 2.776000 -4.552000
vt 2.776000 -3.168000
vt -0.114805 -0.461940
vt 4.053195 -0.461940
vt -0.212132 -0.353553
vt 4.053195 -0.461940
vt 3.955868 -0.353553
vt -0.212132 -0.353553
vt -0.212132 -0.353553
vt 3.955868 -0.353553
vt -0.277164 -0.191342
vt -0.277164 -0.191342
vt 3.890836 -0.191342
vt -0.300000 0.000000
vt 3.890836 -0.191342
vt 3.868000 0.000000
vt -0.300000 0.000000
vt -0.300000 0.000000
vt 3.868000 0.000000
vt -0.300000 3.000000
vt 3.868000 0.000000
vt 3.868000 3.000000
vt -0.300000 3.000000
vt -0.300000 3.000000
vt 3.868000 3.000000
vt -0.277164 3.191342
vt 3.868000 3.000000
vt 3.890836 3.191342
vt -0.277164 3.191342
vt -0.277164 3.191342
vt 3.890836 3.191342
vt -0.212132 3.353553
vt -0.212132 3.353553
vt 3.955868 3.353553
vt -0.114805 3.461940
vt 3.955868 3.353553
vt 4.053195 3.461940
vt -0.114805 3.461940
vt -0.114805 3.461940
vt 4.053195 3.461940
vt 0.000000 3.500000
vt 4.053195 3.461940
vt 4.168000 3.500000
vt 0.000000 3.500000
vt 2.776000 -0.500000
vt 4.168000 -0.500000
vt 2.890805 -0.461940
vt 4.168000 -0.500000
vt 4.053195 -0.461940
vt 2.890805 -0.461940
vt 2.890805 -0.461940
vt 4.053195 -0.461940
vt 2.988132 -0.353553
vt 4.053195 -0.461940
vt 3.955868 -0.353553
vt 2.988132 -0.353553
vt 2.988132 -0.353553
vt 3.955868 -0.353553
vt 3.053164 -0.191342
vt 3.955868 -0.353553
vt 3.890836 -0.191342
vt 3.053164 -0.191342
vt 3.053164 -0.191342
vt 3.890836 -0.191342
vt 3.076000 0.000000
vt 3.890836 -0.191342
vt 3.868000 0.000000
vt 3.076000 0.000000
vt 3.076000 0.000000
vt 3.868000 0.000000
vt 3.076000 3.000000
vt 3.868000 0.000000
vt 3.868000 3.000000
vt 3.076000 3.000000
vt 3.076000 3.000000
vt 3.868000 3.000000
vt 3.053164 3.191342
vt 3.868000 3.000000
vt 3.890836 3.191342
vt 3.053164 3.191342
vt 3.053164 3.191342
vt 3.890836 3.191342
vt 2.988132 3.353553
vt 3.890836 3.191342
vt 3.955868 3.353553
vt 2.988132 3.353553
vt 2.988132 3.353553
vt 3.955868 3.353553
vt 2.890805 3.461940
vt 3.955868 3.353553
vt 4.053195 3.461940
vt 2.890805 3.461940
vt 2.890805 3.461940
vt 4.053195 3.461940
vt 2.776000 3.500000
vt 4.053195 3.461940
vt 4.168000 3.500000
vt 2.776000 3.500000
vt 4.168000 -0.500000
vt 2.776000 -0.500000
vt 4.053195 -0.461940
vt 2.776000 -0.500000
vt 2.661195 -0.461940
vt 4.053195 -0.461940
vt 4.053195 -0.461940
vt 2.661195 -0.461940
vt 3.955868 -0.353553
vt 2.661195 -0.461940
vt 2.563868 -0.353553
vt 3.955868 -0.353553
vt 3.955868 -0.353553
vt 2.563868 -0.353553
vt 3.890836 -0.191342
vt 2.563868 -0.353553
vt 2.498836 -0.191342
vt 3.890836 -0.191342
vt 3.890836 -0.191342
vt 2.498836 -0.191342
vt 3.868000 0.000000
vt 2.498836 -0.191342
vt 2.476000 0.000000
vt 3.868000 0.000000
vt 3.868000 0.000000
vt 2.476000 0.000000
vt 3.868000 3.000000
vt 2.476000 0.000000
vt 2.476000 3.000000
vt 3.868000 3.000000
vt 3.868000 3.000000
vt 2.476000 3.000000
vt 3.890836 3.191342
vt 2.476000 3.000000
vt 2.498836 3.191342
vt 3.890836 3.191342
vt 3.890836 3.191342
vt 2.498836 3.191342
vt 3.955868 3.353553
vt 2.498836 3.191342
vt 2.563868 3.353553
vt 3.955868 3.353553
vt 3.955868 3.353553
vt 2.563868 3.353553
vt 4.053195 3.461940
vt 2.563868 3.353553
vt 2.661195 3.461940
vt 4.053195 3.461940
vt 4.053195 3.461940
vt 2.661195 3.461940
vt 4.168000 3.500000
vt 2.661195 3.461940
vt 2.776000 3.500000
vt 4.168000 3.500000
vt 4.168000 -0.500000
vt 5.552000 -0.500000
vt 4.053195 -0.461940
vt 5.552000 -0.500000
vt 5.666805 -0.461940
vt 4.053195 -0.461940
vt 4.053195 -0.461940
vt 5.666805 -0.461940
vt 3.955868 -0.353553
vt 5.666805 -0.461940
vt 5.764132 -0.353553
vt 3.955868 -0.353553
vt 3.955868 -0.353553
vt 5.764132 -0.353553
vt 3.890836 -0.191342
vt 5.764132 -0.353553
vt 5.829164 -0.191342
vt 3.890836 -0.191342
vt 3.890836 -0.191342
vt 5.829164 -0.191342
vt 3.868000 0.000000
vt 5.829164 -0.191342
vt 5.852000 0.000000
vt 3.868000 0.000000
vt 3.868000 0.000000
vt 5.852000 0.000000
vt 3.868000 3.000000
vt 5.852000 0.000000
vt 5.852000 3.000000
vt 3.868000 3.000000
vt 3.868000 3.000000
vt 5.852000 3.000000
vt 3.890836 3.191342
vt 5.852000 3.000000
vt 5.829164 3.191342
vt 3.890836 3.191342
vt 3.890836 3.191342
vt 5.829164 3.191342
vt 3.955868 3.353553
vt 5.829164 3.191342
vt 5.764132 3.353553
vt 3.955868 3.353553
vt 3.955868 3.353553
vt 5.764132 3.353553
vt 4.053195 3.461940
vt 5.764132 3.353553
vt 5.666805 3.461940
vt 4.053195 3.461940
vt 4.053195 3.461940
vt 5.666805 3.461940
vt 4.168000 3.500000
vt 5.666805 3.461940
vt 5.552000 3.500000
vt 4.168000 3.500000
vt 2.776000 -0.500000
vt 4.168000 -0.500000
vt 2.661195 -0.461940
vt 4.168000 -0.500000
vt 4.282805 -0.461940
vt 2.661195 -0.461940
vt 2.661195 -0.461940
vt 4.282805 -0.461940
vt 2.563868 -0.353553
vt 4.282805 -0.461940
vt 4.380132 -0.353553
vt 2.563868 -0.353553
vt 2.563868 -0.353553
vt 4.380132 -0.353553
vt 2.498836 -0.191342
vt 4.380132 -0.353553
vt 4.445164 -0.191342
vt 2.498836 -0.191342
vt 2.498836 -0.191342
vt 4.445164 -0.191342
vt 2.476000 0.000000
vt 4.445164 -0.191342
vt 4.468000 0.000000
vt 2.476000 0.000000
vt 2.476000 0.000000
vt 4.468000 0.000000
vt 2.476000 3.000000
vt 4.468000 0.000000
vt 4.468000 3.000000
vt 2.476000 3.000000
vt 2.476000 3.000000
vt 4.468000 3.000000
vt 2.498836 3.191342
vt 4.468000 3.000000
vt 4.445164 3.191342
vt 2.498836 3.191342
vt 2.498836 3.191342
vt 4.445164 3.191342
vt 2.563868 3.353553
vt 4.445164 3.191342
vt 4.380132 3.353553
vt 2.563868 3.353553
vt 2.563868 3.353553
vt 4.380132 3.353553
vt 2.661195 3.461940
vt 4.380132 3.353553
vt 4.282805 3.461940
vt 2.661195 3.461940
vt 2.661195 3.461940
vt 4.282805 3.461940
vt 2.776000 3.500000
vt 4.282805 3.461940
vt 4.168000 3.500000
vt 2.776000 3.500000
vt 5.552000 -0.500000
vt 4.168000 -0.500000
vt 5.666805 -0.461940
vt 4.168000 -0.500000
vt 4.282805 -0.461940
vt 5.666805 -0.461940
vt 5.666805 -0.461940
vt 4.282805 -0.461940
vt 5.764132 -0.353553
vt 4.282805 -0.461940
vt 4.380132 -0.353553
vt 5.764132 -0.353553
vt 5.764132 -0.353553
vt 4.380132 -0.353553
vt 5.829164 -0.191342
vt 4.380132 -0.353553
vt 4.445164 -0.191342
vt 5.829164 -0.191342
vt 5.829164 -0.191342
vt 4.445164 -0.191342
vt 5.852000 0.000000
vt 4.445164 -0.191342
vt 4.468000 0.000000
vt 5.852000 0.000000
vt 5.852000 0.000000
vt 4.468000 0.000000
vt 5.852000 3.000000
vt 4.468000 0.000000
vt 4.468000 3.000000
vt 5.852000 3.000000
vt 5.852000 3.000000
vt 4.468000 3.000000
vt 5.829164 3.191342
vt 4.468000 3.000000
vt 4.445164 3.191342
vt 5.829164 3.191342
vt 5.829164 3.191342
vt 4.445164 3.191342
vt 5.764132 3.353553
vt 4.445164 3.191342
vt 4.380132 3.353553
vt 5.764132 3.353553
vt 5.764132 3.353553
vt 4.380132 3.353553
vt 5.666805 3.461940
vt 4.380132 3.353553
vt 4.282805 3.461940
vt 5.666805 3.461940
vt 5.666805 3.461940
vt 4.282805 3.461940
vt 5.552000 3.500000
vt 4.282805 3.461940
vt 4.168000 3.500000
vt 5.552000 3.500000
vt 4.168000 -0.500000
vt 5.552000 -0.500000
vt 4.282805 -0.461940
vt 5.552000 -0.500000
vt 5.666805 -0.461940
vt 4.282805 -0.461940
vt 4.282805 -0.461940
vt 5.666805 -0.461940
vt 4.380132 -0.353553
vt 5.666805 -0.461940
vt 5.764132 -0.353553
vt 4.380132 -0.353553
vt 4.380132 -0.353553
vt 5.764132 -0.353553
vt 4.445164 -0.191342
vt 5.764132 -0.353553
vt 5.829164 -0.191342
vt 4.445164 -0.191342
vt 4.445164 -0.191342
vt 5.829164 -0.191342
vt 4.468000 0.000000
vt 5.829164 -0.191342
vt 5.852000 0.000000
vt 4.468000 0.000000
vt 4.468000 0.000000
vt 5.852000 0.000000
vt 4.468000 3.000000
vt 5.852000 0.000000
vt 5.852000 3.000000
vt 4.468000 3.000000
vt 4.468000 3.000000
vt 5.852000 3.000000
vt 4.445164 3.191342
vt 5.852000 3.000000
vt 5.829164 3.191342
vt 4.445164 3.191342
vt 4.445164 3.191342
vt 5.829164 3.191342
vt 4.380132 3.353553
vt 5.829164 3.191342
vt 5.764132 3.353553
vt 4.380132 3.353553
vt 4.380132 3.353553
vt 5.764132 3.353553
vt 4.282805 3.461940
vt 5.764132 3.353553
vt 5.666805 3.461940
vt 4.282805 3.461940
vt 4.282805 3.461940
vt 5.666805 3.461940
vt 4.168000 3.500000
vt 5.666805 3.461940
vt 5.552000 3.500000
vt 4.168000 3.500000
vt 4.168000 -0.500000
vt 2.776000 -0.500000
vt 4.282805 -0.461940
vt 2.776000 -0.500000
vt 2.890805 -0.461940
vt 4.282805 -0.461940
vt 4.282805 -0.461940
vt 2.890805 -0.461940
vt 4.380132 -0.353553
vt 2.890805 -0.461940
vt 2.988132 -0.353553
vt 4.380132 -0.353553
vt 4.380132 -0.353553
vt 2.988132 -0.353553
vt 4.445164 -0.191342
vt 2.988132 -0.353553
vt 3.053164 -0.191342
vt 4.445164 -0.191342
vt 4.445164 -0.191342
vt 3.053164 -0.191342
vt 4.468000 0.000000
vt 3.053164 -0.191342
vt 3.076000 0.000000
vt 4.468000 0.000000
vt 4.468000 0.000000
vt 3.076000 0.000000
vt 4.468000 3.000000
vt 3.076000 0.000000
vt 3.076000 3.000000
vt 4.468000 3.000000
vt 4.468000 3.000000
vt 3.076000 3.000000
vt 4.445164 3.191342
vt 3.076000 3.000000
vt 3.053164 3.191342
vt 4.445164 3.191342
vt 4.445164 3.191342
vt 3.053164 3.191342
vt 4.380132 3.353553
vt 3.053164 3.191342
vt 2.988132 3.353553
vt 4.380132 3.353553
vt 4.380132 3.353553
vt 2.988132 3.353553
vt 4.282805 3.461940
vt 2.988132 3.353553
vt 2.890805 3.461940
vt 4.282805 3.461940
vt 4.282805 3.461940
vt 2.890805 3.461940
vt 4.168000 3.500000
vt 2.890805 3.461940
vt 2.776000 3.500000
vt 4.168000 3.500000
vt 5.552000 -0.500000
vt 6.944000 -0.500000
vt 5.666805 -0.461940
vt 6.944000 -0.500000
vt 7.058805 -0.461940
vt 5.666805 -0.461940
vt 5.666805 -0.461940
vt 7.058805 -0.461940
vt 5.764132 -0.353553
vt 7.058805 -0.461940
vt 7.156132 -0.353553
vt 5.764132 -0.353553
vt 5.764132 -0.353553
vt 7.156132 -0.353553
vt 5.829164 -0.191342
vt 7.156132 -0.353553
vt 7.221164 -0.191342
vt 5.829164 -0.191342
vt 5.829164 -0.191342
vt 7.221164 -0.191342
vt 5.852000 0.000000
vt 7.221164 -0.191342
vt 7.244000 0.000000
vt 5.852000 0.000000
vt 5.852000 0.000000
vt 7.244000 0.000000
vt 5.852000 3.000000
vt 7.244000 0.000000
vt 7.244000 3.000000
vt 5.852000 3.000000
vt 5.852000 3.000000
vt 7.244000 3.000000
vt 5.829164 3.191342
vt 7.244000 3.000000
vt 7.221164 3.191342
vt 5.829164 3.191342
vt 5.829164 3.191342
vt 7.221164 3.191342
vt 5.764132 3.353553
vt 7.221164 3.191342
vt 7.156132 3.353553
vt 5.764132 3.353553
vt 5.764132 3.353553
vt 7.156132 3.353553
vt 5.666805 3.461940
vt 7.156132 3.353553
vt 7.058805 3.461940
vt 5.666805 3.461940
vt 5.666805 3.461940
vt 7.058805 3.461940
vt 5.552000 3.500000
vt 7.058805 3.461940
vt 6.944000 3.500000
vt 5.552000 3.500000
vt 2.776000 -0.500000
vt 1.392000 -0.500000
vt 2.890805 -0.461940
vt 1.392000 -0.500000
vt 1.277195 -0.461940
vt 2.890805 -0.461940
vt 2.890805 -0.461940
vt 1.277195 -0.461940
vt 2.988132 -0.353553
vt 1.277195 -0.461940
vt 1.179868 -0.353553
vt 2.988132 -0.353553
vt 2.988132 -0.353553
vt 1.179868 -0.353553
vt 3.053164 -0.191342
vt 1.179868 -0.353553
vt 1.114836 -0.191342
vt 3.053164 -0.191342
vt 3.053164 -0.191342
vt 1.114836 -0.191342
vt 3.076000 0.000000
vt 1.114836 -0.191342
vt 1.092000 0.000000
vt 3.076000 0.000000
vt 3.076000 0.000000
vt 1.092000 0.000000
vt 3.076000 3.000000
vt 1.092000 0.000000
vt 1.092000 3.000000
vt 3.076000 3.000000
vt 3.076000 3.000000
vt 1.092000 3.000000
vt 3.053164 3.191342
vt 1.092000 3.000000
vt 1.114836 3.191342
vt 3.053164 3.191342
vt 3.053164 3.191342
vt 1.114836 3.191342
vt 2.988132 3.353553
vt 1.114836 3.191342
vt 1.179868 3.353553
vt 2.988132 3.353553
vt 2.988132 3.353553
vt 1.179868 3.353553
vt 2.890805 3.461940
vt 1.179868 3.353553
vt 1.277195 3.461940
vt 2.890805 3.461940
vt 2.890805 3.461940
vt 1.277195 3.461940
vt 2.776000 3.500000
vt 1.277195 3.461940
vt 1.392000 3.500000
vt 2.776000 3.500000
vt 6.944000 -0.500000
vt 0.000000 -0.500000
vt 7.058805 -0.461940
vt 0.000000 -0.500000
vt -0.114805 -0.461940
vt 7.058805 -0.461940
vt 7.058805 -0.461940
vt -0.114805 -0.461940
vt 7.156132 -0.353553
vt -0.114805 -0.461940
vt -0.212132 -0.353553
vt 7.156132 -0.353553
vt 7.156132 -0.353553
vt -0.212132 -0.353553
vt 7.221164 -0.191342
vt -0.212132 -0.353553
vt -0.277164 -0.191342
vt 7.221164 -0.191342
vt 7.221164 -0.191342
vt -0.277164 -0.191342
vt 7.244000 0.000000
vt 7.244000 0.000000
vt -0.300000 0.000000
vt 7.244000 3.000000
vt -0.300000 0.000000
vt -0.300000 3.000000
vt 7.244000 3.000000
vt -0.300000 3.000000
vt -0.277164 3.191342
vt 7.221164 3.191342
vt 7.221164 3.191342
vt -0.277164 3.191342
vt 7.156132 3.353553
vt -0.277164 3.191342
vt -0.212132 3.353553
vt 7.156132 3.353553
vt 7.156132 3.353553
vt -0.212132 3.353553
vt 7.058805 3.461940
vt -0.212132 3.353553
vt -0.114805 3.461940
vt 7.058805 3.461940
vt 7.058805 3.461940
vt -0.114805 3.461940
vt 6.944000 3.500000
vt -0.114805 3.461940
vt 0.000000 3.500000
vt 6.944000 3.500000
vt 1.392000 -0.500000
vt 2.776000 -0.500000
vt 1.277195 -0.461940
vt 2.776000 -0.500000
vt 2.890805 -0.461940
vt 1.277195 -0.461940
vt 1.277195 -0.461940
vt 2.890805 -0.461940
vt 1.179868 -0.353553
vt 1.179868 -0.353553
vt 2.988132 -0.353553
vt 1.114836 -0.191342
vt 2.988132 -0.353553
vt 3.053164 -0.191342
vt 1.114836 -0.191342
vt 1.114836 -0.191342
vt 3.053164 -0.191342
vt 1.092000 0.000000
vt 3.053164 -0.191342
vt 3.076000 0.000000
vt 1.092000 0.000000
vt 1.092000 0.000000
vt 3.076000 0.000000
vt 1.092000 3.000000
vt 3.076000 0.000000
vt 3.076000 3.000000
vt 1.092000 3.000000
vt 1.092000 3.000000
vt 3.076000 3.000000
vt 1.114836 3.191342
vt 3.076000 3.000000
vt 3.053164 3.191342
vt 1.114836 3.191342
vt 1.114836 3.191342
vt 3.053164 3.191342
vt 1.179868 3.353553
vt 3.053164 3.191342
vt 2.988132 3.353553
vt 1.179868 3.353553
vt 1.179868 3.353553
vt 2.988132 3.353553
vt 1.277195 3.461940
vt 2.988132 3.353553
vt 2.890805 3.461940
vt 1.277195 3.461940
vt 1.277195 3.461940
vt 2.890805 3.461940
vt 1.392000 3.500000
vt 2.890805 3.461940
vt 2.776000 3.500000
vt 1.392000 3.500000
vt 8.336000 1.000000
vt 6.944000 1.000000
vt 6.944000 -3.168000
vt 6.944000 -5.944000
vt 8.336000 -5.944000
vt 8.336000 1.000000
vt 5.552000 -3.168000
vt 5.552000 -4.552000
vt 6.944000 -4.552000
vt 6.944000 -4.552000
vt 6.944000 -5.944000
vt 8.336000 1.000000
vt 6.944000 -3.168000
vt 5.552000 -3.168000
vt 6.944000 -4.552000
vt 6.944000 -4.552000
vt 8.336000 1.000000
vt 6.944000 -3.168000
vt 6.944000 -3.168000
vt 6.944000 1.000000
vt 8.336000 1.000000
vt 8.336000 1.000000
vt 8.336000 -5.944000
vt 6.944000 -5.944000
vt 6.944000 -4.552000
vt 5.552000 -4.552000
vt 5.552000 -3.168000
vt 8.336000 1.000000
vt 6.944000 -5.944000
vt 6.944000 -4.552000
vt 6.944000 -4.552000
vt 5.552000 -3.168000
vt 6.944000 -3.168000
vt 6.944000 -3.168000
vt 8.336000 1.000000
vt 6.944000 -4.552000
vt 0.000000 -0.500000
vt 6.944000 -0.500000
vt -0.114805 -0.461940
vt 6.944000 -0.500000
vt 7.058805 -0.461940
vt -0.114805 -0.461940
vt -0.114805 -0.461940
vt 7.058805 -0.461940
vt -0.212132 -0.353553
vt 7.058805 -0.461940
vt 7.156132 -0.353553
vt -0.212132 -0.353553
vt -0.212132 -0.353553
vt 7.156132 -0.353553
vt -0.277164 -0.191342
vt 7.156132 -0.353553
vt 7.221164 -0.191342
vt -0.277164 -0.191342
vt -0.277164 -0.191342
vt 7.221164 -0.191342
vt -0.300000 0.000000
vt 7.221164 -0.191342
vt 7.244000 0.000000
vt -0.300000 0.000000
vt -0.300000 0.000000
vt 7.244000 0.000000
vt -0.300000 3.000000
vt 7.244000 0.000000
vt 7.244000 3.000000
vt -0.300000 3.000000
vt -0.300000 3.000000
vt 7.244000 3.000000
vt -0.277164 3.191342
vt 7.244000 3.000000
vt 7.221164 3.191342
vt -0.277164 3.191342
vt -0.277164 3.191342
vt 7.221164 3.191342
vt -0.212132 3.353553
vt 7.221164 3.191342
vt 7.156132 3.353553
vt -0.212132 3.353553
vt -0.212132 3.353553
vt 7.156132 3.353553
vt -0.114805 3.461940
vt 7.156132 3.353553
vt 7.058805 3.461940
vt -0.114805 3.461940
vt -0.114805 3.461940
vt 7.058805 3.461940
vt 0.000000 3.500000
vt 7.058805 3.461940
vt 6.944000 3.500000
vt 0.000000 3.500000
vt 8.336000 -0.500000
vt 6.944000 -0.500000
vt 8.450805 -0.461940
vt 6.944000 -0.500000
vt 6.829195 -0.461940
vt 8.450805 -0.461940
vt 8.450805 -0.461940
vt 6.829195 -0.461940
vt 8.548132 -0.353553
vt 6.829195 -0.461940
vt 6.731868 -0.353553
vt 8.548132 -0.353553
vt 8.548132 -0.353553
vt 6.731868 -0.353553
vt 8.613164 -0.191342
vt 6.731868 -0.353553
vt 6.666836 -0.191342
vt 8.613164 -0.191342
vt 8.613164 -0.191342
vt 6.666836 -0.191342
vt 8.636000 0.000000
vt 6.666836 -0.191342
vt 6.644000 0.000000
vt 8.636000 0.000000
vt 8.636000 0.000000
vt 6.644000 0.000000
vt 8.636000 3.000000
vt 6.644000 0.000000
vt 6.644000 3.000000
vt 8.636000 3.000000
vt 8.636000 3.000000
vt 6.644000 3.000000
vt 8.613164 3.191342
vt 6.644000 3.000000
vt 6.666836 3.191342
vt 8.613164 3.191342
vt 8.613164 3.191342
vt 6.666836 3.191342
vt 8.548132 3.353553
vt 6.666836 3.191342
vt 6.731868 3.353553
vt 8.548132 3.353553
vt 8.548132 3.353553
vt 6.731868 3.353553
vt 8.450805 3.461940
vt 6.731868 3.353553
vt 6.829195 3.461940
vt 8.450805 3.461940
vt 8.450805 3.461940
vt 6.829195 3.461940
vt 8.336000 3.500000
vt 6.829195 3.461940
vt 6.944000 3.500000
vt 8.336000 3.500000
vt 6.944000 -0.500000
vt 5.552000 -0.500000
vt 7.058805 -0.461940
vt 5.552000 -0.500000
vt 5.666805 -0.461940
vt 7.058805 -0.461940
vt 7.058805 -0.461940
vt 5.666805 -0.461940
vt 7.156132 -0.353553
vt 5.666805 -0.461940
vt 5.764132 -0.353553
vt 7.156132 -0.353553
vt 7.156132 -0.353553
vt 5.764132 -0.353553
vt 7.221164 -0.191342
vt 5.764132 -0.353553
vt 5.829164 -0.191342
vt 7.221164 -0.191342
vt 7.221164 -0.191342
vt 5.829164 -0.191342
vt 7.244000 0.000000
vt 5.829164 -0.191342
vt 5.852000 0.000000
vt 7.244000 0.000000
vt 7.244000 0.000000
vt 5.852000 0.000000
vt 7.244000 3.000000
vt 5.852000 0.000000
vt 5.852000 3.000000
vt 7.244000 3.000000
vt 7.244000 3.000000
vt 5.852000 3.000000
vt 7.221164 3.191342
vt 5.852000 3.000000
vt 5.829164 3.191342
vt 7.221164 3.191342
vt 7.221164 3.191342
vt 5.829164 3.191342
vt 7.156132 3.353553
vt 7.156132 3.353553
vt 5.764132 3.353553
vt 7.058805 3.461940
vt 5.764132 3.353553
vt 5.666805 3.461940
vt 7.058805 3.461940
vt 7.058805 3.461940
vt 5.666805 3.461940
vt 6.944000 3.500000
vt 5.666805 3.461940
vt 5.552000 3.500000
vt 6.944000 3.500000
vt 6.944000 -0.500000
vt 5.552000 -0.500000
vt 6.829195 -0.461940
vt 5.552000 -0.500000
vt 5.437195 -0.461940
vt 6.829195 -0.461940
vt 6.829195 -0.461940
vt 5.437195 -0.461940
vt 6.731868 -0.353553
vt 5.437195 -0.461940
vt 5.339868 -0.353553
vt 6.731868 -0.353553
vt 6.731868 -0.353553
vt 5.339868 -0.353553
vt 6.666836 -0.191342
vt 5.339868 -0.353553
vt 5.274836 -0.191342
vt 6.666836 -0.191342
vt 6.666836 -0.191342
vt 5.274836 -0.191342
vt 6.644000 0.000000
vt 5.274836 -0.191342
vt 5.252000 0.000000
vt 6.644000 0.000000
vt 6.644000 0.000000
vt 5.252000 0.000000
vt 6.644000 3.000000
vt 5.252000 0.000000
vt 5.252000 3.000000
vt 6.644000 3.000000
vt 6.644000 3.000000
vt 5.252000 3.000000
vt 6.666836 3.191342
vt 5.252000 3.000000
vt 5.274836 3.191342
vt 6.666836 3.191342
vt 6.666836 3.191342
vt 5.274836 3.191342
vt 6.731868 3.353553
vt 5.274836 3.191342
vt 5.339868 3.353553
vt 6.731868 3.353553
vt 6.731868 3.353553
vt 5.339868 3.353553
vt 6.829195 3.461940
vt 5.339868 3.353553
vt 5.437195 3.461940
vt 6.829195 3.461940
vt 6.829195 3.461940
vt 5.437195 3.461940
vt 6.944000 3.500000
vt 5.437195 3.461940
vt 5.552000 3.500000
vt 6.944000 3.500000
vt 5.552000 -0.500000
vt 4.168000 -0.500000
vt 5.666805 -0.461940
vt 4.168000 -0.500000
vt 4.053195 -0.461940
vt 5.666805 -0.461940
vt 5.666805 -0.461940
vt 4.053195 -0.461940
vt 5.764132 -0.353553
vt 4.053195 -0.461940
vt 3.955868 -0.353553
vt 5.764132 -0.353553
vt 5.764132 -0.353553
vt 3.955868 -0.353553
vt 5.829164 -0.191342
vt 3.955868 -0.353553
vt 3.890836 -0.191342
vt 5.829164 -0.191342
vt 5.829164 -0.191342
vt 3.890836 -0.191342
vt 5.852000 0.000000
vt 3.890836 -0.191342
vt 3.868000 0.000000
vt 5.852000 0.000000
vt 5.852000 0.000000
vt 3.868000 0.000000
vt 5.852000 3.000000
vt 3.868000 0.000000
vt 3.868000 3.000000
vt 5.852000 3.000000
vt 5.852000 3.000000
vt 3.868000 3.000000
vt 5.829164 3.191342
vt 3.868000 3.000000
vt 3.890836 3.191342
vt 5.829164 3.191342
vt 5.829164 3.191342
vt 3.890836 3.191342
vt 5.764132 3.353553
vt 3.890836 3.191342
vt 3.955868 3.353553
vt 5.764132 3.353553
vt 5.764132 3.353553
vt 3.955868 3.353553
vt 5.666805 3.461940
vt 3.955868 3.353553
vt 4.053195 3.461940
vt 5.666805 3.461940
vt 5.666805 3.461940
vt 4.053195 3.461940
vt 5.552000 3.500000
vt 4.053195 3.461940
vt 4.168000 3.500000
vt 5.552000 3.500000
vt 5.552000 -0.500000
vt 6.944000 -0.500000
vt 5.437195 -0.461940
vt 6.944000 -0.500000
vt 6.829195 -0.461940
vt 5.437195 -0.461940
vt 5.437195 -0.461940
vt 6.829195 -0.461940
vt 5.339868 -0.353553
vt 6.829195 -0.461940
vt 6.731868 -0.353553
vt 5.339868 -0.353553
vt 5.339868 -0.353553
vt 6.731868 -0.353553
vt 5.274836 -0.191342
vt 6.731868 -0.353553
vt 6.666836 -0.191342
vt 5.274836 -0.191342
vt 5.274836 -0.191342
vt 6.666836 -0.191342
vt 5.252000 0.000000
vt 6.666836 -0.191342
vt 6.644000 0.000000
vt 5.252000 0.000000
vt 5.252000 0.000000
vt 6.644000 0.000000
vt 5.252000 3.000000
vt 6.644000 0.000000
vt 6.644000 3.000000
vt 5.252000 3.000000
vt 5.252000 3.000000
vt 6.644000 3.000000
vt 5.274836 3.191342
vt 6.644000 3.000000
vt 6.666836 3.191342
vt 5.274836 3.191342
vt 5.274836 3.191342
vt 6.666836 3.191342
vt 5.339868 3.353553
vt 6.666836 3.191342
vt 6.731868 3.353553
vt 5.339868 3.353553
vt 5.339868 3.353553
vt 6.731868 3.353553
vt 5.437195 3.461940
vt 6.731868 3.353553
vt 6.829195 3.461940
vt 5.437195 3.461940
vt 5.437195 3.461940
vt 6.829195 3.461940
vt 5.552000 3.500000
vt 6.829195 3.461940
vt 6.944000 3.500000
vt 5.552000 3.500000
vt 4.168000 -0.500000
vt 0.000000 -0.500000
vt 4.053195 -0.461940
vt 0.000000 -0.500000
vt -0.114805 -0.461940
vt 4.053195 -0.461940
vt 4.053195 -0.461940
vt -0.114805 -0.461940
vt 3.955868 -0.353553
vt -0.114805 -0.461940
vt -0.212132 -0.353553
vt 3.955868 -0.353553
vt 3.955868 -0.353553
vt -0.212132 -0.353553
vt 3.890836 -0.191342
vt -0.212132 -0.353553
vt -0.277164 -0.191342
vt 3.890836 -0.191342
vt 3.890836 -0.191342
vt -0.277164 -0.191342
vt 3.868000 0.000000
vt -0.277164 -0.191342
vt -0.300000 0.000000
vt 3.868000 0.000000
vt 3.868000 0.000000
vt -0.300000 0.000000
vt 3.868000 3.000000
vt -0.300000 0.000000
vt -0.300000 3.000000
vt 3.868000 3.000000
vt 3.868000 3.000000
vt -0.300000 3.000000
vt 3.890836 3.191342
vt -0.300000 3.000000
vt -0.277164 3.191342
vt 3.890836 3.191342
vt 3.890836 3.191342
vt -0.277164 3.191342
vt 3.955868 3.353553
vt -0.277164 3.191342
vt -0.212132 3.353553
vt 3.955868 3.353553
vt 3.955868 3.353553
vt -0.212132 3.353553
vt 4.053195 3.461940
vt -0.212132 3.353553
vt -0.114805 3.461940
vt 4.053195 3.461940
vt 4.053195 3.461940
vt -0.114805 3.461940
vt 4.168000 3.500000
vt -0.114805 3.461940
vt 0.000000 3.500000
vt 4.168000 3.500000
vt 6.944000 -0.500000
vt 8.336000 -0.500000
vt 6.829195 -0.461940
vt 8.336000 -0.500000
vt 8.450805 -0.461940
vt 6.829195 -0.461940
vt 6.829195 -0.461940
vt 8.450805 -0.461940
vt 6.731868 -0.353553
vt 6.731868 -0.353553
vt 8.548132 -0.353553
vt 6.666836 -0.191342
vt 8.548132 -0.353553
vt 8.613164 -0.191342
vt 6.666836 -0.191342
vt 6.666836 -0.191342
vt 8.613164 -0.191342
vt 6.644000 0.000000
vt 8.613164 -0.191342
vt 8.636000 0.000000
vt 6.644000 0.000000
vt 6.644000 0.000000
vt 8.636000 0.000000
vt 6.644000 3.000000
vt 8.636000 0.000000
vt 8.636000 3.000000
vt 6.644000 3.000000
vt 6.644000 3.000000
vt 8.636000 3.000000
vt 6.666836 3.191342
vt 8.636000 3.000000
vt 8.613164 3.191342
vt 6.666836 3.191342
vt 6.666836 3.191342
vt 8.613164 3.191342
vt 6.731868 3.353553
vt 8.613164 3.191342
vt 8.548132 3.353553
vt 6.731868 3.353553
vt 8.548132 3.353553
vt 8.450805 3.461940
vt 6.829195 3.461940
vt 6.829195 3.461940
vt 8.450805 3.461940
vt 6.944000 3.500000
vt 8.450805 3.461940
vt 8.336000 3.500000
vt 6.944000 3.500000
vt 0.000000 -0.500000
vt 4.168000 -0.500000
vt -0.114805 -0.461940
vt 4.168000 -0.500000
vt 4.053195 -0.461940
vt -0.114805 -0.461940
vt 3.955868 -0.353553
vt 3.890836 -0.191342
vt -0.277164 -0.191342
vt 3.890836 3.191342
vt 3.955868 3.353553
vt -0.212132 3.353553
vt -0.277164 -0.191342
vt -0.300000 0.000000
vt 7.244000 0.000000
vt 7.244000 3.000000
vt -0.300000 3.000000
vt 7.221164 3.191342
vt 2.890805 -0.461940
vt 2.988132 -0.353553
vt 1.179868 -0.353553
vt 5.829164 3.191342
vt 5.764132 3.353553
vt 7.156132 3.353553
vt 8.450805 -0.461940
vt 8.548132 -0.353553
vt 6.731868 -0.353553
vt 6.731868 3.353553
vt 8.548132 3.353553
vt 6.829195 3.461940
vn 0.0000 0.0000 -1.0000
vn 0.0000 -0.0000 1.0000
vn 0.7440 0.0000 -0.6681
vn 0.9282 0.0000 -0.3721
vn 0.9930 0.0000 -0.1185
vn 1.0000 0.0000 0.0000
vn 0.9930 0.0000 0.1185
vn 0.9282 0.0000 0.3721
vn 0.7440 0.0000 0.6681
vn 0.3147 0.0000 0.9492
vn 0.0000 -0.1776 -0.9841
vn 0.0000 -0.5185 -0.8551
vn 0.0000 -0.8053 -0.5929
vn 0.0000 -0.9768 -0.2141
vn 0.0000 -1.0000 0.0000
vn 0.0000 -0.9768 0.2141
vn 0.0000 -0.8053 0.5929
vn 0.0000 -0.5185 0.8551
vn 0.0000 -0.1776 0.9841
vn -0.3147 0.0000 -0.9492
vn -0.7440 0.0000 -0.6681
vn -0.9282 0.0000 -0.3721
vn -0.9930 0.0000 -0.1185
vn -1.0000 0.0000 0.0000
vn -0.9930 0.0000 0.1185
vn -0.9282 0.0000 0.3721
vn -0.7440 0.0000 0.6681
vn -0.3147 0.0000 0.9492
vn 0.3147 0.0000 -0.9492
vn 0.0000 0.1776 -0.9841
vn 0.0000 0.5185 -0.8551
vn 0.0000 0.8053 -0.5929
vn 0.0000 0.9768 -0.2141
vn 0.0000 1.0000 0.0000
vn 0.0000 0.9768 0.2141
vn 0.0000 0.8053 0.5929
vn 0.0000 0.5185 0.8551
vn 0.0000 0.1776 0.9841
vn 0.7441 0.0000 -0.6681
usemtl Material_0.001
s off
f 1/1/1 2/2/1 3/3/1
f 4/4/1 5/5/1 6/6/1
f 7/7/1 8/8/1 9/9/1
f 10/10/1 11/11/1 12/12/1
f 13/13/1 14/14/1 15/15/1
f 16/16/1 17/17/1 18/18/1
f 19/19/1 20/20/1 21/21/1
f 22/22/1 23/23/1 24/24/1
f 25/25/2 26/26/2 27/27/2
f 28/28/2 29/29/2 30/30/2
f 31/31/2 32/32/2 33/33/2
f 34/34/2 35/35/2 36/36/2
f 37/37/2 38/38/2 39/39/2
f 40/40/2 41/41/2 42/42/2
f 43/43/2 44/44/2 45/45/2
f 46/46/2 47/47/2 48/48/2
f 49/49/3 50/50/3 51/51/3
f 52/52/3 53/53/3 54/54/3
f 55/55/4 56/56/4 57/57/4
f 58/58/5 59/59/5 60/60/5
f 61/61/5 62/62/5 63/63/5
f 64/64/6 65/65/6 66/66/6
f 67/67/6 68/68/6 69/69/6
f 70/70/7 71/71/7 72/72/7
f 73/73/7 74/74/7 75/75/7
f 76/76/8 77/77/8 78/78/8
f 79/79/9 80/80/9 81/81/9
f 82/82/9 83/83/9 84/84/9
f 85/85/10 86/86/10 87/87/10
f 88/88/10 89/89/10 90/90/10
f 91/91/11 92/92/11 93/93/11
f 94/94/11 95/95/11 96/96/11
f 97/97/12 98/98/12 99/99/12
f 100/100/12 101/101/12 102/102/12
f 103/103/13 104/104/13 105/105/13
f 106/106/13 107/107/13 108/108/13
f 109/109/14 110/110/14 111/111/14
f 112/112/14 113/113/14 114/114/14
f 115/115/15 116/116/15 117/117/15
f 118/118/15 119/119/15 120/120/15
f 121/121/16 122/122/16 123/123/16
f 124/124/16 125/125/16 126/126/16
f 127/127/17 128/128/17 129/129/17
f 130/130/17 131/131/17 132/132/17
f 133/133/18 134/134/18 135/135/18
f 136/136/18 137/137/18 138/138/18
f 139/139/19 140/140/19 141/141/19
f 142/142/19 143/143/19 144/144/19
f 145/145/20 146/146/20 147/147/20
f 148/148/20 149/149/20 150/150/20
f 151/151/21 152/152/21 153/153/21
f 154/154/21 155/155/21 156/156/21
f 157/157/22 158/158/22 159/159/22
f 160/160/22 161/161/22 162/162/22
f 163/163/23 164/164/23 165/165/23
f 166/166/23 167/167/23 168/168/23
f 169/169/24 170/170/24 171/171/24
f 172/172/24 173/173/24 174/174/24
f 175/175/25 176/176/25 177/177/25
f 178/178/25 179/179/25 180/180/25
f 181/181/26 182/182/26 183/183/26
f 184/184/26 185/185/26 186/186/26
f 187/187/27 188/188/27 189/189/27
f 190/190/27 191/191/27 192/192/27
f 193/193/28 194/194/28 195/195/28
f 196/196/28 197/197/28 198/198/28
f 199/199/11 200/200/11 201/201/11
f 202/202/11 203/203/11 204/204/11
f 205/205/12 206/206/12 207/207/12
f 208/208/12 209/209/12 210/210/12
f 211/211/13 212/212/13 213/213/13
f 214/214/13 215/215/13 216/216/13
f 217/217/14 218/218/14 219/219/14
f 220/220/14 221/221/14 222/222/14
f 223/223/15 224/224/15 225/225/15
f 226/226/15 227/227/15 228/228/15
f 229/229/16 230/230/16 231/231/16
f 232/232/16 233/233/16 234/234/16
f 235/235/17 236/236/17 237/237/17
f 238/238/17 239/239/17 240/240/17
f 241/241/18 242/242/18 243/243/18
f 244/244/18 245/245/18 246/246/18
f 247/247/19 248/248/19 249/249/19
f 250/250/19 251/251/19 252/252/19
f 253/253/29 254/254/29 255/255/29
f 256/256/29 257/257/29 258/258/29
f 259/259/3 260/260/3 261/261/3
f 262/262/3 263/263/3 264/264/3
f 265/265/4 266/266/4 267/267/4
f 268/268/4 269/269/4 270/270/4
f 271/271/5 272/272/5 273/273/5
f 274/274/5 275/275/5 276/276/5
f 277/277/6 278/278/6 279/279/6
f 280/280/6 281/281/6 282/282/6
f 283/283/7 284/284/7 285/285/7
f 286/286/7 287/287/7 288/288/7
f 289/289/8 290/290/8 291/291/8
f 292/292/8 293/293/8 294/294/8
f 295/295/9 296/296/9 297/297/9
f 298/298/9 299/299/9 300/300/9
f 301/301/10 302/302/10 303/303/10
f 304/304/10 305/305/10 306/306/10
f 307/307/30 308/308/30 309/309/30
f 310/310/30 311/311/30 312/312/30
f 313/313/31 314/314/31 315/315/31
f 316/316/31 317/317/31 318/318/31
f 319/319/32 320/320/32 321/321/32
f 322/322/32 323/323/32 324/324/32
f 325/325/33 326/326/33 327/327/33
f 328/328/33 329/329/33 330/330/33
f 331/331/34 332/332/34 333/333/34
f 334/334/34 335/335/34 336/336/34
f 337/337/35 338/338/35 339/339/35
f 340/340/35 341/341/35 342/342/35
f 343/343/36 344/344/36 345/345/36
f 346/346/36 347/347/36 348/348/36
f 349/349/37 350/350/37 351/351/37
f 352/352/37 353/353/37 354/354/37
f 355/355/38 356/356/38 357/357/38
f 358/358/38 359/359/38 360/360/38
f 361/361/29 362/362/29 363/363/29
f 364/364/29 365/365/29 366/366/29
f 367/367/39 368/368/39 369/369/39
f 370/370/3 371/371/3 372/372/3
f 373/373/4 374/374/4 375/375/4
f 376/376/4 377/377/4 378/378/4
f 379/379/5 380/380/5 381/381/5
f 382/382/5 383/383/5 384/384/5
f 385/385/6 386/386/6 387/387/6
f 388/388/6 389/389/6 390/390/6
f 391/391/7 392/392/7 393/393/7
f 394/394/7 395/395/7 396/396/7
f 397/397/8 398/398/8 399/399/8
f 400/400/8 401/401/8 402/402/8
f 403/403/9 404/404/9 405/405/9
f 406/406/9 407/407/9 408/408/9
f 409/409/10 410/410/10 411/411/10
f 412/412/10 413/413/10 414/414/10
f 415/415/30 416/416/30 417/417/30
f 418/418/30 419/419/30 420/420/30
f 421/421/31 422/422/31 423/423/31
f 424/424/31 425/425/31 426/426/31
f 427/427/32 428/428/32 429/429/32
f 430/430/32 431/431/32 432/432/32
f 433/433/33 434/434/33 435/435/33
f 436/436/33 437/437/33 438/438/33
f 439/439/34 440/440/34 441/441/34
f 442/442/34 443/443/34 444/444/34
f 445/445/35 446/446/35 447/447/35
f 448/448/35 449/449/35 450/450/35
f 451/451/36 452/452/36 453/453/36
f 454/454/36 455/455/36 456/456/36
f 457/457/37 458/458/37 459/459/37
f 460/460/37 461/461/37 462/462/37
f 463/463/38 464/464/38 465/465/38
f 466/466/38 467/467/38 468/468/38
f 469/469/29 470/470/29 471/471/29
f 472/472/29 473/473/29 474/474/29
f 475/475/3 476/476/3 477/477/3
f 478/478/3 479/479/3 480/480/3
f 481/481/4 482/482/4 483/483/4
f 484/484/4 485/485/4 486/486/4
f 487/487/5 488/488/5 489/489/5
f 490/490/5 491/491/5 492/492/5
f 493/493/6 494/494/6 495/495/6
f 496/496/6 497/497/6 498/498/6
f 499/499/7 500/500/7 501/501/7
f 502/502/7 503/503/7 504/504/7
f 505/505/8 506/506/8 507/507/8
f 508/508/8 509/509/8 510/510/8
f 511/511/9 512/512/9 513/513/9
f 514/514/9 515/515/9 516/516/9
f 517/517/10 518/518/10 519/519/10
f 520/520/10 521/521/10 522/522/10
f 523/523/30 524/524/30 525/525/30
f 526/526/30 527/527/30 528/528/30
f 529/529/31 530/530/31 531/531/31
f 532/532/31 533/533/31 534/534/31
f 535/535/32 536/536/32 537/537/32
f 538/538/32 539/539/32 540/540/32
f 541/541/33 542/542/33 543/543/33
f 544/544/33 545/545/33 546/546/33
f 547/547/34 548/548/34 549/549/34
f 550/550/34 551/551/34 552/552/34
f 553/553/35 554/554/35 555/555/35
f 556/556/35 557/557/35 558/558/35
f 559/559/36 560/560/36 561/561/36
f 562/562/36 563/563/36 564/564/36
f 565/565/37 566/566/37 567/567/37
f 568/568/37 569/569/37 570/570/37
f 571/571/38 572/572/38 573/573/38
f 574/574/38 575/575/38 576/576/38
f 577/577/20 578/578/20 579/579/20
f 580/580/20 581/581/20 582/582/20
f 583/583/21 584/584/21 585/585/21
f 586/586/21 587/587/21 588/588/21
f 589/589/22 590/590/22 591/591/22
f 592/592/22 593/593/22 594/594/22
f 595/595/23 596/596/23 597/597/23
f 598/598/24 599/599/24 600/600/24
f 601/601/24 602/602/24 603/603/24
f 604/604/25 605/605/25 606/606/25
f 607/607/26 608/608/26 609/609/26
f 610/610/26 611/611/26 612/612/26
f 613/613/27 614/614/27 615/615/27
f 616/616/27 617/617/27 618/618/27
f 619/619/28 620/620/28 621/621/28
f 622/622/28 623/623/28 624/624/28
f 625/625/11 626/626/11 627/627/11
f 628/628/11 629/629/11 630/630/11
f 631/631/12 632/632/12 633/633/12
f 634/634/13 635/635/13 636/636/13
f 637/637/13 638/638/13 639/639/13
f 640/640/14 641/641/14 642/642/14
f 643/643/14 644/644/14 645/645/14
f 646/646/15 647/647/15 648/648/15
f 649/649/15 650/650/15 651/651/15
f 652/652/16 653/653/16 654/654/16
f 655/655/16 656/656/16 657/657/16
f 658/658/17 659/659/17 660/660/17
f 661/661/17 662/662/17 663/663/17
f 664/664/18 665/665/18 666/666/18
f 667/667/18 668/668/18 669/669/18
f 670/670/19 671/671/19 672/672/19
f 673/673/19 674/674/19 675/675/19
f 676/676/1 677/677/1 678/678/1
f 679/679/1 680/680/1 681/681/1
f 682/682/1 683/683/1 684/684/1
f 685/685/1 686/686/1 687/687/1
f 688/688/1 689/689/1 690/690/1
f 691/691/1 692/692/1 693/693/1
f 694/694/2 695/695/2 696/696/2
f 697/697/2 698/698/2 699/699/2
f 700/700/2 701/701/2 702/702/2
f 703/703/2 704/704/2 705/705/2
f 706/706/2 707/707/2 708/708/2
f 709/709/2 710/710/2 711/711/2
f 712/712/29 713/713/29 714/714/29
f 715/715/29 716/716/29 717/717/29
f 718/718/3 719/719/3 720/720/3
f 721/721/3 722/722/3 723/723/3
f 724/724/4 725/725/4 726/726/4
f 727/727/4 728/728/4 729/729/4
f 730/730/5 731/731/5 732/732/5
f 733/733/5 734/734/5 735/735/5
f 736/736/6 737/737/6 738/738/6
f 739/739/6 740/740/6 741/741/6
f 742/742/7 743/743/7 744/744/7
f 745/745/7 746/746/7 747/747/7
f 748/748/8 749/749/8 750/750/8
f 751/751/8 752/752/8 753/753/8
f 754/754/9 755/755/9 756/756/9
f 757/757/9 758/758/9 759/759/9
f 760/760/10 761/761/10 762/762/10
f 763/763/10 764/764/10 765/765/10
f 766/766/30 767/767/30 768/768/30
f 769/769/30 770/770/30 771/771/30
f 772/772/31 773/773/31 774/774/31
f 775/775/31 776/776/31 777/777/31
f 778/778/32 779/779/32 780/780/32
f 781/781/32 782/782/32 783/783/32
f 784/784/33 785/785/33 786/786/33
f 787/787/33 788/788/33 789/789/33
f 790/790/34 791/791/34 792/792/34
f 793/793/34 794/794/34 795/795/34
f 796/796/35 797/797/35 798/798/35
f 799/799/35 800/800/35 801/801/35
f 802/802/36 803/803/36 804/804/36
f 805/805/36 806/806/36 807/807/36
f 808/808/37 809/809/37 810/810/37
f 811/811/37 812/812/37 813/813/37
f 814/814/38 815/815/38 816/816/38
f 817/817/38 818/818/38 819/819/38
f 820/820/20 821/821/20 822/822/20
f 823/823/20 824/824/20 825/825/20
f 826/826/21 827/827/21 828/828/21
f 829/829/21 830/830/21 831/831/21
f 832/832/22 833/833/22 834/834/22
f 835/835/22 836/836/22 837/837/22
f 838/838/23 839/839/23 840/840/23
f 841/841/23 842/842/23 843/843/23
f 844/844/24 845/845/24 846/846/24
f 847/847/24 848/848/24 849/849/24
f 850/850/25 851/851/25 852/852/25
f 853/853/25 854/854/25 855/855/25
f 856/856/26 857/857/26 858/858/26
f 859/859/27 860/860/27 861/861/27
f 862/862/27 863/863/27 864/864/27
f 865/865/28 866/866/28 867/867/28
f 868/868/28 869/869/28 870/870/28
f 871/871/30 872/872/30 873/873/30
f 874/874/30 875/875/30 876/876/30
f 877/877/31 878/878/31 879/879/31
f 880/880/31 881/881/31 882/882/31
f 883/883/32 884/884/32 885/885/32
f 886/886/32 887/887/32 888/888/32
f 889/889/33 890/890/33 891/891/33
f 892/892/33 893/893/33 894/894/33
f 895/895/34 896/896/34 897/897/34
f 898/898/34 899/899/34 900/900/34
f 901/901/35 902/902/35 903/903/35
f 904/904/35 905/905/35 906/906/35
f 907/907/36 908/908/36 909/909/36
f 910/910/36 911/911/36 912/912/36
f 913/913/37 914/914/37 915/915/37
f 916/916/37 917/917/37 918/918/37
f 919/919/38 920/920/38 921/921/38
f 922/922/38 923/923/38 924/924/38
f 925/925/20 926/926/20 927/927/20
f 928/928/20 929/929/20 930/930/20
f 931/931/21 932/932/21 933/933/21
f 934/934/21 935/935/21 936/936/21
f 937/937/22 938/938/22 939/939/22
f 940/940/22 941/941/22 942/942/22
f 943/943/23 944/944/23 945/945/23
f 946/946/23 947/947/23 948/948/23
f 949/949/24 950/950/24 951/951/24
f 952/952/24 953/953/24 954/954/24
f 955/955/25 956/956/25 957/957/25
f 958/958/25 959/959/25 960/960/25
f 961/961/26 962/962/26 963/963/26
f 964/964/26 965/965/26 966/966/26
f 967/967/27 968/968/27 969/969/27
f 970/970/27 971/971/27 972/972/27
f 973/973/28 974/974/28 975/975/28
f 976/976/28 977/977/28 978/978/28
f 979/979/11 980/980/11 981/981/11
f 982/982/11 983/983/11 984/984/11
f 985/985/12 986/986/12 987/987/12
f 988/988/12 989/989/12 990/990/12
f 991/991/13 992/992/13 993/993/13
f 994/994/13 995/995/13 996/996/13
f 997/997/14 998/998/14 999/999/14
f 1000/1000/14 1001/1001/14 1002/1002/14
f 1003/1003/15 1004/1004/15 1005/1005/15
f 1006/1006/15 1007/1007/15 1008/1008/15
f 1009/1009/16 1010/1010/16 1011/1011/16
f 1012/1012/16 1013/1013/16 1014/1014/16
f 1015/1015/17 1016/1016/17 1017/1017/17
f 1018/1018/17 1019/1019/17 1020/1020/17
f 1021/1021/18 1022/1022/18 1023/1023/18
f 1024/1024/18 1025/1025/18 1026/1026/18
f 1027/1027/19 1028/1028/19 1029/1029/19
f 1030/1030/19 1031/1031/19 1032/1032/19
f 1033/1033/20 1034/1034/20 1035/1035/20
f 1036/1036/20 1037/1037/20 1038/1038/20
f 1039/1039/21 1040/1040/21 1041/1041/21
f 1042/1042/21 1043/1043/21 1044/1044/21
f 1045/1045/22 1046/1046/22 1047/1047/22
f 1048/1048/22 1049/1049/22 1050/1050/22
f 1051/1051/23 1052/1052/23 1053/1053/23
f 1054/1054/23 1055/1055/23 1056/1056/23
f 1057/1057/24 1058/1058/24 1059/1059/24
f 1060/1060/24 1061/1061/24 1062/1062/24
f 1063/1063/25 1064/1064/25 1065/1065/25
f 1066/1066/25 1067/1067/25 1068/1068/25
f 1069/1069/26 1070/1070/26 1071/1071/26
f 1072/1072/26 1073/1073/26 1074/1074/26
f 1075/1075/27 1076/1076/27 1077/1077/27
f 1078/1078/27 1079/1079/27 1080/1080/27
f 1081/1081/28 1082/1082/28 1083/1083/28
f 1084/1084/28 1085/1085/28 1086/1086/28
f 1087/1087/11 1088/1088/11 1089/1089/11
f 1090/1090/11 1091/1091/11 1092/1092/11
f 1093/1093/12 1094/1094/12 1095/1095/12
f 1096/1096/13 1097/1097/13 1098/1098/13
f 1099/1099/13 1100/1100/13 1101/1101/13
f 1102/1102/14 1103/1103/14 1104/1104/14
f 1105/1105/14 1106/1106/14 1107/1107/14
f 1108/1108/15 1109/1109/15 1110/1110/15
f 1111/1111/15 1112/1112/15 1113/1113/15
f 1114/1114/16 1115/1115/16 1116/1116/16
f 1117/1117/16 1118/1118/16 1119/1119/16
f 1120/1120/17 1121/1121/17 1122/1122/17
f 1123/1123/17 1124/1124/17 1125/1125/17
f 1126/1126/18 1127/1127/18 1128/1128/18
f 1129/1129/19 1130/1130/19 1131/1131/19
f 1132/1132/19 1133/1133/19 1134/1134/19
s 1
f 1135/1135/29 1136/1136/29 1137/1137/29
f 1138/1138/29 1139/1139/29 1140/1140/29
f 1141/1141/4 1142/1142/4 1143/1143/4
f 1144/1144/8 1145/1145/8 1146/1146/8
f 1147/1147/23 1148/1148/23 1149/1149/23
f 1150/1150/25 1151/1151/25 1152/1152/25
f 1153/1153/12 1154/1154/12 1155/1155/12
f 1156/1156/26 1157/1157/26 1158/1158/26
f 1159/1159/12 1160/1160/12 1161/1161/12
f 1162/1162/18 1163/1163/18 1164/1164/18
o Mesh_1.001
v -81.236954 5.281333 -6.453868
v -81.236954 -1.523363 -6.453870
v -92.309685 -1.523363 -6.453870
v -81.236954 18.851624 -6.453866
v -81.236954 12.046925 -6.453867
v -88.625870 12.046925 -6.453867
v -81.236954 32.421909 -6.453864
v -81.236954 25.617210 -6.453866
v -88.625870 25.617210 -6.453866
v -88.625870 5.281333 -6.453868
v -81.236954 5.281333 -6.453868
v -92.309685 -1.523363 -6.453870
v -88.625870 18.851624 -6.453866
v -81.236954 18.851624 -6.453866
v -88.625870 12.046925 -6.453867
v -92.309685 32.421909 -6.453864
v -81.236954 32.421909 -6.453864
v -88.625870 25.617210 -6.453866
v -88.625870 5.281333 -6.453868
v -92.309685 -1.523363 -6.453870
v -92.309685 32.421909 -6.453864
v -92.309685 32.421909 -6.453864
v -88.625870 25.617210 -6.453866
v -88.625870 18.851624 -6.453866
v -88.625870 12.046925 -6.453867
v -88.625870 5.281333 -6.453868
v -92.309685 32.421909 -6.453864
v -92.309685 32.421909 -6.453864
v -88.625870 18.851624 -6.453866
v -88.625870 12.046925 -6.453867
v -92.309685 -1.523365 4.192983
v -81.236954 -1.523365 4.192983
v -81.236954 5.281331 4.192985
v -88.625870 12.046923 4.192986
v -81.236954 12.046923 4.192986
v -81.236954 18.851622 4.192986
v -88.625870 25.617210 4.192987
v -81.236954 25.617210 4.192987
v -81.236954 32.421906 4.192989
v -92.309685 -1.523365 4.192983
v -81.236954 5.281331 4.192985
v -88.625870 5.281331 4.192985
v -88.625870 12.046923 4.192986
v -81.236954 18.851622 4.192986
v -88.625870 18.851622 4.192986
v -88.625870 25.617210 4.192987
v -81.236954 32.421906 4.192989
v -92.309685 32.421906 4.192989
v -92.309685 32.421906 4.192989
v -92.309685 -1.523365 4.192983
v -88.625870 5.281331 4.192985
v -88.625870 18.851622 4.192986
v -88.625870 25.617210 4.192987
v -92.309685 32.421906 4.192989
v -92.309685 32.421906 4.192989
v -88.625870 5.281331 4.192985
v -88.625870 12.046923 4.192986
v -88.625870 12.046923 4.192986
v -88.625870 18.851622 4.192986
v -92.309685 32.421906 4.192989
v -81.236954 -1.523363 -6.453870
v -81.236954 5.281333 -6.453868
v -80.931374 -2.084581 -6.352565
v -81.236954 5.281333 -6.453868
v -80.931374 5.842550 -6.352563
v -80.931374 -2.084581 -6.352565
v -80.931374 5.842550 -6.352563
v -80.672318 6.318326 -6.064069
v -80.672318 -2.560356 -6.064071
v -80.672318 -2.560356 -6.064071
v -80.672318 6.318326 -6.064069
v -80.499222 -2.878263 -5.632311
v -80.672318 6.318326 -6.064069
v -80.499222 6.636229 -5.632309
v -80.499222 -2.878263 -5.632311
v -80.499222 -2.878263 -5.632311
v -80.499222 6.636229 -5.632309
v -80.438438 -2.989897 -5.123014
v -80.499222 6.636229 -5.632309
v -80.438438 6.747864 -5.123013
v -80.438438 -2.989897 -5.123014
v -80.438438 -2.989897 -5.123014
v -80.438438 6.747864 -5.123013
v -80.438438 -2.989897 2.862126
v -80.438438 6.747864 -5.123013
v -80.438438 6.747863 2.862128
v -80.438438 -2.989897 2.862126
v -80.438438 -2.989897 2.862126
v -80.438438 6.747863 2.862128
v -80.499222 -2.878263 3.371423
v -80.438438 6.747863 2.862128
v -80.499222 6.636227 3.371425
v -80.499222 -2.878263 3.371423
v -80.499222 -2.878263 3.371423
v -80.499222 6.636227 3.371425
v -80.672318 -2.560358 3.803183
v -80.499222 6.636227 3.371425
v -80.672318 6.318324 3.803185
v -80.672318 -2.560358 3.803183
v -80.672318 -2.560358 3.803183
v -80.672318 6.318324 3.803185
v -80.931374 -2.084583 4.091677
v -80.672318 6.318324 3.803185
v -80.931374 5.842548 4.091679
v -80.931374 -2.084583 4.091677
v -80.931374 -2.084583 4.091677
v -80.931374 5.842548 4.091679
v -81.236954 -1.523365 4.192983
v -80.931374 5.842548 4.091679
v -81.236954 5.281331 4.192985
v -81.236954 -1.523365 4.192983
v -81.236954 5.281333 -6.453868
v -88.625870 5.281333 -6.453868
v -80.931374 5.842550 -6.352563
v -88.625870 5.281333 -6.453868
v -88.320290 5.842550 -6.352563
v -80.931374 5.842550 -6.352563
v -80.931374 5.842550 -6.352563
v -88.320290 5.842550 -6.352563
v -80.672318 6.318326 -6.064069
v -80.672318 6.318326 -6.064069
v -88.061234 6.318326 -6.064069
v -80.499222 6.636229 -5.632309
v -88.061234 6.318326 -6.064069
v -87.888138 6.636229 -5.632309
v -80.499222 6.636229 -5.632309
v -80.499222 6.636229 -5.632309
v -87.888138 6.636229 -5.632309
v -80.438438 6.747864 -5.123013
v -87.888138 6.636229 -5.632309
v -87.827354 6.747864 -5.123013
v -80.438438 6.747864 -5.123013
v -80.438438 6.747864 -5.123013
v -87.827354 6.747864 -5.123013
v -80.438438 6.747863 2.862128
v -87.827354 6.747864 -5.123013
v -87.827354 6.747863 2.862128
v -80.438438 6.747863 2.862128
v -80.438438 6.747863 2.862128
v -87.827354 6.747863 2.862128
v -80.499222 6.636227 3.371425
v -87.827354 6.747863 2.862128
v -87.888138 6.636227 3.371425
v -80.499222 6.636227 3.371425
v -80.499222 6.636227 3.371425
v -87.888138 6.636227 3.371425
v -80.672318 6.318324 3.803185
v -87.888138 6.636227 3.371425
v -88.061234 6.318324 3.803185
v -80.672318 6.318324 3.803185
v -80.672318 6.318324 3.803185
v -88.061234 6.318324 3.803185
v -80.931374 5.842548 4.091679
v -88.061234 6.318324 3.803185
v -88.320290 5.842548 4.091679
v -80.931374 5.842548 4.091679
v -80.931374 5.842548 4.091679
v -88.320290 5.842548 4.091679
v -81.236954 5.281331 4.192985
v -88.320290 5.842548 4.091679
v -88.625870 5.281331 4.192985
v -81.236954 5.281331 4.192985
v -88.625870 5.281333 -6.453868
v -88.625870 12.046925 -6.453867
v -88.320290 5.842550 -6.352563
v -88.625870 12.046925 -6.453867
v -88.320290 11.485708 -6.352562
v -88.320290 5.842550 -6.352563
v -88.320290 5.842550 -6.352563
v -88.320290 11.485708 -6.352562
v -88.061234 6.318326 -6.064069
v -88.320290 11.485708 -6.352562
v -88.061234 11.009930 -6.064069
v -88.061234 6.318326 -6.064069
v -88.061234 6.318326 -6.064069
v -88.061234 11.009930 -6.064069
v -87.888138 6.636229 -5.632309
v -88.061234 11.009930 -6.064069
v -87.888138 10.692026 -5.632309
v -87.888138 6.636229 -5.632309
v -87.888138 6.636229 -5.632309
v -87.888138 10.692026 -5.632309
v -87.827354 6.747864 -5.123013
v -87.888138 10.692026 -5.632309
v -87.827354 10.580395 -5.123012
v -87.827354 6.747864 -5.123013
v -87.827354 6.747864 -5.123013
v -87.827354 10.580395 -5.123012
v -87.827354 6.747863 2.862128
v -87.827354 10.580395 -5.123012
v -87.827354 10.580393 2.862128
v -87.827354 6.747863 2.862128
v -87.827354 6.747863 2.862128
v -87.827354 10.580393 2.862128
v -87.888138 6.636227 3.371425
v -87.827354 10.580393 2.862128
v -87.888138 10.692025 3.371425
v -87.888138 6.636227 3.371425
v -87.888138 6.636227 3.371425
v -87.888138 10.692025 3.371425
v -88.061234 6.318324 3.803185
v -87.888138 10.692025 3.371425
v -88.061234 11.009929 3.803185
v -88.061234 6.318324 3.803185
v -88.061234 6.318324 3.803185
v -88.061234 11.009929 3.803185
v -88.320290 5.842548 4.091679
v -88.061234 11.009929 3.803185
v -88.320290 11.485706 4.091680
v -88.320290 5.842548 4.091679
v -88.320290 5.842548 4.091679
v -88.320290 11.485706 4.091680
v -88.625870 5.281331 4.192985
v -88.320290 11.485706 4.091680
v -88.625870 12.046923 4.192986
v -88.625870 5.281331 4.192985
v -88.625870 12.046925 -6.453867
v -81.236954 12.046925 -6.453867
v -88.320290 11.485708 -6.352562
v -81.236954 12.046925 -6.453867
v -80.931374 11.485708 -6.352562
v -88.320290 11.485708 -6.352562
v -88.320290 11.485708 -6.352562
v -80.931374 11.485708 -6.352562
v -88.061234 11.009930 -6.064069
v -88.061234 11.009930 -6.064069
v -80.672318 11.009930 -6.064069
v -87.888138 10.692026 -5.632309
v -80.672318 11.009930 -6.064069
v -80.499222 10.692026 -5.632309
v -87.888138 10.692026 -5.632309
v -87.888138 10.692026 -5.632309
v -80.499222 10.692026 -5.632309
v -87.827354 10.580395 -5.123012
v -80.499222 10.692026 -5.632309
v -80.438438 10.580395 -5.123012
v -87.827354 10.580395 -5.123012
v -87.827354 10.580395 -5.123012
v -80.438438 10.580395 -5.123012
v -87.827354 10.580393 2.862128
v -80.438438 10.580395 -5.123012
v -80.438438 10.580393 2.862128
v -87.827354 10.580393 2.862128
v -87.827354 10.580393 2.862128
v -80.438438 10.580393 2.862128
v -87.888138 10.692025 3.371425
v -80.438438 10.580393 2.862128
v -80.499222 10.692025 3.371425
v -87.888138 10.692025 3.371425
v -80.499222 10.692025 3.371425
v -80.672318 11.009929 3.803185
v -88.061234 11.009929 3.803185
v -88.061234 11.009929 3.803185
v -80.672318 11.009929 3.803185
v -88.320290 11.485706 4.091680
v -80.672318 11.009929 3.803185
v -80.931374 11.485706 4.091680
v -88.320290 11.485706 4.091680
v -88.320290 11.485706 4.091680
v -80.931374 11.485706 4.091680
v -88.625870 12.046923 4.192986
v -80.931374 11.485706 4.091680
v -81.236954 12.046923 4.192986
v -88.625870 12.046923 4.192986
v -81.236954 12.046925 -6.453867
v -81.236954 18.851624 -6.453866
v -80.931374 11.485708 -6.352562
v -81.236954 18.851624 -6.453866
v -80.931374 19.412838 -6.352561
v -80.931374 11.485708 -6.352562
v -80.931374 11.485708 -6.352562
v -80.931374 19.412838 -6.352561
v -80.672318 11.009930 -6.064069
v -80.931374 19.412838 -6.352561
v -80.672318 19.888615 -6.064067
v -80.672318 11.009930 -6.064069
v -80.672318 11.009930 -6.064069
v -80.672318 19.888615 -6.064067
v -80.499222 10.692026 -5.632309
v -80.672318 19.888615 -6.064067
v -80.499222 20.206518 -5.632307
v -80.499222 10.692026 -5.632309
v -80.499222 10.692026 -5.632309
v -80.499222 20.206518 -5.632307
v -80.438438 10.580395 -5.123012
v -80.499222 20.206518 -5.632307
v -80.438438 20.318150 -5.123010
v -80.438438 10.580395 -5.123012
v -80.438438 10.580395 -5.123012
v -80.438438 20.318150 -5.123010
v -80.438438 10.580393 2.862128
v -80.438438 20.318150 -5.123010
v -80.438438 20.318150 2.862130
v -80.438438 10.580393 2.862128
v -80.438438 10.580393 2.862128
v -80.438438 20.318150 2.862130
v -80.499222 10.692025 3.371425
v -80.438438 20.318150 2.862130
v -80.499222 20.206516 3.371427
v -80.499222 10.692025 3.371425
v -80.499222 10.692025 3.371425
v -80.499222 20.206516 3.371427
v -80.672318 11.009929 3.803185
v -80.499222 20.206516 3.371427
v -80.672318 19.888613 3.803187
v -80.672318 11.009929 3.803185
v -80.672318 11.009929 3.803185
v -80.672318 19.888613 3.803187
v -80.931374 11.485706 4.091680
v -80.672318 19.888613 3.803187
v -80.931374 19.412836 4.091681
v -80.931374 11.485706 4.091680
v -80.931374 11.485706 4.091680
v -80.931374 19.412836 4.091681
v -81.236954 12.046923 4.192986
v -80.931374 19.412836 4.091681
v -81.236954 18.851622 4.192986
v -81.236954 12.046923 4.192986
v -81.236954 18.851624 -6.453866
v -88.625870 18.851624 -6.453866
v -80.931374 19.412838 -6.352561
v -88.625870 18.851624 -6.453866
v -88.320290 19.412838 -6.352561
v -80.931374 19.412838 -6.352561
v -80.931374 19.412838 -6.352561
v -88.320290 19.412838 -6.352561
v -80.672318 19.888615 -6.064067
v -88.320290 19.412838 -6.352561
v -88.061234 19.888615 -6.064067
v -80.672318 19.888615 -6.064067
v -80.672318 19.888615 -6.064067
v -88.061234 19.888615 -6.064067
v -80.499222 20.206518 -5.632307
v -88.061234 19.888615 -6.064067
v -87.888138 20.206518 -5.632307
v -80.499222 20.206518 -5.632307
v -80.499222 20.206518 -5.632307
v -87.888138 20.206518 -5.632307
v -80.438438 20.318150 -5.123010
v -87.888138 20.206518 -5.632307
v -87.827354 20.318150 -5.123010
v -80.438438 20.318150 -5.123010
v -80.438438 20.318150 -5.123010
v -87.827354 20.318150 -5.123010
v -80.438438 20.318150 2.862130
v -87.827354 20.318150 -5.123010
v -87.827354 20.318150 2.862130
v -80.438438 20.318150 2.862130
v -80.438438 20.318150 2.862130
v -87.827354 20.318150 2.862130
v -80.499222 20.206516 3.371427
v -87.827354 20.318150 2.862130
v -87.888138 20.206516 3.371427
v -80.499222 20.206516 3.371427
v -80.499222 20.206516 3.371427
v -87.888138 20.206516 3.371427
v -80.672318 19.888613 3.803187
v -87.888138 20.206516 3.371427
v -88.061234 19.888613 3.803187
v -80.672318 19.888613 3.803187
v -80.672318 19.888613 3.803187
v -88.061234 19.888613 3.803187
v -80.931374 19.412836 4.091681
v -88.061234 19.888613 3.803187
v -88.320290 19.412836 4.091681
v -80.931374 19.412836 4.091681
v -80.931374 19.412836 4.091681
v -88.320290 19.412836 4.091681
v -81.236954 18.851622 4.192986
v -88.320290 19.412836 4.091681
v -88.625870 18.851622 4.192986
v -81.236954 18.851622 4.192986
v -88.625870 18.851624 -6.453866
v -88.625870 25.617210 -6.453866
v -88.320290 19.412838 -6.352561
v -88.625870 25.617210 -6.453866
v -88.320290 25.055994 -6.352561
v -88.320290 19.412838 -6.352561
v -88.320290 19.412838 -6.352561
v -88.320290 25.055994 -6.352561
v -88.061234 19.888615 -6.064067
v -88.320290 25.055994 -6.352561
v -88.061234 24.580219 -6.064066
v -88.061234 19.888615 -6.064067
v -88.061234 19.888615 -6.064067
v -88.061234 24.580219 -6.064066
v -87.888138 20.206518 -5.632307
v -88.061234 24.580219 -6.064066
v -87.888138 24.262314 -5.632307
v -87.888138 20.206518 -5.632307
v -87.888138 20.206518 -5.632307
v -87.888138 24.262314 -5.632307
v -87.827354 20.318150 -5.123010
v -87.888138 24.262314 -5.632307
v -87.827354 24.150681 -5.123010
v -87.827354 20.318150 -5.123010
v -87.827354 20.318150 -5.123010
v -87.827354 24.150681 -5.123010
v -87.827354 20.318150 2.862130
v -87.827354 24.150681 -5.123010
v -87.827354 24.150681 2.862130
v -87.827354 20.318150 2.862130
v -87.827354 20.318150 2.862130
v -87.827354 24.150681 2.862130
v -87.888138 20.206516 3.371427
v -87.827354 24.150681 2.862130
v -87.888138 24.262312 3.371428
v -87.888138 20.206516 3.371427
v -87.888138 20.206516 3.371427
v -87.888138 24.262312 3.371428
v -88.061234 19.888613 3.803187
v -87.888138 24.262312 3.371428
v -88.061234 24.580217 3.803187
v -88.061234 19.888613 3.803187
v -88.061234 19.888613 3.803187
v -88.061234 24.580217 3.803187
v -88.320290 19.412836 4.091681
v -88.061234 24.580217 3.803187
v -88.320290 25.055992 4.091681
v -88.320290 19.412836 4.091681
v -88.320290 25.055992 4.091681
v -88.625870 25.617210 4.192987
v -88.625870 18.851622 4.192986
v -88.625870 25.617210 -6.453866
v -81.236954 25.617210 -6.453866
v -88.320290 25.055994 -6.352561
v -81.236954 25.617210 -6.453866
v -80.931374 25.055994 -6.352561
v -88.320290 25.055994 -6.352561
v -88.320290 25.055994 -6.352561
v -80.931374 25.055994 -6.352561
v -88.061234 24.580219 -6.064066
v -80.931374 25.055994 -6.352561
v -80.672318 24.580219 -6.064066
v -88.061234 24.580219 -6.064066
v -88.061234 24.580219 -6.064066
v -80.672318 24.580219 -6.064066
v -87.888138 24.262314 -5.632307
v -80.672318 24.580219 -6.064066
v -80.499222 24.262314 -5.632307
v -87.888138 24.262314 -5.632307
v -87.888138 24.262314 -5.632307
v -80.499222 24.262314 -5.632307
v -87.827354 24.150681 -5.123010
v -80.499222 24.262314 -5.632307
v -80.438438 24.150681 -5.123010
v -87.827354 24.150681 -5.123010
v -87.827354 24.150681 -5.123010
v -80.438438 24.150681 -5.123010
v -87.827354 24.150681 2.862130
v -80.438438 24.150681 -5.123010
v -80.438438 24.150681 2.862130
v -87.827354 24.150681 2.862130
v -87.827354 24.150681 2.862130
v -80.438438 24.150681 2.862130
v -87.888138 24.262312 3.371428
v -80.438438 24.150681 2.862130
v -80.499222 24.262312 3.371428
v -87.888138 24.262312 3.371428
v -80.499222 24.262312 3.371428
v -80.672318 24.580217 3.803187
v -88.061234 24.580217 3.803187
v -80.672318 24.580217 3.803187
v -80.931374 25.055992 4.091681
v -88.320290 25.055992 4.091681
v -88.320290 25.055992 4.091681
v -80.931374 25.055992 4.091681
v -88.625870 25.617210 4.192987
v -80.931374 25.055992 4.091681
v -81.236954 25.617210 4.192987
v -88.625870 25.617210 4.192987
v -81.236954 25.617210 -6.453866
v -81.236954 32.421909 -6.453864
v -80.931374 25.055994 -6.352561
v -81.236954 32.421909 -6.453864
v -80.931374 32.983124 -6.352559
v -80.931374 25.055994 -6.352561
v -80.931374 25.055994 -6.352561
v -80.931374 32.983124 -6.352559
v -80.672318 24.580219 -6.064066
v -80.931374 32.983124 -6.352559
v -80.672318 33.458904 -6.064065
v -80.672318 24.580219 -6.064066
v -80.672318 24.580219 -6.064066
v -80.672318 33.458904 -6.064065
v -80.499222 24.262314 -5.632307
v -80.672318 33.458904 -6.064065
v -80.499222 33.776806 -5.632305
v -80.499222 24.262314 -5.632307
v -80.499222 24.262314 -5.632307
v -80.499222 33.776806 -5.632305
v -80.438438 24.150681 -5.123010
v -80.499222 33.776806 -5.632305
v -80.438438 33.888439 -5.123008
v -80.438438 24.150681 -5.123010
v -80.438438 24.150681 -5.123010
v -80.438438 33.888439 -5.123008
v -80.438438 24.150681 2.862130
v -80.438438 33.888439 -5.123008
v -80.438438 33.888439 2.862132
v -80.438438 24.150681 2.862130
v -80.438438 24.150681 2.862130
v -80.438438 33.888439 2.862132
v -80.499222 24.262312 3.371428
v -80.438438 33.888439 2.862132
v -80.499222 33.776806 3.371429
v -80.499222 24.262312 3.371428
v -80.499222 24.262312 3.371428
v -80.499222 33.776806 3.371429
v -80.672318 24.580217 3.803187
v -80.499222 33.776806 3.371429
v -80.672318 33.458900 3.803189
v -80.672318 24.580217 3.803187
v -80.672318 24.580217 3.803187
v -80.672318 33.458900 3.803189
v -80.931374 25.055992 4.091681
v -80.672318 33.458900 3.803189
v -80.931374 32.983124 4.091683
v -80.931374 25.055992 4.091681
v -80.931374 25.055992 4.091681
v -80.931374 32.983124 4.091683
v -81.236954 25.617210 4.192987
v -80.931374 32.983124 4.091683
v -81.236954 32.421906 4.192989
v -81.236954 25.617210 4.192987
v -81.236954 32.421909 -6.453864
v -92.309685 32.421909 -6.453864
v -80.931374 32.983124 -6.352559
v -92.309685 32.421909 -6.453864
v -92.615257 32.983124 -6.352559
v -80.931374 32.983124 -6.352559
v -80.931374 32.983124 -6.352559
v -92.615257 32.983124 -6.352559
v -80.672318 33.458904 -6.064065
v -92.615257 32.983124 -6.352559
v -92.874313 33.458904 -6.064065
v -80.672318 33.458904 -6.064065
v -80.672318 33.458904 -6.064065
v -92.874313 33.458904 -6.064065
v -80.499222 33.776806 -5.632305
v -92.874313 33.458904 -6.064065
v -93.047409 33.776806 -5.632305
v -80.499222 33.776806 -5.632305
v -80.499222 33.776806 -5.632305
v -93.047409 33.776806 -5.632305
v -80.438438 33.888439 -5.123008
v -93.047409 33.776806 -5.632305
v -93.108192 33.888439 -5.123008
v -80.438438 33.888439 -5.123008
v -80.438438 33.888439 -5.123008
v -93.108192 33.888439 -5.123008
v -80.438438 33.888439 2.862132
v -93.108192 33.888439 -5.123008
v -93.108192 33.888439 2.862132
v -80.438438 33.888439 2.862132
v -80.438438 33.888439 2.862132
v -93.108192 33.888439 2.862132
v -80.499222 33.776806 3.371429
v -93.108192 33.888439 2.862132
v -93.047409 33.776806 3.371429
v -80.499222 33.776806 3.371429
v -80.499222 33.776806 3.371429
v -93.047409 33.776806 3.371429
v -80.672318 33.458900 3.803189
v -93.047409 33.776806 3.371429
v -92.874313 33.458900 3.803189
v -80.672318 33.458900 3.803189
v -80.672318 33.458900 3.803189
v -92.874313 33.458900 3.803189
v -80.931374 32.983124 4.091683
v -92.874313 33.458900 3.803189
v -92.615257 32.983124 4.091683
v -80.931374 32.983124 4.091683
v -80.931374 32.983124 4.091683
v -92.615257 32.983124 4.091683
v -81.236954 32.421906 4.192989
v -92.615257 32.983124 4.091683
v -92.309685 32.421906 4.192989
v -81.236954 32.421906 4.192989
v -92.309685 32.421909 -6.453864
v -92.309685 -1.523363 -6.453870
v -92.615257 32.983124 -6.352559
v -92.309685 -1.523363 -6.453870
v -92.615257 -2.084581 -6.352565
v -92.615257 32.983124 -6.352559
v -92.615257 32.983124 -6.352559
v -92.615257 -2.084581 -6.352565
v -92.874313 33.458904 -6.064065
v -92.615257 -2.084581 -6.352565
v -92.874313 -2.560356 -6.064071
v -92.874313 33.458904 -6.064065
v -92.874313 33.458904 -6.064065
v -92.874313 -2.560356 -6.064071
v -93.047409 33.776806 -5.632305
v -92.874313 -2.560356 -6.064071
v -93.047409 -2.878263 -5.632311
v -93.047409 33.776806 -5.632305
v -93.047409 33.776806 -5.632305
v -93.047409 -2.878263 -5.632311
v -93.108192 33.888439 -5.123008
v -93.108192 33.888439 -5.123008
v -93.108192 -2.989897 -5.123014
v -93.108192 33.888439 2.862132
v -93.108192 -2.989897 -5.123014
v -93.108192 -2.989897 2.862126
v -93.108192 33.888439 2.862132
v -93.108192 -2.989897 2.862126
v -93.047409 -2.878263 3.371423
v -93.047409 33.776806 3.371429
v -93.047409 33.776806 3.371429
v -93.047409 -2.878263 3.371423
v -92.874313 33.458900 3.803189
v -93.047409 -2.878263 3.371423
v -92.874313 -2.560358 3.803183
v -92.874313 33.458900 3.803189
v -92.874313 33.458900 3.803189
v -92.874313 -2.560358 3.803183
v -92.615257 32.983124 4.091683
v -92.874313 -2.560358 3.803183
v -92.615257 -2.084583 4.091677
v -92.615257 32.983124 4.091683
v -92.615257 32.983124 4.091683
v -92.615257 -2.084583 4.091677
v -92.309685 32.421906 4.192989
v -92.615257 -2.084583 4.091677
v -92.309685 -1.523365 4.192983
v -92.309685 32.421906 4.192989
v -92.309685 -1.523363 -6.453870
v -81.236954 -1.523363 -6.453870
v -92.615257 -2.084581 -6.352565
v -81.236954 -1.523363 -6.453870
v -80.931374 -2.084581 -6.352565
v -92.615257 -2.084581 -6.352565
v -92.615257 -2.084581 -6.352565
v -80.931374 -2.084581 -6.352565
v -92.874313 -2.560356 -6.064071
v -80.672318 -2.560356 -6.064071
v -80.499222 -2.878263 -5.632311
v -93.047409 -2.878263 -5.632311
v -93.047409 -2.878263 -5.632311
v -80.499222 -2.878263 -5.632311
v -93.108192 -2.989897 -5.123014
v -80.499222 -2.878263 -5.632311
v -80.438438 -2.989897 -5.123014
v -93.108192 -2.989897 -5.123014
v -93.108192 -2.989897 -5.123014
v -80.438438 -2.989897 -5.123014
v -93.108192 -2.989897 2.862126
v -80.438438 -2.989897 -5.123014
v -80.438438 -2.989897 2.862126
v -93.108192 -2.989897 2.862126
v -93.108192 -2.989897 2.862126
v -80.438438 -2.989897 2.862126
v -93.047409 -2.878263 3.371423
v -80.438438 -2.989897 2.862126
v -80.499222 -2.878263 3.371423
v -93.047409 -2.878263 3.371423
v -93.047409 -2.878263 3.371423
v -80.499222 -2.878263 3.371423
v -92.874313 -2.560358 3.803183
v -80.499222 -2.878263 3.371423
v -80.672318 -2.560358 3.803183
v -92.874313 -2.560358 3.803183
v -92.874313 -2.560358 3.803183
v -80.672318 -2.560358 3.803183
v -92.615257 -2.084583 4.091677
v -80.672318 -2.560358 3.803183
v -80.931374 -2.084583 4.091677
v -92.615257 -2.084583 4.091677
v -92.615257 -2.084583 4.091677
v -80.931374 -2.084583 4.091677
v -92.309685 -1.523365 4.192983
v -80.931374 -2.084583 4.091677
v -81.236954 -1.523365 4.192983
v -92.309685 -1.523365 4.192983
v -80.931374 -2.084581 -6.352565
v -80.931374 5.842550 -6.352563
v -80.672318 -2.560356 -6.064071
v -88.320290 5.842550 -6.352563
v -88.061234 6.318326 -6.064069
v -80.672318 6.318326 -6.064069
v -80.931374 11.485708 -6.352562
v -80.672318 11.009930 -6.064069
v -88.061234 11.009930 -6.064069
v -87.888138 10.692025 3.371425
v -80.499222 10.692025 3.371425
v -88.061234 11.009929 3.803185
v -88.320290 19.412836 4.091681
v -88.320290 25.055992 4.091681
v -88.625870 18.851622 4.192986
v -87.888138 24.262312 3.371428
v -80.499222 24.262312 3.371428
v -88.061234 24.580217 3.803187
v -88.061234 24.580217 3.803187
v -80.672318 24.580217 3.803187
v -88.320290 25.055992 4.091681
v -93.047409 -2.878263 -5.632311
v -93.108192 -2.989897 -5.123014
v -93.108192 33.888439 -5.123008
v -93.108192 33.888439 2.862132
v -93.108192 -2.989897 2.862126
v -93.047409 33.776806 3.371429
v -80.931374 -2.084581 -6.352565
v -80.672318 -2.560356 -6.064071
v -92.874313 -2.560356 -6.064071
v -92.874313 -2.560356 -6.064071
v -80.672318 -2.560356 -6.064071
v -93.047409 -2.878263 -5.632311
vt 5.552000 -0.392000
vt 5.552000 1.000000
vt 1.392000 1.000000
vt 5.552000 -3.168000
vt 5.552000 -1.776000
vt 2.776000 -1.776000
vt 5.552000 -5.944000
vt 5.552000 -4.552000
vt 2.776000 -4.552000
vt 2.776000 -0.392000
vt 5.552000 -0.392000
vt 1.392000 1.000000
vt 2.776000 -3.168000
vt 5.552000 -3.168000
vt 2.776000 -1.776000
vt 1.392000 -5.944000
vt 5.552000 -5.944000
vt 2.776000 -4.552000
vt 2.776000 -0.392000
vt 1.392000 1.000000
vt 1.392000 -5.944000
vt 1.392000 -5.944000
vt 2.776000 -4.552000
vt 2.776000 -3.168000
vt 2.776000 -1.776000
vt 2.776000 -0.392000
vt 1.392000 -5.944000
vt 1.392000 -5.944000
vt 2.776000 -3.168000
vt 2.776000 -1.776000
vt 1.392000 1.000000
vt 5.552000 1.000000
vt 5.552000 -0.392000
vt 2.776000 -1.776000
vt 5.552000 -1.776000
vt 5.552000 -3.168000
vt 2.776000 -4.552000
vt 5.552000 -4.552000
vt 5.552000 -5.944000
vt 1.392000 1.000000
vt 5.552000 -0.392000
vt 2.776000 -0.392000
vt 2.776000 -1.776000
vt 5.552000 -3.168000
vt 2.776000 -3.168000
vt 2.776000 -4.552000
vt 5.552000 -5.944000
vt 1.392000 -5.944000
vt 1.392000 -5.944000
vt 1.392000 1.000000
vt 2.776000 -0.392000
vt 2.776000 -3.168000
vt 2.776000 -4.552000
vt 1.392000 -5.944000
vt 1.392000 -5.944000
vt 2.776000 -0.392000
vt 2.776000 -1.776000
vt 2.776000 -1.776000
vt 2.776000 -3.168000
vt 1.392000 -5.944000
vt 0.000000 -0.500000
vt 1.392000 -0.500000
vt -0.114805 -0.461940
vt 1.392000 -0.500000
vt 1.506805 -0.461940
vt -0.114805 -0.461940
vt 1.506805 -0.461940
vt 1.604132 -0.353553
vt -0.212132 -0.353553
vt -0.212132 -0.353553
vt 1.604132 -0.353553
vt -0.277164 -0.191342
vt 1.604132 -0.353553
vt 1.669164 -0.191342
vt -0.277164 -0.191342
vt -0.277164 -0.191342
vt 1.669164 -0.191342
vt -0.300000 0.000000
vt 1.669164 -0.191342
vt 1.692000 0.000000
vt -0.300000 0.000000
vt -0.300000 0.000000
vt 1.692000 0.000000
vt -0.300000 3.000000
vt 1.692000 0.000000
vt 1.692000 3.000000
vt -0.300000 3.000000
vt -0.300000 3.000000
vt 1.692000 3.000000
vt -0.277164 3.191342
vt 1.692000 3.000000
vt 1.669164 3.191342
vt -0.277164 3.191342
vt -0.277164 3.191342
vt 1.669164 3.191342
vt -0.212132 3.353553
vt 1.669164 3.191342
vt 1.604132 3.353553
vt -0.212132 3.353553
vt -0.212132 3.353553
vt 1.604132 3.353553
vt -0.114805 3.461940
vt 1.604132 3.353553
vt 1.506805 3.461940
vt -0.114805 3.461940
vt -0.114805 3.461940
vt 1.506805 3.461940
vt 0.000000 3.500000
vt 1.506805 3.461940
vt 1.392000 3.500000
vt 0.000000 3.500000
vt 5.552000 -0.500000
vt 2.776000 -0.500000
vt 5.666805 -0.461940
vt 2.776000 -0.500000
vt 2.890805 -0.461940
vt 5.666805 -0.461940
vt 5.666805 -0.461940
vt 2.890805 -0.461940
vt 5.764132 -0.353553
vt 5.764132 -0.353553
vt 2.988132 -0.353553
vt 5.829164 -0.191342
vt 2.988132 -0.353553
vt 3.053164 -0.191342
vt 5.829164 -0.191342
vt 5.829164 -0.191342
vt 3.053164 -0.191342
vt 5.852000 0.000000
vt 3.053164 -0.191342
vt 3.076000 0.000000
vt 5.852000 0.000000
vt 5.852000 0.000000
vt 3.076000 0.000000
vt 5.852000 3.000000
vt 3.076000 0.000000
vt 3.076000 3.000000
vt 5.852000 3.000000
vt 5.852000 3.000000
vt 3.076000 3.000000
vt 5.829164 3.191342
vt 3.076000 3.000000
vt 3.053164 3.191342
vt 5.829164 3.191342
vt 5.829164 3.191342
vt 3.053164 3.191342
vt 5.764132 3.353553
vt 3.053164 3.191342
vt 2.988132 3.353553
vt 5.764132 3.353553
vt 5.764132 3.353553
vt 2.988132 3.353553
vt 5.666805 3.461940
vt 2.988132 3.353553
vt 2.890805 3.461940
vt 5.666805 3.461940
vt 5.666805 3.461940
vt 2.890805 3.461940
vt 5.552000 3.500000
vt 2.890805 3.461940
vt 2.776000 3.500000
vt 5.552000 3.500000
vt 1.392000 -0.500000
vt 2.776000 -0.500000
vt 1.506805 -0.461940
vt 2.776000 -0.500000
vt 2.661195 -0.461940
vt 1.506805 -0.461940
vt 1.506805 -0.461940
vt 2.661195 -0.461940
vt 1.604132 -0.353553
vt 2.661195 -0.461940
vt 2.563868 -0.353553
vt 1.604132 -0.353553
vt 1.604132 -0.353553
vt 2.563868 -0.353553
vt 1.669164 -0.191342
vt 2.563868 -0.353553
vt 2.498836 -0.191342
vt 1.669164 -0.191342
vt 1.669164 -0.191342
vt 2.498836 -0.191342
vt 1.692000 0.000000
vt 2.498836 -0.191342
vt 2.476000 0.000000
vt 1.692000 0.000000
vt 1.692000 0.000000
vt 2.476000 0.000000
vt 1.692000 3.000000
vt 2.476000 0.000000
vt 2.476000 3.000000
vt 1.692000 3.000000
vt 1.692000 3.000000
vt 2.476000 3.000000
vt 1.669164 3.191342
vt 2.476000 3.000000
vt 2.498836 3.191342
vt 1.669164 3.191342
vt 1.669164 3.191342
vt 2.498836 3.191342
vt 1.604132 3.353553
vt 2.498836 3.191342
vt 2.563868 3.353553
vt 1.604132 3.353553
vt 1.604132 3.353553
vt 2.563868 3.353553
vt 1.506805 3.461940
vt 2.563868 3.353553
vt 2.661195 3.461940
vt 1.506805 3.461940
vt 1.506805 3.461940
vt 2.661195 3.461940
vt 1.392000 3.500000
vt 2.661195 3.461940
vt 2.776000 3.500000
vt 1.392000 3.500000
vt 2.776000 -0.500000
vt 5.552000 -0.500000
vt 2.890805 -0.461940
vt 5.552000 -0.500000
vt 5.666805 -0.461940
vt 2.890805 -0.461940
vt 2.890805 -0.461940
vt 5.666805 -0.461940
vt 2.988132 -0.353553
vt 2.988132 -0.353553
vt 5.764132 -0.353553
vt 3.053164 -0.191342
vt 5.764132 -0.353553
vt 5.829164 -0.191342
vt 3.053164 -0.191342
vt 3.053164 -0.191342
vt 5.829164 -0.191342
vt 3.076000 0.000000
vt 5.829164 -0.191342
vt 5.852000 0.000000
vt 3.076000 0.000000
vt 3.076000 0.000000
vt 5.852000 0.000000
vt 3.076000 3.000000
vt 5.852000 0.000000
vt 5.852000 3.000000
vt 3.076000 3.000000
vt 3.076000 3.000000
vt 5.852000 3.000000
vt 3.053164 3.191342
vt 5.852000 3.000000
vt 5.829164 3.191342
vt 3.053164 3.191342
vt 5.829164 3.191342
vt 5.764132 3.353553
vt 2.988132 3.353553
vt 2.988132 3.353553
vt 5.764132 3.353553
vt 2.890805 3.461940
vt 5.764132 3.353553
vt 5.666805 3.461940
vt 2.890805 3.461940
vt 2.890805 3.461940
vt 5.666805 3.461940
vt 2.776000 3.500000
vt 5.666805 3.461940
vt 5.552000 3.500000
vt 2.776000 3.500000
vt 2.776000 -0.500000
vt 4.168000 -0.500000
vt 2.661195 -0.461940
vt 4.168000 -0.500000
vt 4.282805 -0.461940
vt 2.661195 -0.461940
vt 2.661195 -0.461940
vt 4.282805 -0.461940
vt 2.563868 -0.353553
vt 4.282805 -0.461940
vt 4.380132 -0.353553
vt 2.563868 -0.353553
vt 2.563868 -0.353553
vt 4.380132 -0.353553
vt 2.498836 -0.191342
vt 4.380132 -0.353553
vt 4.445164 -0.191342
vt 2.498836 -0.191342
vt 2.498836 -0.191342
vt 4.445164 -0.191342
vt 2.476000 0.000000
vt 4.445164 -0.191342
vt 4.468000 0.000000
vt 2.476000 0.000000
vt 2.476000 0.000000
vt 4.468000 0.000000
vt 2.476000 3.000000
vt 4.468000 0.000000
vt 4.468000 3.000000
vt 2.476000 3.000000
vt 2.476000 3.000000
vt 4.468000 3.000000
vt 2.498836 3.191342
vt 4.468000 3.000000
vt 4.445164 3.191342
vt 2.498836 3.191342
vt 2.498836 3.191342
vt 4.445164 3.191342
vt 2.563868 3.353553
vt 4.445164 3.191342
vt 4.380132 3.353553
vt 2.563868 3.353553
vt 2.563868 3.353553
vt 4.380132 3.353553
vt 2.661195 3.461940
vt 4.380132 3.353553
vt 4.282805 3.461940
vt 2.661195 3.461940
vt 2.661195 3.461940
vt 4.282805 3.461940
vt 2.776000 3.500000
vt 4.282805 3.461940
vt 4.168000 3.500000
vt 2.776000 3.500000
vt 5.552000 -0.500000
vt 2.776000 -0.500000
vt 5.666805 -0.461940
vt 2.776000 -0.500000
vt 2.890805 -0.461940
vt 5.666805 -0.461940
vt 5.666805 -0.461940
vt 2.890805 -0.461940
vt 5.764132 -0.353553
vt 2.890805 -0.461940
vt 2.988132 -0.353553
vt 5.764132 -0.353553
vt 5.764132 -0.353553
vt 2.988132 -0.353553
vt 5.829164 -0.191342
vt 2.988132 -0.353553
vt 3.053164 -0.191342
vt 5.829164 -0.191342
vt 5.829164 -0.191342
vt 3.053164 -0.191342
vt 5.852000 0.000000
vt 3.053164 -0.191342
vt 3.076000 0.000000
vt 5.852000 0.000000
vt 5.852000 0.000000
vt 3.076000 0.000000
vt 5.852000 3.000000
vt 3.076000 0.000000
vt 3.076000 3.000000
vt 5.852000 3.000000
vt 5.852000 3.000000
vt 3.076000 3.000000
vt 5.829164 3.191342
vt 3.076000 3.000000
vt 3.053164 3.191342
vt 5.829164 3.191342
vt 5.829164 3.191342
vt 3.053164 3.191342
vt 5.764132 3.353553
vt 3.053164 3.191342
vt 2.988132 3.353553
vt 5.764132 3.353553
vt 5.764132 3.353553
vt 2.988132 3.353553
vt 5.666805 3.461940
vt 2.988132 3.353553
vt 2.890805 3.461940
vt 5.666805 3.461940
vt 5.666805 3.461940
vt 2.890805 3.461940
vt 5.552000 3.500000
vt 2.890805 3.461940
vt 2.776000 3.500000
vt 5.552000 3.500000
vt 4.168000 -0.500000
vt 5.552000 -0.500000
vt 4.282805 -0.461940
vt 5.552000 -0.500000
vt 5.437195 -0.461940
vt 4.282805 -0.461940
vt 4.282805 -0.461940
vt 5.437195 -0.461940
vt 4.380132 -0.353553
vt 5.437195 -0.461940
vt 5.339868 -0.353553
vt 4.380132 -0.353553
vt 4.380132 -0.353553
vt 5.339868 -0.353553
vt 4.445164 -0.191342
vt 5.339868 -0.353553
vt 5.274836 -0.191342
vt 4.445164 -0.191342
vt 4.445164 -0.191342
vt 5.274836 -0.191342
vt 4.468000 0.000000
vt 5.274836 -0.191342
vt 5.252000 0.000000
vt 4.468000 0.000000
vt 4.468000 0.000000
vt 5.252000 0.000000
vt 4.468000 3.000000
vt 5.252000 0.000000
vt 5.252000 3.000000
vt 4.468000 3.000000
vt 4.468000 3.000000
vt 5.252000 3.000000
vt 4.445164 3.191342
vt 5.252000 3.000000
vt 5.274836 3.191342
vt 4.445164 3.191342
vt 4.445164 3.191342
vt 5.274836 3.191342
vt 4.380132 3.353553
vt 5.274836 3.191342
vt 5.339868 3.353553
vt 4.380132 3.353553
vt 4.380132 3.353553
vt 5.339868 3.353553
vt 4.282805 3.461940
vt 5.339868 3.353553
vt 5.437195 3.461940
vt 4.282805 3.461940
vt 5.437195 3.461940
vt 5.552000 3.500000
vt 4.168000 3.500000
vt 2.776000 -0.500000
vt 5.552000 -0.500000
vt 2.890805 -0.461940
vt 5.552000 -0.500000
vt 5.666805 -0.461940
vt 2.890805 -0.461940
vt 2.890805 -0.461940
vt 5.666805 -0.461940
vt 2.988132 -0.353553
vt 5.666805 -0.461940
vt 5.764132 -0.353553
vt 2.988132 -0.353553
vt 2.988132 -0.353553
vt 5.764132 -0.353553
vt 3.053164 -0.191342
vt 5.764132 -0.353553
vt 5.829164 -0.191342
vt 3.053164 -0.191342
vt 3.053164 -0.191342
vt 5.829164 -0.191342
vt 3.076000 0.000000
vt 5.829164 -0.191342
vt 5.852000 0.000000
vt 3.076000 0.000000
vt 3.076000 0.000000
vt 5.852000 0.000000
vt 3.076000 3.000000
vt 5.852000 0.000000
vt 5.852000 3.000000
vt 3.076000 3.000000
vt 3.076000 3.000000
vt 5.852000 3.000000
vt 3.053164 3.191342
vt 5.852000 3.000000
vt 5.829164 3.191342
vt 3.053164 3.191342
vt 5.829164 3.191342
vt 5.764132 3.353553
vt 2.988132 3.353553
vt 5.764132 3.353553
vt 5.666805 3.461940
vt 2.890805 3.461940
vt 2.890805 3.461940
vt 5.666805 3.461940
vt 2.776000 3.500000
vt 5.666805 3.461940
vt 5.552000 3.500000
vt 2.776000 3.500000
vt 5.552000 -0.500000
vt 6.944000 -0.500000
vt 5.437195 -0.461940
vt 6.944000 -0.500000
vt 7.058805 -0.461940
vt 5.437195 -0.461940
vt 5.437195 -0.461940
vt 7.058805 -0.461940
vt 5.339868 -0.353553
vt 7.058805 -0.461940
vt 7.156132 -0.353553
vt 5.339868 -0.353553
vt 5.339868 -0.353553
vt 7.156132 -0.353553
vt 5.274836 -0.191342
vt 7.156132 -0.353553
vt 7.221164 -0.191342
vt 5.274836 -0.191342
vt 5.274836 -0.191342
vt 7.221164 -0.191342
vt 5.252000 0.000000
vt 7.221164 -0.191342
vt 7.244000 0.000000
vt 5.252000 0.000000
vt 5.252000 0.000000
vt 7.244000 0.000000
vt 5.252000 3.000000
vt 7.244000 0.000000
vt 7.244000 3.000000
vt 5.252000 3.000000
vt 5.252000 3.000000
vt 7.244000 3.000000
vt 5.274836 3.191342
vt 7.244000 3.000000
vt 7.221164 3.191342
vt 5.274836 3.191342
vt 5.274836 3.191342
vt 7.221164 3.191342
vt 5.339868 3.353553
vt 7.221164 3.191342
vt 7.156132 3.353553
vt 5.339868 3.353553
vt 5.339868 3.353553
vt 7.156132 3.353553
vt 5.437195 3.461940
vt 7.156132 3.353553
vt 7.058805 3.461940
vt 5.437195 3.461940
vt 5.437195 3.461940
vt 7.058805 3.461940
vt 5.552000 3.500000
vt 7.058805 3.461940
vt 6.944000 3.500000
vt 5.552000 3.500000
vt 5.552000 -0.500000
vt 1.392000 -0.500000
vt 5.666805 -0.461940
vt 1.392000 -0.500000
vt 1.277195 -0.461940
vt 5.666805 -0.461940
vt 5.666805 -0.461940
vt 1.277195 -0.461940
vt 5.764132 -0.353553
vt 1.277195 -0.461940
vt 1.179868 -0.353553
vt 5.764132 -0.353553
vt 5.764132 -0.353553
vt 1.179868 -0.353553
vt 5.829164 -0.191342
vt 1.179868 -0.353553
vt 1.114836 -0.191342
vt 5.829164 -0.191342
vt 5.829164 -0.191342
vt 1.114836 -0.191342
vt 5.852000 0.000000
vt 1.114836 -0.191342
vt 1.092000 0.000000
vt 5.852000 0.000000
vt 5.852000 0.000000
vt 1.092000 0.000000
vt 5.852000 3.000000
vt 1.092000 0.000000
vt 1.092000 3.000000
vt 5.852000 3.000000
vt 5.852000 3.000000
vt 1.092000 3.000000
vt 5.829164 3.191342
vt 1.092000 3.000000
vt 1.114836 3.191342
vt 5.829164 3.191342
vt 5.829164 3.191342
vt 1.114836 3.191342
vt 5.764132 3.353553
vt 1.114836 3.191342
vt 1.179868 3.353553
vt 5.764132 3.353553
vt 5.764132 3.353553
vt 1.179868 3.353553
vt 5.666805 3.461940
vt 1.179868 3.353553
vt 1.277195 3.461940
vt 5.666805 3.461940
vt 5.666805 3.461940
vt 1.277195 3.461940
vt 5.552000 3.500000
vt 1.277195 3.461940
vt 1.392000 3.500000
vt 5.552000 3.500000
vt 6.944000 -0.500000
vt 0.000000 -0.500000
vt 7.058805 -0.461940
vt 0.000000 -0.500000
vt -0.114805 -0.461940
vt 7.058805 -0.461940
vt 7.058805 -0.461940
vt -0.114805 -0.461940
vt 7.156132 -0.353553
vt -0.114805 -0.461940
vt -0.212132 -0.353553
vt 7.156132 -0.353553
vt 7.156132 -0.353553
vt -0.212132 -0.353553
vt 7.221164 -0.191342
vt -0.212132 -0.353553
vt -0.277164 -0.191342
vt 7.221164 -0.191342
vt 7.221164 -0.191342
vt -0.277164 -0.191342
vt 7.244000 0.000000
vt 7.244000 0.000000
vt -0.300000 0.000000
vt 7.244000 3.000000
vt -0.300000 0.000000
vt -0.300000 3.000000
vt 7.244000 3.000000
vt -0.300000 3.000000
vt -0.277164 3.191342
vt 7.221164 3.191342
vt 7.221164 3.191342
vt -0.277164 3.191342
vt 7.156132 3.353553
vt -0.277164 3.191342
vt -0.212132 3.353553
vt 7.156132 3.353553
vt 7.156132 3.353553
vt -0.212132 3.353553
vt 7.058805 3.461940
vt -0.212132 3.353553
vt -0.114805 3.461940
vt 7.058805 3.461940
vt 7.058805 3.461940
vt -0.114805 3.461940
vt 6.944000 3.500000
vt -0.114805 3.461940
vt 0.000000 3.500000
vt 6.944000 3.500000
vt 1.392000 -0.500000
vt 5.552000 -0.500000
vt 1.277195 -0.461940
vt 5.552000 -0.500000
vt 5.666805 -0.461940
vt 1.277195 -0.461940
vt 1.277195 -0.461940
vt 5.666805 -0.461940
vt 1.179868 -0.353553
vt 5.764132 -0.353553
vt 5.829164 -0.191342
vt 1.114836 -0.191342
vt 1.114836 -0.191342
vt 5.829164 -0.191342
vt 1.092000 0.000000
vt 5.829164 -0.191342
vt 5.852000 0.000000
vt 1.092000 0.000000
vt 1.092000 0.000000
vt 5.852000 0.000000
vt 1.092000 3.000000
vt 5.852000 0.000000
vt 5.852000 3.000000
vt 1.092000 3.000000
vt 1.092000 3.000000
vt 5.852000 3.000000
vt 1.114836 3.191342
vt 5.852000 3.000000
vt 5.829164 3.191342
vt 1.114836 3.191342
vt 1.114836 3.191342
vt 5.829164 3.191342
vt 1.179868 3.353553
vt 5.829164 3.191342
vt 5.764132 3.353553
vt 1.179868 3.353553
vt 1.179868 3.353553
vt 5.764132 3.353553
vt 1.277195 3.461940
vt 5.764132 3.353553
vt 5.666805 3.461940
vt 1.277195 3.461940
vt 1.277195 3.461940
vt 5.666805 3.461940
vt 1.392000 3.500000
vt 5.666805 3.461940
vt 5.552000 3.500000
vt 1.392000 3.500000
vt -0.114805 -0.461940
vt 1.506805 -0.461940
vt -0.212132 -0.353553
vt 2.890805 -0.461940
vt 2.988132 -0.353553
vt 5.764132 -0.353553
vt 5.666805 -0.461940
vt 5.764132 -0.353553
vt 2.988132 -0.353553
vt 3.053164 3.191342
vt 5.829164 3.191342
vt 2.988132 3.353553
vt 4.282805 3.461940
vt 5.437195 3.461940
vt 4.168000 3.500000
vt 3.053164 3.191342
vt 5.829164 3.191342
vt 2.988132 3.353553
vt 2.988132 3.353553
vt 5.764132 3.353553
vt 2.890805 3.461940
vt -0.277164 -0.191342
vt -0.300000 0.000000
vt 7.244000 0.000000
vt 7.244000 3.000000
vt -0.300000 3.000000
vt 7.221164 3.191342
vt 5.666805 -0.461940
vt 5.764132 -0.353553
vt 1.179868 -0.353553
vt 1.179868 -0.353553
vt 5.764132 -0.353553
vt 1.114836 -0.191342
vn 0.0000 0.0000 -1.0000
vn 0.0000 -0.0000 1.0000
vn 0.3147 0.0000 -0.9492
vn 0.7440 0.0000 -0.6681
vn 0.9282 0.0000 -0.3721
vn 0.9930 -0.0000 -0.1185
vn 1.0000 0.0000 0.0000
vn 0.9930 -0.0000 0.1185
vn 0.9282 0.0000 0.3721
vn 0.7440 0.0000 0.6681
vn 0.3147 -0.0000 0.9492
vn 0.0000 0.1776 -0.9841
vn 0.0000 0.5185 -0.8551
vn 0.0000 0.8053 -0.5929
vn 0.0000 0.9768 -0.2141
vn 0.0000 1.0000 0.0000
vn 0.0000 0.9768 0.2141
vn 0.0000 0.8053 0.5929
vn 0.0000 0.5185 0.8551
vn 0.0000 0.1776 0.9841
vn 0.0000 -0.1776 -0.9841
vn 0.0000 -0.5185 -0.8551
vn 0.0000 -0.8053 -0.5929
vn 0.0000 -0.9768 -0.2141
vn 0.0000 -1.0000 -0.0000
vn 0.0000 -0.9768 0.2141
vn 0.0000 -0.8053 0.5929
vn 0.0000 -0.5185 0.8551
vn 0.0000 -0.1776 0.9841
vn -0.3147 0.0000 -0.9492
vn -0.7440 0.0000 -0.6681
vn -0.9282 0.0000 -0.3721
vn -0.9930 0.0000 -0.1185
vn -1.0000 0.0000 0.0000
vn -0.9930 0.0000 0.1185
vn -0.9282 0.0000 0.3721
vn -0.7440 -0.0000 0.6681
vn -0.3147 -0.0000 0.9492
usemtl Material_1.001
s off
f 1165/1165/40 1166/1166/40 1167/1167/40
f 1168/1168/40 1169/1169/40 1170/1170/40
f 1171/1171/40 1172/1172/40 1173/1173/40
f 1174/1174/40 1175/1175/40 1176/1176/40
f 1177/1177/40 1178/1178/40 1179/1179/40
f 1180/1180/40 1181/1181/40 1182/1182/40
f 1183/1183/40 1184/1184/40 1185/1185/40
f 1186/1186/40 1187/1187/40 1188/1188/40
f 1189/1189/40 1190/1190/40 1191/1191/40
f 1192/1192/40 1193/1193/40 1194/1194/40
f 1195/1195/41 1196/1196/41 1197/1197/41
f 1198/1198/41 1199/1199/41 1200/1200/41
f 1201/1201/41 1202/1202/41 1203/1203/41
f 1204/1204/41 1205/1205/41 1206/1206/41
f 1207/1207/41 1208/1208/41 1209/1209/41
f 1210/1210/41 1211/1211/41 1212/1212/41
f 1213/1213/41 1214/1214/41 1215/1215/41
f 1216/1216/41 1217/1217/41 1218/1218/41
f 1219/1219/41 1220/1220/41 1221/1221/41
f 1222/1222/41 1223/1223/41 1224/1224/41
f 1225/1225/42 1226/1226/42 1227/1227/42
f 1228/1228/42 1229/1229/42 1230/1230/42
f 1231/1231/43 1232/1232/43 1233/1233/43
f 1234/1234/44 1235/1235/44 1236/1236/44
f 1237/1237/44 1238/1238/44 1239/1239/44
f 1240/1240/45 1241/1241/45 1242/1242/45
f 1243/1243/45 1244/1244/45 1245/1245/45
f 1246/1246/46 1247/1247/46 1248/1248/46
f 1249/1249/46 1250/1250/46 1251/1251/46
f 1252/1252/47 1253/1253/47 1254/1254/47
f 1255/1255/47 1256/1256/47 1257/1257/47
f 1258/1258/48 1259/1259/48 1260/1260/48
f 1261/1261/48 1262/1262/48 1263/1263/48
f 1264/1264/49 1265/1265/49 1266/1266/49
f 1267/1267/49 1268/1268/49 1269/1269/49
f 1270/1270/50 1271/1271/50 1272/1272/50
f 1273/1273/50 1274/1274/50 1275/1275/50
f 1276/1276/51 1277/1277/51 1278/1278/51
f 1279/1279/51 1280/1280/51 1281/1281/51
f 1282/1282/52 1283/1283/52 1284/1284/52
f 1285/1285/53 1286/1286/53 1287/1287/53
f 1288/1288/53 1289/1289/53 1290/1290/53
f 1291/1291/54 1292/1292/54 1293/1293/54
f 1294/1294/54 1295/1295/54 1296/1296/54
f 1297/1297/55 1298/1298/55 1299/1299/55
f 1300/1300/55 1301/1301/55 1302/1302/55
f 1303/1303/56 1304/1304/56 1305/1305/56
f 1306/1306/56 1307/1307/56 1308/1308/56
f 1309/1309/57 1310/1310/57 1311/1311/57
f 1312/1312/57 1313/1313/57 1314/1314/57
f 1315/1315/58 1316/1316/58 1317/1317/58
f 1318/1318/58 1319/1319/58 1320/1320/58
f 1321/1321/59 1322/1322/59 1323/1323/59
f 1324/1324/59 1325/1325/59 1326/1326/59
f 1327/1327/42 1328/1328/42 1329/1329/42
f 1330/1330/42 1331/1331/42 1332/1332/42
f 1333/1333/43 1334/1334/43 1335/1335/43
f 1336/1336/43 1337/1337/43 1338/1338/43
f 1339/1339/44 1340/1340/44 1341/1341/44
f 1342/1342/44 1343/1343/44 1344/1344/44
f 1345/1345/45 1346/1346/45 1347/1347/45
f 1348/1348/45 1349/1349/45 1350/1350/45
f 1351/1351/46 1352/1352/46 1353/1353/46
f 1354/1354/46 1355/1355/46 1356/1356/46
f 1357/1357/47 1358/1358/47 1359/1359/47
f 1360/1360/47 1361/1361/47 1362/1362/47
f 1363/1363/48 1364/1364/48 1365/1365/48
f 1366/1366/48 1367/1367/48 1368/1368/48
f 1369/1369/49 1370/1370/49 1371/1371/49
f 1372/1372/49 1373/1373/49 1374/1374/49
f 1375/1375/50 1376/1376/50 1377/1377/50
f 1378/1378/50 1379/1379/50 1380/1380/50
f 1381/1381/60 1382/1382/60 1383/1383/60
f 1384/1384/60 1385/1385/60 1386/1386/60
f 1387/1387/61 1388/1388/61 1389/1389/61
f 1390/1390/62 1391/1391/62 1392/1392/62
f 1393/1393/62 1394/1394/62 1395/1395/62
f 1396/1396/63 1397/1397/63 1398/1398/63
f 1399/1399/63 1400/1400/63 1401/1401/63
f 1402/1402/64 1403/1403/64 1404/1404/64
f 1405/1405/64 1406/1406/64 1407/1407/64
f 1408/1408/65 1409/1409/65 1410/1410/65
f 1411/1411/65 1412/1412/65 1413/1413/65
f 1414/1414/66 1415/1415/66 1416/1416/66
f 1417/1417/67 1418/1418/67 1419/1419/67
f 1420/1420/67 1421/1421/67 1422/1422/67
f 1423/1423/68 1424/1424/68 1425/1425/68
f 1426/1426/68 1427/1427/68 1428/1428/68
f 1429/1429/42 1430/1430/42 1431/1431/42
f 1432/1432/42 1433/1433/42 1434/1434/42
f 1435/1435/43 1436/1436/43 1437/1437/43
f 1438/1438/43 1439/1439/43 1440/1440/43
f 1441/1441/44 1442/1442/44 1443/1443/44
f 1444/1444/44 1445/1445/44 1446/1446/44
f 1447/1447/45 1448/1448/45 1449/1449/45
f 1450/1450/45 1451/1451/45 1452/1452/45
f 1453/1453/46 1454/1454/46 1455/1455/46
f 1456/1456/46 1457/1457/46 1458/1458/46
f 1459/1459/47 1460/1460/47 1461/1461/47
f 1462/1462/47 1463/1463/47 1464/1464/47
f 1465/1465/48 1466/1466/48 1467/1467/48
f 1468/1468/48 1469/1469/48 1470/1470/48
f 1471/1471/49 1472/1472/49 1473/1473/49
f 1474/1474/49 1475/1475/49 1476/1476/49
f 1477/1477/50 1478/1478/50 1479/1479/50
f 1480/1480/50 1481/1481/50 1482/1482/50
f 1483/1483/51 1484/1484/51 1485/1485/51
f 1486/1486/51 1487/1487/51 1488/1488/51
f 1489/1489/52 1490/1490/52 1491/1491/52
f 1492/1492/52 1493/1493/52 1494/1494/52
f 1495/1495/53 1496/1496/53 1497/1497/53
f 1498/1498/53 1499/1499/53 1500/1500/53
f 1501/1501/54 1502/1502/54 1503/1503/54
f 1504/1504/54 1505/1505/54 1506/1506/54
f 1507/1507/55 1508/1508/55 1509/1509/55
f 1510/1510/55 1511/1511/55 1512/1512/55
f 1513/1513/56 1514/1514/56 1515/1515/56
f 1516/1516/56 1517/1517/56 1518/1518/56
f 1519/1519/57 1520/1520/57 1521/1521/57
f 1522/1522/57 1523/1523/57 1524/1524/57
f 1525/1525/58 1526/1526/58 1527/1527/58
f 1528/1528/58 1529/1529/58 1530/1530/58
f 1531/1531/59 1532/1532/59 1533/1533/59
f 1534/1534/59 1535/1535/59 1536/1536/59
f 1537/1537/42 1538/1538/42 1539/1539/42
f 1540/1540/42 1541/1541/42 1542/1542/42
f 1543/1543/43 1544/1544/43 1545/1545/43
f 1546/1546/43 1547/1547/43 1548/1548/43
f 1549/1549/44 1550/1550/44 1551/1551/44
f 1552/1552/44 1553/1553/44 1554/1554/44
f 1555/1555/45 1556/1556/45 1557/1557/45
f 1558/1558/45 1559/1559/45 1560/1560/45
f 1561/1561/46 1562/1562/46 1563/1563/46
f 1564/1564/46 1565/1565/46 1566/1566/46
f 1567/1567/47 1568/1568/47 1569/1569/47
f 1570/1570/47 1571/1571/47 1572/1572/47
f 1573/1573/48 1574/1574/48 1575/1575/48
f 1576/1576/48 1577/1577/48 1578/1578/48
f 1579/1579/49 1580/1580/49 1581/1581/49
f 1582/1582/49 1583/1583/49 1584/1584/49
f 1585/1585/50 1586/1586/50 1587/1587/50
f 1588/1588/60 1589/1589/60 1590/1590/60
f 1591/1591/60 1592/1592/60 1593/1593/60
f 1594/1594/61 1595/1595/61 1596/1596/61
f 1597/1597/61 1598/1598/61 1599/1599/61
f 1600/1600/62 1601/1601/62 1602/1602/62
f 1603/1603/62 1604/1604/62 1605/1605/62
f 1606/1606/63 1607/1607/63 1608/1608/63
f 1609/1609/63 1610/1610/63 1611/1611/63
f 1612/1612/64 1613/1613/64 1614/1614/64
f 1615/1615/64 1616/1616/64 1617/1617/64
f 1618/1618/65 1619/1619/65 1620/1620/65
f 1621/1621/65 1622/1622/65 1623/1623/65
f 1624/1624/66 1625/1625/66 1626/1626/66
f 1627/1627/67 1628/1628/67 1629/1629/67
f 1630/1630/68 1631/1631/68 1632/1632/68
f 1633/1633/68 1634/1634/68 1635/1635/68
f 1636/1636/42 1637/1637/42 1638/1638/42
f 1639/1639/42 1640/1640/42 1641/1641/42
f 1642/1642/43 1643/1643/43 1644/1644/43
f 1645/1645/43 1646/1646/43 1647/1647/43
f 1648/1648/44 1649/1649/44 1650/1650/44
f 1651/1651/44 1652/1652/44 1653/1653/44
f 1654/1654/45 1655/1655/45 1656/1656/45
f 1657/1657/45 1658/1658/45 1659/1659/45
f 1660/1660/46 1661/1661/46 1662/1662/46
f 1663/1663/46 1664/1664/46 1665/1665/46
f 1666/1666/47 1667/1667/47 1668/1668/47
f 1669/1669/47 1670/1670/47 1671/1671/47
f 1672/1672/48 1673/1673/48 1674/1674/48
f 1675/1675/48 1676/1676/48 1677/1677/48
f 1678/1678/49 1679/1679/49 1680/1680/49
f 1681/1681/49 1682/1682/49 1683/1683/49
f 1684/1684/50 1685/1685/50 1686/1686/50
f 1687/1687/50 1688/1688/50 1689/1689/50
f 1690/1690/51 1691/1691/51 1692/1692/51
f 1693/1693/51 1694/1694/51 1695/1695/51
f 1696/1696/52 1697/1697/52 1698/1698/52
f 1699/1699/52 1700/1700/52 1701/1701/52
f 1702/1702/53 1703/1703/53 1704/1704/53
f 1705/1705/53 1706/1706/53 1707/1707/53
f 1708/1708/54 1709/1709/54 1710/1710/54
f 1711/1711/54 1712/1712/54 1713/1713/54
f 1714/1714/55 1715/1715/55 1716/1716/55
f 1717/1717/55 1718/1718/55 1719/1719/55
f 1720/1720/56 1721/1721/56 1722/1722/56
f 1723/1723/56 1724/1724/56 1725/1725/56
f 1726/1726/57 1727/1727/57 1728/1728/57
f 1729/1729/57 1730/1730/57 1731/1731/57
f 1732/1732/58 1733/1733/58 1734/1734/58
f 1735/1735/58 1736/1736/58 1737/1737/58
f 1738/1738/59 1739/1739/59 1740/1740/59
f 1741/1741/59 1742/1742/59 1743/1743/59
f 1744/1744/69 1745/1745/69 1746/1746/69
f 1747/1747/69 1748/1748/69 1749/1749/69
f 1750/1750/70 1751/1751/70 1752/1752/70
f 1753/1753/70 1754/1754/70 1755/1755/70
f 1756/1756/71 1757/1757/71 1758/1758/71
f 1759/1759/71 1760/1760/71 1761/1761/71
f 1762/1762/72 1763/1763/72 1764/1764/72
f 1765/1765/73 1766/1766/73 1767/1767/73
f 1768/1768/73 1769/1769/73 1770/1770/73
f 1771/1771/74 1772/1772/74 1773/1773/74
f 1774/1774/75 1775/1775/75 1776/1776/75
f 1777/1777/75 1778/1778/75 1779/1779/75
f 1780/1780/76 1781/1781/76 1782/1782/76
f 1783/1783/76 1784/1784/76 1785/1785/76
f 1786/1786/77 1787/1787/77 1788/1788/77
f 1789/1789/77 1790/1790/77 1791/1791/77
f 1792/1792/60 1793/1793/60 1794/1794/60
f 1795/1795/60 1796/1796/60 1797/1797/60
f 1798/1798/61 1799/1799/61 1800/1800/61
f 1801/1801/62 1802/1802/62 1803/1803/62
f 1804/1804/63 1805/1805/63 1806/1806/63
f 1807/1807/63 1808/1808/63 1809/1809/63
f 1810/1810/64 1811/1811/64 1812/1812/64
f 1813/1813/64 1814/1814/64 1815/1815/64
f 1816/1816/65 1817/1817/65 1818/1818/65
f 1819/1819/65 1820/1820/65 1821/1821/65
f 1822/1822/66 1823/1823/66 1824/1824/66
f 1825/1825/66 1826/1826/66 1827/1827/66
f 1828/1828/67 1829/1829/67 1830/1830/67
f 1831/1831/67 1832/1832/67 1833/1833/67
f 1834/1834/68 1835/1835/68 1836/1836/68
f 1837/1837/68 1838/1838/68 1839/1839/68
s 1
f 1840/1840/43 1841/1841/43 1842/1842/43
f 1843/1843/52 1844/1844/52 1845/1845/52
f 1846/1846/61 1847/1847/61 1848/1848/61
f 1849/1849/66 1850/1850/66 1851/1851/66
f 1852/1852/50 1853/1853/50 1854/1854/50
f 1855/1855/66 1856/1856/66 1857/1857/66
f 1858/1858/67 1859/1859/67 1860/1860/67
f 1861/1861/72 1862/1862/72 1863/1863/72
f 1864/1864/74 1865/1865/74 1866/1866/74
f 1867/1867/61 1868/1868/61 1869/1869/61
f 1870/1870/62 1871/1871/62 1872/1872/62
o Mesh_2.001
v -69.589020 -1.523363 -6.453870
v -73.294128 -1.523363 -6.453870
v -73.294128 25.617210 -6.453866
v -65.905212 32.421909 -6.453864
v -65.905212 25.617210 -6.453866
v -69.589020 25.617210 -6.453866
v -76.977943 25.617210 -6.453866
v -76.977943 32.421909 -6.453864
v -65.905212 32.421909 -6.453864
v -69.589020 25.617210 -6.453866
v -69.589020 -1.523363 -6.453870
v -73.294128 25.617210 -6.453866
v -73.294128 25.617210 -6.453866
v -76.977943 25.617210 -6.453866
v -65.905212 32.421909 -6.453864
v -65.905212 32.421909 -6.453864
v -69.589020 25.617210 -6.453866
v -73.294128 25.617210 -6.453866
v -73.294128 25.617210 4.192987
v -73.294128 -1.523365 4.192983
v -69.589020 -1.523365 4.192983
v -69.589020 25.617210 4.192987
v -65.905212 25.617210 4.192987
v -65.905212 32.421906 4.192989
v -65.905212 32.421906 4.192989
v -76.977943 32.421906 4.192989
v -76.977943 25.617210 4.192987
v -73.294128 25.617210 4.192987
v -69.589020 -1.523365 4.192983
v -69.589020 25.617210 4.192987
v -65.905212 32.421906 4.192989
v -76.977943 25.617210 4.192987
v -73.294128 25.617210 4.192987
v -73.294128 25.617210 4.192987
v -69.589020 25.617210 4.192987
v -65.905212 32.421906 4.192989
v -69.589020 -1.523363 -6.453870
v -69.589020 25.617210 -6.453866
v -69.283447 -2.084581 -6.352565
v -69.589020 25.617210 -6.453866
v -69.283447 25.055994 -6.352561
v -69.283447 -2.084581 -6.352565
v -69.283447 -2.084581 -6.352565
v -69.283447 25.055994 -6.352561
v -69.024391 -2.560356 -6.064071
v -69.283447 25.055994 -6.352561
v -69.024391 24.580219 -6.064066
v -69.024391 -2.560356 -6.064071
v -69.024391 -2.560356 -6.064071
v -69.024391 24.580219 -6.064066
v -68.851295 -2.878263 -5.632311
v -69.024391 24.580219 -6.064066
v -68.851295 24.262314 -5.632307
v -68.851295 -2.878263 -5.632311
v -68.851295 -2.878263 -5.632311
v -68.851295 24.262314 -5.632307
v -68.790512 -2.989897 -5.123014
v -68.851295 24.262314 -5.632307
v -68.790512 24.150681 -5.123010
v -68.790512 -2.989897 -5.123014
v -68.790512 -2.989897 -5.123014
v -68.790512 24.150681 -5.123010
v -68.790512 -2.989897 2.862126
v -68.790512 24.150681 -5.123010
v -68.790512 24.150681 2.862130
v -68.790512 -2.989897 2.862126
v -68.790512 -2.989897 2.862126
v -68.790512 24.150681 2.862130
v -68.851295 -2.878263 3.371423
v -68.790512 24.150681 2.862130
v -68.851295 24.262312 3.371428
v -68.851295 -2.878263 3.371423
v -68.851295 -2.878263 3.371423
v -68.851295 24.262312 3.371428
v -69.024391 -2.560358 3.803183
v -68.851295 24.262312 3.371428
v -69.024391 24.580217 3.803187
v -69.024391 -2.560358 3.803183
v -69.024391 -2.560358 3.803183
v -69.024391 24.580217 3.803187
v -69.283447 -2.084583 4.091677
v -69.024391 24.580217 3.803187
v -69.283447 25.055992 4.091681
v -69.283447 -2.084583 4.091677
v -69.283447 -2.084583 4.091677
v -69.283447 25.055992 4.091681
v -69.589020 -1.523365 4.192983
v -69.283447 25.055992 4.091681
v -69.589020 25.617210 4.192987
v -69.589020 -1.523365 4.192983
v -69.589020 25.617210 -6.453866
v -65.905212 25.617210 -6.453866
v -69.283447 25.055994 -6.352561
v -65.905212 25.617210 -6.453866
v -65.599632 25.055994 -6.352561
v -69.283447 25.055994 -6.352561
v -69.283447 25.055994 -6.352561
v -65.599632 25.055994 -6.352561
v -69.024391 24.580219 -6.064066
v -65.599632 25.055994 -6.352561
v -65.340576 24.580219 -6.064066
v -69.024391 24.580219 -6.064066
v -69.024391 24.580219 -6.064066
v -65.340576 24.580219 -6.064066
v -68.851295 24.262314 -5.632307
v -65.340576 24.580219 -6.064066
v -65.167480 24.262314 -5.632307
v -68.851295 24.262314 -5.632307
v -68.851295 24.262314 -5.632307
v -65.167480 24.262314 -5.632307
v -68.790512 24.150681 -5.123010
v -65.167480 24.262314 -5.632307
v -65.106697 24.150681 -5.123010
v -68.790512 24.150681 -5.123010
v -68.790512 24.150681 -5.123010
v -65.106697 24.150681 -5.123010
v -68.790512 24.150681 2.862130
v -65.106697 24.150681 -5.123010
v -65.106697 24.150681 2.862130
v -68.790512 24.150681 2.862130
v -68.790512 24.150681 2.862130
v -65.106697 24.150681 2.862130
v -68.851295 24.262312 3.371428
v -65.106697 24.150681 2.862130
v -65.167480 24.262312 3.371428
v -68.851295 24.262312 3.371428
v -68.851295 24.262312 3.371428
v -65.167480 24.262312 3.371428
v -69.024391 24.580217 3.803187
v -65.167480 24.262312 3.371428
v -65.340576 24.580217 3.803187
v -69.024391 24.580217 3.803187
v -69.024391 24.580217 3.803187
v -65.340576 24.580217 3.803187
v -69.283447 25.055992 4.091681
v -65.340576 24.580217 3.803187
v -65.599632 25.055992 4.091681
v -69.283447 25.055992 4.091681
v -69.283447 25.055992 4.091681
v -65.599632 25.055992 4.091681
v -69.589020 25.617210 4.192987
v -65.599632 25.055992 4.091681
v -65.905212 25.617210 4.192987
v -69.589020 25.617210 4.192987
v -65.905212 25.617210 -6.453866
v -65.905212 32.421909 -6.453864
v -65.599632 25.055994 -6.352561
v -65.905212 32.421909 -6.453864
v -65.599632 32.983124 -6.352559
v -65.599632 25.055994 -6.352561
v -65.599632 25.055994 -6.352561
v -65.599632 32.983124 -6.352559
v -65.340576 24.580219 -6.064066
v -65.599632 32.983124 -6.352559
v -65.340576 33.458904 -6.064065
v -65.340576 24.580219 -6.064066
v -65.340576 24.580219 -6.064066
v -65.340576 33.458904 -6.064065
v -65.167480 24.262314 -5.632307
v -65.340576 33.458904 -6.064065
v -65.167480 33.776806 -5.632305
v -65.167480 24.262314 -5.632307
v -65.167480 24.262314 -5.632307
v -65.167480 33.776806 -5.632305
v -65.106697 24.150681 -5.123010
v -65.167480 33.776806 -5.632305
v -65.106697 33.888439 -5.123008
v -65.106697 24.150681 -5.123010
v -65.106697 24.150681 -5.123010
v -65.106697 33.888439 -5.123008
v -65.106697 24.150681 2.862130
v -65.106697 33.888439 -5.123008
v -65.106697 33.888439 2.862132
v -65.106697 24.150681 2.862130
v -65.106697 24.150681 2.862130
v -65.106697 33.888439 2.862132
v -65.167480 24.262312 3.371428
v -65.106697 33.888439 2.862132
v -65.167480 33.776806 3.371429
v -65.167480 24.262312 3.371428
v -65.167480 24.262312 3.371428
v -65.167480 33.776806 3.371429
v -65.340576 24.580217 3.803187
v -65.167480 33.776806 3.371429
v -65.340576 33.458900 3.803189
v -65.340576 24.580217 3.803187
v -65.340576 24.580217 3.803187
v -65.340576 33.458900 3.803189
v -65.599632 25.055992 4.091681
v -65.340576 33.458900 3.803189
v -65.599632 32.983124 4.091683
v -65.599632 25.055992 4.091681
v -65.599632 25.055992 4.091681
v -65.599632 32.983124 4.091683
v -65.905212 25.617210 4.192987
v -65.599632 32.983124 4.091683
v -65.905212 32.421906 4.192989
v -65.905212 25.617210 4.192987
v -65.905212 32.421909 -6.453864
v -76.977943 32.421909 -6.453864
v -65.599632 32.983124 -6.352559
v -76.977943 32.421909 -6.453864
v -77.283516 32.983124 -6.352559
v -65.599632 32.983124 -6.352559
v -65.599632 32.983124 -6.352559
v -77.283516 32.983124 -6.352559
v -65.340576 33.458904 -6.064065
v -77.283516 32.983124 -6.352559
v -77.542572 33.458904 -6.064065
v -65.340576 33.458904 -6.064065
v -65.340576 33.458904 -6.064065
v -77.542572 33.458904 -6.064065
v -65.167480 33.776806 -5.632305
v -77.542572 33.458904 -6.064065
v -77.715668 33.776806 -5.632305
v -65.167480 33.776806 -5.632305
v -65.167480 33.776806 -5.632305
v -77.715668 33.776806 -5.632305
v -65.106697 33.888439 -5.123008
v -77.715668 33.776806 -5.632305
v -77.776451 33.888439 -5.123008
v -65.106697 33.888439 -5.123008
v -65.106697 33.888439 -5.123008
v -77.776451 33.888439 -5.123008
v -65.106697 33.888439 2.862132
v -77.776451 33.888439 -5.123008
v -77.776451 33.888439 2.862132
v -65.106697 33.888439 2.862132
v -65.106697 33.888439 2.862132
v -77.776451 33.888439 2.862132
v -65.167480 33.776806 3.371429
v -77.776451 33.888439 2.862132
v -77.715668 33.776806 3.371429
v -65.167480 33.776806 3.371429
v -65.167480 33.776806 3.371429
v -77.715668 33.776806 3.371429
v -65.340576 33.458900 3.803189
v -77.715668 33.776806 3.371429
v -77.542572 33.458900 3.803189
v -65.340576 33.458900 3.803189
v -65.340576 33.458900 3.803189
v -77.542572 33.458900 3.803189
v -65.599632 32.983124 4.091683
v -77.542572 33.458900 3.803189
v -77.283516 32.983124 4.091683
v -65.599632 32.983124 4.091683
v -65.599632 32.983124 4.091683
v -77.283516 32.983124 4.091683
v -65.905212 32.421906 4.192989
v -77.283516 32.983124 4.091683
v -76.977943 32.421906 4.192989
v -65.905212 32.421906 4.192989
v -76.977943 32.421909 -6.453864
v -76.977943 25.617210 -6.453866
v -77.283516 32.983124 -6.352559
v -76.977943 25.617210 -6.453866
v -77.283516 25.055994 -6.352561
v -77.283516 32.983124 -6.352559
v -77.283516 32.983124 -6.352559
v -77.283516 25.055994 -6.352561
v -77.542572 33.458904 -6.064065
v -77.283516 25.055994 -6.352561
v -77.542572 24.580219 -6.064066
v -77.542572 33.458904 -6.064065
v -77.542572 33.458904 -6.064065
v -77.542572 24.580219 -6.064066
v -77.715668 33.776806 -5.632305
v -77.542572 24.580219 -6.064066
v -77.715668 24.262314 -5.632307
v -77.715668 33.776806 -5.632305
v -77.715668 33.776806 -5.632305
v -77.715668 24.262314 -5.632307
v -77.776451 33.888439 -5.123008
v -77.715668 24.262314 -5.632307
v -77.776451 24.150681 -5.123010
v -77.776451 33.888439 -5.123008
v -77.776451 33.888439 -5.123008
v -77.776451 24.150681 -5.123010
v -77.776451 33.888439 2.862132
v -77.776451 24.150681 -5.123010
v -77.776451 24.150681 2.862130
v -77.776451 33.888439 2.862132
v -77.776451 33.888439 2.862132
v -77.776451 24.150681 2.862130
v -77.715668 33.776806 3.371429
v -77.776451 24.150681 2.862130
v -77.715668 24.262312 3.371428
v -77.715668 33.776806 3.371429
v -77.715668 33.776806 3.371429
v -77.715668 24.262312 3.371428
v -77.542572 33.458900 3.803189
v -77.715668 24.262312 3.371428
v -77.542572 24.580217 3.803187
v -77.542572 33.458900 3.803189
v -77.542572 24.580217 3.803187
v -77.283516 25.055992 4.091681
v -77.283516 32.983124 4.091683
v -77.283516 32.983124 4.091683
v -77.283516 25.055992 4.091681
v -76.977943 32.421906 4.192989
v -77.283516 25.055992 4.091681
v -76.977943 25.617210 4.192987
v -76.977943 32.421906 4.192989
v -76.977943 25.617210 -6.453866
v -73.294128 25.617210 -6.453866
v -77.283516 25.055994 -6.352561
v -73.294128 25.617210 -6.453866
v -73.599709 25.055994 -6.352561
v -77.283516 25.055994 -6.352561
v -77.283516 25.055994 -6.352561
v -73.599709 25.055994 -6.352561
v -77.542572 24.580219 -6.064066
v -73.599709 25.055994 -6.352561
v -73.858765 24.580219 -6.064066
v -77.542572 24.580219 -6.064066
v -77.542572 24.580219 -6.064066
v -73.858765 24.580219 -6.064066
v -77.715668 24.262314 -5.632307
v -73.858765 24.580219 -6.064066
v -74.031860 24.262314 -5.632307
v -77.715668 24.262314 -5.632307
v -77.715668 24.262314 -5.632307
v -74.031860 24.262314 -5.632307
v -77.776451 24.150681 -5.123010
v -74.031860 24.262314 -5.632307
v -74.092644 24.150681 -5.123010
v -77.776451 24.150681 -5.123010
v -77.776451 24.150681 -5.123010
v -74.092644 24.150681 -5.123010
v -77.776451 24.150681 2.862130
v -74.092644 24.150681 -5.123010
v -74.092644 24.150681 2.862130
v -77.776451 24.150681 2.862130
v -74.092644 24.150681 2.862130
v -74.031860 24.262312 3.371428
v -77.715668 24.262312 3.371428
v -74.031860 24.262312 3.371428
v -73.858765 24.580217 3.803187
v -77.542572 24.580217 3.803187
v -77.542572 24.580217 3.803187
v -73.858765 24.580217 3.803187
v -77.283516 25.055992 4.091681
v -73.858765 24.580217 3.803187
v -73.599709 25.055992 4.091681
v -77.283516 25.055992 4.091681
v -77.283516 25.055992 4.091681
v -73.599709 25.055992 4.091681
v -76.977943 25.617210 4.192987
v -73.599709 25.055992 4.091681
v -73.294128 25.617210 4.192987
v -76.977943 25.617210 4.192987
v -73.294128 25.617210 -6.453866
v -73.294128 -1.523363 -6.453870
v -73.599709 25.055994 -6.352561
v -73.294128 -1.523363 -6.453870
v -73.599709 -2.084581 -6.352565
v -73.599709 25.055994 -6.352561
v -73.599709 25.055994 -6.352561
v -73.599709 -2.084581 -6.352565
v -73.858765 24.580219 -6.064066
v -73.858765 24.580219 -6.064066
v -73.858765 -2.560356 -6.064071
v -74.031860 24.262314 -5.632307
v -73.858765 -2.560356 -6.064071
v -74.031860 -2.878263 -5.632311
v -74.031860 24.262314 -5.632307
v -74.031860 24.262314 -5.632307
v -74.031860 -2.878263 -5.632311
v -74.092644 24.150681 -5.123010
v -74.031860 -2.878263 -5.632311
v -74.092644 -2.989897 -5.123014
v -74.092644 24.150681 -5.123010
v -74.092644 24.150681 -5.123010
v -74.092644 -2.989897 -5.123014
v -74.092644 24.150681 2.862130
v -74.092644 -2.989897 -5.123014
v -74.092644 -2.989897 2.862126
v -74.092644 24.150681 2.862130
v -74.092644 24.150681 2.862130
v -74.092644 -2.989897 2.862126
v -74.031860 24.262312 3.371428
v -74.092644 -2.989897 2.862126
v -74.031860 -2.878263 3.371423
v -74.031860 24.262312 3.371428
v -74.031860 24.262312 3.371428
v -74.031860 -2.878263 3.371423
v -73.858765 24.580217 3.803187
v -74.031860 -2.878263 3.371423
v -73.858765 -2.560358 3.803183
v -73.858765 24.580217 3.803187
v -73.858765 24.580217 3.803187
v -73.858765 -2.560358 3.803183
v -73.599709 25.055992 4.091681
v -73.858765 -2.560358 3.803183
v -73.599709 -2.084583 4.091677
v -73.599709 25.055992 4.091681
v -73.599709 25.055992 4.091681
v -73.599709 -2.084583 4.091677
v -73.294128 25.617210 4.192987
v -73.599709 -2.084583 4.091677
v -73.294128 -1.523365 4.192983
v -73.294128 25.617210 4.192987
v -73.294128 -1.523363 -6.453870
v -69.589020 -1.523363 -6.453870
v -73.599709 -2.084581 -6.352565
v -69.589020 -1.523363 -6.453870
v -69.283447 -2.084581 -6.352565
v -73.599709 -2.084581 -6.352565
v -73.858765 -2.560356 -6.064071
v -69.024391 -2.560356 -6.064071
v -74.031860 -2.878263 -5.632311
v -69.024391 -2.560356 -6.064071
v -68.851295 -2.878263 -5.632311
v -74.031860 -2.878263 -5.632311
v -74.031860 -2.878263 -5.632311
v -68.851295 -2.878263 -5.632311
v -74.092644 -2.989897 -5.123014
v -68.851295 -2.878263 -5.632311
v -68.790512 -2.989897 -5.123014
v -74.092644 -2.989897 -5.123014
v -74.092644 -2.989897 -5.123014
v -68.790512 -2.989897 -5.123014
v -74.092644 -2.989897 2.862126
v -68.790512 -2.989897 -5.123014
v -68.790512 -2.989897 2.862126
v -74.092644 -2.989897 2.862126
v -74.092644 -2.989897 2.862126
v -68.790512 -2.989897 2.862126
v -74.031860 -2.878263 3.371423
v -68.790512 -2.989897 2.862126
v -68.851295 -2.878263 3.371423
v -74.031860 -2.878263 3.371423
v -74.031860 -2.878263 3.371423
v -68.851295 -2.878263 3.371423
v -73.858765 -2.560358 3.803183
v -68.851295 -2.878263 3.371423
v -69.024391 -2.560358 3.803183
v -73.858765 -2.560358 3.803183
v -69.024391 -2.560358 3.803183
v -69.283447 -2.084583 4.091677
v -73.599709 -2.084583 4.091677
v -73.599709 -2.084583 4.091677
v -69.283447 -2.084583 4.091677
v -73.294128 -1.523365 4.192983
v -69.283447 -2.084583 4.091677
v -69.589020 -1.523365 4.192983
v -73.294128 -1.523365 4.192983
v -77.542572 33.458900 3.803189
v -77.542572 24.580217 3.803187
v -77.283516 32.983124 4.091683
v -77.776451 24.150681 2.862130
v -74.092644 24.150681 2.862130
v -77.715668 24.262312 3.371428
v -77.715668 24.262312 3.371428
v -74.031860 24.262312 3.371428
v -77.542572 24.580217 3.803187
v -73.599709 -2.084581 -6.352565
v -73.858765 -2.560356 -6.064071
v -73.858765 24.580219 -6.064066
v -73.599709 -2.084581 -6.352565
v -69.283447 -2.084581 -6.352565
v -73.858765 -2.560356 -6.064071
v -69.283447 -2.084581 -6.352565
v -69.024391 -2.560356 -6.064071
v -73.858765 -2.560356 -6.064071
v -73.858765 -2.560358 3.803183
v -69.024391 -2.560358 3.803183
v -73.599709 -2.084583 4.091677
vt 4.168000 1.000000
vt 2.776000 1.000000
vt 2.776000 -4.552000
vt 5.552000 -5.944000
vt 5.552000 -4.552000
vt 4.168000 -4.552000
vt 1.392000 -4.552000
vt 1.392000 -5.944000
vt 5.552000 -5.944000
vt 4.168000 -4.552000
vt 4.168000 1.000000
vt 2.776000 -4.552000
vt 2.776000 -4.552000
vt 1.392000 -4.552000
vt 5.552000 -5.944000
vt 5.552000 -5.944000
vt 4.168000 -4.552000
vt 2.776000 -4.552000
vt 2.776000 -4.552000
vt 2.776000 1.000000
vt 4.168000 1.000000
vt 4.168000 -4.552000
vt 5.552000 -4.552000
vt 5.552000 -5.944000
vt 5.552000 -5.944000
vt 1.392000 -5.944000
vt 1.392000 -4.552000
vt 2.776000 -4.552000
vt 4.168000 1.000000
vt 4.168000 -4.552000
vt 5.552000 -5.944000
vt 1.392000 -4.552000
vt 2.776000 -4.552000
vt 2.776000 -4.552000
vt 4.168000 -4.552000
vt 5.552000 -5.944000
vt 0.000000 -0.500000
vt 5.552000 -0.500000
vt -0.114805 -0.461940
vt 5.552000 -0.500000
vt 5.437195 -0.461940
vt -0.114805 -0.461940
vt -0.114805 -0.461940
vt 5.437195 -0.461940
vt -0.212132 -0.353553
vt 5.437195 -0.461940
vt 5.339868 -0.353553
vt -0.212132 -0.353553
vt -0.212132 -0.353553
vt 5.339868 -0.353553
vt -0.277164 -0.191342
vt 5.339868 -0.353553
vt 5.274836 -0.191342
vt -0.277164 -0.191342
vt -0.277164 -0.191342
vt 5.274836 -0.191342
vt -0.300000 0.000000
vt 5.274836 -0.191342
vt 5.252000 0.000000
vt -0.300000 0.000000
vt -0.300000 0.000000
vt 5.252000 0.000000
vt -0.300000 3.000000
vt 5.252000 0.000000
vt 5.252000 3.000000
vt -0.300000 3.000000
vt -0.300000 3.000000
vt 5.252000 3.000000
vt -0.277164 3.191342
vt 5.252000 3.000000
vt 5.274836 3.191342
vt -0.277164 3.191342
vt -0.277164 3.191342
vt 5.274836 3.191342
vt -0.212132 3.353553
vt 5.274836 3.191342
vt 5.339868 3.353553
vt -0.212132 3.353553
vt -0.212132 3.353553
vt 5.339868 3.353553
vt -0.114805 3.461940
vt 5.339868 3.353553
vt 5.437195 3.461940
vt -0.114805 3.461940
vt -0.114805 3.461940
vt 5.437195 3.461940
vt 0.000000 3.500000
vt 5.437195 3.461940
vt 5.552000 3.500000
vt 0.000000 3.500000
vt 4.168000 -0.500000
vt 5.552000 -0.500000
vt 4.282805 -0.461940
vt 5.552000 -0.500000
vt 5.666805 -0.461940
vt 4.282805 -0.461940
vt 4.282805 -0.461940
vt 5.666805 -0.461940
vt 4.380132 -0.353553
vt 5.666805 -0.461940
vt 5.764132 -0.353553
vt 4.380132 -0.353553
vt 4.380132 -0.353553
vt 5.764132 -0.353553
vt 4.445164 -0.191342
vt 5.764132 -0.353553
vt 5.829164 -0.191342
vt 4.445164 -0.191342
vt 4.445164 -0.191342
vt 5.829164 -0.191342
vt 4.468000 0.000000
vt 5.829164 -0.191342
vt 5.852000 0.000000
vt 4.468000 0.000000
vt 4.468000 0.000000
vt 5.852000 0.000000
vt 4.468000 3.000000
vt 5.852000 0.000000
vt 5.852000 3.000000
vt 4.468000 3.000000
vt 4.468000 3.000000
vt 5.852000 3.000000
vt 4.445164 3.191342
vt 5.852000 3.000000
vt 5.829164 3.191342
vt 4.445164 3.191342
vt 4.445164 3.191342
vt 5.829164 3.191342
vt 4.380132 3.353553
vt 5.829164 3.191342
vt 5.764132 3.353553
vt 4.380132 3.353553
vt 4.380132 3.353553
vt 5.764132 3.353553
vt 4.282805 3.461940
vt 5.764132 3.353553
vt 5.666805 3.461940
vt 4.282805 3.461940
vt 4.282805 3.461940
vt 5.666805 3.461940
vt 4.168000 3.500000
vt 5.666805 3.461940
vt 5.552000 3.500000
vt 4.168000 3.500000
vt 5.552000 -0.500000
vt 6.944000 -0.500000
vt 5.437195 -0.461940
vt 6.944000 -0.500000
vt 7.058805 -0.461940
vt 5.437195 -0.461940
vt 5.437195 -0.461940
vt 7.058805 -0.461940
vt 5.339868 -0.353553
vt 7.058805 -0.461940
vt 7.156132 -0.353553
vt 5.339868 -0.353553
vt 5.339868 -0.353553
vt 7.156132 -0.353553
vt 5.274836 -0.191342
vt 7.156132 -0.353553
vt 7.221164 -0.191342
vt 5.274836 -0.191342
vt 5.274836 -0.191342
vt 7.221164 -0.191342
vt 5.252000 0.000000
vt 7.221164 -0.191342
vt 7.244000 0.000000
vt 5.252000 0.000000
vt 5.252000 0.000000
vt 7.244000 0.000000
vt 5.252000 3.000000
vt 7.244000 0.000000
vt 7.244000 3.000000
vt 5.252000 3.000000
vt 5.252000 3.000000
vt 7.244000 3.000000
vt 5.274836 3.191342
vt 7.244000 3.000000
vt 7.221164 3.191342
vt 5.274836 3.191342
vt 5.274836 3.191342
vt 7.221164 3.191342
vt 5.339868 3.353553
vt 7.221164 3.191342
vt 7.156132 3.353553
vt 5.339868 3.353553
vt 5.339868 3.353553
vt 7.156132 3.353553
vt 5.437195 3.461940
vt 7.156132 3.353553
vt 7.058805 3.461940
vt 5.437195 3.461940
vt 5.437195 3.461940
vt 7.058805 3.461940
vt 5.552000 3.500000
vt 7.058805 3.461940
vt 6.944000 3.500000
vt 5.552000 3.500000
vt 5.552000 -0.500000
vt 1.392000 -0.500000
vt 5.666805 -0.461940
vt 1.392000 -0.500000
vt 1.277195 -0.461940
vt 5.666805 -0.461940
vt 5.666805 -0.461940
vt 1.277195 -0.461940
vt 5.764132 -0.353553
vt 1.277195 -0.461940
vt 1.179868 -0.353553
vt 5.764132 -0.353553
vt 5.764132 -0.353553
vt 1.179868 -0.353553
vt 5.829164 -0.191342
vt 1.179868 -0.353553
vt 1.114836 -0.191342
vt 5.829164 -0.191342
vt 5.829164 -0.191342
vt 1.114836 -0.191342
vt 5.852000 0.000000
vt 1.114836 -0.191342
vt 1.092000 0.000000
vt 5.852000 0.000000
vt 5.852000 0.000000
vt 1.092000 0.000000
vt 5.852000 3.000000
vt 1.092000 0.000000
vt 1.092000 3.000000
vt 5.852000 3.000000
vt 5.852000 3.000000
vt 1.092000 3.000000
vt 5.829164 3.191342
vt 1.092000 3.000000
vt 1.114836 3.191342
vt 5.829164 3.191342
vt 5.829164 3.191342
vt 1.114836 3.191342
vt 5.764132 3.353553
vt 1.114836 3.191342
vt 1.179868 3.353553
vt 5.764132 3.353553
vt 5.764132 3.353553
vt 1.179868 3.353553
vt 5.666805 3.461940
vt 1.179868 3.353553
vt 1.277195 3.461940
vt 5.666805 3.461940
vt 5.666805 3.461940
vt 1.277195 3.461940
vt 5.552000 3.500000
vt 1.277195 3.461940
vt 1.392000 3.500000
vt 5.552000 3.500000
vt 6.944000 -0.500000
vt 5.552000 -0.500000
vt 7.058805 -0.461940
vt 5.552000 -0.500000
vt 5.437195 -0.461940
vt 7.058805 -0.461940
vt 7.058805 -0.461940
vt 5.437195 -0.461940
vt 7.156132 -0.353553
vt 5.437195 -0.461940
vt 5.339868 -0.353553
vt 7.156132 -0.353553
vt 7.156132 -0.353553
vt 5.339868 -0.353553
vt 7.221164 -0.191342
vt 5.339868 -0.353553
vt 5.274836 -0.191342
vt 7.221164 -0.191342
vt 7.221164 -0.191342
vt 5.274836 -0.191342
vt 7.244000 0.000000
vt 5.274836 -0.191342
vt 5.252000 0.000000
vt 7.244000 0.000000
vt 7.244000 0.000000
vt 5.252000 0.000000
vt 7.244000 3.000000
vt 5.252000 0.000000
vt 5.252000 3.000000
vt 7.244000 3.000000
vt 7.244000 3.000000
vt 5.252000 3.000000
vt 7.221164 3.191342
vt 5.252000 3.000000
vt 5.274836 3.191342
vt 7.221164 3.191342
vt 7.221164 3.191342
vt 5.274836 3.191342
vt 7.156132 3.353553
vt 5.274836 3.191342
vt 5.339868 3.353553
vt 7.156132 3.353553
vt 5.339868 3.353553
vt 5.437195 3.461940
vt 7.058805 3.461940
vt 7.058805 3.461940
vt 5.437195 3.461940
vt 6.944000 3.500000
vt 5.437195 3.461940
vt 5.552000 3.500000
vt 6.944000 3.500000
vt 1.392000 -0.500000
vt 2.776000 -0.500000
vt 1.277195 -0.461940
vt 2.776000 -0.500000
vt 2.661195 -0.461940
vt 1.277195 -0.461940
vt 1.277195 -0.461940
vt 2.661195 -0.461940
vt 1.179868 -0.353553
vt 2.661195 -0.461940
vt 2.563868 -0.353553
vt 1.179868 -0.353553
vt 1.179868 -0.353553
vt 2.563868 -0.353553
vt 1.114836 -0.191342
vt 2.563868 -0.353553
vt 2.498836 -0.191342
vt 1.114836 -0.191342
vt 1.114836 -0.191342
vt 2.498836 -0.191342
vt 1.092000 0.000000
vt 2.498836 -0.191342
vt 2.476000 0.000000
vt 1.092000 0.000000
vt 1.092000 0.000000
vt 2.476000 0.000000
vt 1.092000 3.000000
vt 2.476000 0.000000
vt 2.476000 3.000000
vt 1.092000 3.000000
vt 2.476000 3.000000
vt 2.498836 3.191342
vt 1.114836 3.191342
vt 2.498836 3.191342
vt 2.563868 3.353553
vt 1.179868 3.353553
vt 1.179868 3.353553
vt 2.563868 3.353553
vt 1.277195 3.461940
vt 2.563868 3.353553
vt 2.661195 3.461940
vt 1.277195 3.461940
vt 1.277195 3.461940
vt 2.661195 3.461940
vt 1.392000 3.500000
vt 2.661195 3.461940
vt 2.776000 3.500000
vt 1.392000 3.500000
vt 5.552000 -0.500000
vt 0.000000 -0.500000
vt 5.437195 -0.461940
vt 0.000000 -0.500000
vt -0.114805 -0.461940
vt 5.437195 -0.461940
vt 5.437195 -0.461940
vt -0.114805 -0.461940
vt 5.339868 -0.353553
vt 5.339868 -0.353553
vt -0.212132 -0.353553
vt 5.274836 -0.191342
vt -0.212132 -0.353553
vt -0.277164 -0.191342
vt 5.274836 -0.191342
vt 5.274836 -0.191342
vt -0.277164 -0.191342
vt 5.252000 0.000000
vt -0.277164 -0.191342
vt -0.300000 0.000000
vt 5.252000 0.000000
vt 5.252000 0.000000
vt -0.300000 0.000000
vt 5.252000 3.000000
vt -0.300000 0.000000
vt -0.300000 3.000000
vt 5.252000 3.000000
vt 5.252000 3.000000
vt -0.300000 3.000000
vt 5.274836 3.191342
vt -0.300000 3.000000
vt -0.277164 3.191342
vt 5.274836 3.191342
vt 5.274836 3.191342
vt -0.277164 3.191342
vt 5.339868 3.353553
vt -0.277164 3.191342
vt -0.212132 3.353553
vt 5.339868 3.353553
vt 5.339868 3.353553
vt -0.212132 3.353553
vt 5.437195 3.461940
vt -0.212132 3.353553
vt -0.114805 3.461940
vt 5.437195 3.461940
vt 5.437195 3.461940
vt -0.114805 3.461940
vt 5.552000 3.500000
vt -0.114805 3.461940
vt 0.000000 3.500000
vt 5.552000 3.500000
vt 2.776000 -0.500000
vt 4.168000 -0.500000
vt 2.661195 -0.461940
vt 4.168000 -0.500000
vt 4.282805 -0.461940
vt 2.661195 -0.461940
vt 2.563868 -0.353553
vt 4.380132 -0.353553
vt 2.498836 -0.191342
vt 4.380132 -0.353553
vt 4.445164 -0.191342
vt 2.498836 -0.191342
vt 2.498836 -0.191342
vt 4.445164 -0.191342
vt 2.476000 0.000000
vt 4.445164 -0.191342
vt 4.468000 0.000000
vt 2.476000 0.000000
vt 2.476000 0.000000
vt 4.468000 0.000000
vt 2.476000 3.000000
vt 4.468000 0.000000
vt 4.468000 3.000000
vt 2.476000 3.000000
vt 2.476000 3.000000
vt 4.468000 3.000000
vt 2.498836 3.191342
vt 4.468000 3.000000
vt 4.445164 3.191342
vt 2.498836 3.191342
vt 2.498836 3.191342
vt 4.445164 3.191342
vt 2.563868 3.353553
vt 4.445164 3.191342
vt 4.380132 3.353553
vt 2.563868 3.353553
vt 4.380132 3.353553
vt 4.282805 3.461940
vt 2.661195 3.461940
vt 2.661195 3.461940
vt 4.282805 3.461940
vt 2.776000 3.500000
vt 4.282805 3.461940
vt 4.168000 3.500000
vt 2.776000 3.500000
vt 7.156132 3.353553
vt 5.339868 3.353553
vt 7.058805 3.461940
vt 1.092000 3.000000
vt 2.476000 3.000000
vt 1.114836 3.191342
vt 1.114836 3.191342
vt 2.498836 3.191342
vt 1.179868 3.353553
vt -0.114805 -0.461940
vt -0.212132 -0.353553
vt 5.339868 -0.353553
vt 2.661195 -0.461940
vt 4.282805 -0.461940
vt 2.563868 -0.353553
vt 4.282805 -0.461940
vt 4.380132 -0.353553
vt 2.563868 -0.353553
vt 2.563868 3.353553
vt 4.380132 3.353553
vt 2.661195 3.461940
vn 0.0000 0.0000 -1.0000
vn 0.0000 -0.0000 1.0000
vn 0.3147 0.0000 -0.9492
vn 0.7440 0.0000 -0.6681
vn 0.9282 0.0000 -0.3721
vn 0.9930 0.0000 -0.1185
vn 1.0000 0.0000 0.0000
vn 0.9930 0.0000 0.1185
vn 0.9282 0.0000 0.3721
vn 0.7440 0.0000 0.6681
vn 0.3147 -0.0000 0.9492
vn 0.0000 -0.1776 -0.9841
vn 0.0000 -0.5185 -0.8551
vn 0.0000 -0.8053 -0.5929
vn 0.0000 -0.9768 -0.2141
vn 0.0000 -1.0000 0.0000
vn 0.0000 -0.9768 0.2141
vn 0.0000 -0.8053 0.5929
vn 0.0000 -0.5185 0.8551
vn 0.0000 -0.1776 0.9841
vn 0.0000 0.1776 -0.9841
vn 0.0000 0.5185 -0.8551
vn 0.0000 0.8053 -0.5929
vn 0.0000 0.9768 -0.2141
vn 0.0000 1.0000 0.0000
vn 0.0000 0.9768 0.2141
vn 0.0000 0.8053 0.5929
vn 0.0000 0.5185 0.8551
vn 0.0000 0.1776 0.9841
vn -0.3147 0.0000 -0.9492
vn -0.7440 0.0000 -0.6681
vn -0.9282 0.0000 -0.3721
vn -0.9930 0.0000 -0.1185
vn -1.0000 0.0000 0.0000
vn -0.9930 0.0000 0.1185
vn -0.9282 0.0000 0.3721
vn -0.7440 -0.0000 0.6681
vn -0.3147 -0.0000 0.9492
usemtl Material_2.001
s off
f 1873/1873/78 1874/1874/78 1875/1875/78
f 1876/1876/78 1877/1877/78 1878/1878/78
f 1879/1879/78 1880/1880/78 1881/1881/78
f 1882/1882/78 1883/1883/78 1884/1884/78
f 1885/1885/78 1886/1886/78 1887/1887/78
f 1888/1888/78 1889/1889/78 1890/1890/78
f 1891/1891/79 1892/1892/79 1893/1893/79
f 1894/1894/79 1895/1895/79 1896/1896/79
f 1897/1897/79 1898/1898/79 1899/1899/79
f 1900/1900/79 1901/1901/79 1902/1902/79
f 1903/1903/79 1904/1904/79 1905/1905/79
f 1906/1906/79 1907/1907/79 1908/1908/79
f 1909/1909/80 1910/1910/80 1911/1911/80
f 1912/1912/80 1913/1913/80 1914/1914/80
f 1915/1915/81 1916/1916/81 1917/1917/81
f 1918/1918/81 1919/1919/81 1920/1920/81
f 1921/1921/82 1922/1922/82 1923/1923/82
f 1924/1924/82 1925/1925/82 1926/1926/82
f 1927/1927/83 1928/1928/83 1929/1929/83
f 1930/1930/83 1931/1931/83 1932/1932/83
f 1933/1933/84 1934/1934/84 1935/1935/84
f 1936/1936/84 1937/1937/84 1938/1938/84
f 1939/1939/85 1940/1940/85 1941/1941/85
f 1942/1942/85 1943/1943/85 1944/1944/85
f 1945/1945/86 1946/1946/86 1947/1947/86
f 1948/1948/86 1949/1949/86 1950/1950/86
f 1951/1951/87 1952/1952/87 1953/1953/87
f 1954/1954/87 1955/1955/87 1956/1956/87
f 1957/1957/88 1958/1958/88 1959/1959/88
f 1960/1960/88 1961/1961/88 1962/1962/88
f 1963/1963/89 1964/1964/89 1965/1965/89
f 1966/1966/89 1967/1967/89 1968/1968/89
f 1969/1969/90 1970/1970/90 1971/1971/90
f 1972/1972/90 1973/1973/90 1974/1974/90
f 1975/1975/91 1976/1976/91 1977/1977/91
f 1978/1978/91 1979/1979/91 1980/1980/91
f 1981/1981/92 1982/1982/92 1983/1983/92
f 1984/1984/92 1985/1985/92 1986/1986/92
f 1987/1987/93 1988/1988/93 1989/1989/93
f 1990/1990/93 1991/1991/93 1992/1992/93
f 1993/1993/94 1994/1994/94 1995/1995/94
f 1996/1996/94 1997/1997/94 1998/1998/94
f 1999/1999/95 2000/2000/95 2001/2001/95
f 2002/2002/95 2003/2003/95 2004/2004/95
f 2005/2005/96 2006/2006/96 2007/2007/96
f 2008/2008/96 2009/2009/96 2010/2010/96
f 2011/2011/97 2012/2012/97 2013/2013/97
f 2014/2014/97 2015/2015/97 2016/2016/97
f 2017/2017/80 2018/2018/80 2019/2019/80
f 2020/2020/80 2021/2021/80 2022/2022/80
f 2023/2023/81 2024/2024/81 2025/2025/81
f 2026/2026/81 2027/2027/81 2028/2028/81
f 2029/2029/82 2030/2030/82 2031/2031/82
f 2032/2032/82 2033/2033/82 2034/2034/82
f 2035/2035/83 2036/2036/83 2037/2037/83
f 2038/2038/83 2039/2039/83 2040/2040/83
f 2041/2041/84 2042/2042/84 2043/2043/84
f 2044/2044/84 2045/2045/84 2046/2046/84
f 2047/2047/85 2048/2048/85 2049/2049/85
f 2050/2050/85 2051/2051/85 2052/2052/85
f 2053/2053/86 2054/2054/86 2055/2055/86
f 2056/2056/86 2057/2057/86 2058/2058/86
f 2059/2059/87 2060/2060/87 2061/2061/87
f 2062/2062/87 2063/2063/87 2064/2064/87
f 2065/2065/88 2066/2066/88 2067/2067/88
f 2068/2068/88 2069/2069/88 2070/2070/88
f 2071/2071/98 2072/2072/98 2073/2073/98
f 2074/2074/98 2075/2075/98 2076/2076/98
f 2077/2077/99 2078/2078/99 2079/2079/99
f 2080/2080/99 2081/2081/99 2082/2082/99
f 2083/2083/100 2084/2084/100 2085/2085/100
f 2086/2086/100 2087/2087/100 2088/2088/100
f 2089/2089/101 2090/2090/101 2091/2091/101
f 2092/2092/101 2093/2093/101 2094/2094/101
f 2095/2095/102 2096/2096/102 2097/2097/102
f 2098/2098/102 2099/2099/102 2100/2100/102
f 2101/2101/103 2102/2102/103 2103/2103/103
f 2104/2104/103 2105/2105/103 2106/2106/103
f 2107/2107/104 2108/2108/104 2109/2109/104
f 2110/2110/104 2111/2111/104 2112/2112/104
f 2113/2113/105 2114/2114/105 2115/2115/105
f 2116/2116/105 2117/2117/105 2118/2118/105
f 2119/2119/106 2120/2120/106 2121/2121/106
f 2122/2122/106 2123/2123/106 2124/2124/106
f 2125/2125/107 2126/2126/107 2127/2127/107
f 2128/2128/107 2129/2129/107 2130/2130/107
f 2131/2131/108 2132/2132/108 2133/2133/108
f 2134/2134/108 2135/2135/108 2136/2136/108
f 2137/2137/109 2138/2138/109 2139/2139/109
f 2140/2140/109 2141/2141/109 2142/2142/109
f 2143/2143/110 2144/2144/110 2145/2145/110
f 2146/2146/110 2147/2147/110 2148/2148/110
f 2149/2149/111 2150/2150/111 2151/2151/111
f 2152/2152/111 2153/2153/111 2154/2154/111
f 2155/2155/112 2156/2156/112 2157/2157/112
f 2158/2158/112 2159/2159/112 2160/2160/112
f 2161/2161/113 2162/2162/113 2163/2163/113
f 2164/2164/113 2165/2165/113 2166/2166/113
f 2167/2167/114 2168/2168/114 2169/2169/114
f 2170/2170/115 2171/2171/115 2172/2172/115
f 2173/2173/115 2174/2174/115 2175/2175/115
f 2176/2176/89 2177/2177/89 2178/2178/89
f 2179/2179/89 2180/2180/89 2181/2181/89
f 2182/2182/90 2183/2183/90 2184/2184/90
f 2185/2185/90 2186/2186/90 2187/2187/90
f 2188/2188/91 2189/2189/91 2190/2190/91
f 2191/2191/91 2192/2192/91 2193/2193/91
f 2194/2194/92 2195/2195/92 2196/2196/92
f 2197/2197/92 2198/2198/92 2199/2199/92
f 2200/2200/93 2201/2201/93 2202/2202/93
f 2203/2203/93 2204/2204/93 2205/2205/93
f 2206/2206/94 2207/2207/94 2208/2208/94
f 2209/2209/95 2210/2210/95 2211/2211/95
f 2212/2212/96 2213/2213/96 2214/2214/96
f 2215/2215/96 2216/2216/96 2217/2217/96
f 2218/2218/97 2219/2219/97 2220/2220/97
f 2221/2221/97 2222/2222/97 2223/2223/97
f 2224/2224/107 2225/2225/107 2226/2226/107
f 2227/2227/107 2228/2228/107 2229/2229/107
f 2230/2230/108 2231/2231/108 2232/2232/108
f 2233/2233/109 2234/2234/109 2235/2235/109
f 2236/2236/109 2237/2237/109 2238/2238/109
f 2239/2239/110 2240/2240/110 2241/2241/110
f 2242/2242/110 2243/2243/110 2244/2244/110
f 2245/2245/111 2246/2246/111 2247/2247/111
f 2248/2248/111 2249/2249/111 2250/2250/111
f 2251/2251/112 2252/2252/112 2253/2253/112
f 2254/2254/112 2255/2255/112 2256/2256/112
f 2257/2257/113 2258/2258/113 2259/2259/113
f 2260/2260/113 2261/2261/113 2262/2262/113
f 2263/2263/114 2264/2264/114 2265/2265/114
f 2266/2266/114 2267/2267/114 2268/2268/114
f 2269/2269/115 2270/2270/115 2271/2271/115
f 2272/2272/115 2273/2273/115 2274/2274/115
f 2275/2275/89 2276/2276/89 2277/2277/89
f 2278/2278/89 2279/2279/89 2280/2280/89
f 2281/2281/91 2282/2282/91 2283/2283/91
f 2284/2284/91 2285/2285/91 2286/2286/91
f 2287/2287/92 2288/2288/92 2289/2289/92
f 2290/2290/92 2291/2291/92 2292/2292/92
f 2293/2293/93 2294/2294/93 2295/2295/93
f 2296/2296/93 2297/2297/93 2298/2298/93
f 2299/2299/94 2300/2300/94 2301/2301/94
f 2302/2302/94 2303/2303/94 2304/2304/94
f 2305/2305/95 2306/2306/95 2307/2307/95
f 2308/2308/95 2309/2309/95 2310/2310/95
f 2311/2311/96 2312/2312/96 2313/2313/96
f 2314/2314/97 2315/2315/97 2316/2316/97
f 2317/2317/97 2318/2318/97 2319/2319/97
s 1
f 2320/2320/114 2321/2321/114 2322/2322/114
f 2323/2323/94 2324/2324/94 2325/2325/94
f 2326/2326/95 2327/2327/95 2328/2328/95
f 2329/2329/108 2330/2330/108 2331/2331/108
f 2332/2332/90 2333/2333/90 2334/2334/90
f 2335/2335/90 2336/2336/90 2337/2337/90
f 2338/2338/96 2339/2339/96 2340/2340/96
o Mesh_3.001
v -57.962395 25.382568 -6.453866
v -57.962395 18.851624 -6.453866
v -61.646206 -1.523363 -6.453870
v -57.962395 12.046925 -6.453867
v -57.962395 -1.523363 -6.453870
v -61.646206 -1.523363 -6.453870
v -46.868378 -1.523363 -6.453870
v -50.573479 -1.523363 -6.453870
v -50.573479 12.046925 -6.453867
v -50.573479 25.617210 -6.453866
v -46.868378 25.617210 -6.453866
v -46.868378 -1.523363 -6.453870
v -57.962395 32.421909 -6.453864
v -50.573479 32.421909 -6.453864
v -50.573479 25.617210 -6.453866
v -61.646206 -1.523363 -6.453870
v -61.646206 25.617210 -6.453866
v -57.962395 25.617210 -6.453866
v -57.962395 12.046925 -6.453867
v -61.646206 -1.523363 -6.453870
v -57.962395 18.851624 -6.453866
v -57.962395 25.617210 -6.453866
v -57.962395 32.421909 -6.453864
v -50.573479 25.617210 -6.453866
v -57.962395 25.382568 -6.453866
v -61.646206 -1.523363 -6.453870
v -57.962395 25.617210 -6.453866
v -57.962395 12.046925 -6.453867
v -57.962395 18.851624 -6.453866
v -50.573479 18.851624 -6.453866
v -57.962395 25.382568 -6.453866
v -57.962395 25.617210 -6.453866
v -50.573479 25.617210 -6.453866
v -50.573479 12.046925 -6.453867
v -57.962395 12.046925 -6.453867
v -50.573479 18.851624 -6.453866
v -50.573479 25.382568 -6.453866
v -57.962395 25.382568 -6.453866
v -50.573479 25.617210 -6.453866
v -46.868378 -1.523363 -6.453870
v -50.573479 12.046925 -6.453867
v -50.573479 18.851624 -6.453866
v -50.573479 25.382568 -6.453866
v -50.573479 25.617210 -6.453866
v -46.868378 -1.523363 -6.453870
v -46.868378 -1.523363 -6.453870
v -50.573479 18.851624 -6.453866
v -50.573479 25.382568 -6.453866
v -61.646206 -1.523365 4.192983
v -57.962395 18.851622 4.192986
v -57.962395 25.382565 4.192987
v -61.646206 -1.523365 4.192983
v -57.962395 -1.523365 4.192983
v -57.962395 12.046923 4.192986
v -50.573479 12.046923 4.192986
v -50.573479 -1.523365 4.192983
v -46.868378 -1.523365 4.192983
v -46.868378 -1.523365 4.192983
v -46.868378 25.617210 4.192987
v -50.573479 25.617210 4.192987
v -50.573479 25.617210 4.192987
v -50.573479 32.421906 4.192989
v -57.962395 32.421906 4.192989
v -57.962395 25.617210 4.192987
v -61.646206 25.617210 4.192987
v -61.646206 -1.523365 4.192983
v -57.962395 18.851622 4.192986
v -61.646206 -1.523365 4.192983
v -57.962395 12.046923 4.192986
v -50.573479 25.617210 4.192987
v -57.962395 32.421906 4.192989
v -57.962395 25.617210 4.192987
v -57.962395 25.617210 4.192987
v -61.646206 -1.523365 4.192983
v -57.962395 25.382565 4.192987
v -50.573479 18.851622 4.192986
v -57.962395 18.851622 4.192986
v -57.962395 12.046923 4.192986
v -50.573479 25.617210 4.192987
v -57.962395 25.617210 4.192987
v -57.962395 25.382565 4.192987
v -50.573479 18.851622 4.192986
v -57.962395 12.046923 4.192986
v -50.573479 12.046923 4.192986
v -50.573479 25.617210 4.192987
v -57.962395 25.382565 4.192987
v -50.573479 25.382565 4.192987
v -50.573479 18.851622 4.192986
v -50.573479 12.046923 4.192986
v -46.868378 -1.523365 4.192983
v -46.868378 -1.523365 4.192983
v -50.573479 25.617210 4.192987
v -50.573479 25.382565 4.192987
v -50.573479 25.382565 4.192987
v -50.573479 18.851622 4.192986
v -46.868378 -1.523365 4.192983
v -57.962395 -1.523363 -6.453870
v -57.962395 12.046925 -6.453867
v -57.656818 -2.084581 -6.352565
v -57.962395 12.046925 -6.453867
v -57.656818 11.485708 -6.352562
v -57.656818 -2.084581 -6.352565
v -57.397758 -2.560356 -6.064071
v -57.397758 11.009930 -6.064069
v -57.224663 -2.878263 -5.632311
v -57.397758 11.009930 -6.064069
v -57.224663 10.692026 -5.632309
v -57.224663 -2.878263 -5.632311
v -57.224663 -2.878263 -5.632311
v -57.224663 10.692026 -5.632309
v -57.163879 -2.989897 -5.123014
v -57.224663 10.692026 -5.632309
v -57.163879 10.580395 -5.123012
v -57.163879 -2.989897 -5.123014
v -57.163879 -2.989897 -5.123014
v -57.163879 10.580395 -5.123012
v -57.163879 -2.989897 2.862126
v -57.163879 10.580395 -5.123012
v -57.163879 10.580393 2.862128
v -57.163879 -2.989897 2.862126
v -57.163879 -2.989897 2.862126
v -57.163879 10.580393 2.862128
v -57.224663 -2.878263 3.371423
v -57.163879 10.580393 2.862128
v -57.224663 10.692025 3.371425
v -57.224663 -2.878263 3.371423
v -57.224663 -2.878263 3.371423
v -57.224663 10.692025 3.371425
v -57.397758 -2.560358 3.803183
v -57.224663 10.692025 3.371425
v -57.397758 11.009929 3.803185
v -57.397758 -2.560358 3.803183
v -57.397758 -2.560358 3.803183
v -57.397758 11.009929 3.803185
v -57.656818 -2.084583 4.091677
v -57.397758 11.009929 3.803185
v -57.656818 11.485706 4.091680
v -57.656818 -2.084583 4.091677
v -57.656818 -2.084583 4.091677
v -57.656818 11.485706 4.091680
v -57.962395 -1.523365 4.192983
v -57.656818 11.485706 4.091680
v -57.962395 12.046923 4.192986
v -57.962395 -1.523365 4.192983
v -57.962395 12.046925 -6.453867
v -50.573479 12.046925 -6.453867
v -57.656818 11.485708 -6.352562
v -50.573479 12.046925 -6.453867
v -50.879059 11.485708 -6.352562
v -57.656818 11.485708 -6.352562
v -57.656818 11.485708 -6.352562
v -50.879059 11.485708 -6.352562
v -57.397758 11.009930 -6.064069
v -50.879059 11.485708 -6.352562
v -51.138115 11.009930 -6.064069
v -57.397758 11.009930 -6.064069
v -57.397758 11.009930 -6.064069
v -51.138115 11.009930 -6.064069
v -57.224663 10.692026 -5.632309
v -51.138115 11.009930 -6.064069
v -51.311211 10.692026 -5.632309
v -57.224663 10.692026 -5.632309
v -57.224663 10.692026 -5.632309
v -51.311211 10.692026 -5.632309
v -57.163879 10.580395 -5.123012
v -51.311211 10.692026 -5.632309
v -51.371994 10.580395 -5.123012
v -57.163879 10.580395 -5.123012
v -57.163879 10.580395 -5.123012
v -51.371994 10.580395 -5.123012
v -57.163879 10.580393 2.862128
v -51.371994 10.580395 -5.123012
v -51.371994 10.580393 2.862128
v -57.163879 10.580393 2.862128
v -51.371994 10.580393 2.862128
v -51.311211 10.692025 3.371425
v -57.224663 10.692025 3.371425
v -57.224663 10.692025 3.371425
v -51.311211 10.692025 3.371425
v -57.397758 11.009929 3.803185
v -51.311211 10.692025 3.371425
v -51.138115 11.009929 3.803185
v -57.397758 11.009929 3.803185
v -57.397758 11.009929 3.803185
v -51.138115 11.009929 3.803185
v -57.656818 11.485706 4.091680
v -51.138115 11.009929 3.803185
v -50.879059 11.485706 4.091680
v -57.656818 11.485706 4.091680
v -57.656818 11.485706 4.091680
v -50.879059 11.485706 4.091680
v -57.962395 12.046923 4.192986
v -50.879059 11.485706 4.091680
v -50.573479 12.046923 4.192986
v -57.962395 12.046923 4.192986
v -50.573479 12.046925 -6.453867
v -50.573479 -1.523363 -6.453870
v -50.879059 11.485708 -6.352562
v -50.573479 -1.523363 -6.453870
v -50.879059 -2.084581 -6.352565
v -50.879059 11.485708 -6.352562
v -50.879059 11.485708 -6.352562
v -50.879059 -2.084581 -6.352565
v -51.138115 11.009930 -6.064069
v -50.879059 -2.084581 -6.352565
v -51.138115 -2.560356 -6.064071
v -51.138115 11.009930 -6.064069
v -51.138115 11.009930 -6.064069
v -51.138115 -2.560356 -6.064071
v -51.311211 10.692026 -5.632309
v -51.138115 -2.560356 -6.064071
v -51.311211 -2.878263 -5.632311
v -51.311211 10.692026 -5.632309
v -51.311211 10.692026 -5.632309
v -51.311211 -2.878263 -5.632311
v -51.371994 10.580395 -5.123012
v -51.311211 -2.878263 -5.632311
v -51.371994 -2.989897 -5.123014
v -51.371994 10.580395 -5.123012
v -51.371994 10.580395 -5.123012
v -51.371994 -2.989897 -5.123014
v -51.371994 10.580393 2.862128
v -51.371994 -2.989897 -5.123014
v -51.371994 -2.989897 2.862126
v -51.371994 10.580393 2.862128
v -51.371994 10.580393 2.862128
v -51.371994 -2.989897 2.862126
v -51.311211 10.692025 3.371425
v -51.371994 -2.989897 2.862126
v -51.311211 -2.878263 3.371423
v -51.311211 10.692025 3.371425
v -51.311211 10.692025 3.371425
v -51.311211 -2.878263 3.371423
v -51.138115 11.009929 3.803185
v -51.311211 -2.878263 3.371423
v -51.138115 -2.560358 3.803183
v -51.138115 11.009929 3.803185
v -51.138115 11.009929 3.803185
v -51.138115 -2.560358 3.803183
v -50.879059 11.485706 4.091680
v -51.138115 -2.560358 3.803183
v -50.879059 -2.084583 4.091677
v -50.879059 11.485706 4.091680
v -50.879059 11.485706 4.091680
v -50.879059 -2.084583 4.091677
v -50.573479 12.046923 4.192986
v -50.879059 -2.084583 4.091677
v -50.573479 -1.523365 4.192983
v -50.573479 12.046923 4.192986
v -50.573479 -1.523363 -6.453870
v -46.868378 -1.523363 -6.453870
v -50.879059 -2.084581 -6.352565
v -46.868378 -1.523363 -6.453870
v -46.562798 -2.084581 -6.352565
v -50.879059 -2.084581 -6.352565
v -50.879059 -2.084581 -6.352565
v -46.562798 -2.084581 -6.352565
v -51.138115 -2.560356 -6.064071
v -51.138115 -2.560356 -6.064071
v -46.303741 -2.560356 -6.064071
v -51.311211 -2.878263 -5.632311
v -46.303741 -2.560356 -6.064071
v -46.130646 -2.878263 -5.632311
v -51.311211 -2.878263 -5.632311
v -51.311211 -2.878263 -5.632311
v -46.130646 -2.878263 -5.632311
v -51.371994 -2.989897 -5.123014
v -46.130646 -2.878263 -5.632311
v -46.069862 -2.989897 -5.123014
v -51.371994 -2.989897 -5.123014
v -51.371994 -2.989897 -5.123014
v -46.069862 -2.989897 -5.123014
v -51.371994 -2.989897 2.862126
v -46.069862 -2.989897 -5.123014
v -46.069862 -2.989897 2.862126
v -51.371994 -2.989897 2.862126
v -51.371994 -2.989897 2.862126
v -46.069862 -2.989897 2.862126
v -51.311211 -2.878263 3.371423
v -46.069862 -2.989897 2.862126
v -46.130646 -2.878263 3.371423
v -51.311211 -2.878263 3.371423
v -51.311211 -2.878263 3.371423
v -46.130646 -2.878263 3.371423
v -51.138115 -2.560358 3.803183
v -46.130646 -2.878263 3.371423
v -46.303741 -2.560358 3.803183
v -51.138115 -2.560358 3.803183
v -46.303741 -2.560358 3.803183
v -46.562798 -2.084583 4.091677
v -50.879059 -2.084583 4.091677
v -50.879059 -2.084583 4.091677
v -46.562798 -2.084583 4.091677
v -50.573479 -1.523365 4.192983
v -46.562798 -2.084583 4.091677
v -46.868378 -1.523365 4.192983
v -50.573479 -1.523365 4.192983
v -46.868378 -1.523363 -6.453870
v -46.868378 25.617210 -6.453866
v -46.562798 -2.084581 -6.352565
v -46.868378 25.617210 -6.453866
v -46.562798 26.178429 -6.352560
v -46.562798 -2.084581 -6.352565
v -46.562798 -2.084581 -6.352565
v -46.562798 26.178429 -6.352560
v -46.303741 -2.560356 -6.064071
v -46.562798 26.178429 -6.352560
v -46.303741 26.654203 -6.064066
v -46.303741 -2.560356 -6.064071
v -46.303741 -2.560356 -6.064071
v -46.303741 26.654203 -6.064066
v -46.130646 -2.878263 -5.632311
v -46.303741 26.654203 -6.064066
v -46.130646 26.972109 -5.632306
v -46.130646 -2.878263 -5.632311
v -46.130646 -2.878263 -5.632311
v -46.130646 26.972109 -5.632306
v -46.069862 -2.989897 -5.123014
v -46.130646 26.972109 -5.632306
v -46.069862 27.083740 -5.123009
v -46.069862 -2.989897 -5.123014
v -46.069862 -2.989897 -5.123014
v -46.069862 27.083740 -5.123009
v -46.069862 -2.989897 2.862126
v -46.069862 27.083740 -5.123009
v -46.069862 27.083740 2.862131
v -46.069862 -2.989897 2.862126
v -46.069862 -2.989897 2.862126
v -46.069862 27.083740 2.862131
v -46.130646 -2.878263 3.371423
v -46.069862 27.083740 2.862131
v -46.130646 26.972107 3.371428
v -46.130646 -2.878263 3.371423
v -46.130646 -2.878263 3.371423
v -46.130646 26.972107 3.371428
v -46.303741 -2.560358 3.803183
v -46.130646 26.972107 3.371428
v -46.303741 26.654202 3.803188
v -46.303741 -2.560358 3.803183
v -46.303741 -2.560358 3.803183
v -46.303741 26.654202 3.803188
v -46.562798 -2.084583 4.091677
v -46.303741 26.654202 3.803188
v -46.562798 26.178429 4.091682
v -46.562798 -2.084583 4.091677
v -46.562798 -2.084583 4.091677
v -46.562798 26.178429 4.091682
v -46.868378 -1.523365 4.192983
v -46.562798 26.178429 4.091682
v -46.868378 25.617210 4.192987
v -46.868378 -1.523365 4.192983
v -46.868378 25.617210 -6.453866
v -50.573479 25.617210 -6.453866
v -46.562798 26.178429 -6.352560
v -50.573479 25.617210 -6.453866
v -50.267899 26.178429 -6.352560
v -46.562798 26.178429 -6.352560
v -46.562798 26.178429 -6.352560
v -50.267899 26.178429 -6.352560
v -46.303741 26.654203 -6.064066
v -50.267899 26.178429 -6.352560
v -50.008846 26.654203 -6.064066
v -46.303741 26.654203 -6.064066
v -46.303741 26.654203 -6.064066
v -50.008846 26.654203 -6.064066
v -46.130646 26.972109 -5.632306
v -50.008846 26.654203 -6.064066
v -49.835747 26.972109 -5.632306
v -46.130646 26.972109 -5.632306
v -46.130646 26.972109 -5.632306
v -49.835747 26.972109 -5.632306
v -46.069862 27.083740 -5.123009
v -49.835747 26.972109 -5.632306
v -49.774963 27.083740 -5.123009
v -46.069862 27.083740 -5.123009
v -46.069862 27.083740 -5.123009
v -49.774963 27.083740 -5.123009
v -46.069862 27.083740 2.862131
v -49.774963 27.083740 -5.123009
v -49.774963 27.083740 2.862131
v -46.069862 27.083740 2.862131
v -46.069862 27.083740 2.862131
v -49.774963 27.083740 2.862131
v -46.130646 26.972107 3.371428
v -49.774963 27.083740 2.862131
v -49.835747 26.972107 3.371428
v -46.130646 26.972107 3.371428
v -46.130646 26.972107 3.371428
v -49.835747 26.972107 3.371428
v -46.303741 26.654202 3.803188
v -49.835747 26.972107 3.371428
v -50.008846 26.654202 3.803188
v -46.303741 26.654202 3.803188
v -46.303741 26.654202 3.803188
v -50.008846 26.654202 3.803188
v -46.562798 26.178429 4.091682
v -50.008846 26.654202 3.803188
v -50.267899 26.178429 4.091682
v -46.562798 26.178429 4.091682
v -46.562798 26.178429 4.091682
v -50.267899 26.178429 4.091682
v -46.868378 25.617210 4.192987
v -50.267899 26.178429 4.091682
v -50.573479 25.617210 4.192987
v -46.868378 25.617210 4.192987
v -50.573479 25.617210 -6.453866
v -50.573479 32.421909 -6.453864
v -50.267899 26.178429 -6.352560
v -50.573479 32.421909 -6.453864
v -50.267899 32.983124 -6.352559
v -50.267899 26.178429 -6.352560
v -50.267899 26.178429 -6.352560
v -50.267899 32.983124 -6.352559
v -50.008846 26.654203 -6.064066
v -50.267899 32.983124 -6.352559
v -50.008846 33.458904 -6.064065
v -50.008846 26.654203 -6.064066
v -50.008846 26.654203 -6.064066
v -50.008846 33.458904 -6.064065
v -49.835747 26.972109 -5.632306
v -50.008846 33.458904 -6.064065
v -49.835747 33.776806 -5.632305
v -49.835747 26.972109 -5.632306
v -49.835747 26.972109 -5.632306
v -49.835747 33.776806 -5.632305
v -49.774963 27.083740 -5.123009
v -49.835747 33.776806 -5.632305
v -49.774963 33.888439 -5.123008
v -49.774963 27.083740 -5.123009
v -49.774963 27.083740 -5.123009
v -49.774963 33.888439 -5.123008
v -49.774963 27.083740 2.862131
v -49.774963 33.888439 -5.123008
v -49.774963 33.888439 2.862132
v -49.774963 27.083740 2.862131
v -49.774963 27.083740 2.862131
v -49.774963 33.888439 2.862132
v -49.835747 26.972107 3.371428
v -49.774963 33.888439 2.862132
v -49.835747 33.776806 3.371429
v -49.835747 26.972107 3.371428
v -49.835747 26.972107 3.371428
v -49.835747 33.776806 3.371429
v -50.008846 26.654202 3.803188
v -49.835747 33.776806 3.371429
v -50.008846 33.458900 3.803189
v -50.008846 26.654202 3.803188
v -50.008846 26.654202 3.803188
v -50.008846 33.458900 3.803189
v -50.267899 26.178429 4.091682
v -50.008846 33.458900 3.803189
v -50.267899 32.983124 4.091683
v -50.267899 26.178429 4.091682
v -50.267899 26.178429 4.091682
v -50.267899 32.983124 4.091683
v -50.573479 25.617210 4.192987
v -50.267899 32.983124 4.091683
v -50.573479 32.421906 4.192989
v -50.573479 25.617210 4.192987
v -50.573479 32.421909 -6.453864
v -57.962395 32.421909 -6.453864
v -50.267899 32.983124 -6.352559
v -57.962395 32.421909 -6.453864
v -58.267975 32.983124 -6.352559
v -50.267899 32.983124 -6.352559
v -50.267899 32.983124 -6.352559
v -58.267975 32.983124 -6.352559
v -50.008846 33.458904 -6.064065
v -58.267975 32.983124 -6.352559
v -58.527031 33.458904 -6.064065
v -50.008846 33.458904 -6.064065
v -50.008846 33.458904 -6.064065
v -58.527031 33.458904 -6.064065
v -49.835747 33.776806 -5.632305
v -58.527031 33.458904 -6.064065
v -58.700127 33.776806 -5.632305
v -49.835747 33.776806 -5.632305
v -49.835747 33.776806 -5.632305
v -58.700127 33.776806 -5.632305
v -49.774963 33.888439 -5.123008
v -58.700127 33.776806 -5.632305
v -58.760910 33.888439 -5.123008
v -49.774963 33.888439 -5.123008
v -49.774963 33.888439 -5.123008
v -58.760910 33.888439 -5.123008
v -49.774963 33.888439 2.862132
v -58.760910 33.888439 -5.123008
v -58.760910 33.888439 2.862132
v -49.774963 33.888439 2.862132
v -49.774963 33.888439 2.862132
v -58.760910 33.888439 2.862132
v -49.835747 33.776806 3.371429
v -58.760910 33.888439 2.862132
v -58.700127 33.776806 3.371429
v -49.835747 33.776806 3.371429
v -49.835747 33.776806 3.371429
v -58.700127 33.776806 3.371429
v -50.008846 33.458900 3.803189
v -58.700127 33.776806 3.371429
v -58.527031 33.458900 3.803189
v -50.008846 33.458900 3.803189
v -50.008846 33.458900 3.803189
v -58.527031 33.458900 3.803189
v -50.267899 32.983124 4.091683
v -58.527031 33.458900 3.803189
v -58.267975 32.983124 4.091683
v -50.267899 32.983124 4.091683
v -50.267899 32.983124 4.091683
v -58.267975 32.983124 4.091683
v -50.573479 32.421906 4.192989
v -58.267975 32.983124 4.091683
v -57.962395 32.421906 4.192989
v -50.573479 32.421906 4.192989
v -57.962395 32.421909 -6.453864
v -57.962395 25.617210 -6.453866
v -58.267975 32.983124 -6.352559
v -57.962395 25.617210 -6.453866
v -58.267975 26.178429 -6.352560
v -58.267975 32.983124 -6.352559
v -58.267975 32.983124 -6.352559
v -58.267975 26.178429 -6.352560
v -58.527031 33.458904 -6.064065
v -58.267975 26.178429 -6.352560
v -58.527031 26.654203 -6.064066
v -58.527031 33.458904 -6.064065
v -58.527031 33.458904 -6.064065
v -58.527031 26.654203 -6.064066
v -58.700127 33.776806 -5.632305
v -58.527031 26.654203 -6.064066
v -58.700127 26.972109 -5.632306
v -58.700127 33.776806 -5.632305
v -58.700127 33.776806 -5.632305
v -58.700127 26.972109 -5.632306
v -58.760910 33.888439 -5.123008
v -58.700127 26.972109 -5.632306
v -58.760910 27.083740 -5.123009
v -58.760910 33.888439 -5.123008
v -58.760910 33.888439 -5.123008
v -58.760910 27.083740 -5.123009
v -58.760910 33.888439 2.862132
v -58.760910 27.083740 -5.123009
v -58.760910 27.083740 2.862131
v -58.760910 33.888439 2.862132
v -58.760910 33.888439 2.862132
v -58.760910 27.083740 2.862131
v -58.700127 33.776806 3.371429
v -58.760910 27.083740 2.862131
v -58.700127 26.972107 3.371428
v -58.700127 33.776806 3.371429
v -58.700127 33.776806 3.371429
v -58.700127 26.972107 3.371428
v -58.527031 33.458900 3.803189
v -58.700127 26.972107 3.371428
v -58.527031 26.654202 3.803188
v -58.527031 33.458900 3.803189
v -58.527031 33.458900 3.803189
v -58.527031 26.654202 3.803188
v -58.267975 32.983124 4.091683
v -58.527031 26.654202 3.803188
v -58.267975 26.178429 4.091682
v -58.267975 32.983124 4.091683
v -58.267975 32.983124 4.091683
v -58.267975 26.178429 4.091682
v -57.962395 32.421906 4.192989
v -58.267975 26.178429 4.091682
v -57.962395 25.617210 4.192987
v -57.962395 32.421906 4.192989
v -57.962395 25.617210 -6.453866
v -61.646206 25.617210 -6.453866
v -58.267975 26.178429 -6.352560
v -61.646206 25.617210 -6.453866
v -61.951782 26.178429 -6.352560
v -58.267975 26.178429 -6.352560
v -58.267975 26.178429 -6.352560
v -61.951782 26.178429 -6.352560
v -58.527031 26.654203 -6.064066
v -61.951782 26.178429 -6.352560
v -62.210842 26.654203 -6.064066
v -58.527031 26.654203 -6.064066
v -58.527031 26.654203 -6.064066
v -62.210842 26.654203 -6.064066
v -58.700127 26.972109 -5.632306
v -62.210842 26.654203 -6.064066
v -62.383938 26.972109 -5.632306
v -58.700127 26.972109 -5.632306
v -58.700127 26.972109 -5.632306
v -62.383938 26.972109 -5.632306
v -58.760910 27.083740 -5.123009
v -62.383938 26.972109 -5.632306
v -62.444721 27.083740 -5.123009
v -58.760910 27.083740 -5.123009
v -58.760910 27.083740 -5.123009
v -62.444721 27.083740 -5.123009
v -58.760910 27.083740 2.862131
v -62.444721 27.083740 -5.123009
v -62.444721 27.083740 2.862131
v -58.760910 27.083740 2.862131
v -62.444721 27.083740 2.862131
v -62.383938 26.972107 3.371428
v -58.700127 26.972107 3.371428
v -62.383938 26.972107 3.371428
v -62.210842 26.654202 3.803188
v -58.527031 26.654202 3.803188
v -58.527031 26.654202 3.803188
v -62.210842 26.654202 3.803188
v -58.267975 26.178429 4.091682
v -62.210842 26.654202 3.803188
v -61.951782 26.178429 4.091682
v -58.267975 26.178429 4.091682
v -58.267975 26.178429 4.091682
v -61.951782 26.178429 4.091682
v -57.962395 25.617210 4.192987
v -61.951782 26.178429 4.091682
v -61.646206 25.617210 4.192987
v -57.962395 25.617210 4.192987
v -61.646206 25.617210 -6.453866
v -61.646206 -1.523363 -6.453870
v -61.951782 26.178429 -6.352560
v -61.646206 -1.523363 -6.453870
v -61.951782 -2.084581 -6.352565
v -61.951782 26.178429 -6.352560
v -61.951782 26.178429 -6.352560
v -61.951782 -2.084581 -6.352565
v -62.210842 26.654203 -6.064066
v -61.951782 -2.084581 -6.352565
v -62.210842 -2.560356 -6.064071
v -62.210842 26.654203 -6.064066
v -62.210842 26.654203 -6.064066
v -62.210842 -2.560356 -6.064071
v -62.383938 26.972109 -5.632306
v -62.210842 -2.560356 -6.064071
v -62.383938 -2.878263 -5.632311
v -62.383938 26.972109 -5.632306
v -62.383938 26.972109 -5.632306
v -62.383938 -2.878263 -5.632311
v -62.444721 27.083740 -5.123009
v -62.444721 27.083740 -5.123009
v -62.444721 -2.989897 -5.123014
v -62.444721 27.083740 2.862131
v -62.444721 -2.989897 -5.123014
v -62.444721 -2.989897 2.862126
v -62.444721 27.083740 2.862131
v -62.444721 27.083740 2.862131
v -62.444721 -2.989897 2.862126
v -62.383938 26.972107 3.371428
v -62.444721 -2.989897 2.862126
v -62.383938 -2.878263 3.371423
v -62.383938 26.972107 3.371428
v -62.383938 26.972107 3.371428
v -62.383938 -2.878263 3.371423
v -62.210842 26.654202 3.803188
v -62.383938 -2.878263 3.371423
v -62.210842 -2.560358 3.803183
v -62.210842 26.654202 3.803188
v -62.210842 26.654202 3.803188
v -62.210842 -2.560358 3.803183
v -61.951782 26.178429 4.091682
v -62.210842 -2.560358 3.803183
v -61.951782 -2.084583 4.091677
v -61.951782 26.178429 4.091682
v -61.951782 26.178429 4.091682
v -61.951782 -2.084583 4.091677
v -61.646206 25.617210 4.192987
v -61.951782 -2.084583 4.091677
v -61.646206 -1.523365 4.192983
v -61.646206 25.617210 4.192987
v -61.646206 -1.523363 -6.453870
v -57.962395 -1.523363 -6.453870
v -61.951782 -2.084581 -6.352565
v -57.962395 -1.523363 -6.453870
v -57.656818 -2.084581 -6.352565
v -61.951782 -2.084581 -6.352565
v -61.951782 -2.084581 -6.352565
v -57.656818 -2.084581 -6.352565
v -62.210842 -2.560356 -6.064071
v -62.210842 -2.560356 -6.064071
v -57.397758 -2.560356 -6.064071
v -62.383938 -2.878263 -5.632311
v -57.397758 -2.560356 -6.064071
v -57.224663 -2.878263 -5.632311
v -62.383938 -2.878263 -5.632311
v -62.383938 -2.878263 -5.632311
v -57.224663 -2.878263 -5.632311
v -62.444721 -2.989897 -5.123014
v -57.224663 -2.878263 -5.632311
v -57.163879 -2.989897 -5.123014
v -62.444721 -2.989897 -5.123014
v -62.444721 -2.989897 -5.123014
v -57.163879 -2.989897 -5.123014
v -62.444721 -2.989897 2.862126
v -57.163879 -2.989897 -5.123014
v -57.163879 -2.989897 2.862126
v -62.444721 -2.989897 2.862126
v -62.444721 -2.989897 2.862126
v -57.163879 -2.989897 2.862126
v -62.383938 -2.878263 3.371423
v -57.163879 -2.989897 2.862126
v -57.224663 -2.878263 3.371423
v -62.383938 -2.878263 3.371423
v -62.383938 -2.878263 3.371423
v -57.224663 -2.878263 3.371423
v -62.210842 -2.560358 3.803183
v -57.224663 -2.878263 3.371423
v -57.397758 -2.560358 3.803183
v -62.210842 -2.560358 3.803183
v -62.210842 -2.560358 3.803183
v -57.397758 -2.560358 3.803183
v -61.951782 -2.084583 4.091677
v -57.397758 -2.560358 3.803183
v -57.656818 -2.084583 4.091677
v -61.951782 -2.084583 4.091677
v -61.951782 -2.084583 4.091677
v -57.656818 -2.084583 4.091677
v -61.646206 -1.523365 4.192983
v -57.656818 -2.084583 4.091677
v -57.962395 -1.523365 4.192983
v -61.646206 -1.523365 4.192983
v -57.962395 25.382568 -6.453866
v -50.573479 25.382568 -6.453866
v -57.656818 24.821350 -6.352561
v -50.573479 25.382568 -6.453866
v -50.879059 24.821350 -6.352561
v -57.656818 24.821350 -6.352561
v -57.656818 24.821350 -6.352561
v -50.879059 24.821350 -6.352561
v -57.397758 24.345573 -6.064066
v -57.397758 24.345573 -6.064066
v -51.138115 24.345573 -6.064066
v -57.224663 24.027668 -5.632307
v -51.138115 24.345573 -6.064066
v -51.311211 24.027668 -5.632307
v -57.224663 24.027668 -5.632307
v -57.224663 24.027668 -5.632307
v -51.311211 24.027668 -5.632307
v -57.163879 23.916037 -5.123010
v -51.311211 24.027668 -5.632307
v -51.371994 23.916037 -5.123010
v -57.163879 23.916037 -5.123010
v -57.163879 23.916037 -5.123010
v -51.371994 23.916037 -5.123010
v -57.163879 23.916035 2.862130
v -51.371994 23.916037 -5.123010
v -51.371994 23.916035 2.862130
v -57.163879 23.916035 2.862130
v -57.163879 23.916035 2.862130
v -51.371994 23.916035 2.862130
v -57.224663 24.027668 3.371428
v -51.371994 23.916035 2.862130
v -51.311211 24.027668 3.371428
v -57.224663 24.027668 3.371428
v -57.224663 24.027668 3.371428
v -51.311211 24.027668 3.371428
v -57.397758 24.345572 3.803187
v -57.397758 24.345572 3.803187
v -51.138115 24.345572 3.803187
v -57.656818 24.821348 4.091681
v -51.138115 24.345572 3.803187
v -50.879059 24.821348 4.091681
v -57.656818 24.821348 4.091681
v -57.656818 24.821348 4.091681
v -50.879059 24.821348 4.091681
v -57.962395 25.382565 4.192987
v -50.879059 24.821348 4.091681
v -50.573479 25.382565 4.192987
v -57.962395 25.382565 4.192987
v -50.573479 25.382568 -6.453866
v -50.573479 18.851624 -6.453866
v -50.879059 24.821350 -6.352561
v -50.573479 18.851624 -6.453866
v -50.879059 19.412838 -6.352561
v -50.879059 24.821350 -6.352561
v -50.879059 24.821350 -6.352561
v -50.879059 19.412838 -6.352561
v -51.138115 24.345573 -6.064066
v -50.879059 19.412838 -6.352561
v -51.138115 19.888615 -6.064067
v -51.138115 24.345573 -6.064066
v -51.138115 24.345573 -6.064066
v -51.138115 19.888615 -6.064067
v -51.311211 24.027668 -5.632307
v -51.138115 19.888615 -6.064067
v -51.311211 20.206518 -5.632307
v -51.311211 24.027668 -5.632307
v -51.311211 24.027668 -5.632307
v -51.311211 20.206518 -5.632307
v -51.371994 23.916037 -5.123010
v -51.311211 20.206518 -5.632307
v -51.371994 20.318150 -5.123010
v -51.371994 23.916037 -5.123010
v -51.371994 23.916037 -5.123010
v -51.371994 20.318150 -5.123010
v -51.371994 23.916035 2.862130
v -51.371994 20.318150 -5.123010
v -51.371994 20.318150 2.862130
v -51.371994 23.916035 2.862130
v -51.371994 23.916035 2.862130
v -51.371994 20.318150 2.862130
v -51.311211 24.027668 3.371428
v -51.371994 20.318150 2.862130
v -51.311211 20.206516 3.371427
v -51.311211 24.027668 3.371428
v -51.311211 24.027668 3.371428
v -51.311211 20.206516 3.371427
v -51.138115 24.345572 3.803187
v -51.311211 20.206516 3.371427
v -51.138115 19.888613 3.803187
v -51.138115 24.345572 3.803187
v -51.138115 24.345572 3.803187
v -51.138115 19.888613 3.803187
v -50.879059 24.821348 4.091681
v -51.138115 19.888613 3.803187
v -50.879059 19.412836 4.091681
v -50.879059 24.821348 4.091681
v -50.879059 24.821348 4.091681
v -50.879059 19.412836 4.091681
v -50.573479 25.382565 4.192987
v -50.879059 19.412836 4.091681
v -50.573479 18.851622 4.192986
v -50.573479 25.382565 4.192987
v -50.573479 18.851624 -6.453866
v -57.962395 18.851624 -6.453866
v -50.879059 19.412838 -6.352561
v -57.962395 18.851624 -6.453866
v -57.656818 19.412838 -6.352561
v -50.879059 19.412838 -6.352561
v -50.879059 19.412838 -6.352561
v -57.656818 19.412838 -6.352561
v -51.138115 19.888615 -6.064067
v -51.138115 19.888615 -6.064067
v -57.397758 19.888615 -6.064067
v -51.311211 20.206518 -5.632307
v -57.397758 19.888615 -6.064067
v -57.224663 20.206518 -5.632307
v -51.311211 20.206518 -5.632307
v -51.311211 20.206518 -5.632307
v -57.224663 20.206518 -5.632307
v -51.371994 20.318150 -5.123010
v -57.224663 20.206518 -5.632307
v -57.163879 20.318150 -5.123010
v -51.371994 20.318150 -5.123010
v -51.371994 20.318150 -5.123010
v -57.163879 20.318150 -5.123010
v -51.371994 20.318150 2.862130
v -57.163879 20.318150 -5.123010
v -57.163879 20.318150 2.862130
v -51.371994 20.318150 2.862130
v -51.371994 20.318150 2.862130
v -57.163879 20.318150 2.862130
v -51.311211 20.206516 3.371427
v -57.163879 20.318150 2.862130
v -57.224663 20.206516 3.371427
v -51.311211 20.206516 3.371427
v -51.311211 20.206516 3.371427
v -57.224663 20.206516 3.371427
v -51.138115 19.888613 3.803187
v -51.138115 19.888613 3.803187
v -57.397758 19.888613 3.803187
v -50.879059 19.412836 4.091681
v -57.397758 19.888613 3.803187
v -57.656818 19.412836 4.091681
v -50.879059 19.412836 4.091681
v -50.879059 19.412836 4.091681
v -57.656818 19.412836 4.091681
v -50.573479 18.851622 4.192986
v -57.656818 19.412836 4.091681
v -57.962395 18.851622 4.192986
v -50.573479 18.851622 4.192986
v -57.962395 18.851624 -6.453866
v -57.962395 25.382568 -6.453866
v -57.656818 19.412838 -6.352561
v -57.962395 25.382568 -6.453866
v -57.656818 24.821350 -6.352561
v -57.656818 19.412838 -6.352561
v -57.656818 19.412838 -6.352561
v -57.656818 24.821350 -6.352561
v -57.397758 19.888615 -6.064067
v -57.656818 24.821350 -6.352561
v -57.397758 24.345573 -6.064066
v -57.397758 19.888615 -6.064067
v -57.397758 19.888615 -6.064067
v -57.397758 24.345573 -6.064066
v -57.224663 20.206518 -5.632307
v -57.224663 20.206518 -5.632307
v -57.224663 24.027668 -5.632307
v -57.163879 20.318150 -5.123010
v -57.224663 24.027668 -5.632307
v -57.163879 23.916037 -5.123010
v -57.163879 20.318150 -5.123010
v -57.163879 20.318150 -5.123010
v -57.163879 23.916037 -5.123010
v -57.163879 20.318150 2.862130
v -57.163879 23.916037 -5.123010
v -57.163879 23.916035 2.862130
v -57.163879 20.318150 2.862130
v -57.163879 20.318150 2.862130
v -57.163879 23.916035 2.862130
v -57.224663 20.206516 3.371427
v -57.163879 23.916035 2.862130
v -57.224663 24.027668 3.371428
v -57.224663 20.206516 3.371427
v -57.224663 24.027668 3.371428
v -57.397758 24.345572 3.803187
v -57.397758 19.888613 3.803187
v -57.397758 19.888613 3.803187
v -57.397758 24.345572 3.803187
v -57.656818 19.412836 4.091681
v -57.397758 24.345572 3.803187
v -57.656818 24.821348 4.091681
v -57.656818 19.412836 4.091681
v -57.656818 19.412836 4.091681
v -57.656818 24.821348 4.091681
v -57.962395 18.851622 4.192986
v -57.656818 24.821348 4.091681
v -57.962395 25.382565 4.192987
v -57.962395 18.851622 4.192986
v -57.656818 -2.084581 -6.352565
v -57.656818 11.485708 -6.352562
v -57.397758 -2.560356 -6.064071
v -57.656818 11.485708 -6.352562
v -57.397758 11.009930 -6.064069
v -57.397758 -2.560356 -6.064071
v -57.163879 10.580393 2.862128
v -51.371994 10.580393 2.862128
v -57.224663 10.692025 3.371425
v -46.562798 -2.084581 -6.352565
v -46.303741 -2.560356 -6.064071
v -51.138115 -2.560356 -6.064071
v -51.138115 -2.560358 3.803183
v -46.303741 -2.560358 3.803183
v -50.879059 -2.084583 4.091677
v -58.760910 27.083740 2.862131
v -62.444721 27.083740 2.862131
v -58.700127 26.972107 3.371428
v -58.700127 26.972107 3.371428
v -62.383938 26.972107 3.371428
v -58.527031 26.654202 3.803188
v -62.383938 -2.878263 -5.632311
v -62.444721 -2.989897 -5.123014
v -62.444721 27.083740 -5.123009
v -57.656818 -2.084581 -6.352565
v -57.397758 -2.560356 -6.064071
v -62.210842 -2.560356 -6.064071
v -50.879059 24.821350 -6.352561
v -51.138115 24.345573 -6.064066
v -57.397758 24.345573 -6.064066
v -51.311211 24.027668 3.371428
v -51.138115 24.345572 3.803187
v -57.397758 24.345572 3.803187
v -57.656818 19.412838 -6.352561
v -57.397758 19.888615 -6.064067
v -51.138115 19.888615 -6.064067
v -57.224663 20.206516 3.371427
v -57.397758 19.888613 3.803187
v -51.138115 19.888613 3.803187
v -57.397758 24.345573 -6.064066
v -57.224663 24.027668 -5.632307
v -57.224663 20.206518 -5.632307
v -57.224663 20.206516 3.371427
v -57.224663 24.027668 3.371428
v -57.397758 19.888613 3.803187
vt 2.776000 -4.504000
vt 2.776000 -3.168000
vt 1.392000 1.000000
vt 2.776000 -1.776000
vt 2.776000 1.000000
vt 1.392000 1.000000
vt 6.944000 1.000000
vt 5.552000 1.000000
vt 5.552000 -1.776000
vt 5.552000 -4.552000
vt 6.944000 -4.552000
vt 6.944000 1.000000
vt 2.776000 -5.944000
vt 5.552000 -5.944000
vt 5.552000 -4.552000
vt 1.392000 1.000000
vt 1.392000 -4.552000
vt 2.776000 -4.552000
vt 2.776000 -1.776000
vt 1.392000 1.000000
vt 2.776000 -3.168000
vt 2.776000 -4.552000
vt 2.776000 -5.944000
vt 5.552000 -4.552000
vt 2.776000 -4.504000
vt 1.392000 1.000000
vt 2.776000 -4.552000
vt 2.776000 -1.776000
vt 2.776000 -3.168000
vt 5.552000 -3.168000
vt 2.776000 -4.504000
vt 2.776000 -4.552000
vt 5.552000 -4.552000
vt 5.552000 -1.776000
vt 2.776000 -1.776000
vt 5.552000 -3.168000
vt 5.552000 -4.504000
vt 2.776000 -4.504000
vt 5.552000 -4.552000
vt 6.944000 1.000000
vt 5.552000 -1.776000
vt 5.552000 -3.168000
vt 5.552000 -4.504000
vt 5.552000 -4.552000
vt 6.944000 1.000000
vt 6.944000 1.000000
vt 5.552000 -3.168000
vt 5.552000 -4.504000
vt 1.392000 1.000000
vt 2.776000 -3.168000
vt 2.776000 -4.504000
vt 1.392000 1.000000
vt 2.776000 1.000000
vt 2.776000 -1.776000
vt 5.552000 -1.776000
vt 5.552000 1.000000
vt 6.944000 1.000000
vt 6.944000 1.000000
vt 6.944000 -4.552000
vt 5.552000 -4.552000
vt 5.552000 -4.552000
vt 5.552000 -5.944000
vt 2.776000 -5.944000
vt 2.776000 -4.552000
vt 1.392000 -4.552000
vt 1.392000 1.000000
vt 2.776000 -3.168000
vt 1.392000 1.000000
vt 2.776000 -1.776000
vt 5.552000 -4.552000
vt 2.776000 -5.944000
vt 2.776000 -4.552000
vt 2.776000 -4.552000
vt 1.392000 1.000000
vt 2.776000 -4.504000
vt 5.552000 -3.168000
vt 2.776000 -3.168000
vt 2.776000 -1.776000
vt 5.552000 -4.552000
vt 2.776000 -4.552000
vt 2.776000 -4.504000
vt 5.552000 -3.168000
vt 2.776000 -1.776000
vt 5.552000 -1.776000
vt 5.552000 -4.552000
vt 2.776000 -4.504000
vt 5.552000 -4.504000
vt 5.552000 -3.168000
vt 5.552000 -1.776000
vt 6.944000 1.000000
vt 6.944000 1.000000
vt 5.552000 -4.552000
vt 5.552000 -4.504000
vt 5.552000 -4.504000
vt 5.552000 -3.168000
vt 6.944000 1.000000
vt 0.000000 -0.500000
vt 2.776000 -0.500000
vt -0.114805 -0.461940
vt 2.776000 -0.500000
vt 2.661195 -0.461940
vt -0.114805 -0.461940
vt -0.212132 -0.353553
vt 2.563868 -0.353553
vt -0.277164 -0.191342
vt 2.563868 -0.353553
vt 2.498836 -0.191342
vt -0.277164 -0.191342
vt -0.277164 -0.191342
vt 2.498836 -0.191342
vt -0.300000 0.000000
vt 2.498836 -0.191342
vt 2.476000 0.000000
vt -0.300000 0.000000
vt -0.300000 0.000000
vt 2.476000 0.000000
vt -0.300000 3.000000
vt 2.476000 0.000000
vt 2.476000 3.000000
vt -0.300000 3.000000
vt -0.300000 3.000000
vt 2.476000 3.000000
vt -0.277164 3.191342
vt 2.476000 3.000000
vt 2.498836 3.191342
vt -0.277164 3.191342
vt -0.277164 3.191342
vt 2.498836 3.191342
vt -0.212132 3.353553
vt 2.498836 3.191342
vt 2.563868 3.353553
vt -0.212132 3.353553
vt -0.212132 3.353553
vt 2.563868 3.353553
vt -0.114805 3.461940
vt 2.563868 3.353553
vt 2.661195 3.461940
vt -0.114805 3.461940
vt -0.114805 3.461940
vt 2.661195 3.461940
vt 0.000000 3.500000
vt 2.661195 3.461940
vt 2.776000 3.500000
vt 0.000000 3.500000
vt 2.776000 -0.500000
vt 5.552000 -0.500000
vt 2.890805 -0.461940
vt 5.552000 -0.500000
vt 5.437195 -0.461940
vt 2.890805 -0.461940
vt 2.890805 -0.461940
vt 5.437195 -0.461940
vt 2.988132 -0.353553
vt 5.437195 -0.461940
vt 5.339868 -0.353553
vt 2.988132 -0.353553
vt 2.988132 -0.353553
vt 5.339868 -0.353553
vt 3.053164 -0.191342
vt 5.339868 -0.353553
vt 5.274836 -0.191342
vt 3.053164 -0.191342
vt 3.053164 -0.191342
vt 5.274836 -0.191342
vt 3.076000 0.000000
vt 5.274836 -0.191342
vt 5.252000 0.000000
vt 3.076000 0.000000
vt 3.076000 0.000000
vt 5.252000 0.000000
vt 3.076000 3.000000
vt 5.252000 0.000000
vt 5.252000 3.000000
vt 3.076000 3.000000
vt 5.252000 3.000000
vt 5.274836 3.191342
vt 3.053164 3.191342
vt 3.053164 3.191342
vt 5.274836 3.191342
vt 2.988132 3.353553
vt 5.274836 3.191342
vt 5.339868 3.353553
vt 2.988132 3.353553
vt 2.988132 3.353553
vt 5.339868 3.353553
vt 2.890805 3.461940
vt 5.339868 3.353553
vt 5.437195 3.461940
vt 2.890805 3.461940
vt 2.890805 3.461940
vt 5.437195 3.461940
vt 2.776000 3.500000
vt 5.437195 3.461940
vt 5.552000 3.500000
vt 2.776000 3.500000
vt 2.776000 -0.500000
vt 0.000000 -0.500000
vt 2.661195 -0.461940
vt 0.000000 -0.500000
vt -0.114805 -0.461940
vt 2.661195 -0.461940
vt 2.661195 -0.461940
vt -0.114805 -0.461940
vt 2.563868 -0.353553
vt -0.114805 -0.461940
vt -0.212132 -0.353553
vt 2.563868 -0.353553
vt 2.563868 -0.353553
vt -0.212132 -0.353553
vt 2.498836 -0.191342
vt -0.212132 -0.353553
vt -0.277164 -0.191342
vt 2.498836 -0.191342
vt 2.498836 -0.191342
vt -0.277164 -0.191342
vt 2.476000 0.000000
vt -0.277164 -0.191342
vt -0.300000 0.000000
vt 2.476000 0.000000
vt 2.476000 0.000000
vt -0.300000 0.000000
vt 2.476000 3.000000
vt -0.300000 0.000000
vt -0.300000 3.000000
vt 2.476000 3.000000
vt 2.476000 3.000000
vt -0.300000 3.000000
vt 2.498836 3.191342
vt -0.300000 3.000000
vt -0.277164 3.191342
vt 2.498836 3.191342
vt 2.498836 3.191342
vt -0.277164 3.191342
vt 2.563868 3.353553
vt -0.277164 3.191342
vt -0.212132 3.353553
vt 2.563868 3.353553
vt 2.563868 3.353553
vt -0.212132 3.353553
vt 2.661195 3.461940
vt -0.212132 3.353553
vt -0.114805 3.461940
vt 2.661195 3.461940
vt 2.661195 3.461940
vt -0.114805 3.461940
vt 2.776000 3.500000
vt -0.114805 3.461940
vt 0.000000 3.500000
vt 2.776000 3.500000
vt 5.552000 -0.500000
vt 6.944000 -0.500000
vt 5.437195 -0.461940
vt 6.944000 -0.500000
vt 7.058805 -0.461940
vt 5.437195 -0.461940
vt 5.437195 -0.461940
vt 7.058805 -0.461940
vt 5.339868 -0.353553
vt 5.339868 -0.353553
vt 7.156132 -0.353553
vt 5.274836 -0.191342
vt 7.156132 -0.353553
vt 7.221164 -0.191342
vt 5.274836 -0.191342
vt 5.274836 -0.191342
vt 7.221164 -0.191342
vt 5.252000 0.000000
vt 7.221164 -0.191342
vt 7.244000 0.000000
vt 5.252000 0.000000
vt 5.252000 0.000000
vt 7.244000 0.000000
vt 5.252000 3.000000
vt 7.244000 0.000000
vt 7.244000 3.000000
vt 5.252000 3.000000
vt 5.252000 3.000000
vt 7.244000 3.000000
vt 5.274836 3.191342
vt 7.244000 3.000000
vt 7.221164 3.191342
vt 5.274836 3.191342
vt 5.274836 3.191342
vt 7.221164 3.191342
vt 5.339868 3.353553
vt 7.221164 3.191342
vt 7.156132 3.353553
vt 5.339868 3.353553
vt 7.156132 3.353553
vt 7.058805 3.461940
vt 5.437195 3.461940
vt 5.437195 3.461940
vt 7.058805 3.461940
vt 5.552000 3.500000
vt 7.058805 3.461940
vt 6.944000 3.500000
vt 5.552000 3.500000
vt 0.000000 -0.500000
vt 5.552000 -0.500000
vt -0.114805 -0.461940
vt 5.552000 -0.500000
vt 5.666805 -0.461940
vt -0.114805 -0.461940
vt -0.114805 -0.461940
vt 5.666805 -0.461940
vt -0.212132 -0.353553
vt 5.666805 -0.461940
vt 5.764132 -0.353553
vt -0.212132 -0.353553
vt -0.212132 -0.353553
vt 5.764132 -0.353553
vt -0.277164 -0.191342
vt 5.764132 -0.353553
vt 5.829164 -0.191342
vt -0.277164 -0.191342
vt -0.277164 -0.191342
vt 5.829164 -0.191342
vt -0.300000 0.000000
vt 5.829164 -0.191342
vt 5.852000 0.000000
vt -0.300000 0.000000
vt -0.300000 0.000000
vt 5.852000 0.000000
vt -0.300000 3.000000
vt 5.852000 0.000000
vt 5.852000 3.000000
vt -0.300000 3.000000
vt -0.300000 3.000000
vt 5.852000 3.000000
vt -0.277164 3.191342
vt 5.852000 3.000000
vt 5.829164 3.191342
vt -0.277164 3.191342
vt -0.277164 3.191342
vt 5.829164 3.191342
vt -0.212132 3.353553
vt 5.829164 3.191342
vt 5.764132 3.353553
vt -0.212132 3.353553
vt -0.212132 3.353553
vt 5.764132 3.353553
vt -0.114805 3.461940
vt 5.764132 3.353553
vt 5.666805 3.461940
vt -0.114805 3.461940
vt -0.114805 3.461940
vt 5.666805 3.461940
vt 0.000000 3.500000
vt 5.666805 3.461940
vt 5.552000 3.500000
vt 0.000000 3.500000
vt 6.944000 -0.500000
vt 5.552000 -0.500000
vt 7.058805 -0.461940
vt 5.552000 -0.500000
vt 5.666805 -0.461940
vt 7.058805 -0.461940
vt 7.058805 -0.461940
vt 5.666805 -0.461940
vt 7.156132 -0.353553
vt 5.666805 -0.461940
vt 5.764132 -0.353553
vt 7.156132 -0.353553
vt 7.156132 -0.353553
vt 5.764132 -0.353553
vt 7.221164 -0.191342
vt 5.764132 -0.353553
vt 5.829164 -0.191342
vt 7.221164 -0.191342
vt 7.221164 -0.191342
vt 5.829164 -0.191342
vt 7.244000 0.000000
vt 5.829164 -0.191342
vt 5.852000 0.000000
vt 7.244000 0.000000
vt 7.244000 0.000000
vt 5.852000 0.000000
vt 7.244000 3.000000
vt 5.852000 0.000000
vt 5.852000 3.000000
vt 7.244000 3.000000
vt 7.244000 3.000000
vt 5.852000 3.000000
vt 7.221164 3.191342
vt 5.852000 3.000000
vt 5.829164 3.191342
vt 7.221164 3.191342
vt 7.221164 3.191342
vt 5.829164 3.191342
vt 7.156132 3.353553
vt 5.829164 3.191342
vt 5.764132 3.353553
vt 7.156132 3.353553
vt 7.156132 3.353553
vt 5.764132 3.353553
vt 7.058805 3.461940
vt 5.764132 3.353553
vt 5.666805 3.461940
vt 7.058805 3.461940
vt 7.058805 3.461940
vt 5.666805 3.461940
vt 6.944000 3.500000
vt 5.666805 3.461940
vt 5.552000 3.500000
vt 6.944000 3.500000
vt 5.552000 -0.500000
vt 6.944000 -0.500000
vt 5.666805 -0.461940
vt 6.944000 -0.500000
vt 7.058805 -0.461940
vt 5.666805 -0.461940
vt 5.666805 -0.461940
vt 7.058805 -0.461940
vt 5.764132 -0.353553
vt 7.058805 -0.461940
vt 7.156132 -0.353553
vt 5.764132 -0.353553
vt 5.764132 -0.353553
vt 7.156132 -0.353553
vt 5.829164 -0.191342
vt 7.156132 -0.353553
vt 7.221164 -0.191342
vt 5.829164 -0.191342
vt 5.829164 -0.191342
vt 7.221164 -0.191342
vt 5.852000 0.000000
vt 7.221164 -0.191342
vt 7.244000 0.000000
vt 5.852000 0.000000
vt 5.852000 0.000000
vt 7.244000 0.000000
vt 5.852000 3.000000
vt 7.244000 0.000000
vt 7.244000 3.000000
vt 5.852000 3.000000
vt 5.852000 3.000000
vt 7.244000 3.000000
vt 5.829164 3.191342
vt 7.244000 3.000000
vt 7.221164 3.191342
vt 5.829164 3.191342
vt 5.829164 3.191342
vt 7.221164 3.191342
vt 5.764132 3.353553
vt 7.221164 3.191342
vt 7.156132 3.353553
vt 5.764132 3.353553
vt 5.764132 3.353553
vt 7.156132 3.353553
vt 5.666805 3.461940
vt 7.156132 3.353553
vt 7.058805 3.461940
vt 5.666805 3.461940
vt 5.666805 3.461940
vt 7.058805 3.461940
vt 5.552000 3.500000
vt 7.058805 3.461940
vt 6.944000 3.500000
vt 5.552000 3.500000
vt 5.552000 -0.500000
vt 2.776000 -0.500000
vt 5.666805 -0.461940
vt 2.776000 -0.500000
vt 2.661195 -0.461940
vt 5.666805 -0.461940
vt 5.666805 -0.461940
vt 2.661195 -0.461940
vt 5.764132 -0.353553
vt 2.661195 -0.461940
vt 2.563868 -0.353553
vt 5.764132 -0.353553
vt 5.764132 -0.353553
vt 2.563868 -0.353553
vt 5.829164 -0.191342
vt 2.563868 -0.353553
vt 2.498836 -0.191342
vt 5.829164 -0.191342
vt 5.829164 -0.191342
vt 2.498836 -0.191342
vt 5.852000 0.000000
vt 2.498836 -0.191342
vt 2.476000 0.000000
vt 5.852000 0.000000
vt 5.852000 0.000000
vt 2.476000 0.000000
vt 5.852000 3.000000
vt 2.476000 0.000000
vt 2.476000 3.000000
vt 5.852000 3.000000
vt 5.852000 3.000000
vt 2.476000 3.000000
vt 5.829164 3.191342
vt 2.476000 3.000000
vt 2.498836 3.191342
vt 5.829164 3.191342
vt 5.829164 3.191342
vt 2.498836 3.191342
vt 5.764132 3.353553
vt 2.498836 3.191342
vt 2.563868 3.353553
vt 5.764132 3.353553
vt 5.764132 3.353553
vt 2.563868 3.353553
vt 5.666805 3.461940
vt 2.563868 3.353553
vt 2.661195 3.461940
vt 5.666805 3.461940
vt 5.666805 3.461940
vt 2.661195 3.461940
vt 5.552000 3.500000
vt 2.661195 3.461940
vt 2.776000 3.500000
vt 5.552000 3.500000
vt 6.944000 -0.500000
vt 5.552000 -0.500000
vt 7.058805 -0.461940
vt 5.552000 -0.500000
vt 5.666805 -0.461940
vt 7.058805 -0.461940
vt 7.058805 -0.461940
vt 5.666805 -0.461940
vt 7.156132 -0.353553
vt 5.666805 -0.461940
vt 5.764132 -0.353553
vt 7.156132 -0.353553
vt 7.156132 -0.353553
vt 5.764132 -0.353553
vt 7.221164 -0.191342
vt 5.764132 -0.353553
vt 5.829164 -0.191342
vt 7.221164 -0.191342
vt 7.221164 -0.191342
vt 5.829164 -0.191342
vt 7.244000 0.000000
vt 5.829164 -0.191342
vt 5.852000 0.000000
vt 7.244000 0.000000
vt 7.244000 0.000000
vt 5.852000 0.000000
vt 7.244000 3.000000
vt 5.852000 0.000000
vt 5.852000 3.000000
vt 7.244000 3.000000
vt 7.244000 3.000000
vt 5.852000 3.000000
vt 7.221164 3.191342
vt 5.852000 3.000000
vt 5.829164 3.191342
vt 7.221164 3.191342
vt 7.221164 3.191342
vt 5.829164 3.191342
vt 7.156132 3.353553
vt 5.829164 3.191342
vt 5.764132 3.353553
vt 7.156132 3.353553
vt 7.156132 3.353553
vt 5.764132 3.353553
vt 7.058805 3.461940
vt 5.764132 3.353553
vt 5.666805 3.461940
vt 7.058805 3.461940
vt 7.058805 3.461940
vt 5.666805 3.461940
vt 6.944000 3.500000
vt 5.666805 3.461940
vt 5.552000 3.500000
vt 6.944000 3.500000
vt 2.776000 -0.500000
vt 1.392000 -0.500000
vt 2.661195 -0.461940
vt 1.392000 -0.500000
vt 1.277195 -0.461940
vt 2.661195 -0.461940
vt 2.661195 -0.461940
vt 1.277195 -0.461940
vt 2.563868 -0.353553
vt 1.277195 -0.461940
vt 1.179868 -0.353553
vt 2.563868 -0.353553
vt 2.563868 -0.353553
vt 1.179868 -0.353553
vt 2.498836 -0.191342
vt 1.179868 -0.353553
vt 1.114836 -0.191342
vt 2.498836 -0.191342
vt 2.498836 -0.191342
vt 1.114836 -0.191342
vt 2.476000 0.000000
vt 1.114836 -0.191342
vt 1.092000 0.000000
vt 2.476000 0.000000
vt 2.476000 0.000000
vt 1.092000 0.000000
vt 2.476000 3.000000
vt 1.092000 0.000000
vt 1.092000 3.000000
vt 2.476000 3.000000
vt 1.092000 3.000000
vt 1.114836 3.191342
vt 2.498836 3.191342
vt 1.114836 3.191342
vt 1.179868 3.353553
vt 2.563868 3.353553
vt 2.563868 3.353553
vt 1.179868 3.353553
vt 2.661195 3.461940
vt 1.179868 3.353553
vt 1.277195 3.461940
vt 2.661195 3.461940
vt 2.661195 3.461940
vt 1.277195 3.461940
vt 2.776000 3.500000
vt 1.277195 3.461940
vt 1.392000 3.500000
vt 2.776000 3.500000
vt 5.552000 -0.500000
vt 0.000000 -0.500000
vt 5.666805 -0.461940
vt 0.000000 -0.500000
vt -0.114805 -0.461940
vt 5.666805 -0.461940
vt 5.666805 -0.461940
vt -0.114805 -0.461940
vt 5.764132 -0.353553
vt -0.114805 -0.461940
vt -0.212132 -0.353553
vt 5.764132 -0.353553
vt 5.764132 -0.353553
vt -0.212132 -0.353553
vt 5.829164 -0.191342
vt -0.212132 -0.353553
vt -0.277164 -0.191342
vt 5.829164 -0.191342
vt 5.829164 -0.191342
vt -0.277164 -0.191342
vt 5.852000 0.000000
vt 5.852000 0.000000
vt -0.300000 0.000000
vt 5.852000 3.000000
vt -0.300000 0.000000
vt -0.300000 3.000000
vt 5.852000 3.000000
vt 5.852000 3.000000
vt -0.300000 3.000000
vt 5.829164 3.191342
vt -0.300000 3.000000
vt -0.277164 3.191342
vt 5.829164 3.191342
vt 5.829164 3.191342
vt -0.277164 3.191342
vt 5.764132 3.353553
vt -0.277164 3.191342
vt -0.212132 3.353553
vt 5.764132 3.353553
vt 5.764132 3.353553
vt -0.212132 3.353553
vt 5.666805 3.461940
vt -0.212132 3.353553
vt -0.114805 3.461940
vt 5.666805 3.461940
vt 5.666805 3.461940
vt -0.114805 3.461940
vt 5.552000 3.500000
vt -0.114805 3.461940
vt 0.000000 3.500000
vt 5.552000 3.500000
vt 1.392000 -0.500000
vt 2.776000 -0.500000
vt 1.277195 -0.461940
vt 2.776000 -0.500000
vt 2.890805 -0.461940
vt 1.277195 -0.461940
vt 1.277195 -0.461940
vt 2.890805 -0.461940
vt 1.179868 -0.353553
vt 1.179868 -0.353553
vt 2.988132 -0.353553
vt 1.114836 -0.191342
vt 2.988132 -0.353553
vt 3.053164 -0.191342
vt 1.114836 -0.191342
vt 1.114836 -0.191342
vt 3.053164 -0.191342
vt 1.092000 0.000000
vt 3.053164 -0.191342
vt 3.076000 0.000000
vt 1.092000 0.000000
vt 1.092000 0.000000
vt 3.076000 0.000000
vt 1.092000 3.000000
vt 3.076000 0.000000
vt 3.076000 3.000000
vt 1.092000 3.000000
vt 1.092000 3.000000
vt 3.076000 3.000000
vt 1.114836 3.191342
vt 3.076000 3.000000
vt 3.053164 3.191342
vt 1.114836 3.191342
vt 1.114836 3.191342
vt 3.053164 3.191342
vt 1.179868 3.353553
vt 3.053164 3.191342
vt 2.988132 3.353553
vt 1.179868 3.353553
vt 1.179868 3.353553
vt 2.988132 3.353553
vt 1.277195 3.461940
vt 2.988132 3.353553
vt 2.890805 3.461940
vt 1.277195 3.461940
vt 1.277195 3.461940
vt 2.890805 3.461940
vt 1.392000 3.500000
vt 2.890805 3.461940
vt 2.776000 3.500000
vt 1.392000 3.500000
vt 2.776000 -0.500000
vt 5.552000 -0.500000
vt 2.890805 -0.461940
vt 5.552000 -0.500000
vt 5.437195 -0.461940
vt 2.890805 -0.461940
vt 2.890805 -0.461940
vt 5.437195 -0.461940
vt 2.988132 -0.353553
vt 2.988132 -0.353553
vt 5.339868 -0.353553
vt 3.053164 -0.191342
vt 5.339868 -0.353553
vt 5.274836 -0.191342
vt 3.053164 -0.191342
vt 3.053164 -0.191342
vt 5.274836 -0.191342
vt 3.076000 0.000000
vt 5.274836 -0.191342
vt 5.252000 0.000000
vt 3.076000 0.000000
vt 3.076000 0.000000
vt 5.252000 0.000000
vt 3.076000 3.000000
vt 5.252000 0.000000
vt 5.252000 3.000000
vt 3.076000 3.000000
vt 3.076000 3.000000
vt 5.252000 3.000000
vt 3.053164 3.191342
vt 5.252000 3.000000
vt 5.274836 3.191342
vt 3.053164 3.191342
vt 3.053164 3.191342
vt 5.274836 3.191342
vt 2.988132 3.353553
vt 2.988132 3.353553
vt 5.339868 3.353553
vt 2.890805 3.461940
vt 5.339868 3.353553
vt 5.437195 3.461940
vt 2.890805 3.461940
vt 2.890805 3.461940
vt 5.437195 3.461940
vt 2.776000 3.500000
vt 5.437195 3.461940
vt 5.552000 3.500000
vt 2.776000 3.500000
vt 5.504000 -0.500000
vt 4.168000 -0.500000
vt 5.389195 -0.461940
vt 4.168000 -0.500000
vt 4.282805 -0.461940
vt 5.389195 -0.461940
vt 5.389195 -0.461940
vt 4.282805 -0.461940
vt 5.291868 -0.353553
vt 4.282805 -0.461940
vt 4.380132 -0.353553
vt 5.291868 -0.353553
vt 5.291868 -0.353553
vt 4.380132 -0.353553
vt 5.226836 -0.191342
vt 4.380132 -0.353553
vt 4.445164 -0.191342
vt 5.226836 -0.191342
vt 5.226836 -0.191342
vt 4.445164 -0.191342
vt 5.204000 0.000000
vt 4.445164 -0.191342
vt 4.468000 0.000000
vt 5.204000 0.000000
vt 5.204000 0.000000
vt 4.468000 0.000000
vt 5.204000 3.000000
vt 4.468000 0.000000
vt 4.468000 3.000000
vt 5.204000 3.000000
vt 5.204000 3.000000
vt 4.468000 3.000000
vt 5.226836 3.191342
vt 4.468000 3.000000
vt 4.445164 3.191342
vt 5.226836 3.191342
vt 5.226836 3.191342
vt 4.445164 3.191342
vt 5.291868 3.353553
vt 4.445164 3.191342
vt 4.380132 3.353553
vt 5.291868 3.353553
vt 5.291868 3.353553
vt 4.380132 3.353553
vt 5.389195 3.461940
vt 4.380132 3.353553
vt 4.282805 3.461940
vt 5.389195 3.461940
vt 5.389195 3.461940
vt 4.282805 3.461940
vt 5.504000 3.500000
vt 4.282805 3.461940
vt 4.168000 3.500000
vt 5.504000 3.500000
vt 5.552000 -0.500000
vt 2.776000 -0.500000
vt 5.437195 -0.461940
vt 2.776000 -0.500000
vt 2.890805 -0.461940
vt 5.437195 -0.461940
vt 5.437195 -0.461940
vt 2.890805 -0.461940
vt 5.339868 -0.353553
vt 5.339868 -0.353553
vt 2.988132 -0.353553
vt 5.274836 -0.191342
vt 2.988132 -0.353553
vt 3.053164 -0.191342
vt 5.274836 -0.191342
vt 5.274836 -0.191342
vt 3.053164 -0.191342
vt 5.252000 0.000000
vt 3.053164 -0.191342
vt 3.076000 0.000000
vt 5.252000 0.000000
vt 5.252000 0.000000
vt 3.076000 0.000000
vt 5.252000 3.000000
vt 3.076000 0.000000
vt 3.076000 3.000000
vt 5.252000 3.000000
vt 5.252000 3.000000
vt 3.076000 3.000000
vt 5.274836 3.191342
vt 3.076000 3.000000
vt 3.053164 3.191342
vt 5.274836 3.191342
vt 5.274836 3.191342
vt 3.053164 3.191342
vt 5.339868 3.353553
vt 5.339868 3.353553
vt 2.988132 3.353553
vt 5.437195 3.461940
vt 2.988132 3.353553
vt 2.890805 3.461940
vt 5.437195 3.461940
vt 5.437195 3.461940
vt 2.890805 3.461940
vt 5.552000 3.500000
vt 2.890805 3.461940
vt 2.776000 3.500000
vt 5.552000 3.500000
vt 4.168000 -0.500000
vt 5.504000 -0.500000
vt 4.282805 -0.461940
vt 5.504000 -0.500000
vt 5.389195 -0.461940
vt 4.282805 -0.461940
vt 4.282805 -0.461940
vt 5.389195 -0.461940
vt 4.380132 -0.353553
vt 5.389195 -0.461940
vt 5.291868 -0.353553
vt 4.380132 -0.353553
vt 4.380132 -0.353553
vt 5.291868 -0.353553
vt 4.445164 -0.191342
vt 4.445164 -0.191342
vt 5.226836 -0.191342
vt 4.468000 0.000000
vt 5.226836 -0.191342
vt 5.204000 0.000000
vt 4.468000 0.000000
vt 4.468000 0.000000
vt 5.204000 0.000000
vt 4.468000 3.000000
vt 5.204000 0.000000
vt 5.204000 3.000000
vt 4.468000 3.000000
vt 4.468000 3.000000
vt 5.204000 3.000000
vt 4.445164 3.191342
vt 5.204000 3.000000
vt 5.226836 3.191342
vt 4.445164 3.191342
vt 5.226836 3.191342
vt 5.291868 3.353553
vt 4.380132 3.353553
vt 4.380132 3.353553
vt 5.291868 3.353553
vt 4.282805 3.461940
vt 5.291868 3.353553
vt 5.389195 3.461940
vt 4.282805 3.461940
vt 4.282805 3.461940
vt 5.389195 3.461940
vt 4.168000 3.500000
vt 5.389195 3.461940
vt 5.504000 3.500000
vt 4.168000 3.500000
vt -0.114805 -0.461940
vt 2.661195 -0.461940
vt -0.212132 -0.353553
vt 2.661195 -0.461940
vt 2.563868 -0.353553
vt -0.212132 -0.353553
vt 3.076000 3.000000
vt 5.252000 3.000000
vt 3.053164 3.191342
vt 7.058805 -0.461940
vt 7.156132 -0.353553
vt 5.339868 -0.353553
vt 5.339868 3.353553
vt 7.156132 3.353553
vt 5.437195 3.461940
vt 2.476000 3.000000
vt 1.092000 3.000000
vt 2.498836 3.191342
vt 2.498836 3.191342
vt 1.114836 3.191342
vt 2.563868 3.353553
vt -0.277164 -0.191342
vt -0.300000 0.000000
vt 5.852000 0.000000
vt 2.890805 -0.461940
vt 2.988132 -0.353553
vt 1.179868 -0.353553
vt 5.437195 -0.461940
vt 5.339868 -0.353553
vt 2.988132 -0.353553
vt 5.274836 3.191342
vt 5.339868 3.353553
vt 2.988132 3.353553
vt 2.890805 -0.461940
vt 2.988132 -0.353553
vt 5.339868 -0.353553
vt 3.053164 3.191342
vt 2.988132 3.353553
vt 5.339868 3.353553
vt 5.291868 -0.353553
vt 5.226836 -0.191342
vt 4.445164 -0.191342
vt 4.445164 3.191342
vt 5.226836 3.191342
vt 4.380132 3.353553
vn 0.0000 0.0000 -1.0000
vn 0.0000 -0.0000 1.0000
vn 0.3147 0.0000 -0.9492
vn 0.9282 0.0000 -0.3721
vn 0.9930 0.0000 -0.1185
vn 1.0000 0.0000 0.0000
vn 0.9930 0.0000 0.1185
vn 0.9282 0.0000 0.3721
vn 0.7440 0.0000 0.6681
vn 0.3147 -0.0000 0.9492
vn 0.0000 -0.1776 -0.9841
vn 0.0000 -0.5185 -0.8551
vn 0.0000 -0.8053 -0.5929
vn 0.0000 -0.9768 -0.2141
vn 0.0000 -1.0000 -0.0000
vn 0.0000 -0.9768 0.2141
vn 0.0000 -0.8053 0.5929
vn 0.0000 -0.5185 0.8551
vn 0.0000 -0.1776 0.9841
vn -0.3147 0.0000 -0.9492
vn -0.7440 0.0000 -0.6681
vn -0.9282 0.0000 -0.3721
vn -0.9930 0.0000 -0.1185
vn -1.0000 0.0000 0.0000
vn -0.9930 0.0000 0.1185
vn -0.9282 0.0000 0.3721
vn -0.7440 0.0000 0.6681
vn -0.3147 -0.0000 0.9492
vn 0.7440 0.0000 -0.6681
vn 0.0000 0.1776 -0.9841
vn 0.0000 0.5185 -0.8551
vn 0.0000 0.8053 -0.5929
vn 0.0000 0.9768 -0.2141
vn 0.0000 1.0000 0.0000
vn 0.0000 0.9768 0.2141
vn 0.0000 0.8053 0.5929
vn 0.0000 0.5185 0.8551
vn 0.0000 0.1776 0.9841
vn 0.7441 0.0000 -0.6681
vn 0.7441 0.0000 0.6681
usemtl Material_3.001
s off
f 2341/2341/116 2342/2342/116 2343/2343/116
f 2344/2344/116 2345/2345/116 2346/2346/116
f 2347/2347/116 2348/2348/116 2349/2349/116
f 2350/2350/116 2351/2351/116 2352/2352/116
f 2353/2353/116 2354/2354/116 2355/2355/116
f 2356/2356/116 2357/2357/116 2358/2358/116
f 2359/2359/116 2360/2360/116 2361/2361/116
f 2362/2362/116 2363/2363/116 2364/2364/116
f 2365/2365/116 2366/2366/116 2367/2367/116
f 2368/2368/116 2369/2369/116 2370/2370/116
f 2371/2371/116 2372/2372/116 2373/2373/116
f 2374/2374/116 2375/2375/116 2376/2376/116
f 2377/2377/116 2378/2378/116 2379/2379/116
f 2380/2380/116 2381/2381/116 2382/2382/116
f 2383/2383/116 2384/2384/116 2385/2385/116
f 2386/2386/116 2387/2387/116 2388/2388/116
f 2389/2389/117 2390/2390/117 2391/2391/117
f 2392/2392/117 2393/2393/117 2394/2394/117
f 2395/2395/117 2396/2396/117 2397/2397/117
f 2398/2398/117 2399/2399/117 2400/2400/117
f 2401/2401/117 2402/2402/117 2403/2403/117
f 2404/2404/117 2405/2405/117 2406/2406/117
f 2407/2407/117 2408/2408/117 2409/2409/117
f 2410/2410/117 2411/2411/117 2412/2412/117
f 2413/2413/117 2414/2414/117 2415/2415/117
f 2416/2416/117 2417/2417/117 2418/2418/117
f 2419/2419/117 2420/2420/117 2421/2421/117
f 2422/2422/117 2423/2423/117 2424/2424/117
f 2425/2425/117 2426/2426/117 2427/2427/117
f 2428/2428/117 2429/2429/117 2430/2430/117
f 2431/2431/117 2432/2432/117 2433/2433/117
f 2434/2434/117 2435/2435/117 2436/2436/117
f 2437/2437/118 2438/2438/118 2439/2439/118
f 2440/2440/118 2441/2441/118 2442/2442/118
f 2443/2443/119 2444/2444/119 2445/2445/119
f 2446/2446/119 2447/2447/119 2448/2448/119
f 2449/2449/120 2450/2450/120 2451/2451/120
f 2452/2452/120 2453/2453/120 2454/2454/120
f 2455/2455/121 2456/2456/121 2457/2457/121
f 2458/2458/121 2459/2459/121 2460/2460/121
f 2461/2461/122 2462/2462/122 2463/2463/122
f 2464/2464/122 2465/2465/122 2466/2466/122
f 2467/2467/123 2468/2468/123 2469/2469/123
f 2470/2470/123 2471/2471/123 2472/2472/123
f 2473/2473/124 2474/2474/124 2475/2475/124
f 2476/2476/124 2477/2477/124 2478/2478/124
f 2479/2479/125 2480/2480/125 2481/2481/125
f 2482/2482/125 2483/2483/125 2484/2484/125
f 2485/2485/126 2486/2486/126 2487/2487/126
f 2488/2488/126 2489/2489/126 2490/2490/126
f 2491/2491/127 2492/2492/127 2493/2493/127
f 2494/2494/127 2495/2495/127 2496/2496/127
f 2497/2497/128 2498/2498/128 2499/2499/128
f 2500/2500/128 2501/2501/128 2502/2502/128
f 2503/2503/129 2504/2504/129 2505/2505/129
f 2506/2506/129 2507/2507/129 2508/2508/129
f 2509/2509/130 2510/2510/130 2511/2511/130
f 2512/2512/130 2513/2513/130 2514/2514/130
f 2515/2515/131 2516/2516/131 2517/2517/131
f 2518/2518/132 2519/2519/132 2520/2520/132
f 2521/2521/132 2522/2522/132 2523/2523/132
f 2524/2524/133 2525/2525/133 2526/2526/133
f 2527/2527/133 2528/2528/133 2529/2529/133
f 2530/2530/134 2531/2531/134 2532/2532/134
f 2533/2533/134 2534/2534/134 2535/2535/134
f 2536/2536/135 2537/2537/135 2538/2538/135
f 2539/2539/135 2540/2540/135 2541/2541/135
f 2542/2542/136 2543/2543/136 2544/2544/136
f 2545/2545/136 2546/2546/136 2547/2547/136
f 2548/2548/137 2549/2549/137 2550/2550/137
f 2551/2551/137 2552/2552/137 2553/2553/137
f 2554/2554/138 2555/2555/138 2556/2556/138
f 2557/2557/138 2558/2558/138 2559/2559/138
f 2560/2560/139 2561/2561/139 2562/2562/139
f 2563/2563/139 2564/2564/139 2565/2565/139
f 2566/2566/140 2567/2567/140 2568/2568/140
f 2569/2569/140 2570/2570/140 2571/2571/140
f 2572/2572/141 2573/2573/141 2574/2574/141
f 2575/2575/141 2576/2576/141 2577/2577/141
f 2578/2578/142 2579/2579/142 2580/2580/142
f 2581/2581/142 2582/2582/142 2583/2583/142
f 2584/2584/143 2585/2585/143 2586/2586/143
f 2587/2587/143 2588/2588/143 2589/2589/143
f 2590/2590/126 2591/2591/126 2592/2592/126
f 2593/2593/126 2594/2594/126 2595/2595/126
f 2596/2596/127 2597/2597/127 2598/2598/127
f 2599/2599/128 2600/2600/128 2601/2601/128
f 2602/2602/128 2603/2603/128 2604/2604/128
f 2605/2605/129 2606/2606/129 2607/2607/129
f 2608/2608/129 2609/2609/129 2610/2610/129
f 2611/2611/130 2612/2612/130 2613/2613/130
f 2614/2614/130 2615/2615/130 2616/2616/130
f 2617/2617/131 2618/2618/131 2619/2619/131
f 2620/2620/131 2621/2621/131 2622/2622/131
f 2623/2623/132 2624/2624/132 2625/2625/132
f 2626/2626/132 2627/2627/132 2628/2628/132
f 2629/2629/133 2630/2630/133 2631/2631/133
f 2632/2632/134 2633/2633/134 2634/2634/134
f 2635/2635/134 2636/2636/134 2637/2637/134
f 2638/2638/118 2639/2639/118 2640/2640/118
f 2641/2641/118 2642/2642/118 2643/2643/118
f 2644/2644/144 2645/2645/144 2646/2646/144
f 2647/2647/144 2648/2648/144 2649/2649/144
f 2650/2650/119 2651/2651/119 2652/2652/119
f 2653/2653/119 2654/2654/119 2655/2655/119
f 2656/2656/120 2657/2657/120 2658/2658/120
f 2659/2659/120 2660/2660/120 2661/2661/120
f 2662/2662/121 2663/2663/121 2664/2664/121
f 2665/2665/121 2666/2666/121 2667/2667/121
f 2668/2668/122 2669/2669/122 2670/2670/122
f 2671/2671/122 2672/2672/122 2673/2673/122
f 2674/2674/123 2675/2675/123 2676/2676/123
f 2677/2677/123 2678/2678/123 2679/2679/123
f 2680/2680/124 2681/2681/124 2682/2682/124
f 2683/2683/124 2684/2684/124 2685/2685/124
f 2686/2686/125 2687/2687/125 2688/2688/125
f 2689/2689/125 2690/2690/125 2691/2691/125
f 2692/2692/145 2693/2693/145 2694/2694/145
f 2695/2695/145 2696/2696/145 2697/2697/145
f 2698/2698/146 2699/2699/146 2700/2700/146
f 2701/2701/146 2702/2702/146 2703/2703/146
f 2704/2704/147 2705/2705/147 2706/2706/147
f 2707/2707/147 2708/2708/147 2709/2709/147
f 2710/2710/148 2711/2711/148 2712/2712/148
f 2713/2713/148 2714/2714/148 2715/2715/148
f 2716/2716/149 2717/2717/149 2718/2718/149
f 2719/2719/149 2720/2720/149 2721/2721/149
f 2722/2722/150 2723/2723/150 2724/2724/150
f 2725/2725/150 2726/2726/150 2727/2727/150
f 2728/2728/151 2729/2729/151 2730/2730/151
f 2731/2731/151 2732/2732/151 2733/2733/151
f 2734/2734/152 2735/2735/152 2736/2736/152
f 2737/2737/152 2738/2738/152 2739/2739/152
f 2740/2740/153 2741/2741/153 2742/2742/153
f 2743/2743/153 2744/2744/153 2745/2745/153
f 2746/2746/118 2747/2747/118 2748/2748/118
f 2749/2749/118 2750/2750/118 2751/2751/118
f 2752/2752/154 2753/2753/154 2754/2754/154
f 2755/2755/154 2756/2756/154 2757/2757/154
f 2758/2758/119 2759/2759/119 2760/2760/119
f 2761/2761/119 2762/2762/119 2763/2763/119
f 2764/2764/120 2765/2765/120 2766/2766/120
f 2767/2767/120 2768/2768/120 2769/2769/120
f 2770/2770/121 2771/2771/121 2772/2772/121
f 2773/2773/121 2774/2774/121 2775/2775/121
f 2776/2776/122 2777/2777/122 2778/2778/122
f 2779/2779/122 2780/2780/122 2781/2781/122
f 2782/2782/123 2783/2783/123 2784/2784/123
f 2785/2785/123 2786/2786/123 2787/2787/123
f 2788/2788/155 2789/2789/155 2790/2790/155
f 2791/2791/155 2792/2792/155 2793/2793/155
f 2794/2794/125 2795/2795/125 2796/2796/125
f 2797/2797/125 2798/2798/125 2799/2799/125
f 2800/2800/145 2801/2801/145 2802/2802/145
f 2803/2803/145 2804/2804/145 2805/2805/145
f 2806/2806/146 2807/2807/146 2808/2808/146
f 2809/2809/146 2810/2810/146 2811/2811/146
f 2812/2812/147 2813/2813/147 2814/2814/147
f 2815/2815/147 2816/2816/147 2817/2817/147
f 2818/2818/148 2819/2819/148 2820/2820/148
f 2821/2821/148 2822/2822/148 2823/2823/148
f 2824/2824/149 2825/2825/149 2826/2826/149
f 2827/2827/149 2828/2828/149 2829/2829/149
f 2830/2830/150 2831/2831/150 2832/2832/150
f 2833/2833/150 2834/2834/150 2835/2835/150
f 2836/2836/151 2837/2837/151 2838/2838/151
f 2839/2839/151 2840/2840/151 2841/2841/151
f 2842/2842/152 2843/2843/152 2844/2844/152
f 2845/2845/152 2846/2846/152 2847/2847/152
f 2848/2848/153 2849/2849/153 2850/2850/153
f 2851/2851/153 2852/2852/153 2853/2853/153
f 2854/2854/135 2855/2855/135 2856/2856/135
f 2857/2857/135 2858/2858/135 2859/2859/135
f 2860/2860/136 2861/2861/136 2862/2862/136
f 2863/2863/136 2864/2864/136 2865/2865/136
f 2866/2866/137 2867/2867/137 2868/2868/137
f 2869/2869/137 2870/2870/137 2871/2871/137
f 2872/2872/138 2873/2873/138 2874/2874/138
f 2875/2875/138 2876/2876/138 2877/2877/138
f 2878/2878/139 2879/2879/139 2880/2880/139
f 2881/2881/139 2882/2882/139 2883/2883/139
f 2884/2884/140 2885/2885/140 2886/2886/140
f 2887/2887/140 2888/2888/140 2889/2889/140
f 2890/2890/141 2891/2891/141 2892/2892/141
f 2893/2893/141 2894/2894/141 2895/2895/141
f 2896/2896/142 2897/2897/142 2898/2898/142
f 2899/2899/142 2900/2900/142 2901/2901/142
f 2902/2902/143 2903/2903/143 2904/2904/143
f 2905/2905/143 2906/2906/143 2907/2907/143
f 2908/2908/145 2909/2909/145 2910/2910/145
f 2911/2911/145 2912/2912/145 2913/2913/145
f 2914/2914/146 2915/2915/146 2916/2916/146
f 2917/2917/146 2918/2918/146 2919/2919/146
f 2920/2920/147 2921/2921/147 2922/2922/147
f 2923/2923/147 2924/2924/147 2925/2925/147
f 2926/2926/148 2927/2927/148 2928/2928/148
f 2929/2929/148 2930/2930/148 2931/2931/148
f 2932/2932/149 2933/2933/149 2934/2934/149
f 2935/2935/149 2936/2936/149 2937/2937/149
f 2938/2938/150 2939/2939/150 2940/2940/150
f 2941/2941/151 2942/2942/151 2943/2943/151
f 2944/2944/152 2945/2945/152 2946/2946/152
f 2947/2947/152 2948/2948/152 2949/2949/152
f 2950/2950/153 2951/2951/153 2952/2952/153
f 2953/2953/153 2954/2954/153 2955/2955/153
f 2956/2956/135 2957/2957/135 2958/2958/135
f 2959/2959/135 2960/2960/135 2961/2961/135
f 2962/2962/136 2963/2963/136 2964/2964/136
f 2965/2965/136 2966/2966/136 2967/2967/136
f 2968/2968/137 2969/2969/137 2970/2970/137
f 2971/2971/137 2972/2972/137 2973/2973/137
f 2974/2974/138 2975/2975/138 2976/2976/138
f 2977/2977/139 2978/2978/139 2979/2979/139
f 2980/2980/139 2981/2981/139 2982/2982/139
f 2983/2983/140 2984/2984/140 2985/2985/140
f 2986/2986/140 2987/2987/140 2988/2988/140
f 2989/2989/141 2990/2990/141 2991/2991/141
f 2992/2992/141 2993/2993/141 2994/2994/141
f 2995/2995/142 2996/2996/142 2997/2997/142
f 2998/2998/142 2999/2999/142 3000/3000/142
f 3001/3001/143 3002/3002/143 3003/3003/143
f 3004/3004/143 3005/3005/143 3006/3006/143
f 3007/3007/126 3008/3008/126 3009/3009/126
f 3010/3010/126 3011/3011/126 3012/3012/126
f 3013/3013/127 3014/3014/127 3015/3015/127
f 3016/3016/128 3017/3017/128 3018/3018/128
f 3019/3019/128 3020/3020/128 3021/3021/128
f 3022/3022/129 3023/3023/129 3024/3024/129
f 3025/3025/129 3026/3026/129 3027/3027/129
f 3028/3028/130 3029/3029/130 3030/3030/130
f 3031/3031/130 3032/3032/130 3033/3033/130
f 3034/3034/131 3035/3035/131 3036/3036/131
f 3037/3037/131 3038/3038/131 3039/3039/131
f 3040/3040/132 3041/3041/132 3042/3042/132
f 3043/3043/132 3044/3044/132 3045/3045/132
f 3046/3046/133 3047/3047/133 3048/3048/133
f 3049/3049/133 3050/3050/133 3051/3051/133
f 3052/3052/134 3053/3053/134 3054/3054/134
f 3055/3055/134 3056/3056/134 3057/3057/134
f 3058/3058/126 3059/3059/126 3060/3060/126
f 3061/3061/126 3062/3062/126 3063/3063/126
f 3064/3064/127 3065/3065/127 3066/3066/127
f 3067/3067/128 3068/3068/128 3069/3069/128
f 3070/3070/128 3071/3071/128 3072/3072/128
f 3073/3073/129 3074/3074/129 3075/3075/129
f 3076/3076/129 3077/3077/129 3078/3078/129
f 3079/3079/130 3080/3080/130 3081/3081/130
f 3082/3082/130 3083/3083/130 3084/3084/130
f 3085/3085/131 3086/3086/131 3087/3087/131
f 3088/3088/131 3089/3089/131 3090/3090/131
f 3091/3091/132 3092/3092/132 3093/3093/132
f 3094/3094/133 3095/3095/133 3096/3096/133
f 3097/3097/133 3098/3098/133 3099/3099/133
f 3100/3100/134 3101/3101/134 3102/3102/134
f 3103/3103/134 3104/3104/134 3105/3105/134
f 3106/3106/135 3107/3107/135 3108/3108/135
f 3109/3109/135 3110/3110/135 3111/3111/135
f 3112/3112/136 3113/3113/136 3114/3114/136
f 3115/3115/136 3116/3116/136 3117/3117/136
f 3118/3118/137 3119/3119/137 3120/3120/137
f 3121/3121/137 3122/3122/137 3123/3123/137
f 3124/3124/138 3125/3125/138 3126/3126/138
f 3127/3127/138 3128/3128/138 3129/3129/138
f 3130/3130/139 3131/3131/139 3132/3132/139
f 3133/3133/139 3134/3134/139 3135/3135/139
f 3136/3136/140 3137/3137/140 3138/3138/140
f 3139/3139/140 3140/3140/140 3141/3141/140
f 3142/3142/141 3143/3143/141 3144/3144/141
f 3145/3145/141 3146/3146/141 3147/3147/141
f 3148/3148/142 3149/3149/142 3150/3150/142
f 3151/3151/142 3152/3152/142 3153/3153/142
f 3154/3154/143 3155/3155/143 3156/3156/143
f 3157/3157/143 3158/3158/143 3159/3159/143
f 3160/3160/145 3161/3161/145 3162/3162/145
f 3163/3163/145 3164/3164/145 3165/3165/145
f 3166/3166/146 3167/3167/146 3168/3168/146
f 3169/3169/147 3170/3170/147 3171/3171/147
f 3172/3172/147 3173/3173/147 3174/3174/147
f 3175/3175/148 3176/3176/148 3177/3177/148
f 3178/3178/148 3179/3179/148 3180/3180/148
f 3181/3181/149 3182/3182/149 3183/3183/149
f 3184/3184/149 3185/3185/149 3186/3186/149
f 3187/3187/150 3188/3188/150 3189/3189/150
f 3190/3190/150 3191/3191/150 3192/3192/150
f 3193/3193/151 3194/3194/151 3195/3195/151
f 3196/3196/152 3197/3197/152 3198/3198/152
f 3199/3199/152 3200/3200/152 3201/3201/152
f 3202/3202/153 3203/3203/153 3204/3204/153
f 3205/3205/153 3206/3206/153 3207/3207/153
f 3208/3208/118 3209/3209/118 3210/3210/118
f 3211/3211/118 3212/3212/118 3213/3213/118
f 3214/3214/144 3215/3215/144 3216/3216/144
f 3217/3217/144 3218/3218/144 3219/3219/144
f 3220/3220/119 3221/3221/119 3222/3222/119
f 3223/3223/120 3224/3224/120 3225/3225/120
f 3226/3226/120 3227/3227/120 3228/3228/120
f 3229/3229/121 3230/3230/121 3231/3231/121
f 3232/3232/121 3233/3233/121 3234/3234/121
f 3235/3235/122 3236/3236/122 3237/3237/122
f 3238/3238/122 3239/3239/122 3240/3240/122
f 3241/3241/123 3242/3242/123 3243/3243/123
f 3244/3244/124 3245/3245/124 3246/3246/124
f 3247/3247/124 3248/3248/124 3249/3249/124
f 3250/3250/125 3251/3251/125 3252/3252/125
f 3253/3253/125 3254/3254/125 3255/3255/125
s 1
f 3256/3256/144 3257/3257/144 3258/3258/144
f 3259/3259/144 3260/3260/144 3261/3261/144
f 3262/3262/131 3263/3263/131 3264/3264/131
f 3265/3265/127 3266/3266/127 3267/3267/127
f 3268/3268/133 3269/3269/133 3270/3270/133
f 3271/3271/150 3272/3272/150 3273/3273/150
f 3274/3274/151 3275/3275/151 3276/3276/151
f 3277/3277/138 3278/3278/138 3279/3279/138
f 3280/3280/127 3281/3281/127 3282/3282/127
f 3283/3283/127 3284/3284/127 3285/3285/127
f 3286/3286/132 3287/3287/132 3288/3288/132
f 3289/3289/146 3290/3290/146 3291/3291/146
f 3292/3292/151 3293/3293/151 3294/3294/151
f 3295/3295/119 3296/3296/119 3297/3297/119
f 3298/3298/123 3299/3299/123 3300/3300/123
o Mesh_4.001
v -31.536640 5.281333 -6.453868
v -31.536640 -1.523363 -6.453870
v -42.609367 -1.523363 -6.453870
v -42.609367 32.421909 -6.453864
v -38.925556 32.421909 -6.453864
v -38.925556 5.281333 -6.453868
v -38.925556 5.281333 -6.453868
v -31.536640 5.281333 -6.453868
v -42.609367 -1.523363 -6.453870
v -42.609367 -1.523363 -6.453870
v -42.609367 32.421909 -6.453864
v -38.925556 5.281333 -6.453868
v -42.609367 -1.523365 4.192983
v -31.536640 -1.523365 4.192983
v -31.536640 5.281331 4.192985
v -38.925556 5.281331 4.192985
v -38.925556 32.421906 4.192989
v -42.609367 32.421906 4.192989
v -42.609367 -1.523365 4.192983
v -31.536640 5.281331 4.192985
v -38.925556 5.281331 4.192985
v -38.925556 5.281331 4.192985
v -42.609367 32.421906 4.192989
v -42.609367 -1.523365 4.192983
v -31.536640 -1.523363 -6.453870
v -31.536640 5.281333 -6.453868
v -31.231062 -2.084581 -6.352565
v -31.536640 5.281333 -6.453868
v -31.231062 5.842550 -6.352563
v -31.231062 -2.084581 -6.352565
v -31.231062 5.842550 -6.352563
v -30.972008 6.318326 -6.064069
v -30.972008 -2.560356 -6.064071
v -30.972008 -2.560356 -6.064071
v -30.972008 6.318326 -6.064069
v -30.798910 -2.878263 -5.632311
v -30.972008 6.318326 -6.064069
v -30.798910 6.636229 -5.632309
v -30.798910 -2.878263 -5.632311
v -30.798910 -2.878263 -5.632311
v -30.798910 6.636229 -5.632309
v -30.738127 -2.989897 -5.123014
v -30.798910 6.636229 -5.632309
v -30.738127 6.747864 -5.123013
v -30.738127 -2.989897 -5.123014
v -30.738127 -2.989897 -5.123014
v -30.738127 6.747864 -5.123013
v -30.738127 -2.989897 2.862126
v -30.738127 6.747864 -5.123013
v -30.738127 6.747863 2.862128
v -30.738127 -2.989897 2.862126
v -30.738127 -2.989897 2.862126
v -30.738127 6.747863 2.862128
v -30.798910 -2.878263 3.371423
v -30.738127 6.747863 2.862128
v -30.798910 6.636227 3.371425
v -30.798910 -2.878263 3.371423
v -30.798910 -2.878263 3.371423
v -30.798910 6.636227 3.371425
v -30.972008 -2.560358 3.803183
v -30.798910 6.636227 3.371425
v -30.972008 6.318324 3.803185
v -30.972008 -2.560358 3.803183
v -30.972008 -2.560358 3.803183
v -30.972008 6.318324 3.803185
v -31.231062 -2.084583 4.091677
v -30.972008 6.318324 3.803185
v -31.231062 5.842548 4.091679
v -31.231062 -2.084583 4.091677
v -31.231062 -2.084583 4.091677
v -31.231062 5.842548 4.091679
v -31.536640 -1.523365 4.192983
v -31.231062 5.842548 4.091679
v -31.536640 5.281331 4.192985
v -31.536640 -1.523365 4.192983
v -31.536640 5.281333 -6.453868
v -38.925556 5.281333 -6.453868
v -31.231062 5.842550 -6.352563
v -38.925556 5.281333 -6.453868
v -38.619980 5.842550 -6.352563
v -31.231062 5.842550 -6.352563
v -31.231062 5.842550 -6.352563
v -38.619980 5.842550 -6.352563
v -30.972008 6.318326 -6.064069
v -30.972008 6.318326 -6.064069
v -38.360924 6.318326 -6.064069
v -30.798910 6.636229 -5.632309
v -38.360924 6.318326 -6.064069
v -38.187828 6.636229 -5.632309
v -30.798910 6.636229 -5.632309
v -30.798910 6.636229 -5.632309
v -38.187828 6.636229 -5.632309
v -30.738127 6.747864 -5.123013
v -38.187828 6.636229 -5.632309
v -38.127045 6.747864 -5.123013
v -30.738127 6.747864 -5.123013
v -30.738127 6.747864 -5.123013
v -38.127045 6.747864 -5.123013
v -30.738127 6.747863 2.862128
v -38.127045 6.747864 -5.123013
v -38.127045 6.747863 2.862128
v -30.738127 6.747863 2.862128
v -30.738127 6.747863 2.862128
v -38.127045 6.747863 2.862128
v -30.798910 6.636227 3.371425
v -38.127045 6.747863 2.862128
v -38.187828 6.636227 3.371425
v -30.798910 6.636227 3.371425
v -30.798910 6.636227 3.371425
v -38.187828 6.636227 3.371425
v -30.972008 6.318324 3.803185
v -38.187828 6.636227 3.371425
v -38.360924 6.318324 3.803185
v -30.972008 6.318324 3.803185
v -30.972008 6.318324 3.803185
v -38.360924 6.318324 3.803185
v -31.231062 5.842548 4.091679
v -38.360924 6.318324 3.803185
v -38.619980 5.842548 4.091679
v -31.231062 5.842548 4.091679
v -31.231062 5.842548 4.091679
v -38.619980 5.842548 4.091679
v -31.536640 5.281331 4.192985
v -38.619980 5.842548 4.091679
v -38.925556 5.281331 4.192985
v -31.536640 5.281331 4.192985
v -38.925556 5.281333 -6.453868
v -38.925556 32.421909 -6.453864
v -38.619980 5.842550 -6.352563
v -38.925556 32.421909 -6.453864
v -38.619980 32.983124 -6.352559
v -38.619980 5.842550 -6.352563
v -38.619980 5.842550 -6.352563
v -38.619980 32.983124 -6.352559
v -38.360924 6.318326 -6.064069
v -38.360924 6.318326 -6.064069
v -38.360924 33.458904 -6.064065
v -38.187828 6.636229 -5.632309
v -38.360924 33.458904 -6.064065
v -38.187828 33.776806 -5.632305
v -38.187828 6.636229 -5.632309
v -38.187828 6.636229 -5.632309
v -38.187828 33.776806 -5.632305
v -38.127045 6.747864 -5.123013
v -38.187828 33.776806 -5.632305
v -38.127045 33.888439 -5.123008
v -38.127045 6.747864 -5.123013
v -38.127045 6.747864 -5.123013
v -38.127045 33.888439 -5.123008
v -38.127045 6.747863 2.862128
v -38.127045 33.888439 -5.123008
v -38.127045 33.888439 2.862132
v -38.127045 6.747863 2.862128
v -38.127045 6.747863 2.862128
v -38.127045 33.888439 2.862132
v -38.187828 6.636227 3.371425
v -38.127045 33.888439 2.862132
v -38.187828 33.776806 3.371429
v -38.187828 6.636227 3.371425
v -38.187828 6.636227 3.371425
v -38.187828 33.776806 3.371429
v -38.360924 6.318324 3.803185
v -38.187828 33.776806 3.371429
v -38.360924 33.458900 3.803189
v -38.360924 6.318324 3.803185
v -38.360924 6.318324 3.803185
v -38.360924 33.458900 3.803189
v -38.619980 5.842548 4.091679
v -38.360924 33.458900 3.803189
v -38.619980 32.983124 4.091683
v -38.619980 5.842548 4.091679
v -38.619980 5.842548 4.091679
v -38.619980 32.983124 4.091683
v -38.925556 5.281331 4.192985
v -38.619980 32.983124 4.091683
v -38.925556 32.421906 4.192989
v -38.925556 5.281331 4.192985
v -38.925556 32.421909 -6.453864
v -42.609367 32.421909 -6.453864
v -38.619980 32.983124 -6.352559
v -42.609367 32.421909 -6.453864
v -42.914948 32.983124 -6.352559
v -38.619980 32.983124 -6.352559
v -38.619980 32.983124 -6.352559
v -42.914948 32.983124 -6.352559
v -38.360924 33.458904 -6.064065
v -42.914948 32.983124 -6.352559
v -43.174004 33.458904 -6.064065
v -38.360924 33.458904 -6.064065
v -38.360924 33.458904 -6.064065
v -43.174004 33.458904 -6.064065
v -38.187828 33.776806 -5.632305
v -43.174004 33.458904 -6.064065
v -43.347099 33.776806 -5.632305
v -38.187828 33.776806 -5.632305
v -38.187828 33.776806 -5.632305
v -43.347099 33.776806 -5.632305
v -38.127045 33.888439 -5.123008
v -43.347099 33.776806 -5.632305
v -43.407883 33.888439 -5.123008
v -38.127045 33.888439 -5.123008
v -38.127045 33.888439 -5.123008
v -43.407883 33.888439 -5.123008
v -38.127045 33.888439 2.862132
v -43.407883 33.888439 -5.123008
v -43.407883 33.888439 2.862132
v -38.127045 33.888439 2.862132
v -38.127045 33.888439 2.862132
v -43.407883 33.888439 2.862132
v -38.187828 33.776806 3.371429
v -43.407883 33.888439 2.862132
v -43.347099 33.776806 3.371429
v -38.187828 33.776806 3.371429
v -38.187828 33.776806 3.371429
v -43.347099 33.776806 3.371429
v -38.360924 33.458900 3.803189
v -43.347099 33.776806 3.371429
v -43.174004 33.458900 3.803189
v -38.360924 33.458900 3.803189
v -38.360924 33.458900 3.803189
v -43.174004 33.458900 3.803189
v -38.619980 32.983124 4.091683
v -43.174004 33.458900 3.803189
v -42.914948 32.983124 4.091683
v -38.619980 32.983124 4.091683
v -38.619980 32.983124 4.091683
v -42.914948 32.983124 4.091683
v -38.925556 32.421906 4.192989
v -42.914948 32.983124 4.091683
v -42.609367 32.421906 4.192989
v -38.925556 32.421906 4.192989
v -42.609367 32.421909 -6.453864
v -42.609367 -1.523363 -6.453870
v -42.914948 32.983124 -6.352559
v -42.609367 -1.523363 -6.453870
v -42.914948 -2.084581 -6.352565
v -42.914948 32.983124 -6.352559
v -42.914948 32.983124 -6.352559
v -42.914948 -2.084581 -6.352565
v -43.174004 33.458904 -6.064065
v -42.914948 -2.084581 -6.352565
v -43.174004 -2.560356 -6.064071
v -43.174004 33.458904 -6.064065
v -43.174004 33.458904 -6.064065
v -43.174004 -2.560356 -6.064071
v -43.347099 33.776806 -5.632305
v -43.174004 -2.560356 -6.064071
v -43.347099 -2.878263 -5.632311
v -43.347099 33.776806 -5.632305
v -43.347099 33.776806 -5.632305
v -43.347099 -2.878263 -5.632311
v -43.407883 33.888439 -5.123008
v -43.407883 33.888439 -5.123008
v -43.407883 -2.989897 -5.123014
v -43.407883 33.888439 2.862132
v -43.407883 -2.989897 -5.123014
v -43.407883 -2.989897 2.862126
v -43.407883 33.888439 2.862132
v -43.407883 -2.989897 2.862126
v -43.347099 -2.878263 3.371423
v -43.347099 33.776806 3.371429
v -43.347099 33.776806 3.371429
v -43.347099 -2.878263 3.371423
v -43.174004 33.458900 3.803189
v -43.347099 -2.878263 3.371423
v -43.174004 -2.560358 3.803183
v -43.174004 33.458900 3.803189
v -43.174004 33.458900 3.803189
v -43.174004 -2.560358 3.803183
v -42.914948 32.983124 4.091683
v -43.174004 -2.560358 3.803183
v -42.914948 -2.084583 4.091677
v -42.914948 32.983124 4.091683
v -42.914948 32.983124 4.091683
v -42.914948 -2.084583 4.091677
v -42.609367 32.421906 4.192989
v -42.914948 -2.084583 4.091677
v -42.609367 -1.523365 4.192983
v -42.609367 32.421906 4.192989
v -42.609367 -1.523363 -6.453870
v -31.536640 -1.523363 -6.453870
v -42.914948 -2.084581 -6.352565
v -31.536640 -1.523363 -6.453870
v -31.231062 -2.084581 -6.352565
v -42.914948 -2.084581 -6.352565
v -42.914948 -2.084581 -6.352565
v -31.231062 -2.084581 -6.352565
v -43.174004 -2.560356 -6.064071
v -30.972008 -2.560356 -6.064071
v -30.798910 -2.878263 -5.632311
v -43.347099 -2.878263 -5.632311
v -43.347099 -2.878263 -5.632311
v -30.798910 -2.878263 -5.632311
v -43.407883 -2.989897 -5.123014
v -30.798910 -2.878263 -5.632311
v -30.738127 -2.989897 -5.123014
v -43.407883 -2.989897 -5.123014
v -43.407883 -2.989897 -5.123014
v -30.738127 -2.989897 -5.123014
v -43.407883 -2.989897 2.862126
v -30.738127 -2.989897 -5.123014
v -30.738127 -2.989897 2.862126
v -43.407883 -2.989897 2.862126
v -43.407883 -2.989897 2.862126
v -30.738127 -2.989897 2.862126
v -43.347099 -2.878263 3.371423
v -30.738127 -2.989897 2.862126
v -30.798910 -2.878263 3.371423
v -43.347099 -2.878263 3.371423
v -43.347099 -2.878263 3.371423
v -30.798910 -2.878263 3.371423
v -43.174004 -2.560358 3.803183
v -30.798910 -2.878263 3.371423
v -30.972008 -2.560358 3.803183
v -43.174004 -2.560358 3.803183
v -43.174004 -2.560358 3.803183
v -30.972008 -2.560358 3.803183
v -42.914948 -2.084583 4.091677
v -30.972008 -2.560358 3.803183
v -31.231062 -2.084583 4.091677
v -42.914948 -2.084583 4.091677
v -42.914948 -2.084583 4.091677
v -31.231062 -2.084583 4.091677
v -42.609367 -1.523365 4.192983
v -31.231062 -2.084583 4.091677
v -31.536640 -1.523365 4.192983
v -42.609367 -1.523365 4.192983
v -31.231062 -2.084581 -6.352565
v -31.231062 5.842550 -6.352563
v -30.972008 -2.560356 -6.064071
v -38.619980 5.842550 -6.352563
v -38.360924 6.318326 -6.064069
v -30.972008 6.318326 -6.064069
v -38.619980 32.983124 -6.352559
v -38.360924 33.458904 -6.064065
v -38.360924 6.318326 -6.064069
v -43.347099 -2.878263 -5.632311
v -43.407883 -2.989897 -5.123014
v -43.407883 33.888439 -5.123008
v -43.407883 33.888439 2.862132
v -43.407883 -2.989897 2.862126
v -43.347099 33.776806 3.371429
v -31.231062 -2.084581 -6.352565
v -30.972008 -2.560356 -6.064071
v -43.174004 -2.560356 -6.064071
v -43.174004 -2.560356 -6.064071
v -30.972008 -2.560356 -6.064071
v -43.347099 -2.878263 -5.632311
vt 5.552000 -0.392000
vt 5.552000 1.000000
vt 1.392000 1.000000
vt 1.392000 -5.944000
vt 2.776000 -5.944000
vt 2.776000 -0.392000
vt 2.776000 -0.392000
vt 5.552000 -0.392000
vt 1.392000 1.000000
vt 1.392000 1.000000
vt 1.392000 -5.944000
vt 2.776000 -0.392000
vt 1.392000 1.000000
vt 5.552000 1.000000
vt 5.552000 -0.392000
vt 2.776000 -0.392000
vt 2.776000 -5.944000
vt 1.392000 -5.944000
vt 1.392000 1.000000
vt 5.552000 -0.392000
vt 2.776000 -0.392000
vt 2.776000 -0.392000
vt 1.392000 -5.944000
vt 1.392000 1.000000
vt 0.000000 -0.500000
vt 1.392000 -0.500000
vt -0.114805 -0.461940
vt 1.392000 -0.500000
vt 1.506805 -0.461940
vt -0.114805 -0.461940
vt 1.506805 -0.461940
vt 1.604132 -0.353553
vt -0.212132 -0.353553
vt -0.212132 -0.353553
vt 1.604132 -0.353553
vt -0.277164 -0.191342
vt 1.604132 -0.353553
vt 1.669164 -0.191342
vt -0.277164 -0.191342
vt -0.277164 -0.191342
vt 1.669164 -0.191342
vt -0.300000 0.000000
vt 1.669164 -0.191342
vt 1.692000 0.000000
vt -0.300000 0.000000
vt -0.300000 0.000000
vt 1.692000 0.000000
vt -0.300000 3.000000
vt 1.692000 0.000000
vt 1.692000 3.000000
vt -0.300000 3.000000
vt -0.300000 3.000000
vt 1.692000 3.000000
vt -0.277164 3.191342
vt 1.692000 3.000000
vt 1.669164 3.191342
vt -0.277164 3.191342
vt -0.277164 3.191342
vt 1.669164 3.191342
vt -0.212132 3.353553
vt 1.669164 3.191342
vt 1.604132 3.353553
vt -0.212132 3.353553
vt -0.212132 3.353553
vt 1.604132 3.353553
vt -0.114805 3.461940
vt 1.604132 3.353553
vt 1.506805 3.461940
vt -0.114805 3.461940
vt -0.114805 3.461940
vt 1.506805 3.461940
vt 0.000000 3.500000
vt 1.506805 3.461940
vt 1.392000 3.500000
vt 0.000000 3.500000
vt 5.552000 -0.500000
vt 2.776000 -0.500000
vt 5.666805 -0.461940
vt 2.776000 -0.500000
vt 2.890805 -0.461940
vt 5.666805 -0.461940
vt 5.666805 -0.461940
vt 2.890805 -0.461940
vt 5.764132 -0.353553
vt 5.764132 -0.353553
vt 2.988132 -0.353553
vt 5.829164 -0.191342
vt 2.988132 -0.353553
vt 3.053164 -0.191342
vt 5.829164 -0.191342
vt 5.829164 -0.191342
vt 3.053164 -0.191342
vt 5.852000 0.000000
vt 3.053164 -0.191342
vt 3.076000 0.000000
vt 5.852000 0.000000
vt 5.852000 0.000000
vt 3.076000 0.000000
vt 5.852000 3.000000
vt 3.076000 0.000000
vt 3.076000 3.000000
vt 5.852000 3.000000
vt 5.852000 3.000000
vt 3.076000 3.000000
vt 5.829164 3.191342
vt 3.076000 3.000000
vt 3.053164 3.191342
vt 5.829164 3.191342
vt 5.829164 3.191342
vt 3.053164 3.191342
vt 5.764132 3.353553
vt 3.053164 3.191342
vt 2.988132 3.353553
vt 5.764132 3.353553
vt 5.764132 3.353553
vt 2.988132 3.353553
vt 5.666805 3.461940
vt 2.988132 3.353553
vt 2.890805 3.461940
vt 5.666805 3.461940
vt 5.666805 3.461940
vt 2.890805 3.461940
vt 5.552000 3.500000
vt 2.890805 3.461940
vt 2.776000 3.500000
vt 5.552000 3.500000
vt 1.392000 -0.500000
vt 6.944000 -0.500000
vt 1.506805 -0.461940
vt 6.944000 -0.500000
vt 7.058805 -0.461940
vt 1.506805 -0.461940
vt 1.506805 -0.461940
vt 7.058805 -0.461940
vt 1.604132 -0.353553
vt 1.604132 -0.353553
vt 7.156132 -0.353553
vt 1.669164 -0.191342
vt 7.156132 -0.353553
vt 7.221164 -0.191342
vt 1.669164 -0.191342
vt 1.669164 -0.191342
vt 7.221164 -0.191342
vt 1.692000 0.000000
vt 7.221164 -0.191342
vt 7.244000 0.000000
vt 1.692000 0.000000
vt 1.692000 0.000000
vt 7.244000 0.000000
vt 1.692000 3.000000
vt 7.244000 0.000000
vt 7.244000 3.000000
vt 1.692000 3.000000
vt 1.692000 3.000000
vt 7.244000 3.000000
vt 1.669164 3.191342
vt 7.244000 3.000000
vt 7.221164 3.191342
vt 1.669164 3.191342
vt 1.669164 3.191342
vt 7.221164 3.191342
vt 1.604132 3.353553
vt 7.221164 3.191342
vt 7.156132 3.353553
vt 1.604132 3.353553
vt 1.604132 3.353553
vt 7.156132 3.353553
vt 1.506805 3.461940
vt 7.156132 3.353553
vt 7.058805 3.461940
vt 1.506805 3.461940
vt 1.506805 3.461940
vt 7.058805 3.461940
vt 1.392000 3.500000
vt 7.058805 3.461940
vt 6.944000 3.500000
vt 1.392000 3.500000
vt 2.776000 -0.500000
vt 1.392000 -0.500000
vt 2.890805 -0.461940
vt 1.392000 -0.500000
vt 1.277195 -0.461940
vt 2.890805 -0.461940
vt 2.890805 -0.461940
vt 1.277195 -0.461940
vt 2.988132 -0.353553
vt 1.277195 -0.461940
vt 1.179868 -0.353553
vt 2.988132 -0.353553
vt 2.988132 -0.353553
vt 1.179868 -0.353553
vt 3.053164 -0.191342
vt 1.179868 -0.353553
vt 1.114836 -0.191342
vt 3.053164 -0.191342
vt 3.053164 -0.191342
vt 1.114836 -0.191342
vt 3.076000 0.000000
vt 1.114836 -0.191342
vt 1.092000 0.000000
vt 3.076000 0.000000
vt 3.076000 0.000000
vt 1.092000 0.000000
vt 3.076000 3.000000
vt 1.092000 0.000000
vt 1.092000 3.000000
vt 3.076000 3.000000
vt 3.076000 3.000000
vt 1.092000 3.000000
vt 3.053164 3.191342
vt 1.092000 3.000000
vt 1.114836 3.191342
vt 3.053164 3.191342
vt 3.053164 3.191342
vt 1.114836 3.191342
vt 2.988132 3.353553
vt 1.114836 3.191342
vt 1.179868 3.353553
vt 2.988132 3.353553
vt 2.988132 3.353553
vt 1.179868 3.353553
vt 2.890805 3.461940
vt 1.179868 3.353553
vt 1.277195 3.461940
vt 2.890805 3.461940
vt 2.890805 3.461940
vt 1.277195 3.461940
vt 2.776000 3.500000
vt 1.277195 3.461940
vt 1.392000 3.500000
vt 2.776000 3.500000
vt 6.944000 -0.500000
vt 0.000000 -0.500000
vt 7.058805 -0.461940
vt 0.000000 -0.500000
vt -0.114805 -0.461940
vt 7.058805 -0.461940
vt 7.058805 -0.461940
vt -0.114805 -0.461940
vt 7.156132 -0.353553
vt -0.114805 -0.461940
vt -0.212132 -0.353553
vt 7.156132 -0.353553
vt 7.156132 -0.353553
vt -0.212132 -0.353553
vt 7.221164 -0.191342
vt -0.212132 -0.353553
vt -0.277164 -0.191342
vt 7.221164 -0.191342
vt 7.221164 -0.191342
vt -0.277164 -0.191342
vt 7.244000 0.000000
vt 7.244000 0.000000
vt -0.300000 0.000000
vt 7.244000 3.000000
vt -0.300000 0.000000
vt -0.300000 3.000000
vt 7.244000 3.000000
vt -0.300000 3.000000
vt -0.277164 3.191342
vt 7.221164 3.191342
vt 7.221164 3.191342
vt -0.277164 3.191342
vt 7.156132 3.353553
vt -0.277164 3.191342
vt -0.212132 3.353553
vt 7.156132 3.353553
vt 7.156132 3.353553
vt -0.212132 3.353553
vt 7.058805 3.461940
vt -0.212132 3.353553
vt -0.114805 3.461940
vt 7.058805 3.461940
vt 7.058805 3.461940
vt -0.114805 3.461940
vt 6.944000 3.500000
vt -0.114805 3.461940
vt 0.000000 3.500000
vt 6.944000 3.500000
vt 1.392000 -0.500000
vt 5.552000 -0.500000
vt 1.277195 -0.461940
vt 5.552000 -0.500000
vt 5.666805 -0.461940
vt 1.277195 -0.461940
vt 1.277195 -0.461940
vt 5.666805 -0.461940
vt 1.179868 -0.353553
vt 5.764132 -0.353553
vt 5.829164 -0.191342
vt 1.114836 -0.191342
vt 1.114836 -0.191342
vt 5.829164 -0.191342
vt 1.092000 0.000000
vt 5.829164 -0.191342
vt 5.852000 0.000000
vt 1.092000 0.000000
vt 1.092000 0.000000
vt 5.852000 0.000000
vt 1.092000 3.000000
vt 5.852000 0.000000
vt 5.852000 3.000000
vt 1.092000 3.000000
vt 1.092000 3.000000
vt 5.852000 3.000000
vt 1.114836 3.191342
vt 5.852000 3.000000
vt 5.829164 3.191342
vt 1.114836 3.191342
vt 1.114836 3.191342
vt 5.829164 3.191342
vt 1.179868 3.353553
vt 5.829164 3.191342
vt 5.764132 3.353553
vt 1.179868 3.353553
vt 1.179868 3.353553
vt 5.764132 3.353553
vt 1.277195 3.461940
vt 5.764132 3.353553
vt 5.666805 3.461940
vt 1.277195 3.461940
vt 1.277195 3.461940
vt 5.666805 3.461940
vt 1.392000 3.500000
vt 5.666805 3.461940
vt 5.552000 3.500000
vt 1.392000 3.500000
vt -0.114805 -0.461940
vt 1.506805 -0.461940
vt -0.212132 -0.353553
vt 2.890805 -0.461940
vt 2.988132 -0.353553
vt 5.764132 -0.353553
vt 7.058805 -0.461940
vt 7.156132 -0.353553
vt 1.604132 -0.353553
vt -0.277164 -0.191342
vt -0.300000 0.000000
vt 7.244000 0.000000
vt 7.244000 3.000000
vt -0.300000 3.000000
vt 7.221164 3.191342
vt 5.666805 -0.461940
vt 5.764132 -0.353553
vt 1.179868 -0.353553
vt 1.179868 -0.353553
vt 5.764132 -0.353553
vt 1.114836 -0.191342
vn 0.0000 0.0000 -1.0000
vn 0.0000 -0.0000 1.0000
vn 0.3147 0.0000 -0.9492
vn 0.7441 -0.0000 -0.6681
vn 0.9282 0.0000 -0.3721
vn 0.9930 0.0000 -0.1185
vn 1.0000 0.0000 0.0000
vn 0.9930 0.0000 0.1185
vn 0.9282 0.0000 0.3721
vn 0.7441 0.0000 0.6681
vn 0.3147 -0.0000 0.9492
vn 0.0000 0.1776 -0.9841
vn 0.0000 0.5185 -0.8551
vn 0.0000 0.8053 -0.5929
vn 0.0000 0.9768 -0.2141
vn 0.0000 1.0000 0.0000
vn 0.0000 0.9768 0.2141
vn 0.0000 0.8053 0.5929
vn 0.0000 0.5185 0.8551
vn 0.0000 0.1776 0.9841
vn 0.7440 0.0000 -0.6681
vn 0.7440 -0.0000 0.6681
vn -0.3147 0.0000 -0.9492
vn -0.7440 0.0000 -0.6681
vn -0.9282 -0.0000 -0.3721
vn -0.9930 0.0000 -0.1185
vn -1.0000 0.0000 0.0000
vn -0.9930 -0.0000 0.1185
vn -0.9282 0.0000 0.3721
vn -0.7440 -0.0000 0.6681
vn -0.3147 -0.0000 0.9492
vn 0.0000 -0.1776 -0.9841
vn 0.0000 -0.5185 -0.8551
vn 0.0000 -0.8053 -0.5929
vn 0.0000 -0.9768 -0.2141
vn 0.0000 -1.0000 0.0000
vn 0.0000 -0.9768 0.2141
vn 0.0000 -0.8053 0.5929
vn 0.0000 -0.5185 0.8551
vn 0.0000 -0.1776 0.9841
usemtl Material_4.001
s off
f 3301/3301/156 3302/3302/156 3303/3303/156
f 3304/3304/156 3305/3305/156 3306/3306/156
f 3307/3307/156 3308/3308/156 3309/3309/156
f 3310/3310/156 3311/3311/156 3312/3312/156
f 3313/3313/157 3314/3314/157 3315/3315/157
f 3316/3316/157 3317/3317/157 3318/3318/157
f 3319/3319/157 3320/3320/157 3321/3321/157
f 3322/3322/157 3323/3323/157 3324/3324/157
f 3325/3325/158 3326/3326/158 3327/3327/158
f 3328/3328/158 3329/3329/158 3330/3330/158
f 3331/3331/159 3332/3332/159 3333/3333/159
f 3334/3334/160 3335/3335/160 3336/3336/160
f 3337/3337/160 3338/3338/160 3339/3339/160
f 3340/3340/161 3341/3341/161 3342/3342/161
f 3343/3343/161 3344/3344/161 3345/3345/161
f 3346/3346/162 3347/3347/162 3348/3348/162
f 3349/3349/162 3350/3350/162 3351/3351/162
f 3352/3352/163 3353/3353/163 3354/3354/163
f 3355/3355/163 3356/3356/163 3357/3357/163
f 3358/3358/164 3359/3359/164 3360/3360/164
f 3361/3361/164 3362/3362/164 3363/3363/164
f 3364/3364/165 3365/3365/165 3366/3366/165
f 3367/3367/165 3368/3368/165 3369/3369/165
f 3370/3370/166 3371/3371/166 3372/3372/166
f 3373/3373/166 3374/3374/166 3375/3375/166
f 3376/3376/167 3377/3377/167 3378/3378/167
f 3379/3379/167 3380/3380/167 3381/3381/167
f 3382/3382/168 3383/3383/168 3384/3384/168
f 3385/3385/169 3386/3386/169 3387/3387/169
f 3388/3388/169 3389/3389/169 3390/3390/169
f 3391/3391/170 3392/3392/170 3393/3393/170
f 3394/3394/170 3395/3395/170 3396/3396/170
f 3397/3397/171 3398/3398/171 3399/3399/171
f 3400/3400/171 3401/3401/171 3402/3402/171
f 3403/3403/172 3404/3404/172 3405/3405/172
f 3406/3406/172 3407/3407/172 3408/3408/172
f 3409/3409/173 3410/3410/173 3411/3411/173
f 3412/3412/173 3413/3413/173 3414/3414/173
f 3415/3415/174 3416/3416/174 3417/3417/174
f 3418/3418/174 3419/3419/174 3420/3420/174
f 3421/3421/175 3422/3422/175 3423/3423/175
f 3424/3424/175 3425/3425/175 3426/3426/175
f 3427/3427/158 3428/3428/158 3429/3429/158
f 3430/3430/158 3431/3431/158 3432/3432/158
f 3433/3433/176 3434/3434/176 3435/3435/176
f 3436/3436/160 3437/3437/160 3438/3438/160
f 3439/3439/160 3440/3440/160 3441/3441/160
f 3442/3442/161 3443/3443/161 3444/3444/161
f 3445/3445/161 3446/3446/161 3447/3447/161
f 3448/3448/162 3449/3449/162 3450/3450/162
f 3451/3451/162 3452/3452/162 3453/3453/162
f 3454/3454/163 3455/3455/163 3456/3456/163
f 3457/3457/163 3458/3458/163 3459/3459/163
f 3460/3460/164 3461/3461/164 3462/3462/164
f 3463/3463/164 3464/3464/164 3465/3465/164
f 3466/3466/177 3467/3467/177 3468/3468/177
f 3469/3469/177 3470/3470/177 3471/3471/177
f 3472/3472/166 3473/3473/166 3474/3474/166
f 3475/3475/166 3476/3476/166 3477/3477/166
f 3478/3478/167 3479/3479/167 3480/3480/167
f 3481/3481/167 3482/3482/167 3483/3483/167
f 3484/3484/168 3485/3485/168 3486/3486/168
f 3487/3487/168 3488/3488/168 3489/3489/168
f 3490/3490/169 3491/3491/169 3492/3492/169
f 3493/3493/169 3494/3494/169 3495/3495/169
f 3496/3496/170 3497/3497/170 3498/3498/170
f 3499/3499/170 3500/3500/170 3501/3501/170
f 3502/3502/171 3503/3503/171 3504/3504/171
f 3505/3505/171 3506/3506/171 3507/3507/171
f 3508/3508/172 3509/3509/172 3510/3510/172
f 3511/3511/172 3512/3512/172 3513/3513/172
f 3514/3514/173 3515/3515/173 3516/3516/173
f 3517/3517/173 3518/3518/173 3519/3519/173
f 3520/3520/174 3521/3521/174 3522/3522/174
f 3523/3523/174 3524/3524/174 3525/3525/174
f 3526/3526/175 3527/3527/175 3528/3528/175
f 3529/3529/175 3530/3530/175 3531/3531/175
f 3532/3532/178 3533/3533/178 3534/3534/178
f 3535/3535/178 3536/3536/178 3537/3537/178
f 3538/3538/179 3539/3539/179 3540/3540/179
f 3541/3541/179 3542/3542/179 3543/3543/179
f 3544/3544/180 3545/3545/180 3546/3546/180
f 3547/3547/180 3548/3548/180 3549/3549/180
f 3550/3550/181 3551/3551/181 3552/3552/181
f 3553/3553/182 3554/3554/182 3555/3555/182
f 3556/3556/182 3557/3557/182 3558/3558/182
f 3559/3559/183 3560/3560/183 3561/3561/183
f 3562/3562/184 3563/3563/184 3564/3564/184
f 3565/3565/184 3566/3566/184 3567/3567/184
f 3568/3568/185 3569/3569/185 3570/3570/185
f 3571/3571/185 3572/3572/185 3573/3573/185
f 3574/3574/186 3575/3575/186 3576/3576/186
f 3577/3577/186 3578/3578/186 3579/3579/186
f 3580/3580/187 3581/3581/187 3582/3582/187
f 3583/3583/187 3584/3584/187 3585/3585/187
f 3586/3586/188 3587/3587/188 3588/3588/188
f 3589/3589/189 3590/3590/189 3591/3591/189
f 3592/3592/190 3593/3593/190 3594/3594/190
f 3595/3595/190 3596/3596/190 3597/3597/190
f 3598/3598/191 3599/3599/191 3600/3600/191
f 3601/3601/191 3602/3602/191 3603/3603/191
f 3604/3604/192 3605/3605/192 3606/3606/192
f 3607/3607/192 3608/3608/192 3609/3609/192
f 3610/3610/193 3611/3611/193 3612/3612/193
f 3613/3613/193 3614/3614/193 3615/3615/193
f 3616/3616/194 3617/3617/194 3618/3618/194
f 3619/3619/194 3620/3620/194 3621/3621/194
f 3622/3622/195 3623/3623/195 3624/3624/195
f 3625/3625/195 3626/3626/195 3627/3627/195
s 1
f 3628/3628/159 3629/3629/159 3630/3630/159
f 3631/3631/168 3632/3632/168 3633/3633/168
f 3634/3634/176 3635/3635/176 3636/3636/176
f 3637/3637/181 3638/3638/181 3639/3639/181
f 3640/3640/183 3641/3641/183 3642/3642/183
f 3643/3643/188 3644/3644/188 3645/3645/188
f 3646/3646/189 3647/3647/189 3648/3648/189
o Mesh_5.001
v -12.414627 -1.523363 -6.453870
v -16.098438 -1.523363 -6.453870
v -16.098438 32.421909 -6.453864
v -16.098438 32.421909 -6.453864
v -12.414627 32.421909 -6.453864
v -12.414627 -1.523363 -6.453870
v -16.098438 32.421906 4.192989
v -16.098438 -1.523365 4.192983
v -12.414627 -1.523365 4.192983
v -12.414627 -1.523365 4.192983
v -12.414627 32.421906 4.192989
v -16.098438 32.421906 4.192989
v -12.414627 -1.523363 -6.453870
v -12.414627 32.421909 -6.453864
v -12.109049 -2.084581 -6.352565
v -12.414627 32.421909 -6.453864
v -12.109049 32.983124 -6.352559
v -12.109049 -2.084581 -6.352565
v -12.109049 -2.084581 -6.352565
v -12.109049 32.983124 -6.352559
v -11.849993 -2.560356 -6.064071
v -12.109049 32.983124 -6.352559
v -11.849993 33.458904 -6.064065
v -11.849993 -2.560356 -6.064071
v -11.849993 -2.560356 -6.064071
v -11.849993 33.458904 -6.064065
v -11.676897 -2.878263 -5.632311
v -11.849993 33.458904 -6.064065
v -11.676897 33.776806 -5.632305
v -11.676897 -2.878263 -5.632311
v -11.676897 -2.878263 -5.632311
v -11.676897 33.776806 -5.632305
v -11.616114 -2.989897 -5.123014
v -11.676897 33.776806 -5.632305
v -11.616114 33.888439 -5.123008
v -11.616114 -2.989897 -5.123014
v -11.616114 -2.989897 -5.123014
v -11.616114 33.888439 -5.123008
v -11.616114 -2.989897 2.862126
v -11.616114 33.888439 -5.123008
v -11.616114 33.888439 2.862132
v -11.616114 -2.989897 2.862126
v -11.616114 -2.989897 2.862126
v -11.616114 33.888439 2.862132
v -11.676897 -2.878263 3.371423
v -11.616114 33.888439 2.862132
v -11.676897 33.776806 3.371429
v -11.676897 -2.878263 3.371423
v -11.676897 33.776806 3.371429
v -11.849993 33.458900 3.803189
v -11.849993 -2.560358 3.803183
v -11.849993 -2.560358 3.803183
v -11.849993 33.458900 3.803189
v -12.109049 -2.084583 4.091677
v -11.849993 33.458900 3.803189
v -12.109049 32.983124 4.091683
v -12.109049 -2.084583 4.091677
v -12.109049 -2.084583 4.091677
v -12.109049 32.983124 4.091683
v -12.414627 -1.523365 4.192983
v -12.109049 32.983124 4.091683
v -12.414627 32.421906 4.192989
v -12.414627 -1.523365 4.192983
v -12.414627 32.421909 -6.453864
v -16.098438 32.421909 -6.453864
v -12.109049 32.983124 -6.352559
v -16.098438 32.421909 -6.453864
v -16.404016 32.983124 -6.352559
v -12.109049 32.983124 -6.352559
v -12.109049 32.983124 -6.352559
v -16.404016 32.983124 -6.352559
v -11.849993 33.458904 -6.064065
v -16.404016 32.983124 -6.352559
v -16.663073 33.458904 -6.064065
v -11.849993 33.458904 -6.064065
v -11.849993 33.458904 -6.064065
v -16.663073 33.458904 -6.064065
v -11.676897 33.776806 -5.632305
v -16.663073 33.458904 -6.064065
v -16.836170 33.776806 -5.632305
v -11.676897 33.776806 -5.632305
v -11.676897 33.776806 -5.632305
v -16.836170 33.776806 -5.632305
v -11.616114 33.888439 -5.123008
v -16.836170 33.776806 -5.632305
v -16.896952 33.888439 -5.123008
v -11.616114 33.888439 -5.123008
v -11.616114 33.888439 -5.123008
v -16.896952 33.888439 -5.123008
v -11.616114 33.888439 2.862132
v -16.896952 33.888439 -5.123008
v -16.896952 33.888439 2.862132
v -11.616114 33.888439 2.862132
v -11.616114 33.888439 2.862132
v -16.896952 33.888439 2.862132
v -11.676897 33.776806 3.371429
v -16.896952 33.888439 2.862132
v -16.836170 33.776806 3.371429
v -11.676897 33.776806 3.371429
v -11.676897 33.776806 3.371429
v -16.836170 33.776806 3.371429
v -11.849993 33.458900 3.803189
v -16.836170 33.776806 3.371429
v -16.663073 33.458900 3.803189
v -11.849993 33.458900 3.803189
v -11.849993 33.458900 3.803189
v -16.663073 33.458900 3.803189
v -12.109049 32.983124 4.091683
v -16.663073 33.458900 3.803189
v -16.404016 32.983124 4.091683
v -12.109049 32.983124 4.091683
v -12.109049 32.983124 4.091683
v -16.404016 32.983124 4.091683
v -12.414627 32.421906 4.192989
v -16.404016 32.983124 4.091683
v -16.098438 32.421906 4.192989
v -12.414627 32.421906 4.192989
v -16.098438 32.421909 -6.453864
v -16.098438 -1.523363 -6.453870
v -16.404016 32.983124 -6.352559
v -16.098438 -1.523363 -6.453870
v -16.404016 -2.084581 -6.352565
v -16.404016 32.983124 -6.352559
v -16.404016 32.983124 -6.352559
v -16.404016 -2.084581 -6.352565
v -16.663073 33.458904 -6.064065
v -16.404016 -2.084581 -6.352565
v -16.663073 -2.560356 -6.064071
v -16.663073 33.458904 -6.064065
v -16.663073 33.458904 -6.064065
v -16.663073 -2.560356 -6.064071
v -16.836170 33.776806 -5.632305
v -16.663073 -2.560356 -6.064071
v -16.836170 -2.878263 -5.632311
v -16.836170 33.776806 -5.632305
v -16.836170 33.776806 -5.632305
v -16.836170 -2.878263 -5.632311
v -16.896952 33.888439 -5.123008
v -16.896952 33.888439 -5.123008
v -16.896952 -2.989897 -5.123014
v -16.896952 33.888439 2.862132
v -16.896952 -2.989897 -5.123014
v -16.896952 -2.989897 2.862126
v -16.896952 33.888439 2.862132
v -16.896952 -2.989897 2.862126
v -16.836170 -2.878263 3.371423
v -16.836170 33.776806 3.371429
v -16.836170 33.776806 3.371429
v -16.836170 -2.878263 3.371423
v -16.663073 33.458900 3.803189
v -16.836170 -2.878263 3.371423
v -16.663073 -2.560358 3.803183
v -16.663073 33.458900 3.803189
v -16.663073 33.458900 3.803189
v -16.663073 -2.560358 3.803183
v -16.404016 32.983124 4.091683
v -16.663073 -2.560358 3.803183
v -16.404016 -2.084583 4.091677
v -16.404016 32.983124 4.091683
v -16.404016 32.983124 4.091683
v -16.404016 -2.084583 4.091677
v -16.098438 32.421906 4.192989
v -16.404016 -2.084583 4.091677
v -16.098438 -1.523365 4.192983
v -16.098438 32.421906 4.192989
v -16.098438 -1.523363 -6.453870
v -12.414627 -1.523363 -6.453870
v -16.404016 -2.084581 -6.352565
v -12.414627 -1.523363 -6.453870
v -12.109049 -2.084581 -6.352565
v -16.404016 -2.084581 -6.352565
v -16.404016 -2.084581 -6.352565
v -12.109049 -2.084581 -6.352565
v -16.663073 -2.560356 -6.064071
v -16.663073 -2.560356 -6.064071
v -11.849993 -2.560356 -6.064071
v -16.836170 -2.878263 -5.632311
v -11.849993 -2.560356 -6.064071
v -11.676897 -2.878263 -5.632311
v -16.836170 -2.878263 -5.632311
v -16.836170 -2.878263 -5.632311
v -11.676897 -2.878263 -5.632311
v -16.896952 -2.989897 -5.123014
v -11.676897 -2.878263 -5.632311
v -11.616114 -2.989897 -5.123014
v -16.896952 -2.989897 -5.123014
v -16.896952 -2.989897 -5.123014
v -11.616114 -2.989897 -5.123014
v -16.896952 -2.989897 2.862126
v -11.616114 -2.989897 -5.123014
v -11.616114 -2.989897 2.862126
v -16.896952 -2.989897 2.862126
v -16.896952 -2.989897 2.862126
v -11.616114 -2.989897 2.862126
v -16.836170 -2.878263 3.371423
v -11.616114 -2.989897 2.862126
v -11.676897 -2.878263 3.371423
v -16.836170 -2.878263 3.371423
v -16.836170 -2.878263 3.371423
v -11.676897 -2.878263 3.371423
v -16.663073 -2.560358 3.803183
v -11.676897 -2.878263 3.371423
v -11.849993 -2.560358 3.803183
v -16.663073 -2.560358 3.803183
v -16.663073 -2.560358 3.803183
v -11.849993 -2.560358 3.803183
v -16.404016 -2.084583 4.091677
v -11.849993 -2.560358 3.803183
v -12.109049 -2.084583 4.091677
v -16.404016 -2.084583 4.091677
v -16.404016 -2.084583 4.091677
v -12.109049 -2.084583 4.091677
v -16.098438 -1.523365 4.192983
v -12.109049 -2.084583 4.091677
v -12.414627 -1.523365 4.192983
v -16.098438 -1.523365 4.192983
v -11.676897 -2.878263 3.371423
v -11.676897 33.776806 3.371429
v -11.849993 -2.560358 3.803183
v -16.836170 -2.878263 -5.632311
v -16.896952 -2.989897 -5.123014
v -16.896952 33.888439 -5.123008
v -16.896952 33.888439 2.862132
v -16.896952 -2.989897 2.862126
v -16.836170 33.776806 3.371429
v -12.109049 -2.084581 -6.352565
v -11.849993 -2.560356 -6.064071
v -16.663073 -2.560356 -6.064071
vt 2.776000 1.000000
vt 1.392000 1.000000
vt 1.392000 -5.944000
vt 1.392000 -5.944000
vt 2.776000 -5.944000
vt 2.776000 1.000000
vt 1.392000 -5.944000
vt 1.392000 1.000000
vt 2.776000 1.000000
vt 2.776000 1.000000
vt 2.776000 -5.944000
vt 1.392000 -5.944000
vt 0.000000 -0.500000
vt 6.944000 -0.500000
vt -0.114805 -0.461940
vt 6.944000 -0.500000
vt 7.058805 -0.461940
vt -0.114805 -0.461940
vt -0.114805 -0.461940
vt 7.058805 -0.461940
vt -0.212132 -0.353553
vt 7.058805 -0.461940
vt 7.156132 -0.353553
vt -0.212132 -0.353553
vt -0.212132 -0.353553
vt 7.156132 -0.353553
vt -0.277164 -0.191342
vt 7.156132 -0.353553
vt 7.221164 -0.191342
vt -0.277164 -0.191342
vt -0.277164 -0.191342
vt 7.221164 -0.191342
vt -0.300000 0.000000
vt 7.221164 -0.191342
vt 7.244000 0.000000
vt -0.300000 0.000000
vt -0.300000 0.000000
vt 7.244000 0.000000
vt -0.300000 3.000000
vt 7.244000 0.000000
vt 7.244000 3.000000
vt -0.300000 3.000000
vt -0.300000 3.000000
vt 7.244000 3.000000
vt -0.277164 3.191342
vt 7.244000 3.000000
vt 7.221164 3.191342
vt -0.277164 3.191342
vt 7.221164 3.191342
vt 7.156132 3.353553
vt -0.212132 3.353553
vt -0.212132 3.353553
vt 7.156132 3.353553
vt -0.114805 3.461940
vt 7.156132 3.353553
vt 7.058805 3.461940
vt -0.114805 3.461940
vt -0.114805 3.461940
vt 7.058805 3.461940
vt 0.000000 3.500000
vt 7.058805 3.461940
vt 6.944000 3.500000
vt 0.000000 3.500000
vt 2.776000 -0.500000
vt 1.392000 -0.500000
vt 2.890805 -0.461940
vt 1.392000 -0.500000
vt 1.277195 -0.461940
vt 2.890805 -0.461940
vt 2.890805 -0.461940
vt 1.277195 -0.461940
vt 2.988132 -0.353553
vt 1.277195 -0.461940
vt 1.179868 -0.353553
vt 2.988132 -0.353553
vt 2.988132 -0.353553
vt 1.179868 -0.353553
vt 3.053164 -0.191342
vt 1.179868 -0.353553
vt 1.114836 -0.191342
vt 3.053164 -0.191342
vt 3.053164 -0.191342
vt 1.114836 -0.191342
vt 3.076000 0.000000
vt 1.114836 -0.191342
vt 1.092000 0.000000
vt 3.076000 0.000000
vt 3.076000 0.000000
vt 1.092000 0.000000
vt 3.076000 3.000000
vt 1.092000 0.000000
vt 1.092000 3.000000
vt 3.076000 3.000000
vt 3.076000 3.000000
vt 1.092000 3.000000
vt 3.053164 3.191342
vt 1.092000 3.000000
vt 1.114836 3.191342
vt 3.053164 3.191342
vt 3.053164 3.191342
vt 1.114836 3.191342
vt 2.988132 3.353553
vt 1.114836 3.191342
vt 1.179868 3.353553
vt 2.988132 3.353553
vt 2.988132 3.353553
vt 1.179868 3.353553
vt 2.890805 3.461940
vt 1.179868 3.353553
vt 1.277195 3.461940
vt 2.890805 3.461940
vt 2.890805 3.461940
vt 1.277195 3.461940
vt 2.776000 3.500000
vt 1.277195 3.461940
vt 1.392000 3.500000
vt 2.776000 3.500000
vt 6.944000 -0.500000
vt 0.000000 -0.500000
vt 7.058805 -0.461940
vt 0.000000 -0.500000
vt -0.114805 -0.461940
vt 7.058805 -0.461940
vt 7.058805 -0.461940
vt -0.114805 -0.461940
vt 7.156132 -0.353553
vt -0.114805 -0.461940
vt -0.212132 -0.353553
vt 7.156132 -0.353553
vt 7.156132 -0.353553
vt -0.212132 -0.353553
vt 7.221164 -0.191342
vt -0.212132 -0.353553
vt -0.277164 -0.191342
vt 7.221164 -0.191342
vt 7.221164 -0.191342
vt -0.277164 -0.191342
vt 7.244000 0.000000
vt 7.244000 0.000000
vt -0.300000 0.000000
vt 7.244000 3.000000
vt -0.300000 0.000000
vt -0.300000 3.000000
vt 7.244000 3.000000
vt -0.300000 3.000000
vt -0.277164 3.191342
vt 7.221164 3.191342
vt 7.221164 3.191342
vt -0.277164 3.191342
vt 7.156132 3.353553
vt -0.277164 3.191342
vt -0.212132 3.353553
vt 7.156132 3.353553
vt 7.156132 3.353553
vt -0.212132 3.353553
vt 7.058805 3.461940
vt -0.212132 3.353553
vt -0.114805 3.461940
vt 7.058805 3.461940
vt 7.058805 3.461940
vt -0.114805 3.461940
vt 6.944000 3.500000
vt -0.114805 3.461940
vt 0.000000 3.500000
vt 6.944000 3.500000
vt 1.392000 -0.500000
vt 2.776000 -0.500000
vt 1.277195 -0.461940
vt 2.776000 -0.500000
vt 2.890805 -0.461940
vt 1.277195 -0.461940
vt 1.277195 -0.461940
vt 2.890805 -0.461940
vt 1.179868 -0.353553
vt 1.179868 -0.353553
vt 2.988132 -0.353553
vt 1.114836 -0.191342
vt 2.988132 -0.353553
vt 3.053164 -0.191342
vt 1.114836 -0.191342
vt 1.114836 -0.191342
vt 3.053164 -0.191342
vt 1.092000 0.000000
vt 3.053164 -0.191342
vt 3.076000 0.000000
vt 1.092000 0.000000
vt 1.092000 0.000000
vt 3.076000 0.000000
vt 1.092000 3.000000
vt 3.076000 0.000000
vt 3.076000 3.000000
vt 1.092000 3.000000
vt 1.092000 3.000000
vt 3.076000 3.000000
vt 1.114836 3.191342
vt 3.076000 3.000000
vt 3.053164 3.191342
vt 1.114836 3.191342
vt 1.114836 3.191342
vt 3.053164 3.191342
vt 1.179868 3.353553
vt 3.053164 3.191342
vt 2.988132 3.353553
vt 1.179868 3.353553
vt 1.179868 3.353553
vt 2.988132 3.353553
vt 1.277195 3.461940
vt 2.988132 3.353553
vt 2.890805 3.461940
vt 1.277195 3.461940
vt 1.277195 3.461940
vt 2.890805 3.461940
vt 1.392000 3.500000
vt 2.890805 3.461940
vt 2.776000 3.500000
vt 1.392000 3.500000
vt -0.277164 3.191342
vt 7.221164 3.191342
vt -0.212132 3.353553
vt -0.277164 -0.191342
vt -0.300000 0.000000
vt 7.244000 0.000000
vt 7.244000 3.000000
vt -0.300000 3.000000
vt 7.221164 3.191342
vt 2.890805 -0.461940
vt 2.988132 -0.353553
vt 1.179868 -0.353553
vn 0.0000 0.0000 -1.0000
vn 0.0000 -0.0000 1.0000
vn 0.3147 0.0000 -0.9492
vn 0.7440 0.0000 -0.6681
vn 0.9282 0.0000 -0.3721
vn 0.9930 0.0000 -0.1185
vn 1.0000 0.0000 0.0000
vn 0.9930 -0.0000 0.1185
vn 0.9282 -0.0000 0.3721
vn 0.7440 -0.0000 0.6681
vn 0.3147 -0.0000 0.9492
vn 0.0000 0.1776 -0.9841
vn 0.0000 0.5185 -0.8551
vn 0.0000 0.8053 -0.5929
vn 0.0000 0.9768 -0.2141
vn 0.0000 1.0000 0.0000
vn 0.0000 0.9768 0.2141
vn 0.0000 0.8053 0.5929
vn 0.0000 0.5185 0.8551
vn 0.0000 0.1776 0.9841
vn -0.3147 0.0000 -0.9492
vn -0.7440 0.0000 -0.6681
vn -0.9282 0.0000 -0.3721
vn -0.9930 0.0000 -0.1185
vn -1.0000 0.0000 0.0000
vn -0.9930 -0.0000 0.1185
vn -0.9282 -0.0000 0.3721
vn -0.7440 -0.0000 0.6681
vn -0.3147 -0.0000 0.9492
vn 0.0000 -0.1776 -0.9841
vn 0.0000 -0.5185 -0.8551
vn 0.0000 -0.8053 -0.5929
vn 0.0000 -0.9768 -0.2141
vn 0.0000 -1.0000 0.0000
vn 0.0000 -0.9768 0.2141
vn 0.0000 -0.8053 0.5929
vn 0.0000 -0.5185 0.8551
vn 0.0000 -0.1776 0.9841
usemtl Material_2.001
s off
f 3649/3649/196 3650/3650/196 3651/3651/196
f 3652/3652/196 3653/3653/196 3654/3654/196
f 3655/3655/197 3656/3656/197 3657/3657/197
f 3658/3658/197 3659/3659/197 3660/3660/197
f 3661/3661/198 3662/3662/198 3663/3663/198
f 3664/3664/198 3665/3665/198 3666/3666/198
f 3667/3667/199 3668/3668/199 3669/3669/199
f 3670/3670/199 3671/3671/199 3672/3672/199
f 3673/3673/200 3674/3674/200 3675/3675/200
f 3676/3676/200 3677/3677/200 3678/3678/200
f 3679/3679/201 3680/3680/201 3681/3681/201
f 3682/3682/201 3683/3683/201 3684/3684/201
f 3685/3685/202 3686/3686/202 3687/3687/202
f 3688/3688/202 3689/3689/202 3690/3690/202
f 3691/3691/203 3692/3692/203 3693/3693/203
f 3694/3694/203 3695/3695/203 3696/3696/203
f 3697/3697/204 3698/3698/204 3699/3699/204
f 3700/3700/205 3701/3701/205 3702/3702/205
f 3703/3703/205 3704/3704/205 3705/3705/205
f 3706/3706/206 3707/3707/206 3708/3708/206
f 3709/3709/206 3710/3710/206 3711/3711/206
f 3712/3712/207 3713/3713/207 3714/3714/207
f 3715/3715/207 3716/3716/207 3717/3717/207
f 3718/3718/208 3719/3719/208 3720/3720/208
f 3721/3721/208 3722/3722/208 3723/3723/208
f 3724/3724/209 3725/3725/209 3726/3726/209
f 3727/3727/209 3728/3728/209 3729/3729/209
f 3730/3730/210 3731/3731/210 3732/3732/210
f 3733/3733/210 3734/3734/210 3735/3735/210
f 3736/3736/211 3737/3737/211 3738/3738/211
f 3739/3739/211 3740/3740/211 3741/3741/211
f 3742/3742/212 3743/3743/212 3744/3744/212
f 3745/3745/212 3746/3746/212 3747/3747/212
f 3748/3748/213 3749/3749/213 3750/3750/213
f 3751/3751/213 3752/3752/213 3753/3753/213
f 3754/3754/214 3755/3755/214 3756/3756/214
f 3757/3757/214 3758/3758/214 3759/3759/214
f 3760/3760/215 3761/3761/215 3762/3762/215
f 3763/3763/215 3764/3764/215 3765/3765/215
f 3766/3766/216 3767/3767/216 3768/3768/216
f 3769/3769/216 3770/3770/216 3771/3771/216
f 3772/3772/217 3773/3773/217 3774/3774/217
f 3775/3775/217 3776/3776/217 3777/3777/217
f 3778/3778/218 3779/3779/218 3780/3780/218
f 3781/3781/218 3782/3782/218 3783/3783/218
f 3784/3784/219 3785/3785/219 3786/3786/219
f 3787/3787/220 3788/3788/220 3789/3789/220
f 3790/3790/220 3791/3791/220 3792/3792/220
f 3793/3793/221 3794/3794/221 3795/3795/221
f 3796/3796/222 3797/3797/222 3798/3798/222
f 3799/3799/222 3800/3800/222 3801/3801/222
f 3802/3802/223 3803/3803/223 3804/3804/223
f 3805/3805/223 3806/3806/223 3807/3807/223
f 3808/3808/224 3809/3809/224 3810/3810/224
f 3811/3811/224 3812/3812/224 3813/3813/224
f 3814/3814/225 3815/3815/225 3816/3816/225
f 3817/3817/225 3818/3818/225 3819/3819/225
f 3820/3820/226 3821/3821/226 3822/3822/226
f 3823/3823/227 3824/3824/227 3825/3825/227
f 3826/3826/227 3827/3827/227 3828/3828/227
f 3829/3829/228 3830/3830/228 3831/3831/228
f 3832/3832/228 3833/3833/228 3834/3834/228
f 3835/3835/229 3836/3836/229 3837/3837/229
f 3838/3838/229 3839/3839/229 3840/3840/229
f 3841/3841/230 3842/3842/230 3843/3843/230
f 3844/3844/230 3845/3845/230 3846/3846/230
f 3847/3847/231 3848/3848/231 3849/3849/231
f 3850/3850/231 3851/3851/231 3852/3852/231
f 3853/3853/232 3854/3854/232 3855/3855/232
f 3856/3856/232 3857/3857/232 3858/3858/232
f 3859/3859/233 3860/3860/233 3861/3861/233
f 3862/3862/233 3863/3863/233 3864/3864/233
s 1
f 3865/3865/204 3866/3866/204 3867/3867/204
f 3868/3868/219 3869/3869/219 3870/3870/219
f 3871/3871/221 3872/3872/221 3873/3873/221
f 3874/3874/226 3875/3875/226 3876/3876/226
o Mesh_6.001
v -4.471810 -1.523363 -6.453870
v -8.155621 -1.523363 -6.453870
v -8.155621 32.421909 -6.453864
v 6.622210 5.281333 -6.453868
v 2.917106 5.281333 -6.453868
v 2.917106 12.046925 -6.453867
v 10.327316 -1.523363 -6.453870
v 6.622210 -1.523363 -6.453870
v 6.622210 5.281333 -6.453868
v 6.622210 32.421909 -6.453864
v 10.327316 32.421909 -6.453864
v 10.327316 -1.523363 -6.453870
v -4.471810 25.617210 -6.453866
v -0.766705 25.617210 -6.453866
v -0.766705 18.851624 -6.453866
v -8.155621 32.421909 -6.453864
v -4.471810 32.421909 -6.453864
v -4.471810 25.617210 -6.453866
v -4.471810 18.851624 -6.453866
v -4.471810 -1.523363 -6.453870
v -8.155621 32.421909 -6.453864
v 6.622210 12.046925 -6.453867
v 6.622210 32.421909 -6.453864
v 10.327316 -1.523363 -6.453870
v -4.471810 18.851624 -6.453866
v -8.155621 32.421909 -6.453864
v -4.471810 25.617210 -6.453866
v 6.622210 12.046925 -6.453867
v 10.327316 -1.523363 -6.453870
v 6.622210 5.281333 -6.453868
v -4.471810 18.851624 -6.453866
v -4.471810 25.617210 -6.453866
v -0.766705 18.851624 -6.453866
v 6.622210 12.046925 -6.453867
v 6.622210 5.281333 -6.453868
v 2.917106 12.046925 -6.453867
v 2.917106 12.046925 -6.453867
v -0.766705 12.046925 -6.453867
v -0.766705 18.851624 -6.453866
v -0.766705 18.851624 -6.453866
v 2.917106 18.851624 -6.453866
v 2.917106 12.046925 -6.453867
v -8.155621 32.421906 4.192989
v -8.155621 -1.523365 4.192983
v -4.471810 -1.523365 4.192983
v 2.917106 12.046923 4.192986
v 2.917106 5.281331 4.192985
v 6.622210 5.281331 4.192985
v 6.622210 5.281331 4.192985
v 6.622210 -1.523365 4.192983
v 10.327316 -1.523365 4.192983
v 10.327316 -1.523365 4.192983
v 10.327316 32.421906 4.192989
v 6.622210 32.421906 4.192989
v -0.766705 18.851622 4.192986
v -0.766705 25.617210 4.192987
v -4.471810 25.617210 4.192987
v -4.471810 25.617210 4.192987
v -4.471810 32.421906 4.192989
v -8.155621 32.421906 4.192989
v -8.155621 32.421906 4.192989
v -4.471810 -1.523365 4.192983
v -4.471810 18.851622 4.192986
v 10.327316 -1.523365 4.192983
v 6.622210 32.421906 4.192989
v 6.622210 12.046923 4.192986
v -4.471810 25.617210 4.192987
v -8.155621 32.421906 4.192989
v -4.471810 18.851622 4.192986
v 6.622210 5.281331 4.192985
v 10.327316 -1.523365 4.192983
v 6.622210 12.046923 4.192986
v -0.766705 18.851622 4.192986
v -4.471810 25.617210 4.192987
v -4.471810 18.851622 4.192986
v 2.917106 12.046923 4.192986
v 6.622210 5.281331 4.192985
v 6.622210 12.046923 4.192986
v -0.766705 18.851622 4.192986
v -0.766705 12.046923 4.192986
v 2.917106 12.046923 4.192986
v 2.917106 12.046923 4.192986
v 2.917106 18.851622 4.192986
v -0.766705 18.851622 4.192986
v -4.166232 -2.084581 -6.352565
v -4.166232 18.290405 -6.352561
v -3.907175 -2.560356 -6.064071
v -4.166232 18.290405 -6.352561
v -3.907175 17.814629 -6.064067
v -3.907175 -2.560356 -6.064071
v -3.907175 -2.560356 -6.064071
v -3.907175 17.814629 -6.064067
v -3.734079 -2.878263 -5.632311
v -3.734079 -2.878263 -5.632311
v -3.734079 17.496725 -5.632308
v -3.673296 -2.989897 -5.123014
v -3.734079 17.496725 -5.632308
v -3.673296 17.385090 -5.123011
v -3.673296 -2.989897 -5.123014
v -3.673296 -2.989897 -5.123014
v -3.673296 17.385090 -5.123011
v -3.673296 -2.989897 2.862126
v -3.673296 17.385090 -5.123011
v -3.673296 17.385090 2.862129
v -3.673296 -2.989897 2.862126
v -3.673296 -2.989897 2.862126
v -3.673296 17.385090 2.862129
v -3.734079 -2.878263 3.371423
v -3.673296 17.385090 2.862129
v -3.734079 17.496723 3.371426
v -3.734079 -2.878263 3.371423
v -3.734079 -2.878263 3.371423
v -3.734079 17.496723 3.371426
v -3.907175 -2.560358 3.803183
v -3.907175 -2.560358 3.803183
v -3.907175 17.814627 3.803186
v -4.166232 -2.084583 4.091677
v -3.907175 17.814627 3.803186
v -4.166232 18.290405 4.091681
v -4.166232 -2.084583 4.091677
v -4.166232 -2.084583 4.091677
v -4.166232 18.290405 4.091681
v -4.471810 -1.523365 4.192983
v -4.166232 18.290405 4.091681
v -4.471810 18.851622 4.192986
v -4.471810 -1.523365 4.192983
v -4.471810 18.851624 -6.453866
v -0.766705 18.851624 -6.453866
v -4.166232 18.290405 -6.352561
v -0.766705 18.851624 -6.453866
v -1.072283 18.290405 -6.352561
v -4.166232 18.290405 -6.352561
v -4.166232 18.290405 -6.352561
v -1.072283 18.290405 -6.352561
v -3.907175 17.814629 -6.064067
v -1.072283 18.290405 -6.352561
v -1.331340 17.814629 -6.064067
v -3.907175 17.814629 -6.064067
v -3.907175 17.814629 -6.064067
v -1.331340 17.814629 -6.064067
v -3.734079 17.496725 -5.632308
v -1.331340 17.814629 -6.064067
v -1.504436 17.496725 -5.632308
v -3.734079 17.496725 -5.632308
v -3.734079 17.496725 -5.632308
v -1.504436 17.496725 -5.632308
v -3.673296 17.385090 -5.123011
v -1.504436 17.496725 -5.632308
v -1.565219 17.385090 -5.123011
v -3.673296 17.385090 -5.123011
v -3.673296 17.385090 -5.123011
v -1.565219 17.385090 -5.123011
v -3.673296 17.385090 2.862129
v -1.565219 17.385090 -5.123011
v -1.565219 17.385090 2.862129
v -3.673296 17.385090 2.862129
v -3.673296 17.385090 2.862129
v -1.565219 17.385090 2.862129
v -3.734079 17.496723 3.371426
v -1.565219 17.385090 2.862129
v -1.504436 17.496723 3.371426
v -3.734079 17.496723 3.371426
v -3.734079 17.496723 3.371426
v -1.504436 17.496723 3.371426
v -3.907175 17.814627 3.803186
v -1.504436 17.496723 3.371426
v -1.331340 17.814627 3.803186
v -3.907175 17.814627 3.803186
v -3.907175 17.814627 3.803186
v -1.331340 17.814627 3.803186
v -4.166232 18.290405 4.091681
v -1.331340 17.814627 3.803186
v -1.072283 18.290405 4.091681
v -4.166232 18.290405 4.091681
v -4.166232 18.290405 4.091681
v -1.072283 18.290405 4.091681
v -4.471810 18.851622 4.192986
v -1.072283 18.290405 4.091681
v -0.766705 18.851622 4.192986
v -4.471810 18.851622 4.192986
v -0.766705 18.851624 -6.453866
v -0.766705 12.046925 -6.453867
v -1.072283 18.290405 -6.352561
v -0.766705 12.046925 -6.453867
v -1.072283 11.485708 -6.352562
v -1.072283 18.290405 -6.352561
v -1.072283 18.290405 -6.352561
v -1.072283 11.485708 -6.352562
v -1.331340 17.814629 -6.064067
v -1.072283 11.485708 -6.352562
v -1.331340 11.009930 -6.064069
v -1.331340 17.814629 -6.064067
v -1.331340 17.814629 -6.064067
v -1.331340 11.009930 -6.064069
v -1.504436 17.496725 -5.632308
v -1.331340 11.009930 -6.064069
v -1.504436 10.692026 -5.632309
v -1.504436 17.496725 -5.632308
v -1.504436 17.496725 -5.632308
v -1.504436 10.692026 -5.632309
v -1.565219 17.385090 -5.123011
v -1.504436 10.692026 -5.632309
v -1.565219 10.580395 -5.123012
v -1.565219 17.385090 -5.123011
v -1.565219 17.385090 -5.123011
v -1.565219 10.580395 -5.123012
v -1.565219 17.385090 2.862129
v -1.565219 10.580395 -5.123012
v -1.565219 10.580393 2.862128
v -1.565219 17.385090 2.862129
v -1.565219 17.385090 2.862129
v -1.565219 10.580393 2.862128
v -1.504436 17.496723 3.371426
v -1.565219 10.580393 2.862128
v -1.504436 10.692025 3.371425
v -1.504436 17.496723 3.371426
v -1.504436 17.496723 3.371426
v -1.504436 10.692025 3.371425
v -1.331340 17.814627 3.803186
v -1.504436 10.692025 3.371425
v -1.331340 11.009929 3.803185
v -1.331340 17.814627 3.803186
v -1.331340 17.814627 3.803186
v -1.331340 11.009929 3.803185
v -1.072283 18.290405 4.091681
v -1.331340 11.009929 3.803185
v -1.072283 11.485706 4.091680
v -1.072283 18.290405 4.091681
v -1.072283 18.290405 4.091681
v -1.072283 11.485706 4.091680
v -0.766705 18.851622 4.192986
v -1.072283 11.485706 4.091680
v -0.766705 12.046923 4.192986
v -0.766705 18.851622 4.192986
v -0.766705 12.046925 -6.453867
v 2.917106 12.046925 -6.453867
v -1.072283 11.485708 -6.352562
v 2.917106 12.046925 -6.453867
v 2.611527 11.485708 -6.352562
v -1.072283 11.485708 -6.352562
v -1.072283 11.485708 -6.352562
v 2.611527 11.485708 -6.352562
v -1.331340 11.009930 -6.064069
v 2.611527 11.485708 -6.352562
v 2.352471 11.009930 -6.064069
v -1.331340 11.009930 -6.064069
v -1.331340 11.009930 -6.064069
v 2.352471 11.009930 -6.064069
v -1.504436 10.692026 -5.632309
v 2.352471 11.009930 -6.064069
v 2.179375 10.692026 -5.632309
v -1.504436 10.692026 -5.632309
v -1.504436 10.692026 -5.632309
v 2.179375 10.692026 -5.632309
v -1.565219 10.580395 -5.123012
v 2.179375 10.692026 -5.632309
v 2.118591 10.580395 -5.123012
v -1.565219 10.580395 -5.123012
v -1.565219 10.580395 -5.123012
v 2.118591 10.580395 -5.123012
v -1.565219 10.580393 2.862128
v 2.118591 10.580395 -5.123012
v 2.118591 10.580393 2.862128
v -1.565219 10.580393 2.862128
v -1.565219 10.580393 2.862128
v 2.118591 10.580393 2.862128
v -1.504436 10.692025 3.371425
v 2.118591 10.580393 2.862128
v 2.179375 10.692025 3.371425
v -1.504436 10.692025 3.371425
v -1.504436 10.692025 3.371425
v 2.179375 10.692025 3.371425
v -1.331340 11.009929 3.803185
v 2.179375 10.692025 3.371425
v 2.352471 11.009929 3.803185
v -1.331340 11.009929 3.803185
v -1.331340 11.009929 3.803185
v 2.352471 11.009929 3.803185
v -1.072283 11.485706 4.091680
v 2.352471 11.009929 3.803185
v 2.611527 11.485706 4.091680
v -1.072283 11.485706 4.091680
v -1.072283 11.485706 4.091680
v 2.611527 11.485706 4.091680
v -0.766705 12.046923 4.192986
v 2.611527 11.485706 4.091680
v 2.917106 12.046923 4.192986
v -0.766705 12.046923 4.192986
v 2.917106 12.046925 -6.453867
v 2.917106 5.281333 -6.453868
v 2.611527 11.485708 -6.352562
v 2.917106 5.281333 -6.453868
v 2.611527 4.720118 -6.352564
v 2.611527 11.485708 -6.352562
v 2.611527 11.485708 -6.352562
v 2.611527 4.720118 -6.352564
v 2.352471 11.009930 -6.064069
v 2.611527 4.720118 -6.352564
v 2.352471 4.244340 -6.064070
v 2.352471 11.009930 -6.064069
v 2.352471 11.009930 -6.064069
v 2.352471 4.244340 -6.064070
v 2.179375 10.692026 -5.632309
v 2.352471 4.244340 -6.064070
v 2.179375 3.926436 -5.632310
v 2.179375 10.692026 -5.632309
v 2.179375 10.692026 -5.632309
v 2.179375 3.926436 -5.632310
v 2.118591 10.580395 -5.123012
v 2.179375 3.926436 -5.632310
v 2.118591 3.814802 -5.123013
v 2.118591 10.580395 -5.123012
v 2.118591 10.580395 -5.123012
v 2.118591 3.814802 -5.123013
v 2.118591 10.580393 2.862128
v 2.118591 3.814802 -5.123013
v 2.118591 3.814801 2.862127
v 2.118591 10.580393 2.862128
v 2.118591 3.814801 2.862127
v 2.179375 3.926435 3.371424
v 2.179375 10.692025 3.371425
v 2.179375 3.926435 3.371424
v 2.352471 4.244338 3.803184
v 2.352471 11.009929 3.803185
v 2.352471 11.009929 3.803185
v 2.352471 4.244338 3.803184
v 2.611527 11.485706 4.091680
v 2.352471 4.244338 3.803184
v 2.611527 4.720116 4.091678
v 2.611527 11.485706 4.091680
v 2.611527 11.485706 4.091680
v 2.611527 4.720116 4.091678
v 2.917106 12.046923 4.192986
v 2.611527 4.720116 4.091678
v 2.917106 5.281331 4.192985
v 2.917106 12.046923 4.192986
v 2.917106 5.281333 -6.453868
v 6.622210 5.281333 -6.453868
v 2.611527 4.720118 -6.352564
v 2.611527 4.720118 -6.352564
v 6.316633 4.720118 -6.352564
v 2.352471 4.244340 -6.064070
v 6.316633 4.720118 -6.352564
v 6.057575 4.244340 -6.064070
v 2.352471 4.244340 -6.064070
v 2.352471 4.244340 -6.064070
v 6.057575 4.244340 -6.064070
v 2.179375 3.926436 -5.632310
v 6.057575 4.244340 -6.064070
v 5.884480 3.926436 -5.632310
v 2.179375 3.926436 -5.632310
v 2.179375 3.926436 -5.632310
v 5.884480 3.926436 -5.632310
v 2.118591 3.814802 -5.123013
v 5.884480 3.926436 -5.632310
v 5.823696 3.814802 -5.123013
v 2.118591 3.814802 -5.123013
v 2.118591 3.814802 -5.123013
v 5.823696 3.814802 -5.123013
v 2.118591 3.814801 2.862127
v 5.823696 3.814802 -5.123013
v 5.823696 3.814801 2.862127
v 2.118591 3.814801 2.862127
v 2.118591 3.814801 2.862127
v 5.823696 3.814801 2.862127
v 2.179375 3.926435 3.371424
v 5.823696 3.814801 2.862127
v 5.884480 3.926435 3.371424
v 2.179375 3.926435 3.371424
v 2.179375 3.926435 3.371424
v 5.884480 3.926435 3.371424
v 2.352471 4.244338 3.803184
v 5.884480 3.926435 3.371424
v 6.057575 4.244338 3.803184
v 2.352471 4.244338 3.803184
v 2.352471 4.244338 3.803184
v 6.057575 4.244338 3.803184
v 2.611527 4.720116 4.091678
v 6.057575 4.244338 3.803184
v 6.316633 4.720116 4.091678
v 2.611527 4.720116 4.091678
v 2.611527 4.720116 4.091678
v 6.316633 4.720116 4.091678
v 2.917106 5.281331 4.192985
v 6.316633 4.720116 4.091678
v 6.622210 5.281331 4.192985
v 2.917106 5.281331 4.192985
v 6.622210 5.281333 -6.453868
v 6.622210 -1.523363 -6.453870
v 6.316633 4.720118 -6.352564
v 6.622210 -1.523363 -6.453870
v 6.316633 -2.084581 -6.352565
v 6.316633 4.720118 -6.352564
v 6.316633 4.720118 -6.352564
v 6.316633 -2.084581 -6.352565
v 6.057575 4.244340 -6.064070
v 6.316633 -2.084581 -6.352565
v 6.057575 -2.560356 -6.064071
v 6.057575 4.244340 -6.064070
v 6.057575 4.244340 -6.064070
v 6.057575 -2.560356 -6.064071
v 5.884480 3.926436 -5.632310
v 6.057575 -2.560356 -6.064071
v 5.884480 -2.878263 -5.632311
v 5.884480 3.926436 -5.632310
v 5.884480 3.926436 -5.632310
v 5.884480 -2.878263 -5.632311
v 5.823696 3.814802 -5.123013
v 5.884480 -2.878263 -5.632311
v 5.823696 -2.989897 -5.123014
v 5.823696 3.814802 -5.123013
v 5.823696 3.814802 -5.123013
v 5.823696 -2.989897 -5.123014
v 5.823696 3.814801 2.862127
v 5.823696 -2.989897 -5.123014
v 5.823696 -2.989897 2.862126
v 5.823696 3.814801 2.862127
v 5.823696 3.814801 2.862127
v 5.823696 -2.989897 2.862126
v 5.884480 3.926435 3.371424
v 5.823696 -2.989897 2.862126
v 5.884480 -2.878263 3.371423
v 5.884480 3.926435 3.371424
v 5.884480 3.926435 3.371424
v 5.884480 -2.878263 3.371423
v 6.057575 4.244338 3.803184
v 5.884480 -2.878263 3.371423
v 6.057575 -2.560358 3.803183
v 6.057575 4.244338 3.803184
v 6.057575 4.244338 3.803184
v 6.057575 -2.560358 3.803183
v 6.316633 4.720116 4.091678
v 6.057575 -2.560358 3.803183
v 6.316633 -2.084583 4.091677
v 6.316633 4.720116 4.091678
v 6.316633 4.720116 4.091678
v 6.316633 -2.084583 4.091677
v 6.622210 5.281331 4.192985
v 6.316633 -2.084583 4.091677
v 6.622210 -1.523365 4.192983
v 6.622210 5.281331 4.192985
v 6.622210 -1.523363 -6.453870
v 10.327316 -1.523363 -6.453870
v 6.316633 -2.084581 -6.352565
v 10.327316 -1.523363 -6.453870
v 10.632893 -2.084581 -6.352565
v 6.316633 -2.084581 -6.352565
v 6.316633 -2.084581 -6.352565
v 10.632893 -2.084581 -6.352565
v 6.057575 -2.560356 -6.064071
v 6.057575 -2.560356 -6.064071
v 10.891949 -2.560356 -6.064071
v 5.884480 -2.878263 -5.632311
v 10.891949 -2.560356 -6.064071
v 11.065046 -2.878263 -5.632311
v 5.884480 -2.878263 -5.632311
v 5.884480 -2.878263 -5.632311
v 11.065046 -2.878263 -5.632311
v 5.823696 -2.989897 -5.123014
v 11.065046 -2.878263 -5.632311
v 11.125828 -2.989897 -5.123014
v 5.823696 -2.989897 -5.123014
v 5.823696 -2.989897 -5.123014
v 11.125828 -2.989897 -5.123014
v 5.823696 -2.989897 2.862126
v 11.125828 -2.989897 -5.123014
v 11.125828 -2.989897 2.862126
v 5.823696 -2.989897 2.862126
v 5.823696 -2.989897 2.862126
v 11.125828 -2.989897 2.862126
v 5.884480 -2.878263 3.371423
v 11.125828 -2.989897 2.862126
v 11.065046 -2.878263 3.371423
v 5.884480 -2.878263 3.371423
v 5.884480 -2.878263 3.371423
v 11.065046 -2.878263 3.371423
v 6.057575 -2.560358 3.803183
v 11.065046 -2.878263 3.371423
v 10.891949 -2.560358 3.803183
v 6.057575 -2.560358 3.803183
v 10.891949 -2.560358 3.803183
v 10.632893 -2.084583 4.091677
v 6.316633 -2.084583 4.091677
v 6.316633 -2.084583 4.091677
v 10.632893 -2.084583 4.091677
v 6.622210 -1.523365 4.192983
v 10.632893 -2.084583 4.091677
v 10.327316 -1.523365 4.192983
v 6.622210 -1.523365 4.192983
v 10.327316 -1.523363 -6.453870
v 10.327316 32.421909 -6.453864
v 10.632893 -2.084581 -6.352565
v 10.327316 32.421909 -6.453864
v 10.632893 32.983124 -6.352559
v 10.632893 -2.084581 -6.352565
v 10.632893 -2.084581 -6.352565
v 10.632893 32.983124 -6.352559
v 10.891949 -2.560356 -6.064071
v 10.632893 32.983124 -6.352559
v 10.891949 33.458904 -6.064065
v 10.891949 -2.560356 -6.064071
v 10.891949 -2.560356 -6.064071
v 10.891949 33.458904 -6.064065
v 11.065046 -2.878263 -5.632311
v 10.891949 33.458904 -6.064065
v 11.065046 33.776806 -5.632305
v 11.065046 -2.878263 -5.632311
v 11.065046 -2.878263 -5.632311
v 11.065046 33.776806 -5.632305
v 11.125828 -2.989897 -5.123014
v 11.065046 33.776806 -5.632305
v 11.125828 33.888439 -5.123008
v 11.125828 -2.989897 -5.123014
v 11.125828 -2.989897 -5.123014
v 11.125828 33.888439 -5.123008
v 11.125828 -2.989897 2.862126
v 11.125828 33.888439 -5.123008
v 11.125828 33.888439 2.862132
v 11.125828 -2.989897 2.862126
v 11.125828 -2.989897 2.862126
v 11.125828 33.888439 2.862132
v 11.065046 -2.878263 3.371423
v 11.125828 33.888439 2.862132
v 11.065046 33.776806 3.371429
v 11.065046 -2.878263 3.371423
v 11.065046 -2.878263 3.371423
v 11.065046 33.776806 3.371429
v 10.891949 -2.560358 3.803183
v 11.065046 33.776806 3.371429
v 10.891949 33.458900 3.803189
v 10.891949 -2.560358 3.803183
v 10.891949 -2.560358 3.803183
v 10.891949 33.458900 3.803189
v 10.632893 -2.084583 4.091677
v 10.891949 33.458900 3.803189
v 10.632893 32.983124 4.091683
v 10.632893 -2.084583 4.091677
v 10.632893 -2.084583 4.091677
v 10.632893 32.983124 4.091683
v 10.327316 -1.523365 4.192983
v 10.632893 32.983124 4.091683
v 10.327316 32.421906 4.192989
v 10.327316 -1.523365 4.192983
v 10.327316 32.421909 -6.453864
v 6.622210 32.421909 -6.453864
v 10.632893 32.983124 -6.352559
v 6.622210 32.421909 -6.453864
v 6.316633 32.983124 -6.352559
v 10.632893 32.983124 -6.352559
v 10.632893 32.983124 -6.352559
v 6.316633 32.983124 -6.352559
v 10.891949 33.458904 -6.064065
v 6.316633 32.983124 -6.352559
v 6.057575 33.458904 -6.064065
v 10.891949 33.458904 -6.064065
v 10.891949 33.458904 -6.064065
v 6.057575 33.458904 -6.064065
v 11.065046 33.776806 -5.632305
v 6.057575 33.458904 -6.064065
v 5.884480 33.776806 -5.632305
v 11.065046 33.776806 -5.632305
v 11.065046 33.776806 -5.632305
v 5.884480 33.776806 -5.632305
v 11.125828 33.888439 -5.123008
v 5.884480 33.776806 -5.632305
v 5.823696 33.888439 -5.123008
v 11.125828 33.888439 -5.123008
v 11.125828 33.888439 -5.123008
v 5.823696 33.888439 -5.123008
v 11.125828 33.888439 2.862132
v 5.823696 33.888439 -5.123008
v 5.823696 33.888439 2.862132
v 11.125828 33.888439 2.862132
v 11.125828 33.888439 2.862132
v 5.823696 33.888439 2.862132
v 11.065046 33.776806 3.371429
v 5.823696 33.888439 2.862132
v 5.884480 33.776806 3.371429
v 11.065046 33.776806 3.371429
v 11.065046 33.776806 3.371429
v 5.884480 33.776806 3.371429
v 10.891949 33.458900 3.803189
v 5.884480 33.776806 3.371429
v 6.057575 33.458900 3.803189
v 10.891949 33.458900 3.803189
v 10.891949 33.458900 3.803189
v 6.057575 33.458900 3.803189
v 10.632893 32.983124 4.091683
v 6.057575 33.458900 3.803189
v 6.316633 32.983124 4.091683
v 10.632893 32.983124 4.091683
v 10.632893 32.983124 4.091683
v 6.316633 32.983124 4.091683
v 10.327316 32.421906 4.192989
v 6.316633 32.983124 4.091683
v 6.622210 32.421906 4.192989
v 10.327316 32.421906 4.192989
v 6.622210 32.421909 -6.453864
v 6.622210 12.046925 -6.453867
v 6.316633 32.983124 -6.352559
v 6.622210 12.046925 -6.453867
v 6.316633 12.608141 -6.352562
v 6.316633 32.983124 -6.352559
v 6.316633 32.983124 -6.352559
v 6.316633 12.608141 -6.352562
v 6.057575 33.458904 -6.064065
v 6.316633 12.608141 -6.352562
v 6.057575 13.083916 -6.064068
v 6.057575 33.458904 -6.064065
v 6.057575 33.458904 -6.064065
v 6.057575 13.083916 -6.064068
v 5.884480 33.776806 -5.632305
v 6.057575 13.083916 -6.064068
v 5.884480 13.401819 -5.632308
v 5.884480 33.776806 -5.632305
v 5.884480 33.776806 -5.632305
v 5.884480 13.401819 -5.632308
v 5.823696 33.888439 -5.123008
v 5.884480 13.401819 -5.632308
v 5.823696 13.513452 -5.123012
v 5.823696 33.888439 -5.123008
v 5.823696 33.888439 -5.123008
v 5.823696 13.513452 -5.123012
v 5.823696 33.888439 2.862132
v 5.823696 13.513452 -5.123012
v 5.823696 13.513451 2.862129
v 5.823696 33.888439 2.862132
v 5.823696 33.888439 2.862132
v 5.823696 13.513451 2.862129
v 5.884480 33.776806 3.371429
v 5.823696 13.513451 2.862129
v 5.884480 13.401818 3.371426
v 5.884480 33.776806 3.371429
v 5.884480 33.776806 3.371429
v 5.884480 13.401818 3.371426
v 6.057575 33.458900 3.803189
v 5.884480 13.401818 3.371426
v 6.057575 13.083914 3.803185
v 6.057575 33.458900 3.803189
v 6.057575 33.458900 3.803189
v 6.057575 13.083914 3.803185
v 6.316633 32.983124 4.091683
v 6.057575 13.083914 3.803185
v 6.316633 12.608139 4.091680
v 6.316633 32.983124 4.091683
v 6.316633 32.983124 4.091683
v 6.316633 12.608139 4.091680
v 6.622210 32.421906 4.192989
v 6.316633 12.608139 4.091680
v 6.622210 12.046923 4.192986
v 6.622210 32.421906 4.192989
v 6.622210 12.046925 -6.453867
v 2.917106 12.046925 -6.453867
v 6.316633 12.608141 -6.352562
v 2.917106 12.046925 -6.453867
v 3.222685 12.608141 -6.352562
v 6.316633 12.608141 -6.352562
v 6.316633 12.608141 -6.352562
v 3.222685 12.608141 -6.352562
v 6.057575 13.083916 -6.064068
v 3.222685 12.608141 -6.352562
v 3.481740 13.083916 -6.064068
v 6.057575 13.083916 -6.064068
v 6.057575 13.083916 -6.064068
v 3.481740 13.083916 -6.064068
v 5.884480 13.401819 -5.632308
v 3.481740 13.083916 -6.064068
v 3.654837 13.401819 -5.632308
v 5.884480 13.401819 -5.632308
v 5.884480 13.401819 -5.632308
v 3.654837 13.401819 -5.632308
v 5.823696 13.513452 -5.123012
v 3.654837 13.401819 -5.632308
v 3.715620 13.513452 -5.123012
v 5.823696 13.513452 -5.123012
v 5.823696 13.513452 -5.123012
v 3.715620 13.513452 -5.123012
v 5.823696 13.513451 2.862129
v 3.715620 13.513452 -5.123012
v 3.715620 13.513451 2.862129
v 5.823696 13.513451 2.862129
v 5.823696 13.513451 2.862129
v 3.715620 13.513451 2.862129
v 5.884480 13.401818 3.371426
v 3.715620 13.513451 2.862129
v 3.654837 13.401818 3.371426
v 5.884480 13.401818 3.371426
v 5.884480 13.401818 3.371426
v 3.654837 13.401818 3.371426
v 6.057575 13.083914 3.803185
v 3.654837 13.401818 3.371426
v 3.481740 13.083914 3.803185
v 6.057575 13.083914 3.803185
v 6.057575 13.083914 3.803185
v 3.481740 13.083914 3.803185
v 6.316633 12.608139 4.091680
v 3.481740 13.083914 3.803185
v 3.222685 12.608139 4.091680
v 6.316633 12.608139 4.091680
v 6.316633 12.608139 4.091680
v 3.222685 12.608139 4.091680
v 6.622210 12.046923 4.192986
v 3.222685 12.608139 4.091680
v 2.917106 12.046923 4.192986
v 6.622210 12.046923 4.192986
v 2.917106 12.046925 -6.453867
v 2.917106 18.851624 -6.453866
v 3.222685 12.608141 -6.352562
v 2.917106 18.851624 -6.453866
v 3.222685 19.412838 -6.352561
v 3.222685 12.608141 -6.352562
v 3.222685 12.608141 -6.352562
v 3.222685 19.412838 -6.352561
v 3.481740 13.083916 -6.064068
v 3.222685 19.412838 -6.352561
v 3.481740 19.888615 -6.064067
v 3.481740 13.083916 -6.064068
v 3.481740 13.083916 -6.064068
v 3.481740 19.888615 -6.064067
v 3.654837 13.401819 -5.632308
v 3.481740 19.888615 -6.064067
v 3.654837 20.206518 -5.632307
v 3.654837 13.401819 -5.632308
v 3.654837 13.401819 -5.632308
v 3.654837 20.206518 -5.632307
v 3.715620 13.513452 -5.123012
v 3.654837 20.206518 -5.632307
v 3.715620 20.318150 -5.123010
v 3.715620 13.513452 -5.123012
v 3.715620 13.513452 -5.123012
v 3.715620 20.318150 -5.123010
v 3.715620 13.513451 2.862129
v 3.715620 20.318150 -5.123010
v 3.715620 20.318150 2.862130
v 3.715620 13.513451 2.862129
v 3.715620 13.513451 2.862129
v 3.715620 20.318150 2.862130
v 3.654837 13.401818 3.371426
v 3.715620 20.318150 2.862130
v 3.654837 20.206516 3.371427
v 3.654837 13.401818 3.371426
v 3.654837 13.401818 3.371426
v 3.654837 20.206516 3.371427
v 3.481740 13.083914 3.803185
v 3.654837 20.206516 3.371427
v 3.481740 19.888613 3.803187
v 3.481740 13.083914 3.803185
v 3.481740 13.083914 3.803185
v 3.481740 19.888613 3.803187
v 3.222685 12.608139 4.091680
v 3.481740 19.888613 3.803187
v 3.222685 19.412836 4.091681
v 3.222685 12.608139 4.091680
v 3.222685 12.608139 4.091680
v 3.222685 19.412836 4.091681
v 2.917106 12.046923 4.192986
v 3.222685 19.412836 4.091681
v 2.917106 18.851622 4.192986
v 2.917106 12.046923 4.192986
v 2.917106 18.851624 -6.453866
v -0.766705 18.851624 -6.453866
v 3.222685 19.412838 -6.352561
v -0.766705 18.851624 -6.453866
v -0.461127 19.412838 -6.352561
v 3.222685 19.412838 -6.352561
v 3.222685 19.412838 -6.352561
v -0.461127 19.412838 -6.352561
v 3.481740 19.888615 -6.064067
v -0.461127 19.412838 -6.352561
v -0.202070 19.888615 -6.064067
v 3.481740 19.888615 -6.064067
v 3.481740 19.888615 -6.064067
v -0.202070 19.888615 -6.064067
v 3.654837 20.206518 -5.632307
v -0.202070 19.888615 -6.064067
v -0.028975 20.206518 -5.632307
v 3.654837 20.206518 -5.632307
v 3.654837 20.206518 -5.632307
v -0.028975 20.206518 -5.632307
v 3.715620 20.318150 -5.123010
v -0.028975 20.206518 -5.632307
v 0.031809 20.318150 -5.123010
v 3.715620 20.318150 -5.123010
v 3.715620 20.318150 -5.123010
v 0.031809 20.318150 -5.123010
v 3.715620 20.318150 2.862130
v 0.031809 20.318150 -5.123010
v 0.031809 20.318150 2.862130
v 3.715620 20.318150 2.862130
v 3.715620 20.318150 2.862130
v 0.031809 20.318150 2.862130
v 3.654837 20.206516 3.371427
v 0.031809 20.318150 2.862130
v -0.028975 20.206516 3.371427
v 3.654837 20.206516 3.371427
v 3.654837 20.206516 3.371427
v -0.028975 20.206516 3.371427
v 3.481740 19.888613 3.803187
v -0.028975 20.206516 3.371427
v -0.202070 19.888613 3.803187
v 3.481740 19.888613 3.803187
v 3.481740 19.888613 3.803187
v -0.202070 19.888613 3.803187
v 3.222685 19.412836 4.091681
v -0.202070 19.888613 3.803187
v -0.461127 19.412836 4.091681
v 3.222685 19.412836 4.091681
v 3.222685 19.412836 4.091681
v -0.461127 19.412836 4.091681
v 2.917106 18.851622 4.192986
v -0.461127 19.412836 4.091681
v -0.766705 18.851622 4.192986
v 2.917106 18.851622 4.192986
v -0.766705 18.851624 -6.453866
v -0.766705 25.617210 -6.453866
v -0.461127 19.412838 -6.352561
v -0.766705 25.617210 -6.453866
v -0.461127 26.178429 -6.352560
v -0.461127 19.412838 -6.352561
v -0.461127 19.412838 -6.352561
v -0.461127 26.178429 -6.352560
v -0.202070 19.888615 -6.064067
v -0.461127 26.178429 -6.352560
v -0.202070 26.654203 -6.064066
v -0.202070 19.888615 -6.064067
v -0.202070 19.888615 -6.064067
v -0.202070 26.654203 -6.064066
v -0.028975 20.206518 -5.632307
v -0.202070 26.654203 -6.064066
v -0.028975 26.972109 -5.632306
v -0.028975 20.206518 -5.632307
v -0.028975 20.206518 -5.632307
v -0.028975 26.972109 -5.632306
v 0.031809 20.318150 -5.123010
v -0.028975 26.972109 -5.632306
v 0.031809 27.083740 -5.123009
v 0.031809 20.318150 -5.123010
v 0.031809 20.318150 -5.123010
v 0.031809 27.083740 -5.123009
v 0.031809 20.318150 2.862130
v 0.031809 27.083740 -5.123009
v 0.031809 27.083740 2.862131
v 0.031809 20.318150 2.862130
v 0.031809 20.318150 2.862130
v 0.031809 27.083740 2.862131
v -0.028975 20.206516 3.371427
v 0.031809 27.083740 2.862131
v -0.028975 26.972107 3.371428
v -0.028975 20.206516 3.371427
v -0.028975 20.206516 3.371427
v -0.028975 26.972107 3.371428
v -0.202070 19.888613 3.803187
v -0.028975 26.972107 3.371428
v -0.202070 26.654202 3.803188
v -0.202070 19.888613 3.803187
v -0.202070 19.888613 3.803187
v -0.202070 26.654202 3.803188
v -0.461127 19.412836 4.091681
v -0.202070 26.654202 3.803188
v -0.461127 26.178429 4.091682
v -0.461127 19.412836 4.091681
v -0.461127 19.412836 4.091681
v -0.461127 26.178429 4.091682
v -0.766705 18.851622 4.192986
v -0.461127 26.178429 4.091682
v -0.766705 25.617210 4.192987
v -0.766705 18.851622 4.192986
v -0.766705 25.617210 -6.453866
v -4.471810 25.617210 -6.453866
v -0.461127 26.178429 -6.352560
v -4.471810 25.617210 -6.453866
v -4.166232 26.178429 -6.352560
v -0.461127 26.178429 -6.352560
v -0.461127 26.178429 -6.352560
v -4.166232 26.178429 -6.352560
v -0.202070 26.654203 -6.064066
v -4.166232 26.178429 -6.352560
v -3.907175 26.654203 -6.064066
v -0.202070 26.654203 -6.064066
v -0.202070 26.654203 -6.064066
v -3.907175 26.654203 -6.064066
v -0.028975 26.972109 -5.632306
v -3.907175 26.654203 -6.064066
v -3.734079 26.972109 -5.632306
v -0.028975 26.972109 -5.632306
v -0.028975 26.972109 -5.632306
v -3.734079 26.972109 -5.632306
v 0.031809 27.083740 -5.123009
v -3.734079 26.972109 -5.632306
v -3.673296 27.083740 -5.123009
v 0.031809 27.083740 -5.123009
v 0.031809 27.083740 -5.123009
v -3.673296 27.083740 -5.123009
v 0.031809 27.083740 2.862131
v -3.673296 27.083740 -5.123009
v -3.673296 27.083740 2.862131
v 0.031809 27.083740 2.862131
v 0.031809 27.083740 2.862131
v -3.673296 27.083740 2.862131
v -0.028975 26.972107 3.371428
v -3.673296 27.083740 2.862131
v -3.734079 26.972107 3.371428
v -0.028975 26.972107 3.371428
v -0.028975 26.972107 3.371428
v -3.734079 26.972107 3.371428
v -0.202070 26.654202 3.803188
v -3.734079 26.972107 3.371428
v -3.907175 26.654202 3.803188
v -0.202070 26.654202 3.803188
v -0.202070 26.654202 3.803188
v -3.907175 26.654202 3.803188
v -0.461127 26.178429 4.091682
v -3.907175 26.654202 3.803188
v -4.166232 26.178429 4.091682
v -0.461127 26.178429 4.091682
v -0.461127 26.178429 4.091682
v -4.166232 26.178429 4.091682
v -0.766705 25.617210 4.192987
v -4.166232 26.178429 4.091682
v -4.471810 25.617210 4.192987
v -0.766705 25.617210 4.192987
v -4.471810 25.617210 -6.453866
v -4.471810 32.421909 -6.453864
v -4.166232 26.178429 -6.352560
v -4.471810 32.421909 -6.453864
v -4.166232 32.983124 -6.352559
v -4.166232 26.178429 -6.352560
v -4.166232 26.178429 -6.352560
v -4.166232 32.983124 -6.352559
v -3.907175 26.654203 -6.064066
v -4.166232 32.983124 -6.352559
v -3.907175 33.458904 -6.064065
v -3.907175 26.654203 -6.064066
v -3.907175 26.654203 -6.064066
v -3.907175 33.458904 -6.064065
v -3.734079 26.972109 -5.632306
v -3.907175 33.458904 -6.064065
v -3.734079 33.776806 -5.632305
v -3.734079 26.972109 -5.632306
v -3.734079 26.972109 -5.632306
v -3.734079 33.776806 -5.632305
v -3.673296 27.083740 -5.123009
v -3.734079 33.776806 -5.632305
v -3.673296 33.888439 -5.123008
v -3.673296 27.083740 -5.123009
v -3.673296 27.083740 -5.123009
v -3.673296 33.888439 -5.123008
v -3.673296 27.083740 2.862131
v -3.673296 33.888439 -5.123008
v -3.673296 33.888439 2.862132
v -3.673296 27.083740 2.862131
v -3.673296 27.083740 2.862131
v -3.673296 33.888439 2.862132
v -3.734079 26.972107 3.371428
v -3.673296 33.888439 2.862132
v -3.734079 33.776806 3.371429
v -3.734079 26.972107 3.371428
v -3.734079 26.972107 3.371428
v -3.734079 33.776806 3.371429
v -3.907175 26.654202 3.803188
v -3.734079 33.776806 3.371429
v -3.907175 33.458900 3.803189
v -3.907175 26.654202 3.803188
v -3.907175 26.654202 3.803188
v -3.907175 33.458900 3.803189
v -4.166232 26.178429 4.091682
v -3.907175 33.458900 3.803189
v -4.166232 32.983124 4.091683
v -4.166232 26.178429 4.091682
v -4.166232 26.178429 4.091682
v -4.166232 32.983124 4.091683
v -4.471810 25.617210 4.192987
v -4.166232 32.983124 4.091683
v -4.471810 32.421906 4.192989
v -4.471810 25.617210 4.192987
v -4.471810 32.421909 -6.453864
v -8.155621 32.421909 -6.453864
v -4.166232 32.983124 -6.352559
v -8.155621 32.421909 -6.453864
v -8.461199 32.983124 -6.352559
v -4.166232 32.983124 -6.352559
v -4.166232 32.983124 -6.352559
v -8.461199 32.983124 -6.352559
v -3.907175 33.458904 -6.064065
v -8.461199 32.983124 -6.352559
v -8.720255 33.458904 -6.064065
v -3.907175 33.458904 -6.064065
v -3.907175 33.458904 -6.064065
v -8.720255 33.458904 -6.064065
v -3.734079 33.776806 -5.632305
v -8.720255 33.458904 -6.064065
v -8.893352 33.776806 -5.632305
v -3.734079 33.776806 -5.632305
v -3.734079 33.776806 -5.632305
v -8.893352 33.776806 -5.632305
v -3.673296 33.888439 -5.123008
v -8.893352 33.776806 -5.632305
v -8.954135 33.888439 -5.123008
v -3.673296 33.888439 -5.123008
v -3.673296 33.888439 -5.123008
v -8.954135 33.888439 -5.123008
v -3.673296 33.888439 2.862132
v -8.954135 33.888439 -5.123008
v -8.954135 33.888439 2.862132
v -3.673296 33.888439 2.862132
v -3.673296 33.888439 2.862132
v -8.954135 33.888439 2.862132
v -3.734079 33.776806 3.371429
v -8.954135 33.888439 2.862132
v -8.893352 33.776806 3.371429
v -3.734079 33.776806 3.371429
v -3.734079 33.776806 3.371429
v -8.893352 33.776806 3.371429
v -3.907175 33.458900 3.803189
v -8.893352 33.776806 3.371429
v -8.720255 33.458900 3.803189
v -3.907175 33.458900 3.803189
v -3.907175 33.458900 3.803189
v -8.720255 33.458900 3.803189
v -4.166232 32.983124 4.091683
v -8.720255 33.458900 3.803189
v -8.461199 32.983124 4.091683
v -4.166232 32.983124 4.091683
v -4.166232 32.983124 4.091683
v -8.461199 32.983124 4.091683
v -4.471810 32.421906 4.192989
v -8.461199 32.983124 4.091683
v -8.155621 32.421906 4.192989
v -4.471810 32.421906 4.192989
v -8.155621 32.421909 -6.453864
v -8.155621 -1.523363 -6.453870
v -8.461199 32.983124 -6.352559
v -8.155621 -1.523363 -6.453870
v -8.461199 -2.084581 -6.352565
v -8.461199 32.983124 -6.352559
v -8.461199 32.983124 -6.352559
v -8.461199 -2.084581 -6.352565
v -8.720255 33.458904 -6.064065
v -8.461199 -2.084581 -6.352565
v -8.720255 -2.560356 -6.064071
v -8.720255 33.458904 -6.064065
v -8.720255 33.458904 -6.064065
v -8.720255 -2.560356 -6.064071
v -8.893352 33.776806 -5.632305
v -8.720255 -2.560356 -6.064071
v -8.893352 -2.878263 -5.632311
v -8.893352 33.776806 -5.632305
v -8.893352 33.776806 -5.632305
v -8.893352 -2.878263 -5.632311
v -8.954135 33.888439 -5.123008
v -8.954135 33.888439 -5.123008
v -8.954135 -2.989897 -5.123014
v -8.954135 33.888439 2.862132
v -8.954135 -2.989897 -5.123014
v -8.954135 -2.989897 2.862126
v -8.954135 33.888439 2.862132
v -8.954135 -2.989897 2.862126
v -8.893352 -2.878263 3.371423
v -8.893352 33.776806 3.371429
v -8.893352 33.776806 3.371429
v -8.893352 -2.878263 3.371423
v -8.720255 33.458900 3.803189
v -8.893352 -2.878263 3.371423
v -8.720255 -2.560358 3.803183
v -8.720255 33.458900 3.803189
v -8.720255 33.458900 3.803189
v -8.720255 -2.560358 3.803183
v -8.461199 32.983124 4.091683
v -8.720255 -2.560358 3.803183
v -8.461199 -2.084583 4.091677
v -8.461199 32.983124 4.091683
v -8.461199 32.983124 4.091683
v -8.461199 -2.084583 4.091677
v -8.155621 32.421906 4.192989
v -8.461199 -2.084583 4.091677
v -8.155621 -1.523365 4.192983
v -8.155621 32.421906 4.192989
v -8.155621 -1.523363 -6.453870
v -4.471810 -1.523363 -6.453870
v -8.461199 -2.084581 -6.352565
v -4.471810 -1.523363 -6.453870
v -4.166232 -2.084581 -6.352565
v -8.461199 -2.084581 -6.352565
v -8.461199 -2.084581 -6.352565
v -4.166232 -2.084581 -6.352565
v -8.720255 -2.560356 -6.064071
v -8.720255 -2.560356 -6.064071
v -3.907175 -2.560356 -6.064071
v -8.893352 -2.878263 -5.632311
v -3.907175 -2.560356 -6.064071
v -3.734079 -2.878263 -5.632311
v -8.893352 -2.878263 -5.632311
v -8.893352 -2.878263 -5.632311
v -3.734079 -2.878263 -5.632311
v -8.954135 -2.989897 -5.123014
v -3.734079 -2.878263 -5.632311
v -3.673296 -2.989897 -5.123014
v -8.954135 -2.989897 -5.123014
v -8.954135 -2.989897 -5.123014
v -3.673296 -2.989897 -5.123014
v -8.954135 -2.989897 2.862126
v -3.673296 -2.989897 -5.123014
v -3.673296 -2.989897 2.862126
v -8.954135 -2.989897 2.862126
v -8.954135 -2.989897 2.862126
v -3.673296 -2.989897 2.862126
v -8.893352 -2.878263 3.371423
v -3.673296 -2.989897 2.862126
v -3.734079 -2.878263 3.371423
v -8.893352 -2.878263 3.371423
v -8.893352 -2.878263 3.371423
v -3.734079 -2.878263 3.371423
v -8.720255 -2.560358 3.803183
v -3.734079 -2.878263 3.371423
v -3.907175 -2.560358 3.803183
v -8.720255 -2.560358 3.803183
v -8.720255 -2.560358 3.803183
v -3.907175 -2.560358 3.803183
v -8.461199 -2.084583 4.091677
v -3.907175 -2.560358 3.803183
v -4.166232 -2.084583 4.091677
v -8.461199 -2.084583 4.091677
v -8.461199 -2.084583 4.091677
v -4.166232 -2.084583 4.091677
v -8.155621 -1.523365 4.192983
v -4.166232 -2.084583 4.091677
v -4.471810 -1.523365 4.192983
v -8.155621 -1.523365 4.192983
v -4.471810 -1.523363 -6.453870
v -4.471810 18.851624 -6.453866
v -4.166232 -2.084581 -6.352565
v -4.471810 18.851624 -6.453866
v -4.166232 18.290405 -6.352561
v -4.166232 -2.084581 -6.352565
v -3.907175 17.814629 -6.064067
v -3.734079 17.496725 -5.632308
v -3.734079 -2.878263 -5.632311
v -3.734079 17.496723 3.371426
v -3.907175 17.814627 3.803186
v -3.907175 -2.560358 3.803183
v 2.118591 10.580393 2.862128
v 2.118591 3.814801 2.862127
v 2.179375 10.692025 3.371425
v 2.179375 10.692025 3.371425
v 2.179375 3.926435 3.371424
v 2.352471 11.009929 3.803185
v 6.622210 5.281333 -6.453868
v 6.316633 4.720118 -6.352564
v 2.611527 4.720118 -6.352564
v 10.632893 -2.084581 -6.352565
v 10.891949 -2.560356 -6.064071
v 6.057575 -2.560356 -6.064071
v 6.057575 -2.560358 3.803183
v 10.891949 -2.560358 3.803183
v 6.316633 -2.084583 4.091677
v -8.893352 -2.878263 -5.632311
v -8.954135 -2.989897 -5.123014
v -8.954135 33.888439 -5.123008
v -8.954135 33.888439 2.862132
v -8.954135 -2.989897 2.862126
v -8.893352 33.776806 3.371429
v -4.166232 -2.084581 -6.352565
v -3.907175 -2.560356 -6.064071
v -8.720255 -2.560356 -6.064071
vt 2.776000 1.000000
vt 1.392000 1.000000
vt 1.392000 -5.944000
vt 6.944000 -0.392000
vt 5.552000 -0.392000
vt 5.552000 -1.776000
vt 8.336000 1.000000
vt 6.944000 1.000000
vt 6.944000 -0.392000
vt 6.944000 -5.944000
vt 8.336000 -5.944000
vt 8.336000 1.000000
vt 2.776000 -4.552000
vt 4.168000 -4.552000
vt 4.168000 -3.168000
vt 1.392000 -5.944000
vt 2.776000 -5.944000
vt 2.776000 -4.552000
vt 2.776000 -3.168000
vt 2.776000 1.000000
vt 1.392000 -5.944000
vt 6.944000 -1.776000
vt 6.944000 -5.944000
vt 8.336000 1.000000
vt 2.776000 -3.168000
vt 1.392000 -5.944000
vt 2.776000 -4.552000
vt 6.944000 -1.776000
vt 8.336000 1.000000
vt 6.944000 -0.392000
vt 2.776000 -3.168000
vt 2.776000 -4.552000
vt 4.168000 -3.168000
vt 6.944000 -1.776000
vt 6.944000 -0.392000
vt 5.552000 -1.776000
vt 5.552000 -1.776000
vt 4.168000 -1.776000
vt 4.168000 -3.168000
vt 4.168000 -3.168000
vt 5.552000 -3.168000
vt 5.552000 -1.776000
vt 1.392000 -5.944000
vt 1.392000 1.000000
vt 2.776000 1.000000
vt 5.552000 -1.776000
vt 5.552000 -0.392000
vt 6.944000 -0.392000
vt 6.944000 -0.392000
vt 6.944000 1.000000
vt 8.336000 1.000000
vt 8.336000 1.000000
vt 8.336000 -5.944000
vt 6.944000 -5.944000
vt 4.168000 -3.168000
vt 4.168000 -4.552000
vt 2.776000 -4.552000
vt 2.776000 -4.552000
vt 2.776000 -5.944000
vt 1.392000 -5.944000
vt 1.392000 -5.944000
vt 2.776000 1.000000
vt 2.776000 -3.168000
vt 8.336000 1.000000
vt 6.944000 -5.944000
vt 6.944000 -1.776000
vt 2.776000 -4.552000
vt 1.392000 -5.944000
vt 2.776000 -3.168000
vt 6.944000 -0.392000
vt 8.336000 1.000000
vt 6.944000 -1.776000
vt 4.168000 -3.168000
vt 2.776000 -4.552000
vt 2.776000 -3.168000
vt 5.552000 -1.776000
vt 6.944000 -0.392000
vt 6.944000 -1.776000
vt 4.168000 -3.168000
vt 4.168000 -1.776000
vt 5.552000 -1.776000
vt 5.552000 -1.776000
vt 5.552000 -3.168000
vt 4.168000 -3.168000
vt -0.114805 -0.461940
vt 4.053195 -0.461940
vt -0.212132 -0.353553
vt 4.053195 -0.461940
vt 3.955868 -0.353553
vt -0.212132 -0.353553
vt -0.212132 -0.353553
vt 3.955868 -0.353553
vt -0.277164 -0.191342
vt -0.277164 -0.191342
vt 3.890836 -0.191342
vt -0.300000 0.000000
vt 3.890836 -0.191342
vt 3.868000 0.000000
vt -0.300000 0.000000
vt -0.300000 0.000000
vt 3.868000 0.000000
vt -0.300000 3.000000
vt 3.868000 0.000000
vt 3.868000 3.000000
vt -0.300000 3.000000
vt -0.300000 3.000000
vt 3.868000 3.000000
vt -0.277164 3.191342
vt 3.868000 3.000000
vt 3.890836 3.191342
vt -0.277164 3.191342
vt -0.277164 3.191342
vt 3.890836 3.191342
vt -0.212132 3.353553
vt -0.212132 3.353553
vt 3.955868 3.353553
vt -0.114805 3.461940
vt 3.955868 3.353553
vt 4.053195 3.461940
vt -0.114805 3.461940
vt -0.114805 3.461940
vt 4.053195 3.461940
vt 0.000000 3.500000
vt 4.053195 3.461940
vt 4.168000 3.500000
vt 0.000000 3.500000
vt 2.776000 -0.500000
vt 4.168000 -0.500000
vt 2.890805 -0.461940
vt 4.168000 -0.500000
vt 4.053195 -0.461940
vt 2.890805 -0.461940
vt 2.890805 -0.461940
vt 4.053195 -0.461940
vt 2.988132 -0.353553
vt 4.053195 -0.461940
vt 3.955868 -0.353553
vt 2.988132 -0.353553
vt 2.988132 -0.353553
vt 3.955868 -0.353553
vt 3.053164 -0.191342
vt 3.955868 -0.353553
vt 3.890836 -0.191342
vt 3.053164 -0.191342
vt 3.053164 -0.191342
vt 3.890836 -0.191342
vt 3.076000 0.000000
vt 3.890836 -0.191342
vt 3.868000 0.000000
vt 3.076000 0.000000
vt 3.076000 0.000000
vt 3.868000 0.000000
vt 3.076000 3.000000
vt 3.868000 0.000000
vt 3.868000 3.000000
vt 3.076000 3.000000
vt 3.076000 3.000000
vt 3.868000 3.000000
vt 3.053164 3.191342
vt 3.868000 3.000000
vt 3.890836 3.191342
vt 3.053164 3.191342
vt 3.053164 3.191342
vt 3.890836 3.191342
vt 2.988132 3.353553
vt 3.890836 3.191342
vt 3.955868 3.353553
vt 2.988132 3.353553
vt 2.988132 3.353553
vt 3.955868 3.353553
vt 2.890805 3.461940
vt 3.955868 3.353553
vt 4.053195 3.461940
vt 2.890805 3.461940
vt 2.890805 3.461940
vt 4.053195 3.461940
vt 2.776000 3.500000
vt 4.053195 3.461940
vt 4.168000 3.500000
vt 2.776000 3.500000
vt 4.168000 -0.500000
vt 2.776000 -0.500000
vt 4.053195 -0.461940
vt 2.776000 -0.500000
vt 2.661195 -0.461940
vt 4.053195 -0.461940
vt 4.053195 -0.461940
vt 2.661195 -0.461940
vt 3.955868 -0.353553
vt 2.661195 -0.461940
vt 2.563868 -0.353553
vt 3.955868 -0.353553
vt 3.955868 -0.353553
vt 2.563868 -0.353553
vt 3.890836 -0.191342
vt 2.563868 -0.353553
vt 2.498836 -0.191342
vt 3.890836 -0.191342
vt 3.890836 -0.191342
vt 2.498836 -0.191342
vt 3.868000 0.000000
vt 2.498836 -0.191342
vt 2.476000 0.000000
vt 3.868000 0.000000
vt 3.868000 0.000000
vt 2.476000 0.000000
vt 3.868000 3.000000
vt 2.476000 0.000000
vt 2.476000 3.000000
vt 3.868000 3.000000
vt 3.868000 3.000000
vt 2.476000 3.000000
vt 3.890836 3.191342
vt 2.476000 3.000000
vt 2.498836 3.191342
vt 3.890836 3.191342
vt 3.890836 3.191342
vt 2.498836 3.191342
vt 3.955868 3.353553
vt 2.498836 3.191342
vt 2.563868 3.353553
vt 3.955868 3.353553
vt 3.955868 3.353553
vt 2.563868 3.353553
vt 4.053195 3.461940
vt 2.563868 3.353553
vt 2.661195 3.461940
vt 4.053195 3.461940
vt 4.053195 3.461940
vt 2.661195 3.461940
vt 4.168000 3.500000
vt 2.661195 3.461940
vt 2.776000 3.500000
vt 4.168000 3.500000
vt 4.168000 -0.500000
vt 5.552000 -0.500000
vt 4.053195 -0.461940
vt 5.552000 -0.500000
vt 5.437195 -0.461940
vt 4.053195 -0.461940
vt 4.053195 -0.461940
vt 5.437195 -0.461940
vt 3.955868 -0.353553
vt 5.437195 -0.461940
vt 5.339868 -0.353553
vt 3.955868 -0.353553
vt 3.955868 -0.353553
vt 5.339868 -0.353553
vt 3.890836 -0.191342
vt 5.339868 -0.353553
vt 5.274836 -0.191342
vt 3.890836 -0.191342
vt 3.890836 -0.191342
vt 5.274836 -0.191342
vt 3.868000 0.000000
vt 5.274836 -0.191342
vt 5.252000 0.000000
vt 3.868000 0.000000
vt 3.868000 0.000000
vt 5.252000 0.000000
vt 3.868000 3.000000
vt 5.252000 0.000000
vt 5.252000 3.000000
vt 3.868000 3.000000
vt 3.868000 3.000000
vt 5.252000 3.000000
vt 3.890836 3.191342
vt 5.252000 3.000000
vt 5.274836 3.191342
vt 3.890836 3.191342
vt 3.890836 3.191342
vt 5.274836 3.191342
vt 3.955868 3.353553
vt 5.274836 3.191342
vt 5.339868 3.353553
vt 3.955868 3.353553
vt 3.955868 3.353553
vt 5.339868 3.353553
vt 4.053195 3.461940
vt 5.339868 3.353553
vt 5.437195 3.461940
vt 4.053195 3.461940
vt 4.053195 3.461940
vt 5.437195 3.461940
vt 4.168000 3.500000
vt 5.437195 3.461940
vt 5.552000 3.500000
vt 4.168000 3.500000
vt 2.776000 -0.500000
vt 1.392000 -0.500000
vt 2.661195 -0.461940
vt 1.392000 -0.500000
vt 1.277195 -0.461940
vt 2.661195 -0.461940
vt 2.661195 -0.461940
vt 1.277195 -0.461940
vt 2.563868 -0.353553
vt 1.277195 -0.461940
vt 1.179868 -0.353553
vt 2.563868 -0.353553
vt 2.563868 -0.353553
vt 1.179868 -0.353553
vt 2.498836 -0.191342
vt 1.179868 -0.353553
vt 1.114836 -0.191342
vt 2.498836 -0.191342
vt 2.498836 -0.191342
vt 1.114836 -0.191342
vt 2.476000 0.000000
vt 1.114836 -0.191342
vt 1.092000 0.000000
vt 2.476000 0.000000
vt 2.476000 0.000000
vt 1.092000 0.000000
vt 2.476000 3.000000
vt 1.092000 0.000000
vt 1.092000 3.000000
vt 2.476000 3.000000
vt 1.092000 3.000000
vt 1.114836 3.191342
vt 2.498836 3.191342
vt 1.114836 3.191342
vt 1.179868 3.353553
vt 2.563868 3.353553
vt 2.563868 3.353553
vt 1.179868 3.353553
vt 2.661195 3.461940
vt 1.179868 3.353553
vt 1.277195 3.461940
vt 2.661195 3.461940
vt 2.661195 3.461940
vt 1.277195 3.461940
vt 2.776000 3.500000
vt 1.277195 3.461940
vt 1.392000 3.500000
vt 2.776000 3.500000
vt 5.552000 -0.500000
vt 6.944000 -0.500000
vt 5.437195 -0.461940
vt 5.437195 -0.461940
vt 6.829195 -0.461940
vt 5.339868 -0.353553
vt 6.829195 -0.461940
vt 6.731868 -0.353553
vt 5.339868 -0.353553
vt 5.339868 -0.353553
vt 6.731868 -0.353553
vt 5.274836 -0.191342
vt 6.731868 -0.353553
vt 6.666836 -0.191342
vt 5.274836 -0.191342
vt 5.274836 -0.191342
vt 6.666836 -0.191342
vt 5.252000 0.000000
vt 6.666836 -0.191342
vt 6.644000 0.000000
vt 5.252000 0.000000
vt 5.252000 0.000000
vt 6.644000 0.000000
vt 5.252000 3.000000
vt 6.644000 0.000000
vt 6.644000 3.000000
vt 5.252000 3.000000
vt 5.252000 3.000000
vt 6.644000 3.000000
vt 5.274836 3.191342
vt 6.644000 3.000000
vt 6.666836 3.191342
vt 5.274836 3.191342
vt 5.274836 3.191342
vt 6.666836 3.191342
vt 5.339868 3.353553
vt 6.666836 3.191342
vt 6.731868 3.353553
vt 5.339868 3.353553
vt 5.339868 3.353553
vt 6.731868 3.353553
vt 5.437195 3.461940
vt 6.731868 3.353553
vt 6.829195 3.461940
vt 5.437195 3.461940
vt 5.437195 3.461940
vt 6.829195 3.461940
vt 5.552000 3.500000
vt 6.829195 3.461940
vt 6.944000 3.500000
vt 5.552000 3.500000
vt 1.392000 -0.500000
vt 0.000000 -0.500000
vt 1.277195 -0.461940
vt 0.000000 -0.500000
vt -0.114805 -0.461940
vt 1.277195 -0.461940
vt 1.277195 -0.461940
vt -0.114805 -0.461940
vt 1.179868 -0.353553
vt -0.114805 -0.461940
vt -0.212132 -0.353553
vt 1.179868 -0.353553
vt 1.179868 -0.353553
vt -0.212132 -0.353553
vt 1.114836 -0.191342
vt -0.212132 -0.353553
vt -0.277164 -0.191342
vt 1.114836 -0.191342
vt 1.114836 -0.191342
vt -0.277164 -0.191342
vt 1.092000 0.000000
vt -0.277164 -0.191342
vt -0.300000 0.000000
vt 1.092000 0.000000
vt 1.092000 0.000000
vt -0.300000 0.000000
vt 1.092000 3.000000
vt -0.300000 0.000000
vt -0.300000 3.000000
vt 1.092000 3.000000
vt 1.092000 3.000000
vt -0.300000 3.000000
vt 1.114836 3.191342
vt -0.300000 3.000000
vt -0.277164 3.191342
vt 1.114836 3.191342
vt 1.114836 3.191342
vt -0.277164 3.191342
vt 1.179868 3.353553
vt -0.277164 3.191342
vt -0.212132 3.353553
vt 1.179868 3.353553
vt 1.179868 3.353553
vt -0.212132 3.353553
vt 1.277195 3.461940
vt -0.212132 3.353553
vt -0.114805 3.461940
vt 1.277195 3.461940
vt 1.277195 3.461940
vt -0.114805 3.461940
vt 1.392000 3.500000
vt -0.114805 3.461940
vt 0.000000 3.500000
vt 1.392000 3.500000
vt 6.944000 -0.500000
vt 8.336000 -0.500000
vt 6.829195 -0.461940
vt 8.336000 -0.500000
vt 8.450805 -0.461940
vt 6.829195 -0.461940
vt 6.829195 -0.461940
vt 8.450805 -0.461940
vt 6.731868 -0.353553
vt 6.731868 -0.353553
vt 8.548132 -0.353553
vt 6.666836 -0.191342
vt 8.548132 -0.353553
vt 8.613164 -0.191342
vt 6.666836 -0.191342
vt 6.666836 -0.191342
vt 8.613164 -0.191342
vt 6.644000 0.000000
vt 8.613164 -0.191342
vt 8.636000 0.000000
vt 6.644000 0.000000
vt 6.644000 0.000000
vt 8.636000 0.000000
vt 6.644000 3.000000
vt 8.636000 0.000000
vt 8.636000 3.000000
vt 6.644000 3.000000
vt 6.644000 3.000000
vt 8.636000 3.000000
vt 6.666836 3.191342
vt 8.636000 3.000000
vt 8.613164 3.191342
vt 6.666836 3.191342
vt 6.666836 3.191342
vt 8.613164 3.191342
vt 6.731868 3.353553
vt 8.613164 3.191342
vt 8.548132 3.353553
vt 6.731868 3.353553
vt 8.548132 3.353553
vt 8.450805 3.461940
vt 6.829195 3.461940
vt 6.829195 3.461940
vt 8.450805 3.461940
vt 6.944000 3.500000
vt 8.450805 3.461940
vt 8.336000 3.500000
vt 6.944000 3.500000
vt 0.000000 -0.500000
vt 6.944000 -0.500000
vt -0.114805 -0.461940
vt 6.944000 -0.500000
vt 7.058805 -0.461940
vt -0.114805 -0.461940
vt -0.114805 -0.461940
vt 7.058805 -0.461940
vt -0.212132 -0.353553
vt 7.058805 -0.461940
vt 7.156132 -0.353553
vt -0.212132 -0.353553
vt -0.212132 -0.353553
vt 7.156132 -0.353553
vt -0.277164 -0.191342
vt 7.156132 -0.353553
vt 7.221164 -0.191342
vt -0.277164 -0.191342
vt -0.277164 -0.191342
vt 7.221164 -0.191342
vt -0.300000 0.000000
vt 7.221164 -0.191342
vt 7.244000 0.000000
vt -0.300000 0.000000
vt -0.300000 0.000000
vt 7.244000 0.000000
vt -0.300000 3.000000
vt 7.244000 0.000000
vt 7.244000 3.000000
vt -0.300000 3.000000
vt -0.300000 3.000000
vt 7.244000 3.000000
vt -0.277164 3.191342
vt 7.244000 3.000000
vt 7.221164 3.191342
vt -0.277164 3.191342
vt -0.277164 3.191342
vt 7.221164 3.191342
vt -0.212132 3.353553
vt 7.221164 3.191342
vt 7.156132 3.353553
vt -0.212132 3.353553
vt -0.212132 3.353553
vt 7.156132 3.353553
vt -0.114805 3.461940
vt 7.156132 3.353553
vt 7.058805 3.461940
vt -0.114805 3.461940
vt -0.114805 3.461940
vt 7.058805 3.461940
vt 0.000000 3.500000
vt 7.058805 3.461940
vt 6.944000 3.500000
vt 0.000000 3.500000
vt 8.336000 -0.500000
vt 6.944000 -0.500000
vt 8.450805 -0.461940
vt 6.944000 -0.500000
vt 6.829195 -0.461940
vt 8.450805 -0.461940
vt 8.450805 -0.461940
vt 6.829195 -0.461940
vt 8.548132 -0.353553
vt 6.829195 -0.461940
vt 6.731868 -0.353553
vt 8.548132 -0.353553
vt 8.548132 -0.353553
vt 6.731868 -0.353553
vt 8.613164 -0.191342
vt 6.731868 -0.353553
vt 6.666836 -0.191342
vt 8.613164 -0.191342
vt 8.613164 -0.191342
vt 6.666836 -0.191342
vt 8.636000 0.000000
vt 6.666836 -0.191342
vt 6.644000 0.000000
vt 8.636000 0.000000
vt 8.636000 0.000000
vt 6.644000 0.000000
vt 8.636000 3.000000
vt 6.644000 0.000000
vt 6.644000 3.000000
vt 8.636000 3.000000
vt 8.636000 3.000000
vt 6.644000 3.000000
vt 8.613164 3.191342
vt 6.644000 3.000000
vt 6.666836 3.191342
vt 8.613164 3.191342
vt 8.613164 3.191342
vt 6.666836 3.191342
vt 8.548132 3.353553
vt 6.666836 3.191342
vt 6.731868 3.353553
vt 8.548132 3.353553
vt 8.548132 3.353553
vt 6.731868 3.353553
vt 8.450805 3.461940
vt 6.731868 3.353553
vt 6.829195 3.461940
vt 8.450805 3.461940
vt 8.450805 3.461940
vt 6.829195 3.461940
vt 8.336000 3.500000
vt 6.829195 3.461940
vt 6.944000 3.500000
vt 8.336000 3.500000
vt 6.944000 -0.500000
vt 2.776000 -0.500000
vt 7.058805 -0.461940
vt 2.776000 -0.500000
vt 2.890805 -0.461940
vt 7.058805 -0.461940
vt 7.058805 -0.461940
vt 2.890805 -0.461940
vt 7.156132 -0.353553
vt 2.890805 -0.461940
vt 2.988132 -0.353553
vt 7.156132 -0.353553
vt 7.156132 -0.353553
vt 2.988132 -0.353553
vt 7.221164 -0.191342
vt 2.988132 -0.353553
vt 3.053164 -0.191342
vt 7.221164 -0.191342
vt 7.221164 -0.191342
vt 3.053164 -0.191342
vt 7.244000 0.000000
vt 3.053164 -0.191342
vt 3.076000 0.000000
vt 7.244000 0.000000
vt 7.244000 0.000000
vt 3.076000 0.000000
vt 7.244000 3.000000
vt 3.076000 0.000000
vt 3.076000 3.000000
vt 7.244000 3.000000
vt 7.244000 3.000000
vt 3.076000 3.000000
vt 7.221164 3.191342
vt 3.076000 3.000000
vt 3.053164 3.191342
vt 7.221164 3.191342
vt 7.221164 3.191342
vt 3.053164 3.191342
vt 7.156132 3.353553
vt 3.053164 3.191342
vt 2.988132 3.353553
vt 7.156132 3.353553
vt 7.156132 3.353553
vt 2.988132 3.353553
vt 7.058805 3.461940
vt 2.988132 3.353553
vt 2.890805 3.461940
vt 7.058805 3.461940
vt 7.058805 3.461940
vt 2.890805 3.461940
vt 6.944000 3.500000
vt 2.890805 3.461940
vt 2.776000 3.500000
vt 6.944000 3.500000
vt 6.944000 -0.500000
vt 5.552000 -0.500000
vt 6.829195 -0.461940
vt 5.552000 -0.500000
vt 5.666805 -0.461940
vt 6.829195 -0.461940
vt 6.829195 -0.461940
vt 5.666805 -0.461940
vt 6.731868 -0.353553
vt 5.666805 -0.461940
vt 5.764132 -0.353553
vt 6.731868 -0.353553
vt 6.731868 -0.353553
vt 5.764132 -0.353553
vt 6.666836 -0.191342
vt 5.764132 -0.353553
vt 5.829164 -0.191342
vt 6.666836 -0.191342
vt 6.666836 -0.191342
vt 5.829164 -0.191342
vt 6.644000 0.000000
vt 5.829164 -0.191342
vt 5.852000 0.000000
vt 6.644000 0.000000
vt 6.644000 0.000000
vt 5.852000 0.000000
vt 6.644000 3.000000
vt 5.852000 0.000000
vt 5.852000 3.000000
vt 6.644000 3.000000
vt 6.644000 3.000000
vt 5.852000 3.000000
vt 6.666836 3.191342
vt 5.852000 3.000000
vt 5.829164 3.191342
vt 6.666836 3.191342
vt 6.666836 3.191342
vt 5.829164 3.191342
vt 6.731868 3.353553
vt 5.829164 3.191342
vt 5.764132 3.353553
vt 6.731868 3.353553
vt 6.731868 3.353553
vt 5.764132 3.353553
vt 6.829195 3.461940
vt 5.764132 3.353553
vt 5.666805 3.461940
vt 6.829195 3.461940
vt 6.829195 3.461940
vt 5.666805 3.461940
vt 6.944000 3.500000
vt 5.666805 3.461940
vt 5.552000 3.500000
vt 6.944000 3.500000
vt 2.776000 -0.500000
vt 4.168000 -0.500000
vt 2.890805 -0.461940
vt 4.168000 -0.500000
vt 4.282805 -0.461940
vt 2.890805 -0.461940
vt 2.890805 -0.461940
vt 4.282805 -0.461940
vt 2.988132 -0.353553
vt 4.282805 -0.461940
vt 4.380132 -0.353553
vt 2.988132 -0.353553
vt 2.988132 -0.353553
vt 4.380132 -0.353553
vt 3.053164 -0.191342
vt 4.380132 -0.353553
vt 4.445164 -0.191342
vt 3.053164 -0.191342
vt 3.053164 -0.191342
vt 4.445164 -0.191342
vt 3.076000 0.000000
vt 4.445164 -0.191342
vt 4.468000 0.000000
vt 3.076000 0.000000
vt 3.076000 0.000000
vt 4.468000 0.000000
vt 3.076000 3.000000
vt 4.468000 0.000000
vt 4.468000 3.000000
vt 3.076000 3.000000
vt 3.076000 3.000000
vt 4.468000 3.000000
vt 3.053164 3.191342
vt 4.468000 3.000000
vt 4.445164 3.191342
vt 3.053164 3.191342
vt 3.053164 3.191342
vt 4.445164 3.191342
vt 2.988132 3.353553
vt 4.445164 3.191342
vt 4.380132 3.353553
vt 2.988132 3.353553
vt 2.988132 3.353553
vt 4.380132 3.353553
vt 2.890805 3.461940
vt 4.380132 3.353553
vt 4.282805 3.461940
vt 2.890805 3.461940
vt 2.890805 3.461940
vt 4.282805 3.461940
vt 2.776000 3.500000
vt 4.282805 3.461940
vt 4.168000 3.500000
vt 2.776000 3.500000
vt 5.552000 -0.500000
vt 4.168000 -0.500000
vt 5.666805 -0.461940
vt 4.168000 -0.500000
vt 4.282805 -0.461940
vt 5.666805 -0.461940
vt 5.666805 -0.461940
vt 4.282805 -0.461940
vt 5.764132 -0.353553
vt 4.282805 -0.461940
vt 4.380132 -0.353553
vt 5.764132 -0.353553
vt 5.764132 -0.353553
vt 4.380132 -0.353553
vt 5.829164 -0.191342
vt 4.380132 -0.353553
vt 4.445164 -0.191342
vt 5.829164 -0.191342
vt 5.829164 -0.191342
vt 4.445164 -0.191342
vt 5.852000 0.000000
vt 4.445164 -0.191342
vt 4.468000 0.000000
vt 5.852000 0.000000
vt 5.852000 0.000000
vt 4.468000 0.000000
vt 5.852000 3.000000
vt 4.468000 0.000000
vt 4.468000 3.000000
vt 5.852000 3.000000
vt 5.852000 3.000000
vt 4.468000 3.000000
vt 5.829164 3.191342
vt 4.468000 3.000000
vt 4.445164 3.191342
vt 5.829164 3.191342
vt 5.829164 3.191342
vt 4.445164 3.191342
vt 5.764132 3.353553
vt 4.445164 3.191342
vt 4.380132 3.353553
vt 5.764132 3.353553
vt 5.764132 3.353553
vt 4.380132 3.353553
vt 5.666805 3.461940
vt 4.380132 3.353553
vt 4.282805 3.461940
vt 5.666805 3.461940
vt 5.666805 3.461940
vt 4.282805 3.461940
vt 5.552000 3.500000
vt 4.282805 3.461940
vt 4.168000 3.500000
vt 5.552000 3.500000
vt 4.168000 -0.500000
vt 5.552000 -0.500000
vt 4.282805 -0.461940
vt 5.552000 -0.500000
vt 5.666805 -0.461940
vt 4.282805 -0.461940
vt 4.282805 -0.461940
vt 5.666805 -0.461940
vt 4.380132 -0.353553
vt 5.666805 -0.461940
vt 5.764132 -0.353553
vt 4.380132 -0.353553
vt 4.380132 -0.353553
vt 5.764132 -0.353553
vt 4.445164 -0.191342
vt 5.764132 -0.353553
vt 5.829164 -0.191342
vt 4.445164 -0.191342
vt 4.445164 -0.191342
vt 5.829164 -0.191342
vt 4.468000 0.000000
vt 5.829164 -0.191342
vt 5.852000 0.000000
vt 4.468000 0.000000
vt 4.468000 0.000000
vt 5.852000 0.000000
vt 4.468000 3.000000
vt 5.852000 0.000000
vt 5.852000 3.000000
vt 4.468000 3.000000
vt 4.468000 3.000000
vt 5.852000 3.000000
vt 4.445164 3.191342
vt 5.852000 3.000000
vt 5.829164 3.191342
vt 4.445164 3.191342
vt 4.445164 3.191342
vt 5.829164 3.191342
vt 4.380132 3.353553
vt 5.829164 3.191342
vt 5.764132 3.353553
vt 4.380132 3.353553
vt 4.380132 3.353553
vt 5.764132 3.353553
vt 4.282805 3.461940
vt 5.764132 3.353553
vt 5.666805 3.461940
vt 4.282805 3.461940
vt 4.282805 3.461940
vt 5.666805 3.461940
vt 4.168000 3.500000
vt 5.666805 3.461940
vt 5.552000 3.500000
vt 4.168000 3.500000
vt 4.168000 -0.500000
vt 2.776000 -0.500000
vt 4.282805 -0.461940
vt 2.776000 -0.500000
vt 2.890805 -0.461940
vt 4.282805 -0.461940
vt 4.282805 -0.461940
vt 2.890805 -0.461940
vt 4.380132 -0.353553
vt 2.890805 -0.461940
vt 2.988132 -0.353553
vt 4.380132 -0.353553
vt 4.380132 -0.353553
vt 2.988132 -0.353553
vt 4.445164 -0.191342
vt 2.988132 -0.353553
vt 3.053164 -0.191342
vt 4.445164 -0.191342
vt 4.445164 -0.191342
vt 3.053164 -0.191342
vt 4.468000 0.000000
vt 3.053164 -0.191342
vt 3.076000 0.000000
vt 4.468000 0.000000
vt 4.468000 0.000000
vt 3.076000 0.000000
vt 4.468000 3.000000
vt 3.076000 0.000000
vt 3.076000 3.000000
vt 4.468000 3.000000
vt 4.468000 3.000000
vt 3.076000 3.000000
vt 4.445164 3.191342
vt 3.076000 3.000000
vt 3.053164 3.191342
vt 4.445164 3.191342
vt 4.445164 3.191342
vt 3.053164 3.191342
vt 4.380132 3.353553
vt 3.053164 3.191342
vt 2.988132 3.353553
vt 4.380132 3.353553
vt 4.380132 3.353553
vt 2.988132 3.353553
vt 4.282805 3.461940
vt 2.988132 3.353553
vt 2.890805 3.461940
vt 4.282805 3.461940
vt 4.282805 3.461940
vt 2.890805 3.461940
vt 4.168000 3.500000
vt 2.890805 3.461940
vt 2.776000 3.500000
vt 4.168000 3.500000
vt 5.552000 -0.500000
vt 6.944000 -0.500000
vt 5.666805 -0.461940
vt 6.944000 -0.500000
vt 7.058805 -0.461940
vt 5.666805 -0.461940
vt 5.666805 -0.461940
vt 7.058805 -0.461940
vt 5.764132 -0.353553
vt 7.058805 -0.461940
vt 7.156132 -0.353553
vt 5.764132 -0.353553
vt 5.764132 -0.353553
vt 7.156132 -0.353553
vt 5.829164 -0.191342
vt 7.156132 -0.353553
vt 7.221164 -0.191342
vt 5.829164 -0.191342
vt 5.829164 -0.191342
vt 7.221164 -0.191342
vt 5.852000 0.000000
vt 7.221164 -0.191342
vt 7.244000 0.000000
vt 5.852000 0.000000
vt 5.852000 0.000000
vt 7.244000 0.000000
vt 5.852000 3.000000
vt 7.244000 0.000000
vt 7.244000 3.000000
vt 5.852000 3.000000
vt 5.852000 3.000000
vt 7.244000 3.000000
vt 5.829164 3.191342
vt 7.244000 3.000000
vt 7.221164 3.191342
vt 5.829164 3.191342
vt 5.829164 3.191342
vt 7.221164 3.191342
vt 5.764132 3.353553
vt 7.221164 3.191342
vt 7.156132 3.353553
vt 5.764132 3.353553
vt 5.764132 3.353553
vt 7.156132 3.353553
vt 5.666805 3.461940
vt 7.156132 3.353553
vt 7.058805 3.461940
vt 5.666805 3.461940
vt 5.666805 3.461940
vt 7.058805 3.461940
vt 5.552000 3.500000
vt 7.058805 3.461940
vt 6.944000 3.500000
vt 5.552000 3.500000
vt 2.776000 -0.500000
vt 1.392000 -0.500000
vt 2.890805 -0.461940
vt 1.392000 -0.500000
vt 1.277195 -0.461940
vt 2.890805 -0.461940
vt 2.890805 -0.461940
vt 1.277195 -0.461940
vt 2.988132 -0.353553
vt 1.277195 -0.461940
vt 1.179868 -0.353553
vt 2.988132 -0.353553
vt 2.988132 -0.353553
vt 1.179868 -0.353553
vt 3.053164 -0.191342
vt 1.179868 -0.353553
vt 1.114836 -0.191342
vt 3.053164 -0.191342
vt 3.053164 -0.191342
vt 1.114836 -0.191342
vt 3.076000 0.000000
vt 1.114836 -0.191342
vt 1.092000 0.000000
vt 3.076000 0.000000
vt 3.076000 0.000000
vt 1.092000 0.000000
vt 3.076000 3.000000
vt 1.092000 0.000000
vt 1.092000 3.000000
vt 3.076000 3.000000
vt 3.076000 3.000000
vt 1.092000 3.000000
vt 3.053164 3.191342
vt 1.092000 3.000000
vt 1.114836 3.191342
vt 3.053164 3.191342
vt 3.053164 3.191342
vt 1.114836 3.191342
vt 2.988132 3.353553
vt 1.114836 3.191342
vt 1.179868 3.353553
vt 2.988132 3.353553
vt 2.988132 3.353553
vt 1.179868 3.353553
vt 2.890805 3.461940
vt 1.179868 3.353553
vt 1.277195 3.461940
vt 2.890805 3.461940
vt 2.890805 3.461940
vt 1.277195 3.461940
vt 2.776000 3.500000
vt 1.277195 3.461940
vt 1.392000 3.500000
vt 2.776000 3.500000
vt 6.944000 -0.500000
vt 0.000000 -0.500000
vt 7.058805 -0.461940
vt 0.000000 -0.500000
vt -0.114805 -0.461940
vt 7.058805 -0.461940
vt 7.058805 -0.461940
vt -0.114805 -0.461940
vt 7.156132 -0.353553
vt -0.114805 -0.461940
vt -0.212132 -0.353553
vt 7.156132 -0.353553
vt 7.156132 -0.353553
vt -0.212132 -0.353553
vt 7.221164 -0.191342
vt -0.212132 -0.353553
vt -0.277164 -0.191342
vt 7.221164 -0.191342
vt 7.221164 -0.191342
vt -0.277164 -0.191342
vt 7.244000 0.000000
vt 7.244000 0.000000
vt -0.300000 0.000000
vt 7.244000 3.000000
vt -0.300000 0.000000
vt -0.300000 3.000000
vt 7.244000 3.000000
vt -0.300000 3.000000
vt -0.277164 3.191342
vt 7.221164 3.191342
vt 7.221164 3.191342
vt -0.277164 3.191342
vt 7.156132 3.353553
vt -0.277164 3.191342
vt -0.212132 3.353553
vt 7.156132 3.353553
vt 7.156132 3.353553
vt -0.212132 3.353553
vt 7.058805 3.461940
vt -0.212132 3.353553
vt -0.114805 3.461940
vt 7.058805 3.461940
vt 7.058805 3.461940
vt -0.114805 3.461940
vt 6.944000 3.500000
vt -0.114805 3.461940
vt 0.000000 3.500000
vt 6.944000 3.500000
vt 1.392000 -0.500000
vt 2.776000 -0.500000
vt 1.277195 -0.461940
vt 2.776000 -0.500000
vt 2.890805 -0.461940
vt 1.277195 -0.461940
vt 1.277195 -0.461940
vt 2.890805 -0.461940
vt 1.179868 -0.353553
vt 1.179868 -0.353553
vt 2.988132 -0.353553
vt 1.114836 -0.191342
vt 2.988132 -0.353553
vt 3.053164 -0.191342
vt 1.114836 -0.191342
vt 1.114836 -0.191342
vt 3.053164 -0.191342
vt 1.092000 0.000000
vt 3.053164 -0.191342
vt 3.076000 0.000000
vt 1.092000 0.000000
vt 1.092000 0.000000
vt 3.076000 0.000000
vt 1.092000 3.000000
vt 3.076000 0.000000
vt 3.076000 3.000000
vt 1.092000 3.000000
vt 1.092000 3.000000
vt 3.076000 3.000000
vt 1.114836 3.191342
vt 3.076000 3.000000
vt 3.053164 3.191342
vt 1.114836 3.191342
vt 1.114836 3.191342
vt 3.053164 3.191342
vt 1.179868 3.353553
vt 3.053164 3.191342
vt 2.988132 3.353553
vt 1.179868 3.353553
vt 1.179868 3.353553
vt 2.988132 3.353553
vt 1.277195 3.461940
vt 2.988132 3.353553
vt 2.890805 3.461940
vt 1.277195 3.461940
vt 1.277195 3.461940
vt 2.890805 3.461940
vt 1.392000 3.500000
vt 2.890805 3.461940
vt 2.776000 3.500000
vt 1.392000 3.500000
vt 0.000000 -0.500000
vt 4.168000 -0.500000
vt -0.114805 -0.461940
vt 4.168000 -0.500000
vt 4.053195 -0.461940
vt -0.114805 -0.461940
vt 3.955868 -0.353553
vt 3.890836 -0.191342
vt -0.277164 -0.191342
vt 3.890836 3.191342
vt 3.955868 3.353553
vt -0.212132 3.353553
vt 2.476000 3.000000
vt 1.092000 3.000000
vt 2.498836 3.191342
vt 2.498836 3.191342
vt 1.114836 3.191342
vt 2.563868 3.353553
vt 6.944000 -0.500000
vt 6.829195 -0.461940
vt 5.437195 -0.461940
vt 8.450805 -0.461940
vt 8.548132 -0.353553
vt 6.731868 -0.353553
vt 6.731868 3.353553
vt 8.548132 3.353553
vt 6.829195 3.461940
vt -0.277164 -0.191342
vt -0.300000 0.000000
vt 7.244000 0.000000
vt 7.244000 3.000000
vt -0.300000 3.000000
vt 7.221164 3.191342
vt 2.890805 -0.461940
vt 2.988132 -0.353553
vt 1.179868 -0.353553
vn 0.0000 0.0000 -1.0000
vn 0.0000 -0.0000 1.0000
vn 0.7440 0.0000 -0.6681
vn 0.9282 0.0000 -0.3721
vn 0.9930 0.0000 -0.1185
vn 1.0000 0.0000 0.0000
vn 0.9930 -0.0000 0.1185
vn 0.9282 -0.0000 0.3721
vn 0.7440 -0.0000 0.6681
vn 0.3147 -0.0000 0.9492
vn 0.0000 -0.1776 -0.9841
vn 0.0000 -0.5185 -0.8551
vn 0.0000 -0.8053 -0.5929
vn 0.0000 -0.9768 -0.2141
vn 0.0000 -1.0000 0.0000
vn 0.0000 -0.9768 0.2141
vn 0.0000 -0.8053 0.5929
vn 0.0000 -0.5185 0.8551
vn 0.0000 -0.1776 0.9841
vn -0.3147 0.0000 -0.9492
vn -0.7440 0.0000 -0.6681
vn -0.9282 0.0000 -0.3721
vn -0.9930 0.0000 -0.1185
vn -1.0000 0.0000 0.0000
vn -0.9930 0.0000 0.1185
vn -0.9282 -0.0000 0.3721
vn -0.7440 -0.0000 0.6681
vn -0.3147 -0.0000 0.9492
vn 0.3147 0.0000 -0.9492
vn 0.0000 0.1776 -0.9841
vn 0.0000 0.5185 -0.8551
vn 0.0000 0.8053 -0.5929
vn 0.0000 0.9768 -0.2141
vn 0.0000 1.0000 0.0000
vn 0.0000 0.9768 0.2141
vn 0.0000 0.8053 0.5929
vn 0.0000 0.5185 0.8551
vn 0.0000 0.1776 0.9841
vn 0.7441 0.0000 -0.6681
vn 0.7441 -0.0000 0.6681
usemtl Material_2.001
s off
f 3877/3877/234 3878/3878/234 3879/3879/234
f 3880/3880/234 3881/3881/234 3882/3882/234
f 3883/3883/234 3884/3884/234 3885/3885/234
f 3886/3886/234 3887/3887/234 3888/3888/234
f 3889/3889/234 3890/3890/234 3891/3891/234
f 3892/3892/234 3893/3893/234 3894/3894/234
f 3895/3895/234 3896/3896/234 3897/3897/234
f 3898/3898/234 3899/3899/234 3900/3900/234
f 3901/3901/234 3902/3902/234 3903/3903/234
f 3904/3904/234 3905/3905/234 3906/3906/234
f 3907/3907/234 3908/3908/234 3909/3909/234
f 3910/3910/234 3911/3911/234 3912/3912/234
f 3913/3913/234 3914/3914/234 3915/3915/234
f 3916/3916/234 3917/3917/234 3918/3918/234
f 3919/3919/235 3920/3920/235 3921/3921/235
f 3922/3922/235 3923/3923/235 3924/3924/235
f 3925/3925/235 3926/3926/235 3927/3927/235
f 3928/3928/235 3929/3929/235 3930/3930/235
f 3931/3931/235 3932/3932/235 3933/3933/235
f 3934/3934/235 3935/3935/235 3936/3936/235
f 3937/3937/235 3938/3938/235 3939/3939/235
f 3940/3940/235 3941/3941/235 3942/3942/235
f 3943/3943/235 3944/3944/235 3945/3945/235
f 3946/3946/235 3947/3947/235 3948/3948/235
f 3949/3949/235 3950/3950/235 3951/3951/235
f 3952/3952/235 3953/3953/235 3954/3954/235
f 3955/3955/235 3956/3956/235 3957/3957/235
f 3958/3958/235 3959/3959/235 3960/3960/235
f 3961/3961/236 3962/3962/236 3963/3963/236
f 3964/3964/236 3965/3965/236 3966/3966/236
f 3967/3967/237 3968/3968/237 3969/3969/237
f 3970/3970/238 3971/3971/238 3972/3972/238
f 3973/3973/238 3974/3974/238 3975/3975/238
f 3976/3976/239 3977/3977/239 3978/3978/239
f 3979/3979/239 3980/3980/239 3981/3981/239
f 3982/3982/240 3983/3983/240 3984/3984/240
f 3985/3985/240 3986/3986/240 3987/3987/240
f 3988/3988/241 3989/3989/241 3990/3990/241
f 3991/3991/242 3992/3992/242 3993/3993/242
f 3994/3994/242 3995/3995/242 3996/3996/242
f 3997/3997/243 3998/3998/243 3999/3999/243
f 4000/4000/243 4001/4001/243 4002/4002/243
f 4003/4003/244 4004/4004/244 4005/4005/244
f 4006/4006/244 4007/4007/244 4008/4008/244
f 4009/4009/245 4010/4010/245 4011/4011/245
f 4012/4012/245 4013/4013/245 4014/4014/245
f 4015/4015/246 4016/4016/246 4017/4017/246
f 4018/4018/246 4019/4019/246 4020/4020/246
f 4021/4021/247 4022/4022/247 4023/4023/247
f 4024/4024/247 4025/4025/247 4026/4026/247
f 4027/4027/248 4028/4028/248 4029/4029/248
f 4030/4030/248 4031/4031/248 4032/4032/248
f 4033/4033/249 4034/4034/249 4035/4035/249
f 4036/4036/249 4037/4037/249 4038/4038/249
f 4039/4039/250 4040/4040/250 4041/4041/250
f 4042/4042/250 4043/4043/250 4044/4044/250
f 4045/4045/251 4046/4046/251 4047/4047/251
f 4048/4048/251 4049/4049/251 4050/4050/251
f 4051/4051/252 4052/4052/252 4053/4053/252
f 4054/4054/252 4055/4055/252 4056/4056/252
f 4057/4057/253 4058/4058/253 4059/4059/253
f 4060/4060/253 4061/4061/253 4062/4062/253
f 4063/4063/254 4064/4064/254 4065/4065/254
f 4066/4066/254 4067/4067/254 4068/4068/254
f 4069/4069/255 4070/4070/255 4071/4071/255
f 4072/4072/255 4073/4073/255 4074/4074/255
f 4075/4075/256 4076/4076/256 4077/4077/256
f 4078/4078/256 4079/4079/256 4080/4080/256
f 4081/4081/257 4082/4082/257 4083/4083/257
f 4084/4084/257 4085/4085/257 4086/4086/257
f 4087/4087/258 4088/4088/258 4089/4089/258
f 4090/4090/258 4091/4091/258 4092/4092/258
f 4093/4093/259 4094/4094/259 4095/4095/259
f 4096/4096/259 4097/4097/259 4098/4098/259
f 4099/4099/260 4100/4100/260 4101/4101/260
f 4102/4102/260 4103/4103/260 4104/4104/260
f 4105/4105/261 4106/4106/261 4107/4107/261
f 4108/4108/261 4109/4109/261 4110/4110/261
f 4111/4111/244 4112/4112/244 4113/4113/244
f 4114/4114/244 4115/4115/244 4116/4116/244
f 4117/4117/245 4118/4118/245 4119/4119/245
f 4120/4120/245 4121/4121/245 4122/4122/245
f 4123/4123/246 4124/4124/246 4125/4125/246
f 4126/4126/246 4127/4127/246 4128/4128/246
f 4129/4129/247 4130/4130/247 4131/4131/247
f 4132/4132/247 4133/4133/247 4134/4134/247
f 4135/4135/248 4136/4136/248 4137/4137/248
f 4138/4138/248 4139/4139/248 4140/4140/248
f 4141/4141/249 4142/4142/249 4143/4143/249
f 4144/4144/249 4145/4145/249 4146/4146/249
f 4147/4147/250 4148/4148/250 4149/4149/250
f 4150/4150/250 4151/4151/250 4152/4152/250
f 4153/4153/251 4154/4154/251 4155/4155/251
f 4156/4156/251 4157/4157/251 4158/4158/251
f 4159/4159/252 4160/4160/252 4161/4161/252
f 4162/4162/252 4163/4163/252 4164/4164/252
f 4165/4165/253 4166/4166/253 4167/4167/253
f 4168/4168/253 4169/4169/253 4170/4170/253
f 4171/4171/254 4172/4172/254 4173/4173/254
f 4174/4174/254 4175/4175/254 4176/4176/254
f 4177/4177/255 4178/4178/255 4179/4179/255
f 4180/4180/255 4181/4181/255 4182/4182/255
f 4183/4183/256 4184/4184/256 4185/4185/256
f 4186/4186/256 4187/4187/256 4188/4188/256
f 4189/4189/257 4190/4190/257 4191/4191/257
f 4192/4192/257 4193/4193/257 4194/4194/257
f 4195/4195/258 4196/4196/258 4197/4197/258
f 4198/4198/259 4199/4199/259 4200/4200/259
f 4201/4201/260 4202/4202/260 4203/4203/260
f 4204/4204/260 4205/4205/260 4206/4206/260
f 4207/4207/261 4208/4208/261 4209/4209/261
f 4210/4210/261 4211/4211/261 4212/4212/261
f 4213/4213/244 4214/4214/244 4215/4215/244
f 4216/4216/245 4217/4217/245 4218/4218/245
f 4219/4219/245 4220/4220/245 4221/4221/245
f 4222/4222/246 4223/4223/246 4224/4224/246
f 4225/4225/246 4226/4226/246 4227/4227/246
f 4228/4228/247 4229/4229/247 4230/4230/247
f 4231/4231/247 4232/4232/247 4233/4233/247
f 4234/4234/248 4235/4235/248 4236/4236/248
f 4237/4237/248 4238/4238/248 4239/4239/248
f 4240/4240/249 4241/4241/249 4242/4242/249
f 4243/4243/249 4244/4244/249 4245/4245/249
f 4246/4246/250 4247/4247/250 4248/4248/250
f 4249/4249/250 4250/4250/250 4251/4251/250
f 4252/4252/251 4253/4253/251 4254/4254/251
f 4255/4255/251 4256/4256/251 4257/4257/251
f 4258/4258/252 4259/4259/252 4260/4260/252
f 4261/4261/252 4262/4262/252 4263/4263/252
f 4264/4264/253 4265/4265/253 4266/4266/253
f 4267/4267/253 4268/4268/253 4269/4269/253
f 4270/4270/254 4271/4271/254 4272/4272/254
f 4273/4273/254 4274/4274/254 4275/4275/254
f 4276/4276/255 4277/4277/255 4278/4278/255
f 4279/4279/255 4280/4280/255 4281/4281/255
f 4282/4282/256 4283/4283/256 4284/4284/256
f 4285/4285/256 4286/4286/256 4287/4287/256
f 4288/4288/257 4289/4289/257 4290/4290/257
f 4291/4291/257 4292/4292/257 4293/4293/257
f 4294/4294/258 4295/4295/258 4296/4296/258
f 4297/4297/258 4298/4298/258 4299/4299/258
f 4300/4300/259 4301/4301/259 4302/4302/259
f 4303/4303/259 4304/4304/259 4305/4305/259
f 4306/4306/260 4307/4307/260 4308/4308/260
f 4309/4309/260 4310/4310/260 4311/4311/260
f 4312/4312/261 4313/4313/261 4314/4314/261
f 4315/4315/261 4316/4316/261 4317/4317/261
f 4318/4318/244 4319/4319/244 4320/4320/244
f 4321/4321/244 4322/4322/244 4323/4323/244
f 4324/4324/245 4325/4325/245 4326/4326/245
f 4327/4327/246 4328/4328/246 4329/4329/246
f 4330/4330/246 4331/4331/246 4332/4332/246
f 4333/4333/247 4334/4334/247 4335/4335/247
f 4336/4336/247 4337/4337/247 4338/4338/247
f 4339/4339/248 4340/4340/248 4341/4341/248
f 4342/4342/248 4343/4343/248 4344/4344/248
f 4345/4345/249 4346/4346/249 4347/4347/249
f 4348/4348/249 4349/4349/249 4350/4350/249
f 4351/4351/250 4352/4352/250 4353/4353/250
f 4354/4354/250 4355/4355/250 4356/4356/250
f 4357/4357/251 4358/4358/251 4359/4359/251
f 4360/4360/252 4361/4361/252 4362/4362/252
f 4363/4363/252 4364/4364/252 4365/4365/252
f 4366/4366/262 4367/4367/262 4368/4368/262
f 4369/4369/262 4370/4370/262 4371/4371/262
f 4372/4372/236 4373/4373/236 4374/4374/236
f 4375/4375/236 4376/4376/236 4377/4377/236
f 4378/4378/237 4379/4379/237 4380/4380/237
f 4381/4381/237 4382/4382/237 4383/4383/237
f 4384/4384/238 4385/4385/238 4386/4386/238
f 4387/4387/238 4388/4388/238 4389/4389/238
f 4390/4390/239 4391/4391/239 4392/4392/239
f 4393/4393/239 4394/4394/239 4395/4395/239
f 4396/4396/240 4397/4397/240 4398/4398/240
f 4399/4399/240 4400/4400/240 4401/4401/240
f 4402/4402/241 4403/4403/241 4404/4404/241
f 4405/4405/241 4406/4406/241 4407/4407/241
f 4408/4408/242 4409/4409/242 4410/4410/242
f 4411/4411/242 4412/4412/242 4413/4413/242
f 4414/4414/243 4415/4415/243 4416/4416/243
f 4417/4417/243 4418/4418/243 4419/4419/243
f 4420/4420/263 4421/4421/263 4422/4422/263
f 4423/4423/263 4424/4424/263 4425/4425/263
f 4426/4426/264 4427/4427/264 4428/4428/264
f 4429/4429/264 4430/4430/264 4431/4431/264
f 4432/4432/265 4433/4433/265 4434/4434/265
f 4435/4435/265 4436/4436/265 4437/4437/265
f 4438/4438/266 4439/4439/266 4440/4440/266
f 4441/4441/266 4442/4442/266 4443/4443/266
f 4444/4444/267 4445/4445/267 4446/4446/267
f 4447/4447/267 4448/4448/267 4449/4449/267
f 4450/4450/268 4451/4451/268 4452/4452/268
f 4453/4453/268 4454/4454/268 4455/4455/268
f 4456/4456/269 4457/4457/269 4458/4458/269
f 4459/4459/269 4460/4460/269 4461/4461/269
f 4462/4462/270 4463/4463/270 4464/4464/270
f 4465/4465/270 4466/4466/270 4467/4467/270
f 4468/4468/271 4469/4469/271 4470/4470/271
f 4471/4471/271 4472/4472/271 4473/4473/271
f 4474/4474/253 4475/4475/253 4476/4476/253
f 4477/4477/253 4478/4478/253 4479/4479/253
f 4480/4480/254 4481/4481/254 4482/4482/254
f 4483/4483/254 4484/4484/254 4485/4485/254
f 4486/4486/255 4487/4487/255 4488/4488/255
f 4489/4489/255 4490/4490/255 4491/4491/255
f 4492/4492/256 4493/4493/256 4494/4494/256
f 4495/4495/256 4496/4496/256 4497/4497/256
f 4498/4498/257 4499/4499/257 4500/4500/257
f 4501/4501/257 4502/4502/257 4503/4503/257
f 4504/4504/258 4505/4505/258 4506/4506/258
f 4507/4507/258 4508/4508/258 4509/4509/258
f 4510/4510/259 4511/4511/259 4512/4512/259
f 4513/4513/259 4514/4514/259 4515/4515/259
f 4516/4516/260 4517/4517/260 4518/4518/260
f 4519/4519/260 4520/4520/260 4521/4521/260
f 4522/4522/261 4523/4523/261 4524/4524/261
f 4525/4525/261 4526/4526/261 4527/4527/261
f 4528/4528/263 4529/4529/263 4530/4530/263
f 4531/4531/263 4532/4532/263 4533/4533/263
f 4534/4534/264 4535/4535/264 4536/4536/264
f 4537/4537/264 4538/4538/264 4539/4539/264
f 4540/4540/265 4541/4541/265 4542/4542/265
f 4543/4543/265 4544/4544/265 4545/4545/265
f 4546/4546/266 4547/4547/266 4548/4548/266
f 4549/4549/266 4550/4550/266 4551/4551/266
f 4552/4552/267 4553/4553/267 4554/4554/267
f 4555/4555/267 4556/4556/267 4557/4557/267
f 4558/4558/268 4559/4559/268 4560/4560/268
f 4561/4561/268 4562/4562/268 4563/4563/268
f 4564/4564/269 4565/4565/269 4566/4566/269
f 4567/4567/269 4568/4568/269 4569/4569/269
f 4570/4570/270 4571/4571/270 4572/4572/270
f 4573/4573/270 4574/4574/270 4575/4575/270
f 4576/4576/271 4577/4577/271 4578/4578/271
f 4579/4579/271 4580/4580/271 4581/4581/271
f 4582/4582/262 4583/4583/262 4584/4584/262
f 4585/4585/262 4586/4586/262 4587/4587/262
f 4588/4588/272 4589/4589/272 4590/4590/272
f 4591/4591/236 4592/4592/236 4593/4593/236
f 4594/4594/237 4595/4595/237 4596/4596/237
f 4597/4597/237 4598/4598/237 4599/4599/237
f 4600/4600/238 4601/4601/238 4602/4602/238
f 4603/4603/238 4604/4604/238 4605/4605/238
f 4606/4606/239 4607/4607/239 4608/4608/239
f 4609/4609/239 4610/4610/239 4611/4611/239
f 4612/4612/240 4613/4613/240 4614/4614/240
f 4615/4615/240 4616/4616/240 4617/4617/240
f 4618/4618/241 4619/4619/241 4620/4620/241
f 4621/4621/241 4622/4622/241 4623/4623/241
f 4624/4624/273 4625/4625/273 4626/4626/273
f 4627/4627/273 4628/4628/273 4629/4629/273
f 4630/4630/243 4631/4631/243 4632/4632/243
f 4633/4633/243 4634/4634/243 4635/4635/243
f 4636/4636/263 4637/4637/263 4638/4638/263
f 4639/4639/263 4640/4640/263 4641/4641/263
f 4642/4642/264 4643/4643/264 4644/4644/264
f 4645/4645/264 4646/4646/264 4647/4647/264
f 4648/4648/265 4649/4649/265 4650/4650/265
f 4651/4651/265 4652/4652/265 4653/4653/265
f 4654/4654/266 4655/4655/266 4656/4656/266
f 4657/4657/266 4658/4658/266 4659/4659/266
f 4660/4660/267 4661/4661/267 4662/4662/267
f 4663/4663/267 4664/4664/267 4665/4665/267
f 4666/4666/268 4667/4667/268 4668/4668/268
f 4669/4669/268 4670/4670/268 4671/4671/268
f 4672/4672/269 4673/4673/269 4674/4674/269
f 4675/4675/269 4676/4676/269 4677/4677/269
f 4678/4678/270 4679/4679/270 4680/4680/270
f 4681/4681/270 4682/4682/270 4683/4683/270
f 4684/4684/271 4685/4685/271 4686/4686/271
f 4687/4687/271 4688/4688/271 4689/4689/271
f 4690/4690/262 4691/4691/262 4692/4692/262
f 4693/4693/262 4694/4694/262 4695/4695/262
f 4696/4696/236 4697/4697/236 4698/4698/236
f 4699/4699/236 4700/4700/236 4701/4701/236
f 4702/4702/237 4703/4703/237 4704/4704/237
f 4705/4705/237 4706/4706/237 4707/4707/237
f 4708/4708/238 4709/4709/238 4710/4710/238
f 4711/4711/238 4712/4712/238 4713/4713/238
f 4714/4714/239 4715/4715/239 4716/4716/239
f 4717/4717/239 4718/4718/239 4719/4719/239
f 4720/4720/240 4721/4721/240 4722/4722/240
f 4723/4723/240 4724/4724/240 4725/4725/240
f 4726/4726/241 4727/4727/241 4728/4728/241
f 4729/4729/241 4730/4730/241 4731/4731/241
f 4732/4732/242 4733/4733/242 4734/4734/242
f 4735/4735/242 4736/4736/242 4737/4737/242
f 4738/4738/243 4739/4739/243 4740/4740/243
f 4741/4741/243 4742/4742/243 4743/4743/243
f 4744/4744/263 4745/4745/263 4746/4746/263
f 4747/4747/263 4748/4748/263 4749/4749/263
f 4750/4750/264 4751/4751/264 4752/4752/264
f 4753/4753/264 4754/4754/264 4755/4755/264
f 4756/4756/265 4757/4757/265 4758/4758/265
f 4759/4759/265 4760/4760/265 4761/4761/265
f 4762/4762/266 4763/4763/266 4764/4764/266
f 4765/4765/266 4766/4766/266 4767/4767/266
f 4768/4768/267 4769/4769/267 4770/4770/267
f 4771/4771/267 4772/4772/267 4773/4773/267
f 4774/4774/268 4775/4775/268 4776/4776/268
f 4777/4777/268 4778/4778/268 4779/4779/268
f 4780/4780/269 4781/4781/269 4782/4782/269
f 4783/4783/269 4784/4784/269 4785/4785/269
f 4786/4786/270 4787/4787/270 4788/4788/270
f 4789/4789/270 4790/4790/270 4791/4791/270
f 4792/4792/271 4793/4793/271 4794/4794/271
f 4795/4795/271 4796/4796/271 4797/4797/271
f 4798/4798/262 4799/4799/262 4800/4800/262
f 4801/4801/262 4802/4802/262 4803/4803/262
f 4804/4804/236 4805/4805/236 4806/4806/236
f 4807/4807/236 4808/4808/236 4809/4809/236
f 4810/4810/237 4811/4811/237 4812/4812/237
f 4813/4813/237 4814/4814/237 4815/4815/237
f 4816/4816/238 4817/4817/238 4818/4818/238
f 4819/4819/238 4820/4820/238 4821/4821/238
f 4822/4822/239 4823/4823/239 4824/4824/239
f 4825/4825/239 4826/4826/239 4827/4827/239
f 4828/4828/240 4829/4829/240 4830/4830/240
f 4831/4831/240 4832/4832/240 4833/4833/240
f 4834/4834/241 4835/4835/241 4836/4836/241
f 4837/4837/241 4838/4838/241 4839/4839/241
f 4840/4840/242 4841/4841/242 4842/4842/242
f 4843/4843/242 4844/4844/242 4845/4845/242
f 4846/4846/243 4847/4847/243 4848/4848/243
f 4849/4849/243 4850/4850/243 4851/4851/243
f 4852/4852/263 4853/4853/263 4854/4854/263
f 4855/4855/263 4856/4856/263 4857/4857/263
f 4858/4858/264 4859/4859/264 4860/4860/264
f 4861/4861/264 4862/4862/264 4863/4863/264
f 4864/4864/265 4865/4865/265 4866/4866/265
f 4867/4867/265 4868/4868/265 4869/4869/265
f 4870/4870/266 4871/4871/266 4872/4872/266
f 4873/4873/266 4874/4874/266 4875/4875/266
f 4876/4876/267 4877/4877/267 4878/4878/267
f 4879/4879/267 4880/4880/267 4881/4881/267
f 4882/4882/268 4883/4883/268 4884/4884/268
f 4885/4885/268 4886/4886/268 4887/4887/268
f 4888/4888/269 4889/4889/269 4890/4890/269
f 4891/4891/269 4892/4892/269 4893/4893/269
f 4894/4894/270 4895/4895/270 4896/4896/270
f 4897/4897/270 4898/4898/270 4899/4899/270
f 4900/4900/271 4901/4901/271 4902/4902/271
f 4903/4903/271 4904/4904/271 4905/4905/271
f 4906/4906/253 4907/4907/253 4908/4908/253
f 4909/4909/253 4910/4910/253 4911/4911/253
f 4912/4912/254 4913/4913/254 4914/4914/254
f 4915/4915/254 4916/4916/254 4917/4917/254
f 4918/4918/255 4919/4919/255 4920/4920/255
f 4921/4921/255 4922/4922/255 4923/4923/255
f 4924/4924/256 4925/4925/256 4926/4926/256
f 4927/4927/257 4928/4928/257 4929/4929/257
f 4930/4930/257 4931/4931/257 4932/4932/257
f 4933/4933/258 4934/4934/258 4935/4935/258
f 4936/4936/259 4937/4937/259 4938/4938/259
f 4939/4939/259 4940/4940/259 4941/4941/259
f 4942/4942/260 4943/4943/260 4944/4944/260
f 4945/4945/260 4946/4946/260 4947/4947/260
f 4948/4948/261 4949/4949/261 4950/4950/261
f 4951/4951/261 4952/4952/261 4953/4953/261
f 4954/4954/244 4955/4955/244 4956/4956/244
f 4957/4957/244 4958/4958/244 4959/4959/244
f 4960/4960/245 4961/4961/245 4962/4962/245
f 4963/4963/246 4964/4964/246 4965/4965/246
f 4966/4966/246 4967/4967/246 4968/4968/246
f 4969/4969/247 4970/4970/247 4971/4971/247
f 4972/4972/247 4973/4973/247 4974/4974/247
f 4975/4975/248 4976/4976/248 4977/4977/248
f 4978/4978/248 4979/4979/248 4980/4980/248
f 4981/4981/249 4982/4982/249 4983/4983/249
f 4984/4984/249 4985/4985/249 4986/4986/249
f 4987/4987/250 4988/4988/250 4989/4989/250
f 4990/4990/250 4991/4991/250 4992/4992/250
f 4993/4993/251 4994/4994/251 4995/4995/251
f 4996/4996/251 4997/4997/251 4998/4998/251
f 4999/4999/252 5000/5000/252 5001/5001/252
f 5002/5002/252 5003/5003/252 5004/5004/252
s 1
f 5005/5005/262 5006/5006/262 5007/5007/262
f 5008/5008/262 5009/5009/262 5010/5010/262
f 5011/5011/237 5012/5012/237 5013/5013/237
f 5014/5014/241 5015/5015/241 5016/5016/241
f 5017/5017/258 5018/5018/258 5019/5019/258
f 5020/5020/259 5021/5021/259 5022/5022/259
f 5023/5023/244 5024/5024/244 5025/5025/244
f 5026/5026/245 5027/5027/245 5028/5028/245
f 5029/5029/251 5030/5030/251 5031/5031/251
f 5032/5032/256 5033/5033/256 5034/5034/256
f 5035/5035/258 5036/5036/258 5037/5037/258
f 5038/5038/245 5039/5039/245 5040/5040/245
o Mesh_7.001
v 25.659048 -1.523363 -6.453870
v 21.975239 -1.523363 -6.453870
v 21.975239 5.281333 -6.453868
v 14.586322 32.421909 -6.453864
v 18.270132 32.421909 -6.453864
v 18.270132 18.851624 -6.453866
v 25.659048 5.281333 -6.453868
v 25.659048 -1.523363 -6.453870
v 21.975239 5.281333 -6.453868
v 14.586322 18.851624 -6.453866
v 14.586322 32.421909 -6.453864
v 18.270132 18.851624 -6.453866
v 18.270132 18.851624 -6.453866
v 21.975239 18.851624 -6.453866
v 21.975239 5.281333 -6.453868
v 21.975239 5.281333 -6.453868
v 18.270132 5.281333 -6.453868
v 18.270132 18.851624 -6.453866
v 21.975239 5.281331 4.192985
v 21.975239 -1.523365 4.192983
v 25.659048 -1.523365 4.192983
v 18.270132 18.851622 4.192986
v 18.270132 32.421906 4.192989
v 14.586322 32.421906 4.192989
v 21.975239 5.281331 4.192985
v 25.659048 -1.523365 4.192983
v 25.659048 5.281331 4.192985
v 18.270132 18.851622 4.192986
v 14.586322 32.421906 4.192989
v 14.586322 18.851622 4.192986
v 21.975239 5.281331 4.192985
v 21.975239 18.851622 4.192986
v 18.270132 18.851622 4.192986
v 18.270132 18.851622 4.192986
v 18.270132 5.281331 4.192985
v 21.975239 5.281331 4.192985
v 25.659048 -1.523363 -6.453870
v 25.659048 5.281333 -6.453868
v 25.964626 -2.084581 -6.352565
v 25.659048 5.281333 -6.453868
v 25.964626 5.842550 -6.352563
v 25.964626 -2.084581 -6.352565
v 25.964626 5.842550 -6.352563
v 26.223682 6.318326 -6.064069
v 26.223682 -2.560356 -6.064071
v 26.223682 -2.560356 -6.064071
v 26.223682 6.318326 -6.064069
v 26.396778 -2.878263 -5.632311
v 26.223682 6.318326 -6.064069
v 26.396778 6.636229 -5.632309
v 26.396778 -2.878263 -5.632311
v 26.396778 -2.878263 -5.632311
v 26.396778 6.636229 -5.632309
v 26.457561 -2.989897 -5.123014
v 26.396778 6.636229 -5.632309
v 26.457561 6.747864 -5.123013
v 26.457561 -2.989897 -5.123014
v 26.457561 -2.989897 -5.123014
v 26.457561 6.747864 -5.123013
v 26.457561 -2.989897 2.862126
v 26.457561 6.747864 -5.123013
v 26.457561 6.747863 2.862128
v 26.457561 -2.989897 2.862126
v 26.457561 -2.989897 2.862126
v 26.457561 6.747863 2.862128
v 26.396778 -2.878263 3.371423
v 26.457561 6.747863 2.862128
v 26.396778 6.636227 3.371425
v 26.396778 -2.878263 3.371423
v 26.396778 -2.878263 3.371423
v 26.396778 6.636227 3.371425
v 26.223682 -2.560358 3.803183
v 26.396778 6.636227 3.371425
v 26.223682 6.318324 3.803185
v 26.223682 -2.560358 3.803183
v 26.223682 -2.560358 3.803183
v 26.223682 6.318324 3.803185
v 25.964626 -2.084583 4.091677
v 26.223682 6.318324 3.803185
v 25.964626 5.842548 4.091679
v 25.964626 -2.084583 4.091677
v 25.964626 -2.084583 4.091677
v 25.964626 5.842548 4.091679
v 25.659048 -1.523365 4.192983
v 25.964626 5.842548 4.091679
v 25.659048 5.281331 4.192985
v 25.659048 -1.523365 4.192983
v 25.659048 5.281333 -6.453868
v 21.975239 5.281333 -6.453868
v 25.964626 5.842550 -6.352563
v 21.975239 5.281333 -6.453868
v 22.280815 5.842550 -6.352563
v 25.964626 5.842550 -6.352563
v 25.964626 5.842550 -6.352563
v 22.280815 5.842550 -6.352563
v 26.223682 6.318326 -6.064069
v 22.280815 5.842550 -6.352563
v 22.539871 6.318326 -6.064069
v 26.223682 6.318326 -6.064069
v 26.223682 6.318326 -6.064069
v 22.539871 6.318326 -6.064069
v 26.396778 6.636229 -5.632309
v 22.539871 6.318326 -6.064069
v 22.712967 6.636229 -5.632309
v 26.396778 6.636229 -5.632309
v 26.396778 6.636229 -5.632309
v 22.712967 6.636229 -5.632309
v 26.457561 6.747864 -5.123013
v 22.712967 6.636229 -5.632309
v 22.773750 6.747864 -5.123013
v 26.457561 6.747864 -5.123013
v 26.457561 6.747864 -5.123013
v 22.773750 6.747864 -5.123013
v 26.457561 6.747863 2.862128
v 22.773750 6.747864 -5.123013
v 22.773750 6.747863 2.862128
v 26.457561 6.747863 2.862128
v 26.457561 6.747863 2.862128
v 22.773750 6.747863 2.862128
v 26.396778 6.636227 3.371425
v 22.773750 6.747863 2.862128
v 22.712967 6.636227 3.371425
v 26.396778 6.636227 3.371425
v 26.396778 6.636227 3.371425
v 22.712967 6.636227 3.371425
v 26.223682 6.318324 3.803185
v 22.712967 6.636227 3.371425
v 22.539871 6.318324 3.803185
v 26.223682 6.318324 3.803185
v 26.223682 6.318324 3.803185
v 22.539871 6.318324 3.803185
v 25.964626 5.842548 4.091679
v 22.539871 6.318324 3.803185
v 22.280815 5.842548 4.091679
v 25.964626 5.842548 4.091679
v 25.964626 5.842548 4.091679
v 22.280815 5.842548 4.091679
v 25.659048 5.281331 4.192985
v 22.280815 5.842548 4.091679
v 21.975239 5.281331 4.192985
v 25.659048 5.281331 4.192985
v 21.975239 5.281333 -6.453868
v 21.975239 18.851624 -6.453866
v 22.280815 5.842550 -6.352563
v 21.975239 18.851624 -6.453866
v 22.280815 19.412838 -6.352561
v 22.280815 5.842550 -6.352563
v 22.280815 5.842550 -6.352563
v 22.280815 19.412838 -6.352561
v 22.539871 6.318326 -6.064069
v 22.280815 19.412838 -6.352561
v 22.539871 19.888615 -6.064067
v 22.539871 6.318326 -6.064069
v 22.539871 6.318326 -6.064069
v 22.539871 19.888615 -6.064067
v 22.712967 6.636229 -5.632309
v 22.539871 19.888615 -6.064067
v 22.712967 20.206518 -5.632307
v 22.712967 6.636229 -5.632309
v 22.712967 6.636229 -5.632309
v 22.712967 20.206518 -5.632307
v 22.773750 6.747864 -5.123013
v 22.712967 20.206518 -5.632307
v 22.773750 20.318150 -5.123010
v 22.773750 6.747864 -5.123013
v 22.773750 6.747864 -5.123013
v 22.773750 20.318150 -5.123010
v 22.773750 6.747863 2.862128
v 22.773750 20.318150 -5.123010
v 22.773750 20.318150 2.862130
v 22.773750 6.747863 2.862128
v 22.773750 6.747863 2.862128
v 22.773750 20.318150 2.862130
v 22.712967 6.636227 3.371425
v 22.773750 20.318150 2.862130
v 22.712967 20.206516 3.371427
v 22.712967 6.636227 3.371425
v 22.712967 6.636227 3.371425
v 22.712967 20.206516 3.371427
v 22.539871 6.318324 3.803185
v 22.712967 20.206516 3.371427
v 22.539871 19.888613 3.803187
v 22.539871 6.318324 3.803185
v 22.539871 6.318324 3.803185
v 22.539871 19.888613 3.803187
v 22.280815 5.842548 4.091679
v 22.539871 19.888613 3.803187
v 22.280815 19.412836 4.091681
v 22.280815 5.842548 4.091679
v 22.280815 5.842548 4.091679
v 22.280815 19.412836 4.091681
v 21.975239 5.281331 4.192985
v 22.280815 19.412836 4.091681
v 21.975239 18.851622 4.192986
v 21.975239 5.281331 4.192985
v 21.975239 18.851624 -6.453866
v 18.270132 18.851624 -6.453866
v 22.280815 19.412838 -6.352561
v 18.270132 18.851624 -6.453866
v 18.575710 19.412838 -6.352561
v 22.280815 19.412838 -6.352561
v 22.280815 19.412838 -6.352561
v 18.575710 19.412838 -6.352561
v 22.539871 19.888615 -6.064067
v 18.575710 19.412838 -6.352561
v 18.834766 19.888615 -6.064067
v 22.539871 19.888615 -6.064067
v 22.539871 19.888615 -6.064067
v 18.834766 19.888615 -6.064067
v 22.712967 20.206518 -5.632307
v 18.834766 19.888615 -6.064067
v 19.007862 20.206518 -5.632307
v 22.712967 20.206518 -5.632307
v 22.712967 20.206518 -5.632307
v 19.007862 20.206518 -5.632307
v 22.773750 20.318150 -5.123010
v 19.007862 20.206518 -5.632307
v 19.068645 20.318150 -5.123010
v 22.773750 20.318150 -5.123010
v 22.773750 20.318150 -5.123010
v 19.068645 20.318150 -5.123010
v 22.773750 20.318150 2.862130
v 19.068645 20.318150 -5.123010
v 19.068645 20.318150 2.862130
v 22.773750 20.318150 2.862130
v 22.773750 20.318150 2.862130
v 19.068645 20.318150 2.862130
v 22.712967 20.206516 3.371427
v 19.068645 20.318150 2.862130
v 19.007862 20.206516 3.371427
v 22.712967 20.206516 3.371427
v 22.712967 20.206516 3.371427
v 19.007862 20.206516 3.371427
v 22.539871 19.888613 3.803187
v 22.539871 19.888613 3.803187
v 18.834766 19.888613 3.803187
v 22.280815 19.412836 4.091681
v 18.834766 19.888613 3.803187
v 18.575710 19.412836 4.091681
v 22.280815 19.412836 4.091681
v 22.280815 19.412836 4.091681
v 18.575710 19.412836 4.091681
v 21.975239 18.851622 4.192986
v 18.575710 19.412836 4.091681
v 18.270132 18.851622 4.192986
v 21.975239 18.851622 4.192986
v 18.270132 18.851624 -6.453866
v 18.270132 32.421909 -6.453864
v 18.575710 19.412838 -6.352561
v 18.270132 32.421909 -6.453864
v 18.575710 32.983124 -6.352559
v 18.575710 19.412838 -6.352561
v 18.834766 19.888615 -6.064067
v 18.834766 33.458904 -6.064065
v 19.007862 20.206518 -5.632307
v 18.834766 33.458904 -6.064065
v 19.007862 33.776806 -5.632305
v 19.007862 20.206518 -5.632307
v 19.007862 20.206518 -5.632307
v 19.007862 33.776806 -5.632305
v 19.068645 20.318150 -5.123010
v 19.007862 33.776806 -5.632305
v 19.068645 33.888439 -5.123008
v 19.068645 20.318150 -5.123010
v 19.068645 20.318150 -5.123010
v 19.068645 33.888439 -5.123008
v 19.068645 20.318150 2.862130
v 19.068645 33.888439 -5.123008
v 19.068645 33.888439 2.862132
v 19.068645 20.318150 2.862130
v 19.068645 20.318150 2.862130
v 19.068645 33.888439 2.862132
v 19.007862 20.206516 3.371427
v 19.068645 33.888439 2.862132
v 19.007862 33.776806 3.371429
v 19.007862 20.206516 3.371427
v 19.007862 20.206516 3.371427
v 19.007862 33.776806 3.371429
v 18.834766 19.888613 3.803187
v 19.007862 33.776806 3.371429
v 18.834766 33.458900 3.803189
v 18.834766 19.888613 3.803187
v 18.834766 19.888613 3.803187
v 18.834766 33.458900 3.803189
v 18.575710 19.412836 4.091681
v 18.834766 33.458900 3.803189
v 18.575710 32.983124 4.091683
v 18.575710 19.412836 4.091681
v 18.575710 19.412836 4.091681
v 18.575710 32.983124 4.091683
v 18.270132 18.851622 4.192986
v 18.575710 32.983124 4.091683
v 18.270132 32.421906 4.192989
v 18.270132 18.851622 4.192986
v 18.270132 32.421909 -6.453864
v 14.586322 32.421909 -6.453864
v 18.575710 32.983124 -6.352559
v 14.586322 32.421909 -6.453864
v 14.280744 32.983124 -6.352559
v 18.575710 32.983124 -6.352559
v 18.575710 32.983124 -6.352559
v 14.280744 32.983124 -6.352559
v 18.834766 33.458904 -6.064065
v 14.280744 32.983124 -6.352559
v 14.021687 33.458904 -6.064065
v 18.834766 33.458904 -6.064065
v 18.834766 33.458904 -6.064065
v 14.021687 33.458904 -6.064065
v 19.007862 33.776806 -5.632305
v 14.021687 33.458904 -6.064065
v 13.848591 33.776806 -5.632305
v 19.007862 33.776806 -5.632305
v 19.007862 33.776806 -5.632305
v 13.848591 33.776806 -5.632305
v 19.068645 33.888439 -5.123008
v 13.848591 33.776806 -5.632305
v 13.787807 33.888439 -5.123008
v 19.068645 33.888439 -5.123008
v 19.068645 33.888439 -5.123008
v 13.787807 33.888439 -5.123008
v 19.068645 33.888439 2.862132
v 13.787807 33.888439 -5.123008
v 13.787807 33.888439 2.862132
v 19.068645 33.888439 2.862132
v 19.068645 33.888439 2.862132
v 13.787807 33.888439 2.862132
v 19.007862 33.776806 3.371429
v 13.787807 33.888439 2.862132
v 13.848591 33.776806 3.371429
v 19.007862 33.776806 3.371429
v 19.007862 33.776806 3.371429
v 13.848591 33.776806 3.371429
v 18.834766 33.458900 3.803189
v 13.848591 33.776806 3.371429
v 14.021687 33.458900 3.803189
v 18.834766 33.458900 3.803189
v 18.834766 33.458900 3.803189
v 14.021687 33.458900 3.803189
v 18.575710 32.983124 4.091683
v 14.021687 33.458900 3.803189
v 14.280744 32.983124 4.091683
v 18.575710 32.983124 4.091683
v 18.575710 32.983124 4.091683
v 14.280744 32.983124 4.091683
v 18.270132 32.421906 4.192989
v 14.280744 32.983124 4.091683
v 14.586322 32.421906 4.192989
v 18.270132 32.421906 4.192989
v 14.586322 32.421909 -6.453864
v 14.586322 18.851624 -6.453866
v 14.280744 32.983124 -6.352559
v 14.586322 18.851624 -6.453866
v 14.280744 18.290405 -6.352561
v 14.280744 32.983124 -6.352559
v 14.280744 32.983124 -6.352559
v 14.280744 18.290405 -6.352561
v 14.021687 33.458904 -6.064065
v 14.280744 18.290405 -6.352561
v 14.021687 17.814629 -6.064067
v 14.021687 33.458904 -6.064065
v 14.021687 33.458904 -6.064065
v 14.021687 17.814629 -6.064067
v 13.848591 33.776806 -5.632305
v 14.021687 17.814629 -6.064067
v 13.848591 17.496725 -5.632308
v 13.848591 33.776806 -5.632305
v 13.848591 33.776806 -5.632305
v 13.848591 17.496725 -5.632308
v 13.787807 33.888439 -5.123008
v 13.848591 17.496725 -5.632308
v 13.787807 17.385090 -5.123011
v 13.787807 33.888439 -5.123008
v 13.787807 33.888439 -5.123008
v 13.787807 17.385090 -5.123011
v 13.787807 33.888439 2.862132
v 13.787807 17.385090 -5.123011
v 13.787807 17.385090 2.862129
v 13.787807 33.888439 2.862132
v 13.787807 33.888439 2.862132
v 13.787807 17.385090 2.862129
v 13.848591 33.776806 3.371429
v 13.787807 17.385090 2.862129
v 13.848591 17.496723 3.371426
v 13.848591 33.776806 3.371429
v 13.848591 33.776806 3.371429
v 13.848591 17.496723 3.371426
v 14.021687 33.458900 3.803189
v 13.848591 17.496723 3.371426
v 14.021687 17.814627 3.803186
v 14.021687 33.458900 3.803189
v 14.021687 33.458900 3.803189
v 14.021687 17.814627 3.803186
v 14.280744 32.983124 4.091683
v 14.021687 17.814627 3.803186
v 14.280744 18.290405 4.091681
v 14.280744 32.983124 4.091683
v 14.280744 32.983124 4.091683
v 14.280744 18.290405 4.091681
v 14.586322 32.421906 4.192989
v 14.280744 18.290405 4.091681
v 14.586322 18.851622 4.192986
v 14.586322 32.421906 4.192989
v 14.586322 18.851624 -6.453866
v 18.270132 18.851624 -6.453866
v 14.280744 18.290405 -6.352561
v 18.270132 18.851624 -6.453866
v 17.964554 18.290405 -6.352561
v 14.280744 18.290405 -6.352561
v 14.280744 18.290405 -6.352561
v 17.964554 18.290405 -6.352561
v 14.021687 17.814629 -6.064067
v 17.964554 18.290405 -6.352561
v 17.705498 17.814629 -6.064067
v 14.021687 17.814629 -6.064067
v 14.021687 17.814629 -6.064067
v 17.705498 17.814629 -6.064067
v 13.848591 17.496725 -5.632308
v 17.705498 17.814629 -6.064067
v 17.532402 17.496725 -5.632308
v 13.848591 17.496725 -5.632308
v 13.848591 17.496725 -5.632308
v 17.532402 17.496725 -5.632308
v 13.787807 17.385090 -5.123011
v 17.532402 17.496725 -5.632308
v 17.471619 17.385090 -5.123011
v 13.787807 17.385090 -5.123011
v 13.787807 17.385090 -5.123011
v 17.471619 17.385090 -5.123011
v 13.787807 17.385090 2.862129
v 17.471619 17.385090 -5.123011
v 17.471619 17.385090 2.862129
v 13.787807 17.385090 2.862129
v 17.471619 17.385090 2.862129
v 17.532402 17.496723 3.371426
v 13.848591 17.496723 3.371426
v 13.848591 17.496723 3.371426
v 17.532402 17.496723 3.371426
v 14.021687 17.814627 3.803186
v 17.532402 17.496723 3.371426
v 17.705498 17.814627 3.803186
v 14.021687 17.814627 3.803186
v 14.021687 17.814627 3.803186
v 17.705498 17.814627 3.803186
v 14.280744 18.290405 4.091681
v 17.705498 17.814627 3.803186
v 17.964554 18.290405 4.091681
v 14.280744 18.290405 4.091681
v 14.280744 18.290405 4.091681
v 17.964554 18.290405 4.091681
v 14.586322 18.851622 4.192986
v 17.964554 18.290405 4.091681
v 18.270132 18.851622 4.192986
v 14.586322 18.851622 4.192986
v 18.270132 18.851624 -6.453866
v 18.270132 5.281333 -6.453868
v 17.964554 18.290405 -6.352561
v 18.270132 5.281333 -6.453868
v 17.964554 4.720118 -6.352564
v 17.964554 18.290405 -6.352561
v 17.705498 17.814629 -6.064067
v 17.705498 4.244340 -6.064070
v 17.532402 17.496725 -5.632308
v 17.705498 4.244340 -6.064070
v 17.532402 3.926436 -5.632310
v 17.532402 17.496725 -5.632308
v 17.532402 17.496725 -5.632308
v 17.532402 3.926436 -5.632310
v 17.471619 17.385090 -5.123011
v 17.532402 3.926436 -5.632310
v 17.471619 3.814802 -5.123013
v 17.471619 17.385090 -5.123011
v 17.471619 17.385090 -5.123011
v 17.471619 3.814802 -5.123013
v 17.471619 17.385090 2.862129
v 17.471619 3.814802 -5.123013
v 17.471619 3.814801 2.862127
v 17.471619 17.385090 2.862129
v 17.471619 17.385090 2.862129
v 17.471619 3.814801 2.862127
v 17.532402 17.496723 3.371426
v 17.471619 3.814801 2.862127
v 17.532402 3.926435 3.371424
v 17.532402 17.496723 3.371426
v 17.532402 17.496723 3.371426
v 17.532402 3.926435 3.371424
v 17.705498 17.814627 3.803186
v 17.532402 3.926435 3.371424
v 17.705498 4.244338 3.803184
v 17.705498 17.814627 3.803186
v 17.705498 17.814627 3.803186
v 17.705498 4.244338 3.803184
v 17.964554 18.290405 4.091681
v 17.705498 4.244338 3.803184
v 17.964554 4.720116 4.091678
v 17.964554 18.290405 4.091681
v 17.964554 18.290405 4.091681
v 17.964554 4.720116 4.091678
v 18.270132 18.851622 4.192986
v 17.964554 4.720116 4.091678
v 18.270132 5.281331 4.192985
v 18.270132 18.851622 4.192986
v 21.975239 5.281333 -6.453868
v 21.669659 4.720118 -6.352564
v 17.964554 4.720118 -6.352564
v 17.964554 4.720118 -6.352564
v 21.669659 4.720118 -6.352564
v 17.705498 4.244340 -6.064070
v 21.669659 4.720118 -6.352564
v 21.410603 4.244340 -6.064070
v 17.705498 4.244340 -6.064070
v 17.705498 4.244340 -6.064070
v 21.410603 4.244340 -6.064070
v 17.532402 3.926436 -5.632310
v 21.410603 4.244340 -6.064070
v 21.237507 3.926436 -5.632310
v 17.532402 3.926436 -5.632310
v 17.532402 3.926436 -5.632310
v 21.237507 3.926436 -5.632310
v 17.471619 3.814802 -5.123013
v 21.237507 3.926436 -5.632310
v 21.176723 3.814802 -5.123013
v 17.471619 3.814802 -5.123013
v 17.471619 3.814802 -5.123013
v 21.176723 3.814802 -5.123013
v 17.471619 3.814801 2.862127
v 21.176723 3.814802 -5.123013
v 21.176723 3.814801 2.862127
v 17.471619 3.814801 2.862127
v 21.176723 3.814801 2.862127
v 21.237507 3.926435 3.371424
v 17.532402 3.926435 3.371424
v 17.532402 3.926435 3.371424
v 21.237507 3.926435 3.371424
v 17.705498 4.244338 3.803184
v 21.237507 3.926435 3.371424
v 21.410603 4.244338 3.803184
v 17.705498 4.244338 3.803184
v 17.705498 4.244338 3.803184
v 21.410603 4.244338 3.803184
v 17.964554 4.720116 4.091678
v 21.410603 4.244338 3.803184
v 21.669659 4.720116 4.091678
v 17.964554 4.720116 4.091678
v 17.964554 4.720116 4.091678
v 21.669659 4.720116 4.091678
v 18.270132 5.281331 4.192985
v 21.669659 4.720116 4.091678
v 21.975239 5.281331 4.192985
v 18.270132 5.281331 4.192985
v 21.975239 5.281333 -6.453868
v 21.975239 -1.523363 -6.453870
v 21.669659 4.720118 -6.352564
v 21.975239 -1.523363 -6.453870
v 21.669659 -2.084581 -6.352565
v 21.669659 4.720118 -6.352564
v 21.669659 4.720118 -6.352564
v 21.669659 -2.084581 -6.352565
v 21.410603 4.244340 -6.064070
v 21.669659 -2.084581 -6.352565
v 21.410603 -2.560356 -6.064071
v 21.410603 4.244340 -6.064070
v 21.410603 4.244340 -6.064070
v 21.410603 -2.560356 -6.064071
v 21.237507 3.926436 -5.632310
v 21.410603 -2.560356 -6.064071
v 21.237507 -2.878263 -5.632311
v 21.237507 3.926436 -5.632310
v 21.237507 3.926436 -5.632310
v 21.237507 -2.878263 -5.632311
v 21.176723 3.814802 -5.123013
v 21.237507 -2.878263 -5.632311
v 21.176723 -2.989897 -5.123014
v 21.176723 3.814802 -5.123013
v 21.176723 3.814802 -5.123013
v 21.176723 -2.989897 -5.123014
v 21.176723 3.814801 2.862127
v 21.176723 -2.989897 -5.123014
v 21.176723 -2.989897 2.862126
v 21.176723 3.814801 2.862127
v 21.176723 3.814801 2.862127
v 21.176723 -2.989897 2.862126
v 21.237507 3.926435 3.371424
v 21.176723 -2.989897 2.862126
v 21.237507 -2.878263 3.371423
v 21.237507 3.926435 3.371424
v 21.237507 3.926435 3.371424
v 21.237507 -2.878263 3.371423
v 21.410603 4.244338 3.803184
v 21.237507 -2.878263 3.371423
v 21.410603 -2.560358 3.803183
v 21.410603 4.244338 3.803184
v 21.410603 4.244338 3.803184
v 21.410603 -2.560358 3.803183
v 21.669659 4.720116 4.091678
v 21.410603 -2.560358 3.803183
v 21.669659 -2.084583 4.091677
v 21.669659 4.720116 4.091678
v 21.669659 4.720116 4.091678
v 21.669659 -2.084583 4.091677
v 21.975239 5.281331 4.192985
v 21.669659 -2.084583 4.091677
v 21.975239 -1.523365 4.192983
v 21.975239 5.281331 4.192985
v 21.975239 -1.523363 -6.453870
v 25.659048 -1.523363 -6.453870
v 21.669659 -2.084581 -6.352565
v 25.659048 -1.523363 -6.453870
v 25.964626 -2.084581 -6.352565
v 21.669659 -2.084581 -6.352565
v 21.669659 -2.084581 -6.352565
v 25.964626 -2.084581 -6.352565
v 21.410603 -2.560356 -6.064071
v 21.410603 -2.560356 -6.064071
v 26.223682 -2.560356 -6.064071
v 21.237507 -2.878263 -5.632311
v 26.223682 -2.560356 -6.064071
v 26.396778 -2.878263 -5.632311
v 21.237507 -2.878263 -5.632311
v 21.237507 -2.878263 -5.632311
v 26.396778 -2.878263 -5.632311
v 21.176723 -2.989897 -5.123014
v 26.396778 -2.878263 -5.632311
v 26.457561 -2.989897 -5.123014
v 21.176723 -2.989897 -5.123014
v 21.176723 -2.989897 -5.123014
v 26.457561 -2.989897 -5.123014
v 21.176723 -2.989897 2.862126
v 26.457561 -2.989897 -5.123014
v 26.457561 -2.989897 2.862126
v 21.176723 -2.989897 2.862126
v 21.176723 -2.989897 2.862126
v 26.457561 -2.989897 2.862126
v 21.237507 -2.878263 3.371423
v 26.457561 -2.989897 2.862126
v 26.396778 -2.878263 3.371423
v 21.237507 -2.878263 3.371423
v 21.237507 -2.878263 3.371423
v 26.396778 -2.878263 3.371423
v 21.410603 -2.560358 3.803183
v 26.396778 -2.878263 3.371423
v 26.223682 -2.560358 3.803183
v 21.410603 -2.560358 3.803183
v 21.410603 -2.560358 3.803183
v 26.223682 -2.560358 3.803183
v 21.669659 -2.084583 4.091677
v 21.669659 -2.084583 4.091677
v 25.964626 -2.084583 4.091677
v 21.975239 -1.523365 4.192983
v 25.964626 -2.084583 4.091677
v 25.659048 -1.523365 4.192983
v 21.975239 -1.523365 4.192983
v 33.069260 18.851624 -6.453866
v 29.364151 18.851624 -6.453866
v 29.364151 32.421909 -6.453864
v 29.364151 32.421909 -6.453864
v 33.069260 32.421909 -6.453864
v 33.069260 18.851624 -6.453866
v 29.364151 32.421906 4.192989
v 29.364151 18.851622 4.192986
v 33.069260 18.851622 4.192986
v 33.069260 18.851622 4.192986
v 33.069260 32.421906 4.192989
v 29.364151 32.421906 4.192989
v 33.069260 18.851624 -6.453866
v 33.069260 32.421909 -6.453864
v 33.374836 18.290405 -6.352561
v 33.069260 32.421909 -6.453864
v 33.374836 32.983124 -6.352559
v 33.374836 18.290405 -6.352561
v 33.374836 18.290405 -6.352561
v 33.374836 32.983124 -6.352559
v 33.633892 17.814629 -6.064067
v 33.374836 32.983124 -6.352559
v 33.633892 33.458904 -6.064065
v 33.633892 17.814629 -6.064067
v 33.633892 17.814629 -6.064067
v 33.633892 33.458904 -6.064065
v 33.806988 17.496725 -5.632308
v 33.633892 33.458904 -6.064065
v 33.806988 33.776806 -5.632305
v 33.806988 17.496725 -5.632308
v 33.806988 17.496725 -5.632308
v 33.806988 33.776806 -5.632305
v 33.867771 17.385090 -5.123011
v 33.806988 33.776806 -5.632305
v 33.867771 33.888439 -5.123008
v 33.867771 17.385090 -5.123011
v 33.867771 17.385090 -5.123011
v 33.867771 33.888439 -5.123008
v 33.867771 17.385090 2.862129
v 33.867771 33.888439 -5.123008
v 33.867771 33.888439 2.862132
v 33.867771 17.385090 2.862129
v 33.867771 17.385090 2.862129
v 33.867771 33.888439 2.862132
v 33.806988 17.496723 3.371426
v 33.867771 33.888439 2.862132
v 33.806988 33.776806 3.371429
v 33.806988 17.496723 3.371426
v 33.806988 17.496723 3.371426
v 33.806988 33.776806 3.371429
v 33.633892 17.814627 3.803186
v 33.806988 33.776806 3.371429
v 33.633892 33.458900 3.803189
v 33.633892 17.814627 3.803186
v 33.633892 17.814627 3.803186
v 33.633892 33.458900 3.803189
v 33.374836 18.290405 4.091681
v 33.633892 33.458900 3.803189
v 33.374836 32.983124 4.091683
v 33.374836 18.290405 4.091681
v 33.374836 18.290405 4.091681
v 33.374836 32.983124 4.091683
v 33.069260 18.851622 4.192986
v 33.374836 32.983124 4.091683
v 33.069260 32.421906 4.192989
v 33.069260 18.851622 4.192986
v 33.069260 32.421909 -6.453864
v 29.364151 32.421909 -6.453864
v 33.374836 32.983124 -6.352559
v 29.364151 32.421909 -6.453864
v 29.058575 32.983124 -6.352559
v 33.374836 32.983124 -6.352559
v 33.374836 32.983124 -6.352559
v 29.058575 32.983124 -6.352559
v 33.633892 33.458904 -6.064065
v 29.058575 32.983124 -6.352559
v 28.799519 33.458904 -6.064065
v 33.633892 33.458904 -6.064065
v 33.633892 33.458904 -6.064065
v 28.799519 33.458904 -6.064065
v 33.806988 33.776806 -5.632305
v 28.799519 33.458904 -6.064065
v 28.626423 33.776806 -5.632305
v 33.806988 33.776806 -5.632305
v 33.806988 33.776806 -5.632305
v 28.626423 33.776806 -5.632305
v 33.867771 33.888439 -5.123008
v 28.626423 33.776806 -5.632305
v 28.565639 33.888439 -5.123008
v 33.867771 33.888439 -5.123008
v 33.867771 33.888439 -5.123008
v 28.565639 33.888439 -5.123008
v 33.867771 33.888439 2.862132
v 28.565639 33.888439 -5.123008
v 28.565639 33.888439 2.862132
v 33.867771 33.888439 2.862132
v 33.867771 33.888439 2.862132
v 28.565639 33.888439 2.862132
v 33.806988 33.776806 3.371429
v 28.565639 33.888439 2.862132
v 28.626423 33.776806 3.371429
v 33.806988 33.776806 3.371429
v 33.806988 33.776806 3.371429
v 28.626423 33.776806 3.371429
v 33.633892 33.458900 3.803189
v 28.626423 33.776806 3.371429
v 28.799519 33.458900 3.803189
v 33.633892 33.458900 3.803189
v 33.633892 33.458900 3.803189
v 28.799519 33.458900 3.803189
v 33.374836 32.983124 4.091683
v 28.799519 33.458900 3.803189
v 29.058575 32.983124 4.091683
v 33.374836 32.983124 4.091683
v 33.374836 32.983124 4.091683
v 29.058575 32.983124 4.091683
v 33.069260 32.421906 4.192989
v 29.058575 32.983124 4.091683
v 29.364151 32.421906 4.192989
v 33.069260 32.421906 4.192989
v 29.364151 32.421909 -6.453864
v 29.364151 18.851624 -6.453866
v 29.058575 32.983124 -6.352559
v 29.364151 18.851624 -6.453866
v 29.058575 18.290405 -6.352561
v 29.058575 32.983124 -6.352559
v 29.058575 32.983124 -6.352559
v 29.058575 18.290405 -6.352561
v 28.799519 33.458904 -6.064065
v 29.058575 18.290405 -6.352561
v 28.799519 17.814629 -6.064067
v 28.799519 33.458904 -6.064065
v 28.799519 33.458904 -6.064065
v 28.799519 17.814629 -6.064067
v 28.626423 33.776806 -5.632305
v 28.799519 17.814629 -6.064067
v 28.626423 17.496725 -5.632308
v 28.626423 33.776806 -5.632305
v 28.626423 33.776806 -5.632305
v 28.626423 17.496725 -5.632308
v 28.565639 33.888439 -5.123008
v 28.626423 17.496725 -5.632308
v 28.565639 17.385090 -5.123011
v 28.565639 33.888439 -5.123008
v 28.565639 33.888439 -5.123008
v 28.565639 17.385090 -5.123011
v 28.565639 33.888439 2.862132
v 28.565639 17.385090 -5.123011
v 28.565639 17.385090 2.862129
v 28.565639 33.888439 2.862132
v 28.565639 33.888439 2.862132
v 28.565639 17.385090 2.862129
v 28.626423 33.776806 3.371429
v 28.565639 17.385090 2.862129
v 28.626423 17.496723 3.371426
v 28.626423 33.776806 3.371429
v 28.626423 33.776806 3.371429
v 28.626423 17.496723 3.371426
v 28.799519 33.458900 3.803189
v 28.626423 17.496723 3.371426
v 28.799519 17.814627 3.803186
v 28.799519 33.458900 3.803189
v 28.799519 33.458900 3.803189
v 28.799519 17.814627 3.803186
v 29.058575 32.983124 4.091683
v 28.799519 17.814627 3.803186
v 29.058575 18.290405 4.091681
v 29.058575 32.983124 4.091683
v 29.058575 32.983124 4.091683
v 29.058575 18.290405 4.091681
v 29.364151 32.421906 4.192989
v 29.058575 18.290405 4.091681
v 29.364151 18.851622 4.192986
v 29.364151 32.421906 4.192989
v 29.364151 18.851624 -6.453866
v 33.069260 18.851624 -6.453866
v 29.058575 18.290405 -6.352561
v 33.069260 18.851624 -6.453866
v 33.374836 18.290405 -6.352561
v 29.058575 18.290405 -6.352561
v 29.058575 18.290405 -6.352561
v 33.374836 18.290405 -6.352561
v 28.799519 17.814629 -6.064067
v 33.374836 18.290405 -6.352561
v 33.633892 17.814629 -6.064067
v 28.799519 17.814629 -6.064067
v 28.799519 17.814629 -6.064067
v 33.633892 17.814629 -6.064067
v 28.626423 17.496725 -5.632308
v 33.633892 17.814629 -6.064067
v 33.806988 17.496725 -5.632308
v 28.626423 17.496725 -5.632308
v 28.626423 17.496725 -5.632308
v 33.806988 17.496725 -5.632308
v 28.565639 17.385090 -5.123011
v 33.806988 17.496725 -5.632308
v 33.867771 17.385090 -5.123011
v 28.565639 17.385090 -5.123011
v 28.565639 17.385090 -5.123011
v 33.867771 17.385090 -5.123011
v 28.565639 17.385090 2.862129
v 33.867771 17.385090 -5.123011
v 33.867771 17.385090 2.862129
v 28.565639 17.385090 2.862129
v 28.565639 17.385090 2.862129
v 33.867771 17.385090 2.862129
v 28.626423 17.496723 3.371426
v 33.867771 17.385090 2.862129
v 33.806988 17.496723 3.371426
v 28.626423 17.496723 3.371426
v 28.626423 17.496723 3.371426
v 33.806988 17.496723 3.371426
v 28.799519 17.814627 3.803186
v 33.806988 17.496723 3.371426
v 33.633892 17.814627 3.803186
v 28.799519 17.814627 3.803186
v 33.633892 17.814627 3.803186
v 33.374836 18.290405 4.091681
v 29.058575 18.290405 4.091681
v 29.058575 18.290405 4.091681
v 33.374836 18.290405 4.091681
v 29.364151 18.851622 4.192986
v 33.374836 18.290405 4.091681
v 33.069260 18.851622 4.192986
v 29.364151 18.851622 4.192986
v 29.364151 5.281333 -6.453868
v 25.659048 5.281333 -6.453868
v 25.659048 18.851624 -6.453866
v 25.659048 18.851624 -6.453866
v 29.364151 18.851624 -6.453866
v 29.364151 5.281333 -6.453868
v 25.659048 18.851622 4.192986
v 25.659048 5.281331 4.192985
v 29.364151 5.281331 4.192985
v 29.364151 5.281331 4.192985
v 29.364151 18.851622 4.192986
v 25.659048 18.851622 4.192986
v 29.364151 5.281333 -6.453868
v 29.364151 18.851624 -6.453866
v 29.669731 4.720118 -6.352564
v 29.364151 18.851624 -6.453866
v 29.669731 19.412838 -6.352561
v 29.669731 4.720118 -6.352564
v 29.669731 4.720118 -6.352564
v 29.669731 19.412838 -6.352561
v 29.928787 4.244340 -6.064070
v 29.669731 19.412838 -6.352561
v 29.928787 19.888615 -6.064067
v 29.928787 4.244340 -6.064070
v 29.928787 4.244340 -6.064070
v 29.928787 19.888615 -6.064067
v 30.101883 3.926436 -5.632310
v 29.928787 19.888615 -6.064067
v 30.101883 20.206518 -5.632307
v 30.101883 3.926436 -5.632310
v 30.101883 3.926436 -5.632310
v 30.101883 20.206518 -5.632307
v 30.162666 3.814802 -5.123013
v 30.101883 20.206518 -5.632307
v 30.162666 20.318150 -5.123010
v 30.162666 3.814802 -5.123013
v 30.162666 3.814802 -5.123013
v 30.162666 20.318150 -5.123010
v 30.162666 3.814801 2.862127
v 30.162666 20.318150 -5.123010
v 30.162666 20.318150 2.862130
v 30.162666 3.814801 2.862127
v 30.162666 3.814801 2.862127
v 30.162666 20.318150 2.862130
v 30.101883 3.926435 3.371424
v 30.162666 20.318150 2.862130
v 30.101883 20.206516 3.371427
v 30.101883 3.926435 3.371424
v 30.101883 3.926435 3.371424
v 30.101883 20.206516 3.371427
v 29.928787 4.244338 3.803184
v 30.101883 20.206516 3.371427
v 29.928787 19.888613 3.803187
v 29.928787 4.244338 3.803184
v 29.928787 4.244338 3.803184
v 29.928787 19.888613 3.803187
v 29.669731 4.720116 4.091678
v 29.928787 19.888613 3.803187
v 29.669731 19.412836 4.091681
v 29.669731 4.720116 4.091678
v 29.669731 4.720116 4.091678
v 29.669731 19.412836 4.091681
v 29.364151 5.281331 4.192985
v 29.669731 19.412836 4.091681
v 29.364151 18.851622 4.192986
v 29.364151 5.281331 4.192985
v 29.364151 18.851624 -6.453866
v 25.659048 18.851624 -6.453866
v 29.669731 19.412838 -6.352561
v 25.659048 18.851624 -6.453866
v 25.353470 19.412838 -6.352561
v 29.669731 19.412838 -6.352561
v 29.669731 19.412838 -6.352561
v 25.353470 19.412838 -6.352561
v 29.928787 19.888615 -6.064067
v 25.353470 19.412838 -6.352561
v 25.094414 19.888615 -6.064067
v 29.928787 19.888615 -6.064067
v 29.928787 19.888615 -6.064067
v 25.094414 19.888615 -6.064067
v 30.101883 20.206518 -5.632307
v 25.094414 19.888615 -6.064067
v 24.921318 20.206518 -5.632307
v 30.101883 20.206518 -5.632307
v 30.101883 20.206518 -5.632307
v 24.921318 20.206518 -5.632307
v 30.162666 20.318150 -5.123010
v 24.921318 20.206518 -5.632307
v 24.860535 20.318150 -5.123010
v 30.162666 20.318150 -5.123010
v 30.162666 20.318150 -5.123010
v 24.860535 20.318150 -5.123010
v 30.162666 20.318150 2.862130
v 24.860535 20.318150 -5.123010
v 24.860535 20.318150 2.862130
v 30.162666 20.318150 2.862130
v 30.162666 20.318150 2.862130
v 24.860535 20.318150 2.862130
v 30.101883 20.206516 3.371427
v 24.860535 20.318150 2.862130
v 24.921318 20.206516 3.371427
v 30.101883 20.206516 3.371427
v 30.101883 20.206516 3.371427
v 24.921318 20.206516 3.371427
v 29.928787 19.888613 3.803187
v 24.921318 20.206516 3.371427
v 25.094414 19.888613 3.803187
v 29.928787 19.888613 3.803187
v 29.928787 19.888613 3.803187
v 25.094414 19.888613 3.803187
v 29.669731 19.412836 4.091681
v 25.094414 19.888613 3.803187
v 25.353470 19.412836 4.091681
v 29.669731 19.412836 4.091681
v 29.669731 19.412836 4.091681
v 25.353470 19.412836 4.091681
v 29.364151 18.851622 4.192986
v 25.353470 19.412836 4.091681
v 25.659048 18.851622 4.192986
v 29.364151 18.851622 4.192986
v 25.659048 18.851624 -6.453866
v 25.659048 5.281333 -6.453868
v 25.353470 19.412838 -6.352561
v 25.659048 5.281333 -6.453868
v 25.353470 4.720118 -6.352564
v 25.353470 19.412838 -6.352561
v 25.353470 19.412838 -6.352561
v 25.353470 4.720118 -6.352564
v 25.094414 19.888615 -6.064067
v 25.353470 4.720118 -6.352564
v 25.094414 4.244340 -6.064070
v 25.094414 19.888615 -6.064067
v 25.094414 19.888615 -6.064067
v 25.094414 4.244340 -6.064070
v 24.921318 20.206518 -5.632307
v 25.094414 4.244340 -6.064070
v 24.921318 3.926436 -5.632310
v 24.921318 20.206518 -5.632307
v 24.921318 20.206518 -5.632307
v 24.921318 3.926436 -5.632310
v 24.860535 20.318150 -5.123010
v 24.921318 3.926436 -5.632310
v 24.860535 3.814802 -5.123013
v 24.860535 20.318150 -5.123010
v 24.860535 20.318150 -5.123010
v 24.860535 3.814802 -5.123013
v 24.860535 20.318150 2.862130
v 24.860535 3.814802 -5.123013
v 24.860535 3.814801 2.862127
v 24.860535 20.318150 2.862130
v 24.860535 20.318150 2.862130
v 24.860535 3.814801 2.862127
v 24.921318 20.206516 3.371427
v 24.860535 3.814801 2.862127
v 24.921318 3.926435 3.371424
v 24.921318 20.206516 3.371427
v 24.921318 20.206516 3.371427
v 24.921318 3.926435 3.371424
v 25.094414 19.888613 3.803187
v 24.921318 3.926435 3.371424
v 25.094414 4.244338 3.803184
v 25.094414 19.888613 3.803187
v 25.094414 19.888613 3.803187
v 25.094414 4.244338 3.803184
v 25.353470 19.412836 4.091681
v 25.094414 4.244338 3.803184
v 25.353470 4.720116 4.091678
v 25.353470 19.412836 4.091681
v 25.353470 19.412836 4.091681
v 25.353470 4.720116 4.091678
v 25.659048 18.851622 4.192986
v 25.353470 4.720116 4.091678
v 25.659048 5.281331 4.192985
v 25.659048 18.851622 4.192986
v 25.659048 5.281333 -6.453868
v 29.364151 5.281333 -6.453868
v 25.353470 4.720118 -6.352564
v 29.364151 5.281333 -6.453868
v 29.669731 4.720118 -6.352564
v 25.353470 4.720118 -6.352564
v 25.353470 4.720118 -6.352564
v 29.669731 4.720118 -6.352564
v 25.094414 4.244340 -6.064070
v 29.669731 4.720118 -6.352564
v 29.928787 4.244340 -6.064070
v 25.094414 4.244340 -6.064070
v 25.094414 4.244340 -6.064070
v 29.928787 4.244340 -6.064070
v 24.921318 3.926436 -5.632310
v 29.928787 4.244340 -6.064070
v 30.101883 3.926436 -5.632310
v 24.921318 3.926436 -5.632310
v 24.921318 3.926436 -5.632310
v 30.101883 3.926436 -5.632310
v 24.860535 3.814802 -5.123013
v 30.101883 3.926436 -5.632310
v 30.162666 3.814802 -5.123013
v 24.860535 3.814802 -5.123013
v 24.860535 3.814802 -5.123013
v 30.162666 3.814802 -5.123013
v 24.860535 3.814801 2.862127
v 30.162666 3.814802 -5.123013
v 30.162666 3.814801 2.862127
v 24.860535 3.814801 2.862127
v 24.860535 3.814801 2.862127
v 30.162666 3.814801 2.862127
v 24.921318 3.926435 3.371424
v 30.162666 3.814801 2.862127
v 30.101883 3.926435 3.371424
v 24.921318 3.926435 3.371424
v 24.921318 3.926435 3.371424
v 30.101883 3.926435 3.371424
v 25.094414 4.244338 3.803184
v 30.101883 3.926435 3.371424
v 29.928787 4.244338 3.803184
v 25.094414 4.244338 3.803184
v 29.928787 4.244338 3.803184
v 29.669731 4.720116 4.091678
v 25.353470 4.720116 4.091678
v 25.353470 4.720116 4.091678
v 29.669731 4.720116 4.091678
v 25.659048 5.281331 4.192985
v 29.669731 4.720116 4.091678
v 29.364151 5.281331 4.192985
v 25.659048 5.281331 4.192985
v 25.964626 -2.084581 -6.352565
v 25.964626 5.842550 -6.352563
v 26.223682 -2.560356 -6.064071
v 19.007862 20.206516 3.371427
v 18.834766 19.888613 3.803187
v 22.539871 19.888613 3.803187
v 18.575710 19.412838 -6.352561
v 18.575710 32.983124 -6.352559
v 18.834766 19.888615 -6.064067
v 18.575710 32.983124 -6.352559
v 18.834766 33.458904 -6.064065
v 18.834766 19.888615 -6.064067
v 13.787807 17.385090 2.862129
v 17.471619 17.385090 2.862129
v 13.848591 17.496723 3.371426
v 17.964554 18.290405 -6.352561
v 17.964554 4.720118 -6.352564
v 17.705498 17.814629 -6.064067
v 17.964554 4.720118 -6.352564
v 17.705498 4.244340 -6.064070
v 17.705498 17.814629 -6.064067
v 18.270132 5.281333 -6.453868
v 21.975239 5.281333 -6.453868
v 17.964554 4.720118 -6.352564
v 17.471619 3.814801 2.862127
v 21.176723 3.814801 2.862127
v 17.532402 3.926435 3.371424
v 25.964626 -2.084581 -6.352565
v 26.223682 -2.560356 -6.064071
v 21.410603 -2.560356 -6.064071
v 26.223682 -2.560358 3.803183
v 25.964626 -2.084583 4.091677
v 21.669659 -2.084583 4.091677
v 28.799519 17.814627 3.803186
v 33.633892 17.814627 3.803186
v 29.058575 18.290405 4.091681
v 25.094414 4.244338 3.803184
v 29.928787 4.244338 3.803184
v 25.353470 4.720116 4.091678
vt 5.552000 1.000000
vt 4.168000 1.000000
vt 4.168000 -0.392000
vt 1.392000 -5.944000
vt 2.776000 -5.944000
vt 2.776000 -3.168000
vt 5.552000 -0.392000
vt 5.552000 1.000000
vt 4.168000 -0.392000
vt 1.392000 -3.168000
vt 1.392000 -5.944000
vt 2.776000 -3.168000
vt 2.776000 -3.168000
vt 4.168000 -3.168000
vt 4.168000 -0.392000
vt 4.168000 -0.392000
vt 2.776000 -0.392000
vt 2.776000 -3.168000
vt 4.168000 -0.392000
vt 4.168000 1.000000
vt 5.552000 1.000000
vt 2.776000 -3.168000
vt 2.776000 -5.944000
vt 1.392000 -5.944000
vt 4.168000 -0.392000
vt 5.552000 1.000000
vt 5.552000 -0.392000
vt 2.776000 -3.168000
vt 1.392000 -5.944000
vt 1.392000 -3.168000
vt 4.168000 -0.392000
vt 4.168000 -3.168000
vt 2.776000 -3.168000
vt 2.776000 -3.168000
vt 2.776000 -0.392000
vt 4.168000 -0.392000
vt 0.000000 -0.500000
vt 1.392000 -0.500000
vt -0.114805 -0.461940
vt 1.392000 -0.500000
vt 1.506805 -0.461940
vt -0.114805 -0.461940
vt 1.506805 -0.461940
vt 1.604132 -0.353553
vt -0.212132 -0.353553
vt -0.212132 -0.353553
vt 1.604132 -0.353553
vt -0.277164 -0.191342
vt 1.604132 -0.353553
vt 1.669164 -0.191342
vt -0.277164 -0.191342
vt -0.277164 -0.191342
vt 1.669164 -0.191342
vt -0.300000 0.000000
vt 1.669164 -0.191342
vt 1.692000 0.000000
vt -0.300000 0.000000
vt -0.300000 0.000000
vt 1.692000 0.000000
vt -0.300000 3.000000
vt 1.692000 0.000000
vt 1.692000 3.000000
vt -0.300000 3.000000
vt -0.300000 3.000000
vt 1.692000 3.000000
vt -0.277164 3.191342
vt 1.692000 3.000000
vt 1.669164 3.191342
vt -0.277164 3.191342
vt -0.277164 3.191342
vt 1.669164 3.191342
vt -0.212132 3.353553
vt 1.669164 3.191342
vt 1.604132 3.353553
vt -0.212132 3.353553
vt -0.212132 3.353553
vt 1.604132 3.353553
vt -0.114805 3.461940
vt 1.604132 3.353553
vt 1.506805 3.461940
vt -0.114805 3.461940
vt -0.114805 3.461940
vt 1.506805 3.461940
vt 0.000000 3.500000
vt 1.506805 3.461940
vt 1.392000 3.500000
vt 0.000000 3.500000
vt 5.552000 -0.500000
vt 4.168000 -0.500000
vt 5.666805 -0.461940
vt 4.168000 -0.500000
vt 4.282805 -0.461940
vt 5.666805 -0.461940
vt 5.666805 -0.461940
vt 4.282805 -0.461940
vt 5.764132 -0.353553
vt 4.282805 -0.461940
vt 4.380132 -0.353553
vt 5.764132 -0.353553
vt 5.764132 -0.353553
vt 4.380132 -0.353553
vt 5.829164 -0.191342
vt 4.380132 -0.353553
vt 4.445164 -0.191342
vt 5.829164 -0.191342
vt 5.829164 -0.191342
vt 4.445164 -0.191342
vt 5.852000 0.000000
vt 4.445164 -0.191342
vt 4.468000 0.000000
vt 5.852000 0.000000
vt 5.852000 0.000000
vt 4.468000 0.000000
vt 5.852000 3.000000
vt 4.468000 0.000000
vt 4.468000 3.000000
vt 5.852000 3.000000
vt 5.852000 3.000000
vt 4.468000 3.000000
vt 5.829164 3.191342
vt 4.468000 3.000000
vt 4.445164 3.191342
vt 5.829164 3.191342
vt 5.829164 3.191342
vt 4.445164 3.191342
vt 5.764132 3.353553
vt 4.445164 3.191342
vt 4.380132 3.353553
vt 5.764132 3.353553
vt 5.764132 3.353553
vt 4.380132 3.353553
vt 5.666805 3.461940
vt 4.380132 3.353553
vt 4.282805 3.461940
vt 5.666805 3.461940
vt 5.666805 3.461940
vt 4.282805 3.461940
vt 5.552000 3.500000
vt 4.282805 3.461940
vt 4.168000 3.500000
vt 5.552000 3.500000
vt 1.392000 -0.500000
vt 4.168000 -0.500000
vt 1.506805 -0.461940
vt 4.168000 -0.500000
vt 4.282805 -0.461940
vt 1.506805 -0.461940
vt 1.506805 -0.461940
vt 4.282805 -0.461940
vt 1.604132 -0.353553
vt 4.282805 -0.461940
vt 4.380132 -0.353553
vt 1.604132 -0.353553
vt 1.604132 -0.353553
vt 4.380132 -0.353553
vt 1.669164 -0.191342
vt 4.380132 -0.353553
vt 4.445164 -0.191342
vt 1.669164 -0.191342
vt 1.669164 -0.191342
vt 4.445164 -0.191342
vt 1.692000 0.000000
vt 4.445164 -0.191342
vt 4.468000 0.000000
vt 1.692000 0.000000
vt 1.692000 0.000000
vt 4.468000 0.000000
vt 1.692000 3.000000
vt 4.468000 0.000000
vt 4.468000 3.000000
vt 1.692000 3.000000
vt 1.692000 3.000000
vt 4.468000 3.000000
vt 1.669164 3.191342
vt 4.468000 3.000000
vt 4.445164 3.191342
vt 1.669164 3.191342
vt 1.669164 3.191342
vt 4.445164 3.191342
vt 1.604132 3.353553
vt 4.445164 3.191342
vt 4.380132 3.353553
vt 1.604132 3.353553
vt 1.604132 3.353553
vt 4.380132 3.353553
vt 1.506805 3.461940
vt 4.380132 3.353553
vt 4.282805 3.461940
vt 1.506805 3.461940
vt 1.506805 3.461940
vt 4.282805 3.461940
vt 1.392000 3.500000
vt 4.282805 3.461940
vt 4.168000 3.500000
vt 1.392000 3.500000
vt 4.168000 -0.500000
vt 2.776000 -0.500000
vt 4.282805 -0.461940
vt 2.776000 -0.500000
vt 2.890805 -0.461940
vt 4.282805 -0.461940
vt 4.282805 -0.461940
vt 2.890805 -0.461940
vt 4.380132 -0.353553
vt 2.890805 -0.461940
vt 2.988132 -0.353553
vt 4.380132 -0.353553
vt 4.380132 -0.353553
vt 2.988132 -0.353553
vt 4.445164 -0.191342
vt 2.988132 -0.353553
vt 3.053164 -0.191342
vt 4.445164 -0.191342
vt 4.445164 -0.191342
vt 3.053164 -0.191342
vt 4.468000 0.000000
vt 3.053164 -0.191342
vt 3.076000 0.000000
vt 4.468000 0.000000
vt 4.468000 0.000000
vt 3.076000 0.000000
vt 4.468000 3.000000
vt 3.076000 0.000000
vt 3.076000 3.000000
vt 4.468000 3.000000
vt 4.468000 3.000000
vt 3.076000 3.000000
vt 4.445164 3.191342
vt 3.076000 3.000000
vt 3.053164 3.191342
vt 4.445164 3.191342
vt 4.445164 3.191342
vt 3.053164 3.191342
vt 4.380132 3.353553
vt 4.380132 3.353553
vt 2.988132 3.353553
vt 4.282805 3.461940
vt 2.988132 3.353553
vt 2.890805 3.461940
vt 4.282805 3.461940
vt 4.282805 3.461940
vt 2.890805 3.461940
vt 4.168000 3.500000
vt 2.890805 3.461940
vt 2.776000 3.500000
vt 4.168000 3.500000
vt 4.168000 -0.500000
vt 6.944000 -0.500000
vt 4.282805 -0.461940
vt 6.944000 -0.500000
vt 7.058805 -0.461940
vt 4.282805 -0.461940
vt 4.380132 -0.353553
vt 7.156132 -0.353553
vt 4.445164 -0.191342
vt 7.156132 -0.353553
vt 7.221164 -0.191342
vt 4.445164 -0.191342
vt 4.445164 -0.191342
vt 7.221164 -0.191342
vt 4.468000 0.000000
vt 7.221164 -0.191342
vt 7.244000 0.000000
vt 4.468000 0.000000
vt 4.468000 0.000000
vt 7.244000 0.000000
vt 4.468000 3.000000
vt 7.244000 0.000000
vt 7.244000 3.000000
vt 4.468000 3.000000
vt 4.468000 3.000000
vt 7.244000 3.000000
vt 4.445164 3.191342
vt 7.244000 3.000000
vt 7.221164 3.191342
vt 4.445164 3.191342
vt 4.445164 3.191342
vt 7.221164 3.191342
vt 4.380132 3.353553
vt 7.221164 3.191342
vt 7.156132 3.353553
vt 4.380132 3.353553
vt 4.380132 3.353553
vt 7.156132 3.353553
vt 4.282805 3.461940
vt 7.156132 3.353553
vt 7.058805 3.461940
vt 4.282805 3.461940
vt 4.282805 3.461940
vt 7.058805 3.461940
vt 4.168000 3.500000
vt 7.058805 3.461940
vt 6.944000 3.500000
vt 4.168000 3.500000
vt 2.776000 -0.500000
vt 1.392000 -0.500000
vt 2.890805 -0.461940
vt 1.392000 -0.500000
vt 1.277195 -0.461940
vt 2.890805 -0.461940
vt 2.890805 -0.461940
vt 1.277195 -0.461940
vt 2.988132 -0.353553
vt 1.277195 -0.461940
vt 1.179868 -0.353553
vt 2.988132 -0.353553
vt 2.988132 -0.353553
vt 1.179868 -0.353553
vt 3.053164 -0.191342
vt 1.179868 -0.353553
vt 1.114836 -0.191342
vt 3.053164 -0.191342
vt 3.053164 -0.191342
vt 1.114836 -0.191342
vt 3.076000 0.000000
vt 1.114836 -0.191342
vt 1.092000 0.000000
vt 3.076000 0.000000
vt 3.076000 0.000000
vt 1.092000 0.000000
vt 3.076000 3.000000
vt 1.092000 0.000000
vt 1.092000 3.000000
vt 3.076000 3.000000
vt 3.076000 3.000000
vt 1.092000 3.000000
vt 3.053164 3.191342
vt 1.092000 3.000000
vt 1.114836 3.191342
vt 3.053164 3.191342
vt 3.053164 3.191342
vt 1.114836 3.191342
vt 2.988132 3.353553
vt 1.114836 3.191342
vt 1.179868 3.353553
vt 2.988132 3.353553
vt 2.988132 3.353553
vt 1.179868 3.353553
vt 2.890805 3.461940
vt 1.179868 3.353553
vt 1.277195 3.461940
vt 2.890805 3.461940
vt 2.890805 3.461940
vt 1.277195 3.461940
vt 2.776000 3.500000
vt 1.277195 3.461940
vt 1.392000 3.500000
vt 2.776000 3.500000
vt 6.944000 -0.500000
vt 4.168000 -0.500000
vt 7.058805 -0.461940
vt 4.168000 -0.500000
vt 4.053195 -0.461940
vt 7.058805 -0.461940
vt 7.058805 -0.461940
vt 4.053195 -0.461940
vt 7.156132 -0.353553
vt 4.053195 -0.461940
vt 3.955868 -0.353553
vt 7.156132 -0.353553
vt 7.156132 -0.353553
vt 3.955868 -0.353553
vt 7.221164 -0.191342
vt 3.955868 -0.353553
vt 3.890836 -0.191342
vt 7.221164 -0.191342
vt 7.221164 -0.191342
vt 3.890836 -0.191342
vt 7.244000 0.000000
vt 3.890836 -0.191342
vt 3.868000 0.000000
vt 7.244000 0.000000
vt 7.244000 0.000000
vt 3.868000 0.000000
vt 7.244000 3.000000
vt 3.868000 0.000000
vt 3.868000 3.000000
vt 7.244000 3.000000
vt 7.244000 3.000000
vt 3.868000 3.000000
vt 7.221164 3.191342
vt 3.868000 3.000000
vt 3.890836 3.191342
vt 7.221164 3.191342
vt 7.221164 3.191342
vt 3.890836 3.191342
vt 7.156132 3.353553
vt 3.890836 3.191342
vt 3.955868 3.353553
vt 7.156132 3.353553
vt 7.156132 3.353553
vt 3.955868 3.353553
vt 7.058805 3.461940
vt 3.955868 3.353553
vt 4.053195 3.461940
vt 7.058805 3.461940
vt 7.058805 3.461940
vt 4.053195 3.461940
vt 6.944000 3.500000
vt 4.053195 3.461940
vt 4.168000 3.500000
vt 6.944000 3.500000
vt 1.392000 -0.500000
vt 2.776000 -0.500000
vt 1.277195 -0.461940
vt 2.776000 -0.500000
vt 2.661195 -0.461940
vt 1.277195 -0.461940
vt 1.277195 -0.461940
vt 2.661195 -0.461940
vt 1.179868 -0.353553
vt 2.661195 -0.461940
vt 2.563868 -0.353553
vt 1.179868 -0.353553
vt 1.179868 -0.353553
vt 2.563868 -0.353553
vt 1.114836 -0.191342
vt 2.563868 -0.353553
vt 2.498836 -0.191342
vt 1.114836 -0.191342
vt 1.114836 -0.191342
vt 2.498836 -0.191342
vt 1.092000 0.000000
vt 2.498836 -0.191342
vt 2.476000 0.000000
vt 1.092000 0.000000
vt 1.092000 0.000000
vt 2.476000 0.000000
vt 1.092000 3.000000
vt 2.476000 0.000000
vt 2.476000 3.000000
vt 1.092000 3.000000
vt 2.476000 3.000000
vt 2.498836 3.191342
vt 1.114836 3.191342
vt 1.114836 3.191342
vt 2.498836 3.191342
vt 1.179868 3.353553
vt 2.498836 3.191342
vt 2.563868 3.353553
vt 1.179868 3.353553
vt 1.179868 3.353553
vt 2.563868 3.353553
vt 1.277195 3.461940
vt 2.563868 3.353553
vt 2.661195 3.461940
vt 1.277195 3.461940
vt 1.277195 3.461940
vt 2.661195 3.461940
vt 1.392000 3.500000
vt 2.661195 3.461940
vt 2.776000 3.500000
vt 1.392000 3.500000
vt 4.168000 -0.500000
vt 1.392000 -0.500000
vt 4.053195 -0.461940
vt 1.392000 -0.500000
vt 1.277195 -0.461940
vt 4.053195 -0.461940
vt 3.955868 -0.353553
vt 1.179868 -0.353553
vt 3.890836 -0.191342
vt 1.179868 -0.353553
vt 1.114836 -0.191342
vt 3.890836 -0.191342
vt 3.890836 -0.191342
vt 1.114836 -0.191342
vt 3.868000 0.000000
vt 1.114836 -0.191342
vt 1.092000 0.000000
vt 3.868000 0.000000
vt 3.868000 0.000000
vt 1.092000 0.000000
vt 3.868000 3.000000
vt 1.092000 0.000000
vt 1.092000 3.000000
vt 3.868000 3.000000
vt 3.868000 3.000000
vt 1.092000 3.000000
vt 3.890836 3.191342
vt 1.092000 3.000000
vt 1.114836 3.191342
vt 3.890836 3.191342
vt 3.890836 3.191342
vt 1.114836 3.191342
vt 3.955868 3.353553
vt 1.114836 3.191342
vt 1.179868 3.353553
vt 3.955868 3.353553
vt 3.955868 3.353553
vt 1.179868 3.353553
vt 4.053195 3.461940
vt 1.179868 3.353553
vt 1.277195 3.461940
vt 4.053195 3.461940
vt 4.053195 3.461940
vt 1.277195 3.461940
vt 4.168000 3.500000
vt 1.277195 3.461940
vt 1.392000 3.500000
vt 4.168000 3.500000
vt 4.168000 -0.500000
vt 4.053195 -0.461940
vt 2.661195 -0.461940
vt 2.661195 -0.461940
vt 4.053195 -0.461940
vt 2.563868 -0.353553
vt 4.053195 -0.461940
vt 3.955868 -0.353553
vt 2.563868 -0.353553
vt 2.563868 -0.353553
vt 3.955868 -0.353553
vt 2.498836 -0.191342
vt 3.955868 -0.353553
vt 3.890836 -0.191342
vt 2.498836 -0.191342
vt 2.498836 -0.191342
vt 3.890836 -0.191342
vt 2.476000 0.000000
vt 3.890836 -0.191342
vt 3.868000 0.000000
vt 2.476000 0.000000
vt 2.476000 0.000000
vt 3.868000 0.000000
vt 2.476000 3.000000
vt 3.868000 0.000000
vt 3.868000 3.000000
vt 2.476000 3.000000
vt 3.868000 3.000000
vt 3.890836 3.191342
vt 2.498836 3.191342
vt 2.498836 3.191342
vt 3.890836 3.191342
vt 2.563868 3.353553
vt 3.890836 3.191342
vt 3.955868 3.353553
vt 2.563868 3.353553
vt 2.563868 3.353553
vt 3.955868 3.353553
vt 2.661195 3.461940
vt 3.955868 3.353553
vt 4.053195 3.461940
vt 2.661195 3.461940
vt 2.661195 3.461940
vt 4.053195 3.461940
vt 2.776000 3.500000
vt 4.053195 3.461940
vt 4.168000 3.500000
vt 2.776000 3.500000
vt 1.392000 -0.500000
vt 0.000000 -0.500000
vt 1.277195 -0.461940
vt 0.000000 -0.500000
vt -0.114805 -0.461940
vt 1.277195 -0.461940
vt 1.277195 -0.461940
vt -0.114805 -0.461940
vt 1.179868 -0.353553
vt -0.114805 -0.461940
vt -0.212132 -0.353553
vt 1.179868 -0.353553
vt 1.179868 -0.353553
vt -0.212132 -0.353553
vt 1.114836 -0.191342
vt -0.212132 -0.353553
vt -0.277164 -0.191342
vt 1.114836 -0.191342
vt 1.114836 -0.191342
vt -0.277164 -0.191342
vt 1.092000 0.000000
vt -0.277164 -0.191342
vt -0.300000 0.000000
vt 1.092000 0.000000
vt 1.092000 0.000000
vt -0.300000 0.000000
vt 1.092000 3.000000
vt -0.300000 0.000000
vt -0.300000 3.000000
vt 1.092000 3.000000
vt 1.092000 3.000000
vt -0.300000 3.000000
vt 1.114836 3.191342
vt -0.300000 3.000000
vt -0.277164 3.191342
vt 1.114836 3.191342
vt 1.114836 3.191342
vt -0.277164 3.191342
vt 1.179868 3.353553
vt -0.277164 3.191342
vt -0.212132 3.353553
vt 1.179868 3.353553
vt 1.179868 3.353553
vt -0.212132 3.353553
vt 1.277195 3.461940
vt -0.212132 3.353553
vt -0.114805 3.461940
vt 1.277195 3.461940
vt 1.277195 3.461940
vt -0.114805 3.461940
vt 1.392000 3.500000
vt -0.114805 3.461940
vt 0.000000 3.500000
vt 1.392000 3.500000
vt 4.168000 -0.500000
vt 5.552000 -0.500000
vt 4.053195 -0.461940
vt 5.552000 -0.500000
vt 5.666805 -0.461940
vt 4.053195 -0.461940
vt 4.053195 -0.461940
vt 5.666805 -0.461940
vt 3.955868 -0.353553
vt 3.955868 -0.353553
vt 5.764132 -0.353553
vt 3.890836 -0.191342
vt 5.764132 -0.353553
vt 5.829164 -0.191342
vt 3.890836 -0.191342
vt 3.890836 -0.191342
vt 5.829164 -0.191342
vt 3.868000 0.000000
vt 5.829164 -0.191342
vt 5.852000 0.000000
vt 3.868000 0.000000
vt 3.868000 0.000000
vt 5.852000 0.000000
vt 3.868000 3.000000
vt 5.852000 0.000000
vt 5.852000 3.000000
vt 3.868000 3.000000
vt 3.868000 3.000000
vt 5.852000 3.000000
vt 3.890836 3.191342
vt 5.852000 3.000000
vt 5.829164 3.191342
vt 3.890836 3.191342
vt 3.890836 3.191342
vt 5.829164 3.191342
vt 3.955868 3.353553
vt 5.829164 3.191342
vt 5.764132 3.353553
vt 3.955868 3.353553
vt 3.955868 3.353553
vt 5.764132 3.353553
vt 4.053195 3.461940
vt 4.053195 3.461940
vt 5.666805 3.461940
vt 4.168000 3.500000
vt 5.666805 3.461940
vt 5.552000 3.500000
vt 4.168000 3.500000
vt 8.336000 -3.168000
vt 6.944000 -3.168000
vt 6.944000 -5.944000
vt 6.944000 -5.944000
vt 8.336000 -5.944000
vt 8.336000 -3.168000
vt 6.944000 -5.944000
vt 6.944000 -3.168000
vt 8.336000 -3.168000
vt 8.336000 -3.168000
vt 8.336000 -5.944000
vt 6.944000 -5.944000
vt 4.168000 -0.500000
vt 6.944000 -0.500000
vt 4.053195 -0.461940
vt 6.944000 -0.500000
vt 7.058805 -0.461940
vt 4.053195 -0.461940
vt 4.053195 -0.461940
vt 7.058805 -0.461940
vt 3.955868 -0.353553
vt 7.058805 -0.461940
vt 7.156132 -0.353553
vt 3.955868 -0.353553
vt 3.955868 -0.353553
vt 7.156132 -0.353553
vt 3.890836 -0.191342
vt 7.156132 -0.353553
vt 7.221164 -0.191342
vt 3.890836 -0.191342
vt 3.890836 -0.191342
vt 7.221164 -0.191342
vt 3.868000 0.000000
vt 7.221164 -0.191342
vt 7.244000 0.000000
vt 3.868000 0.000000
vt 3.868000 0.000000
vt 7.244000 0.000000
vt 3.868000 3.000000
vt 7.244000 0.000000
vt 7.244000 3.000000
vt 3.868000 3.000000
vt 3.868000 3.000000
vt 7.244000 3.000000
vt 3.890836 3.191342
vt 7.244000 3.000000
vt 7.221164 3.191342
vt 3.890836 3.191342
vt 3.890836 3.191342
vt 7.221164 3.191342
vt 3.955868 3.353553
vt 7.221164 3.191342
vt 7.156132 3.353553
vt 3.955868 3.353553
vt 3.955868 3.353553
vt 7.156132 3.353553
vt 4.053195 3.461940
vt 7.156132 3.353553
vt 7.058805 3.461940
vt 4.053195 3.461940
vt 4.053195 3.461940
vt 7.058805 3.461940
vt 4.168000 3.500000
vt 7.058805 3.461940
vt 6.944000 3.500000
vt 4.168000 3.500000
vt 8.336000 -0.500000
vt 6.944000 -0.500000
vt 8.450805 -0.461940
vt 6.944000 -0.500000
vt 6.829195 -0.461940
vt 8.450805 -0.461940
vt 8.450805 -0.461940
vt 6.829195 -0.461940
vt 8.548132 -0.353553
vt 6.829195 -0.461940
vt 6.731868 -0.353553
vt 8.548132 -0.353553
vt 8.548132 -0.353553
vt 6.731868 -0.353553
vt 8.613164 -0.191342
vt 6.731868 -0.353553
vt 6.666836 -0.191342
vt 8.613164 -0.191342
vt 8.613164 -0.191342
vt 6.666836 -0.191342
vt 8.636000 0.000000
vt 6.666836 -0.191342
vt 6.644000 0.000000
vt 8.636000 0.000000
vt 8.636000 0.000000
vt 6.644000 0.000000
vt 8.636000 3.000000
vt 6.644000 0.000000
vt 6.644000 3.000000
vt 8.636000 3.000000
vt 8.636000 3.000000
vt 6.644000 3.000000
vt 8.613164 3.191342
vt 6.644000 3.000000
vt 6.666836 3.191342
vt 8.613164 3.191342
vt 8.613164 3.191342
vt 6.666836 3.191342
vt 8.548132 3.353553
vt 6.666836 3.191342
vt 6.731868 3.353553
vt 8.548132 3.353553
vt 8.548132 3.353553
vt 6.731868 3.353553
vt 8.450805 3.461940
vt 6.731868 3.353553
vt 6.829195 3.461940
vt 8.450805 3.461940
vt 8.450805 3.461940
vt 6.829195 3.461940
vt 8.336000 3.500000
vt 6.829195 3.461940
vt 6.944000 3.500000
vt 8.336000 3.500000
vt 6.944000 -0.500000
vt 4.168000 -0.500000
vt 7.058805 -0.461940
vt 4.168000 -0.500000
vt 4.053195 -0.461940
vt 7.058805 -0.461940
vt 7.058805 -0.461940
vt 4.053195 -0.461940
vt 7.156132 -0.353553
vt 4.053195 -0.461940
vt 3.955868 -0.353553
vt 7.156132 -0.353553
vt 7.156132 -0.353553
vt 3.955868 -0.353553
vt 7.221164 -0.191342
vt 3.955868 -0.353553
vt 3.890836 -0.191342
vt 7.221164 -0.191342
vt 7.221164 -0.191342
vt 3.890836 -0.191342
vt 7.244000 0.000000
vt 3.890836 -0.191342
vt 3.868000 0.000000
vt 7.244000 0.000000
vt 7.244000 0.000000
vt 3.868000 0.000000
vt 7.244000 3.000000
vt 3.868000 0.000000
vt 3.868000 3.000000
vt 7.244000 3.000000
vt 7.244000 3.000000
vt 3.868000 3.000000
vt 7.221164 3.191342
vt 3.868000 3.000000
vt 3.890836 3.191342
vt 7.221164 3.191342
vt 7.221164 3.191342
vt 3.890836 3.191342
vt 7.156132 3.353553
vt 3.890836 3.191342
vt 3.955868 3.353553
vt 7.156132 3.353553
vt 7.156132 3.353553
vt 3.955868 3.353553
vt 7.058805 3.461940
vt 3.955868 3.353553
vt 4.053195 3.461940
vt 7.058805 3.461940
vt 7.058805 3.461940
vt 4.053195 3.461940
vt 6.944000 3.500000
vt 4.053195 3.461940
vt 4.168000 3.500000
vt 6.944000 3.500000
vt 6.944000 -0.500000
vt 8.336000 -0.500000
vt 6.829195 -0.461940
vt 8.336000 -0.500000
vt 8.450805 -0.461940
vt 6.829195 -0.461940
vt 6.829195 -0.461940
vt 8.450805 -0.461940
vt 6.731868 -0.353553
vt 8.450805 -0.461940
vt 8.548132 -0.353553
vt 6.731868 -0.353553
vt 6.731868 -0.353553
vt 8.548132 -0.353553
vt 6.666836 -0.191342
vt 8.548132 -0.353553
vt 8.613164 -0.191342
vt 6.666836 -0.191342
vt 6.666836 -0.191342
vt 8.613164 -0.191342
vt 6.644000 0.000000
vt 8.613164 -0.191342
vt 8.636000 0.000000
vt 6.644000 0.000000
vt 6.644000 0.000000
vt 8.636000 0.000000
vt 6.644000 3.000000
vt 8.636000 0.000000
vt 8.636000 3.000000
vt 6.644000 3.000000
vt 6.644000 3.000000
vt 8.636000 3.000000
vt 6.666836 3.191342
vt 8.636000 3.000000
vt 8.613164 3.191342
vt 6.666836 3.191342
vt 6.666836 3.191342
vt 8.613164 3.191342
vt 6.731868 3.353553
vt 8.613164 3.191342
vt 8.548132 3.353553
vt 6.731868 3.353553
vt 8.548132 3.353553
vt 8.450805 3.461940
vt 6.829195 3.461940
vt 6.829195 3.461940
vt 8.450805 3.461940
vt 6.944000 3.500000
vt 8.450805 3.461940
vt 8.336000 3.500000
vt 6.944000 3.500000
vt 6.944000 -0.392000
vt 5.552000 -0.392000
vt 5.552000 -3.168000
vt 5.552000 -3.168000
vt 6.944000 -3.168000
vt 6.944000 -0.392000
vt 5.552000 -3.168000
vt 5.552000 -0.392000
vt 6.944000 -0.392000
vt 6.944000 -0.392000
vt 6.944000 -3.168000
vt 5.552000 -3.168000
vt 1.392000 -0.500000
vt 4.168000 -0.500000
vt 1.277195 -0.461940
vt 4.168000 -0.500000
vt 4.282805 -0.461940
vt 1.277195 -0.461940
vt 1.277195 -0.461940
vt 4.282805 -0.461940
vt 1.179868 -0.353553
vt 4.282805 -0.461940
vt 4.380132 -0.353553
vt 1.179868 -0.353553
vt 1.179868 -0.353553
vt 4.380132 -0.353553
vt 1.114836 -0.191342
vt 4.380132 -0.353553
vt 4.445164 -0.191342
vt 1.114836 -0.191342
vt 1.114836 -0.191342
vt 4.445164 -0.191342
vt 1.092000 0.000000
vt 4.445164 -0.191342
vt 4.468000 0.000000
vt 1.092000 0.000000
vt 1.092000 0.000000
vt 4.468000 0.000000
vt 1.092000 3.000000
vt 4.468000 0.000000
vt 4.468000 3.000000
vt 1.092000 3.000000
vt 1.092000 3.000000
vt 4.468000 3.000000
vt 1.114836 3.191342
vt 4.468000 3.000000
vt 4.445164 3.191342
vt 1.114836 3.191342
vt 1.114836 3.191342
vt 4.445164 3.191342
vt 1.179868 3.353553
vt 4.445164 3.191342
vt 4.380132 3.353553
vt 1.179868 3.353553
vt 1.179868 3.353553
vt 4.380132 3.353553
vt 1.277195 3.461940
vt 4.380132 3.353553
vt 4.282805 3.461940
vt 1.277195 3.461940
vt 1.277195 3.461940
vt 4.282805 3.461940
vt 1.392000 3.500000
vt 4.282805 3.461940
vt 4.168000 3.500000
vt 1.392000 3.500000
vt 6.944000 -0.500000
vt 5.552000 -0.500000
vt 7.058805 -0.461940
vt 5.552000 -0.500000
vt 5.437195 -0.461940
vt 7.058805 -0.461940
vt 7.058805 -0.461940
vt 5.437195 -0.461940
vt 7.156132 -0.353553
vt 5.437195 -0.461940
vt 5.339868 -0.353553
vt 7.156132 -0.353553
vt 7.156132 -0.353553
vt 5.339868 -0.353553
vt 7.221164 -0.191342
vt 5.339868 -0.353553
vt 5.274836 -0.191342
vt 7.221164 -0.191342
vt 7.221164 -0.191342
vt 5.274836 -0.191342
vt 7.244000 0.000000
vt 5.274836 -0.191342
vt 5.252000 0.000000
vt 7.244000 0.000000
vt 7.244000 0.000000
vt 5.252000 0.000000
vt 7.244000 3.000000
vt 5.252000 0.000000
vt 5.252000 3.000000
vt 7.244000 3.000000
vt 7.244000 3.000000
vt 5.252000 3.000000
vt 7.221164 3.191342
vt 5.252000 3.000000
vt 5.274836 3.191342
vt 7.221164 3.191342
vt 7.221164 3.191342
vt 5.274836 3.191342
vt 7.156132 3.353553
vt 5.274836 3.191342
vt 5.339868 3.353553
vt 7.156132 3.353553
vt 7.156132 3.353553
vt 5.339868 3.353553
vt 7.058805 3.461940
vt 5.339868 3.353553
vt 5.437195 3.461940
vt 7.058805 3.461940
vt 7.058805 3.461940
vt 5.437195 3.461940
vt 6.944000 3.500000
vt 5.437195 3.461940
vt 5.552000 3.500000
vt 6.944000 3.500000
vt 4.168000 -0.500000
vt 1.392000 -0.500000
vt 4.282805 -0.461940
vt 1.392000 -0.500000
vt 1.277195 -0.461940
vt 4.282805 -0.461940
vt 4.282805 -0.461940
vt 1.277195 -0.461940
vt 4.380132 -0.353553
vt 1.277195 -0.461940
vt 1.179868 -0.353553
vt 4.380132 -0.353553
vt 4.380132 -0.353553
vt 1.179868 -0.353553
vt 4.445164 -0.191342
vt 1.179868 -0.353553
vt 1.114836 -0.191342
vt 4.445164 -0.191342
vt 4.445164 -0.191342
vt 1.114836 -0.191342
vt 4.468000 0.000000
vt 1.114836 -0.191342
vt 1.092000 0.000000
vt 4.468000 0.000000
vt 4.468000 0.000000
vt 1.092000 0.000000
vt 4.468000 3.000000
vt 1.092000 0.000000
vt 1.092000 3.000000
vt 4.468000 3.000000
vt 4.468000 3.000000
vt 1.092000 3.000000
vt 4.445164 3.191342
vt 1.092000 3.000000
vt 1.114836 3.191342
vt 4.445164 3.191342
vt 4.445164 3.191342
vt 1.114836 3.191342
vt 4.380132 3.353553
vt 1.114836 3.191342
vt 1.179868 3.353553
vt 4.380132 3.353553
vt 4.380132 3.353553
vt 1.179868 3.353553
vt 4.282805 3.461940
vt 1.179868 3.353553
vt 1.277195 3.461940
vt 4.282805 3.461940
vt 4.282805 3.461940
vt 1.277195 3.461940
vt 4.168000 3.500000
vt 1.277195 3.461940
vt 1.392000 3.500000
vt 4.168000 3.500000
vt 5.552000 -0.500000
vt 6.944000 -0.500000
vt 5.437195 -0.461940
vt 6.944000 -0.500000
vt 7.058805 -0.461940
vt 5.437195 -0.461940
vt 5.437195 -0.461940
vt 7.058805 -0.461940
vt 5.339868 -0.353553
vt 7.058805 -0.461940
vt 7.156132 -0.353553
vt 5.339868 -0.353553
vt 5.339868 -0.353553
vt 7.156132 -0.353553
vt 5.274836 -0.191342
vt 7.156132 -0.353553
vt 7.221164 -0.191342
vt 5.274836 -0.191342
vt 5.274836 -0.191342
vt 7.221164 -0.191342
vt 5.252000 0.000000
vt 7.221164 -0.191342
vt 7.244000 0.000000
vt 5.252000 0.000000
vt 5.252000 0.000000
vt 7.244000 0.000000
vt 5.252000 3.000000
vt 7.244000 0.000000
vt 7.244000 3.000000
vt 5.252000 3.000000
vt 5.252000 3.000000
vt 7.244000 3.000000
vt 5.274836 3.191342
vt 7.244000 3.000000
vt 7.221164 3.191342
vt 5.274836 3.191342
vt 5.274836 3.191342
vt 7.221164 3.191342
vt 5.339868 3.353553
vt 7.221164 3.191342
vt 7.156132 3.353553
vt 5.339868 3.353553
vt 7.156132 3.353553
vt 7.058805 3.461940
vt 5.437195 3.461940
vt 5.437195 3.461940
vt 7.058805 3.461940
vt 5.552000 3.500000
vt 7.058805 3.461940
vt 6.944000 3.500000
vt 5.552000 3.500000
vt -0.114805 -0.461940
vt 1.506805 -0.461940
vt -0.212132 -0.353553
vt 3.053164 3.191342
vt 2.988132 3.353553
vt 4.380132 3.353553
vt 4.282805 -0.461940
vt 7.058805 -0.461940
vt 4.380132 -0.353553
vt 7.058805 -0.461940
vt 7.156132 -0.353553
vt 4.380132 -0.353553
vt 1.092000 3.000000
vt 2.476000 3.000000
vt 1.114836 3.191342
vt 4.053195 -0.461940
vt 1.277195 -0.461940
vt 3.955868 -0.353553
vt 1.277195 -0.461940
vt 1.179868 -0.353553
vt 3.955868 -0.353553
vt 2.776000 -0.500000
vt 4.168000 -0.500000
vt 2.661195 -0.461940
vt 2.476000 3.000000
vt 3.868000 3.000000
vt 2.498836 3.191342
vt 5.666805 -0.461940
vt 5.764132 -0.353553
vt 3.955868 -0.353553
vt 5.764132 3.353553
vt 5.666805 3.461940
vt 4.053195 3.461940
vt 6.731868 3.353553
vt 8.548132 3.353553
vt 6.829195 3.461940
vt 5.339868 3.353553
vt 7.156132 3.353553
vt 5.437195 3.461940
vn 0.0000 0.0000 -1.0000
vn 0.0000 -0.0000 1.0000
vn 0.3147 0.0000 -0.9492
vn 0.7440 0.0000 -0.6681
vn 0.9282 0.0000 -0.3721
vn 0.9930 -0.0000 -0.1185
vn 1.0000 0.0000 0.0000
vn 0.9930 0.0000 0.1185
vn 0.9282 0.0000 0.3721
vn 0.7440 -0.0000 0.6681
vn 0.3147 -0.0000 0.9492
vn 0.0000 0.1776 -0.9841
vn 0.0000 0.5185 -0.8551
vn 0.0000 0.8053 -0.5929
vn 0.0000 0.9768 -0.2141
vn 0.0000 1.0000 0.0000
vn 0.0000 0.9768 0.2141
vn 0.0000 0.8053 0.5929
vn 0.0000 0.5185 0.8551
vn 0.0000 0.1776 0.9841
vn -0.3147 0.0000 -0.9492
vn -0.7440 0.0000 -0.6681
vn -0.9282 0.0000 -0.3721
vn -0.9930 -0.0000 -0.1185
vn -1.0000 0.0000 0.0000
vn -0.9930 0.0000 0.1185
vn -0.9282 -0.0000 0.3721
vn -0.7440 -0.0000 0.6681
vn -0.3147 -0.0000 0.9492
vn 0.0000 -0.1776 -0.9841
vn 0.0000 -0.5185 -0.8551
vn 0.0000 -0.8053 -0.5929
vn 0.0000 -0.9768 -0.2141
vn 0.0000 -1.0000 0.0000
vn 0.0000 -0.9768 0.2141
vn 0.0000 -0.8053 0.5929
vn 0.0000 -0.5185 0.8551
vn 0.0000 -0.1776 0.9841
vn 0.7441 0.0000 -0.6681
vn -0.7441 0.0000 -0.6681
usemtl Material_7.001
s off
f 5041/5041/274 5042/5042/274 5043/5043/274
f 5044/5044/274 5045/5045/274 5046/5046/274
f 5047/5047/274 5048/5048/274 5049/5049/274
f 5050/5050/274 5051/5051/274 5052/5052/274
f 5053/5053/274 5054/5054/274 5055/5055/274
f 5056/5056/274 5057/5057/274 5058/5058/274
f 5059/5059/275 5060/5060/275 5061/5061/275
f 5062/5062/275 5063/5063/275 5064/5064/275
f 5065/5065/275 5066/5066/275 5067/5067/275
f 5068/5068/275 5069/5069/275 5070/5070/275
f 5071/5071/275 5072/5072/275 5073/5073/275
f 5074/5074/275 5075/5075/275 5076/5076/275
f 5077/5077/276 5078/5078/276 5079/5079/276
f 5080/5080/276 5081/5081/276 5082/5082/276
f 5083/5083/277 5084/5084/277 5085/5085/277
f 5086/5086/278 5087/5087/278 5088/5088/278
f 5089/5089/278 5090/5090/278 5091/5091/278
f 5092/5092/279 5093/5093/279 5094/5094/279
f 5095/5095/279 5096/5096/279 5097/5097/279
f 5098/5098/280 5099/5099/280 5100/5100/280
f 5101/5101/280 5102/5102/280 5103/5103/280
f 5104/5104/281 5105/5105/281 5106/5106/281
f 5107/5107/281 5108/5108/281 5109/5109/281
f 5110/5110/282 5111/5111/282 5112/5112/282
f 5113/5113/282 5114/5114/282 5115/5115/282
f 5116/5116/283 5117/5117/283 5118/5118/283
f 5119/5119/283 5120/5120/283 5121/5121/283
f 5122/5122/284 5123/5123/284 5124/5124/284
f 5125/5125/284 5126/5126/284 5127/5127/284
f 5128/5128/285 5129/5129/285 5130/5130/285
f 5131/5131/285 5132/5132/285 5133/5133/285
f 5134/5134/286 5135/5135/286 5136/5136/286
f 5137/5137/286 5138/5138/286 5139/5139/286
f 5140/5140/287 5141/5141/287 5142/5142/287
f 5143/5143/287 5144/5144/287 5145/5145/287
f 5146/5146/288 5147/5147/288 5148/5148/288
f 5149/5149/288 5150/5150/288 5151/5151/288
f 5152/5152/289 5153/5153/289 5154/5154/289
f 5155/5155/289 5156/5156/289 5157/5157/289
f 5158/5158/290 5159/5159/290 5160/5160/290
f 5161/5161/290 5162/5162/290 5163/5163/290
f 5164/5164/291 5165/5165/291 5166/5166/291
f 5167/5167/291 5168/5168/291 5169/5169/291
f 5170/5170/292 5171/5171/292 5172/5172/292
f 5173/5173/292 5174/5174/292 5175/5175/292
f 5176/5176/293 5177/5177/293 5178/5178/293
f 5179/5179/293 5180/5180/293 5181/5181/293
f 5182/5182/276 5183/5183/276 5184/5184/276
f 5185/5185/276 5186/5186/276 5187/5187/276
f 5188/5188/277 5189/5189/277 5190/5190/277
f 5191/5191/277 5192/5192/277 5193/5193/277
f 5194/5194/278 5195/5195/278 5196/5196/278
f 5197/5197/278 5198/5198/278 5199/5199/278
f 5200/5200/279 5201/5201/279 5202/5202/279
f 5203/5203/279 5204/5204/279 5205/5205/279
f 5206/5206/280 5207/5207/280 5208/5208/280
f 5209/5209/280 5210/5210/280 5211/5211/280
f 5212/5212/281 5213/5213/281 5214/5214/281
f 5215/5215/281 5216/5216/281 5217/5217/281
f 5218/5218/282 5219/5219/282 5220/5220/282
f 5221/5221/282 5222/5222/282 5223/5223/282
f 5224/5224/283 5225/5225/283 5226/5226/283
f 5227/5227/283 5228/5228/283 5229/5229/283
f 5230/5230/284 5231/5231/284 5232/5232/284
f 5233/5233/284 5234/5234/284 5235/5235/284
f 5236/5236/285 5237/5237/285 5238/5238/285
f 5239/5239/285 5240/5240/285 5241/5241/285
f 5242/5242/286 5243/5243/286 5244/5244/286
f 5245/5245/286 5246/5246/286 5247/5247/286
f 5248/5248/287 5249/5249/287 5250/5250/287
f 5251/5251/287 5252/5252/287 5253/5253/287
f 5254/5254/288 5255/5255/288 5256/5256/288
f 5257/5257/288 5258/5258/288 5259/5259/288
f 5260/5260/289 5261/5261/289 5262/5262/289
f 5263/5263/289 5264/5264/289 5265/5265/289
f 5266/5266/290 5267/5267/290 5268/5268/290
f 5269/5269/290 5270/5270/290 5271/5271/290
f 5272/5272/291 5273/5273/291 5274/5274/291
f 5275/5275/292 5276/5276/292 5277/5277/292
f 5278/5278/292 5279/5279/292 5280/5280/292
f 5281/5281/293 5282/5282/293 5283/5283/293
f 5284/5284/293 5285/5285/293 5286/5286/293
f 5287/5287/276 5288/5288/276 5289/5289/276
f 5290/5290/276 5291/5291/276 5292/5292/276
f 5293/5293/278 5294/5294/278 5295/5295/278
f 5296/5296/278 5297/5297/278 5298/5298/278
f 5299/5299/279 5300/5300/279 5301/5301/279
f 5302/5302/279 5303/5303/279 5304/5304/279
f 5305/5305/280 5306/5306/280 5307/5307/280
f 5308/5308/280 5309/5309/280 5310/5310/280
f 5311/5311/281 5312/5312/281 5313/5313/281
f 5314/5314/281 5315/5315/281 5316/5316/281
f 5317/5317/282 5318/5318/282 5319/5319/282
f 5320/5320/282 5321/5321/282 5322/5322/282
f 5323/5323/283 5324/5324/283 5325/5325/283
f 5326/5326/283 5327/5327/283 5328/5328/283
f 5329/5329/284 5330/5330/284 5331/5331/284
f 5332/5332/284 5333/5333/284 5334/5334/284
f 5335/5335/285 5336/5336/285 5337/5337/285
f 5338/5338/285 5339/5339/285 5340/5340/285
f 5341/5341/286 5342/5342/286 5343/5343/286
f 5344/5344/286 5345/5345/286 5346/5346/286
f 5347/5347/287 5348/5348/287 5349/5349/287
f 5350/5350/287 5351/5351/287 5352/5352/287
f 5353/5353/288 5354/5354/288 5355/5355/288
f 5356/5356/288 5357/5357/288 5358/5358/288
f 5359/5359/289 5360/5360/289 5361/5361/289
f 5362/5362/289 5363/5363/289 5364/5364/289
f 5365/5365/290 5366/5366/290 5367/5367/290
f 5368/5368/290 5369/5369/290 5370/5370/290
f 5371/5371/291 5372/5372/291 5373/5373/291
f 5374/5374/291 5375/5375/291 5376/5376/291
f 5377/5377/292 5378/5378/292 5379/5379/292
f 5380/5380/292 5381/5381/292 5382/5382/292
f 5383/5383/293 5384/5384/293 5385/5385/293
f 5386/5386/293 5387/5387/293 5388/5388/293
f 5389/5389/294 5390/5390/294 5391/5391/294
f 5392/5392/294 5393/5393/294 5394/5394/294
f 5395/5395/295 5396/5396/295 5397/5397/295
f 5398/5398/295 5399/5399/295 5400/5400/295
f 5401/5401/296 5402/5402/296 5403/5403/296
f 5404/5404/296 5405/5405/296 5406/5406/296
f 5407/5407/297 5408/5408/297 5409/5409/297
f 5410/5410/297 5411/5411/297 5412/5412/297
f 5413/5413/298 5414/5414/298 5415/5415/298
f 5416/5416/298 5417/5417/298 5418/5418/298
f 5419/5419/299 5420/5420/299 5421/5421/299
f 5422/5422/299 5423/5423/299 5424/5424/299
f 5425/5425/300 5426/5426/300 5427/5427/300
f 5428/5428/300 5429/5429/300 5430/5430/300
f 5431/5431/301 5432/5432/301 5433/5433/301
f 5434/5434/301 5435/5435/301 5436/5436/301
f 5437/5437/302 5438/5438/302 5439/5439/302
f 5440/5440/302 5441/5441/302 5442/5442/302
f 5443/5443/303 5444/5444/303 5445/5445/303
f 5446/5446/303 5447/5447/303 5448/5448/303
f 5449/5449/304 5450/5450/304 5451/5451/304
f 5452/5452/304 5453/5453/304 5454/5454/304
f 5455/5455/305 5456/5456/305 5457/5457/305
f 5458/5458/305 5459/5459/305 5460/5460/305
f 5461/5461/306 5462/5462/306 5463/5463/306
f 5464/5464/306 5465/5465/306 5466/5466/306
f 5467/5467/307 5468/5468/307 5469/5469/307
f 5470/5470/307 5471/5471/307 5472/5472/307
f 5473/5473/308 5474/5474/308 5475/5475/308
f 5476/5476/309 5477/5477/309 5478/5478/309
f 5479/5479/309 5480/5480/309 5481/5481/309
f 5482/5482/310 5483/5483/310 5484/5484/310
f 5485/5485/310 5486/5486/310 5487/5487/310
f 5488/5488/311 5489/5489/311 5490/5490/311
f 5491/5491/311 5492/5492/311 5493/5493/311
f 5494/5494/294 5495/5495/294 5496/5496/294
f 5497/5497/294 5498/5498/294 5499/5499/294
f 5500/5500/296 5501/5501/296 5502/5502/296
f 5503/5503/296 5504/5504/296 5505/5505/296
f 5506/5506/297 5507/5507/297 5508/5508/297
f 5509/5509/297 5510/5510/297 5511/5511/297
f 5512/5512/298 5513/5513/298 5514/5514/298
f 5515/5515/298 5516/5516/298 5517/5517/298
f 5518/5518/299 5519/5519/299 5520/5520/299
f 5521/5521/299 5522/5522/299 5523/5523/299
f 5524/5524/300 5525/5525/300 5526/5526/300
f 5527/5527/300 5528/5528/300 5529/5529/300
f 5530/5530/301 5531/5531/301 5532/5532/301
f 5533/5533/301 5534/5534/301 5535/5535/301
f 5536/5536/302 5537/5537/302 5538/5538/302
f 5539/5539/302 5540/5540/302 5541/5541/302
f 5542/5542/303 5543/5543/303 5544/5544/303
f 5545/5545/304 5546/5546/304 5547/5547/304
f 5548/5548/304 5549/5549/304 5550/5550/304
f 5551/5551/305 5552/5552/305 5553/5553/305
f 5554/5554/305 5555/5555/305 5556/5556/305
f 5557/5557/306 5558/5558/306 5559/5559/306
f 5560/5560/306 5561/5561/306 5562/5562/306
f 5563/5563/307 5564/5564/307 5565/5565/307
f 5566/5566/307 5567/5567/307 5568/5568/307
f 5569/5569/308 5570/5570/308 5571/5571/308
f 5572/5572/309 5573/5573/309 5574/5574/309
f 5575/5575/309 5576/5576/309 5577/5577/309
f 5578/5578/310 5579/5579/310 5580/5580/310
f 5581/5581/310 5582/5582/310 5583/5583/310
f 5584/5584/311 5585/5585/311 5586/5586/311
f 5587/5587/311 5588/5588/311 5589/5589/311
f 5590/5590/294 5591/5591/294 5592/5592/294
f 5593/5593/294 5594/5594/294 5595/5595/294
f 5596/5596/295 5597/5597/295 5598/5598/295
f 5599/5599/295 5600/5600/295 5601/5601/295
f 5602/5602/296 5603/5603/296 5604/5604/296
f 5605/5605/296 5606/5606/296 5607/5607/296
f 5608/5608/297 5609/5609/297 5610/5610/297
f 5611/5611/297 5612/5612/297 5613/5613/297
f 5614/5614/298 5615/5615/298 5616/5616/298
f 5617/5617/298 5618/5618/298 5619/5619/298
f 5620/5620/299 5621/5621/299 5622/5622/299
f 5623/5623/299 5624/5624/299 5625/5625/299
f 5626/5626/300 5627/5627/300 5628/5628/300
f 5629/5629/300 5630/5630/300 5631/5631/300
f 5632/5632/301 5633/5633/301 5634/5634/301
f 5635/5635/301 5636/5636/301 5637/5637/301
f 5638/5638/302 5639/5639/302 5640/5640/302
f 5641/5641/302 5642/5642/302 5643/5643/302
f 5644/5644/303 5645/5645/303 5646/5646/303
f 5647/5647/303 5648/5648/303 5649/5649/303
f 5650/5650/304 5651/5651/304 5652/5652/304
f 5653/5653/305 5654/5654/305 5655/5655/305
f 5656/5656/305 5657/5657/305 5658/5658/305
f 5659/5659/306 5660/5660/306 5661/5661/306
f 5662/5662/306 5663/5663/306 5664/5664/306
f 5665/5665/307 5666/5666/307 5667/5667/307
f 5668/5668/307 5669/5669/307 5670/5670/307
f 5671/5671/308 5672/5672/308 5673/5673/308
f 5674/5674/308 5675/5675/308 5676/5676/308
f 5677/5677/309 5678/5678/309 5679/5679/309
f 5680/5680/309 5681/5681/309 5682/5682/309
f 5683/5683/310 5684/5684/310 5685/5685/310
f 5686/5686/311 5687/5687/311 5688/5688/311
f 5689/5689/311 5690/5690/311 5691/5691/311
f 5692/5692/274 5693/5693/274 5694/5694/274
f 5695/5695/274 5696/5696/274 5697/5697/274
f 5698/5698/275 5699/5699/275 5700/5700/275
f 5701/5701/275 5702/5702/275 5703/5703/275
f 5704/5704/276 5705/5705/276 5706/5706/276
f 5707/5707/276 5708/5708/276 5709/5709/276
f 5710/5710/277 5711/5711/277 5712/5712/277
f 5713/5713/277 5714/5714/277 5715/5715/277
f 5716/5716/278 5717/5717/278 5718/5718/278
f 5719/5719/278 5720/5720/278 5721/5721/278
f 5722/5722/279 5723/5723/279 5724/5724/279
f 5725/5725/279 5726/5726/279 5727/5727/279
f 5728/5728/280 5729/5729/280 5730/5730/280
f 5731/5731/280 5732/5732/280 5733/5733/280
f 5734/5734/281 5735/5735/281 5736/5736/281
f 5737/5737/281 5738/5738/281 5739/5739/281
f 5740/5740/282 5741/5741/282 5742/5742/282
f 5743/5743/282 5744/5744/282 5745/5745/282
f 5746/5746/283 5747/5747/283 5748/5748/283
f 5749/5749/283 5750/5750/283 5751/5751/283
f 5752/5752/284 5753/5753/284 5754/5754/284
f 5755/5755/284 5756/5756/284 5757/5757/284
f 5758/5758/285 5759/5759/285 5760/5760/285
f 5761/5761/285 5762/5762/285 5763/5763/285
f 5764/5764/286 5765/5765/286 5766/5766/286
f 5767/5767/286 5768/5768/286 5769/5769/286
f 5770/5770/287 5771/5771/287 5772/5772/287
f 5773/5773/287 5774/5774/287 5775/5775/287
f 5776/5776/288 5777/5777/288 5778/5778/288
f 5779/5779/288 5780/5780/288 5781/5781/288
f 5782/5782/289 5783/5783/289 5784/5784/289
f 5785/5785/289 5786/5786/289 5787/5787/289
f 5788/5788/290 5789/5789/290 5790/5790/290
f 5791/5791/290 5792/5792/290 5793/5793/290
f 5794/5794/291 5795/5795/291 5796/5796/291
f 5797/5797/291 5798/5798/291 5799/5799/291
f 5800/5800/292 5801/5801/292 5802/5802/292
f 5803/5803/292 5804/5804/292 5805/5805/292
f 5806/5806/293 5807/5807/293 5808/5808/293
f 5809/5809/293 5810/5810/293 5811/5811/293
f 5812/5812/294 5813/5813/294 5814/5814/294
f 5815/5815/294 5816/5816/294 5817/5817/294
f 5818/5818/295 5819/5819/295 5820/5820/295
f 5821/5821/295 5822/5822/295 5823/5823/295
f 5824/5824/296 5825/5825/296 5826/5826/296
f 5827/5827/296 5828/5828/296 5829/5829/296
f 5830/5830/297 5831/5831/297 5832/5832/297
f 5833/5833/297 5834/5834/297 5835/5835/297
f 5836/5836/298 5837/5837/298 5838/5838/298
f 5839/5839/298 5840/5840/298 5841/5841/298
f 5842/5842/299 5843/5843/299 5844/5844/299
f 5845/5845/299 5846/5846/299 5847/5847/299
f 5848/5848/300 5849/5849/300 5850/5850/300
f 5851/5851/300 5852/5852/300 5853/5853/300
f 5854/5854/301 5855/5855/301 5856/5856/301
f 5857/5857/301 5858/5858/301 5859/5859/301
f 5860/5860/302 5861/5861/302 5862/5862/302
f 5863/5863/302 5864/5864/302 5865/5865/302
f 5866/5866/303 5867/5867/303 5868/5868/303
f 5869/5869/303 5870/5870/303 5871/5871/303
f 5872/5872/304 5873/5873/304 5874/5874/304
f 5875/5875/304 5876/5876/304 5877/5877/304
f 5878/5878/305 5879/5879/305 5880/5880/305
f 5881/5881/305 5882/5882/305 5883/5883/305
f 5884/5884/306 5885/5885/306 5886/5886/306
f 5887/5887/306 5888/5888/306 5889/5889/306
f 5890/5890/307 5891/5891/307 5892/5892/307
f 5893/5893/307 5894/5894/307 5895/5895/307
f 5896/5896/308 5897/5897/308 5898/5898/308
f 5899/5899/308 5900/5900/308 5901/5901/308
f 5902/5902/309 5903/5903/309 5904/5904/309
f 5905/5905/309 5906/5906/309 5907/5907/309
f 5908/5908/310 5909/5909/310 5910/5910/310
f 5911/5911/311 5912/5912/311 5913/5913/311
f 5914/5914/311 5915/5915/311 5916/5916/311
f 5917/5917/274 5918/5918/274 5919/5919/274
f 5920/5920/274 5921/5921/274 5922/5922/274
f 5923/5923/275 5924/5924/275 5925/5925/275
f 5926/5926/275 5927/5927/275 5928/5928/275
f 5929/5929/276 5930/5930/276 5931/5931/276
f 5932/5932/276 5933/5933/276 5934/5934/276
f 5935/5935/277 5936/5936/277 5937/5937/277
f 5938/5938/312 5939/5939/312 5940/5940/312
f 5941/5941/278 5942/5942/278 5943/5943/278
f 5944/5944/278 5945/5945/278 5946/5946/278
f 5947/5947/279 5948/5948/279 5949/5949/279
f 5950/5950/279 5951/5951/279 5952/5952/279
f 5953/5953/280 5954/5954/280 5955/5955/280
f 5956/5956/280 5957/5957/280 5958/5958/280
f 5959/5959/281 5960/5960/281 5961/5961/281
f 5962/5962/281 5963/5963/281 5964/5964/281
f 5965/5965/282 5966/5966/282 5967/5967/282
f 5968/5968/282 5969/5969/282 5970/5970/282
f 5971/5971/283 5972/5972/283 5973/5973/283
f 5974/5974/283 5975/5975/283 5976/5976/283
f 5977/5977/284 5978/5978/284 5979/5979/284
f 5980/5980/284 5981/5981/284 5982/5982/284
f 5983/5983/285 5984/5984/285 5985/5985/285
f 5986/5986/285 5987/5987/285 5988/5988/285
f 5989/5989/286 5990/5990/286 5991/5991/286
f 5992/5992/286 5993/5993/286 5994/5994/286
f 5995/5995/287 5996/5996/287 5997/5997/287
f 5998/5998/287 5999/5999/287 6000/6000/287
f 6001/6001/288 6002/6002/288 6003/6003/288
f 6004/6004/288 6005/6005/288 6006/6006/288
f 6007/6007/289 6008/6008/289 6009/6009/289
f 6010/6010/289 6011/6011/289 6012/6012/289
f 6013/6013/290 6014/6014/290 6015/6015/290
f 6016/6016/290 6017/6017/290 6018/6018/290
f 6019/6019/291 6020/6020/291 6021/6021/291
f 6022/6022/291 6023/6023/291 6024/6024/291
f 6025/6025/292 6026/6026/292 6027/6027/292
f 6028/6028/292 6029/6029/292 6030/6030/292
f 6031/6031/293 6032/6032/293 6033/6033/293
f 6034/6034/293 6035/6035/293 6036/6036/293
f 6037/6037/294 6038/6038/294 6039/6039/294
f 6040/6040/294 6041/6041/294 6042/6042/294
f 6043/6043/313 6044/6044/313 6045/6045/313
f 6046/6046/295 6047/6047/295 6048/6048/295
f 6049/6049/296 6050/6050/296 6051/6051/296
f 6052/6052/296 6053/6053/296 6054/6054/296
f 6055/6055/297 6056/6056/297 6057/6057/297
f 6058/6058/297 6059/6059/297 6060/6060/297
f 6061/6061/298 6062/6062/298 6063/6063/298
f 6064/6064/298 6065/6065/298 6066/6066/298
f 6067/6067/299 6068/6068/299 6069/6069/299
f 6070/6070/299 6071/6071/299 6072/6072/299
f 6073/6073/300 6074/6074/300 6075/6075/300
f 6076/6076/300 6077/6077/300 6078/6078/300
f 6079/6079/301 6080/6080/301 6081/6081/301
f 6082/6082/301 6083/6083/301 6084/6084/301
f 6085/6085/302 6086/6086/302 6087/6087/302
f 6088/6088/302 6089/6089/302 6090/6090/302
f 6091/6091/303 6092/6092/303 6093/6093/303
f 6094/6094/303 6095/6095/303 6096/6096/303
f 6097/6097/304 6098/6098/304 6099/6099/304
f 6100/6100/304 6101/6101/304 6102/6102/304
f 6103/6103/305 6104/6104/305 6105/6105/305
f 6106/6106/305 6107/6107/305 6108/6108/305
f 6109/6109/306 6110/6110/306 6111/6111/306
f 6112/6112/306 6113/6113/306 6114/6114/306
f 6115/6115/307 6116/6116/307 6117/6117/307
f 6118/6118/307 6119/6119/307 6120/6120/307
f 6121/6121/308 6122/6122/308 6123/6123/308
f 6124/6124/308 6125/6125/308 6126/6126/308
f 6127/6127/309 6128/6128/309 6129/6129/309
f 6130/6130/309 6131/6131/309 6132/6132/309
f 6133/6133/310 6134/6134/310 6135/6135/310
f 6136/6136/311 6137/6137/311 6138/6138/311
f 6139/6139/311 6140/6140/311 6141/6141/311
s 1
f 6142/6142/277 6143/6143/277 6144/6144/277
f 6145/6145/291 6146/6146/291 6147/6147/291
f 6148/6148/277 6149/6149/277 6150/6150/277
f 6151/6151/277 6152/6152/277 6153/6153/277
f 6154/6154/308 6155/6155/308 6156/6156/308
f 6157/6157/295 6158/6158/295 6159/6159/295
f 6160/6160/295 6161/6161/295 6162/6162/295
f 6163/6163/303 6164/6164/303 6165/6165/303
f 6166/6166/308 6167/6167/308 6168/6168/308
f 6169/6169/304 6170/6170/304 6171/6171/304
f 6172/6172/310 6173/6173/310 6174/6174/310
f 6175/6175/310 6176/6176/310 6177/6177/310
f 6178/6178/310 6179/6179/310 6180/6180/310
o Mesh_8.001
v 41.012074 25.382568 -6.453866
v 41.012074 18.851624 -6.453866
v 37.328262 -1.523363 -6.453870
v 41.012074 12.046925 -6.453867
v 41.012074 -1.523363 -6.453870
v 37.328262 -1.523363 -6.453870
v 52.106094 -1.523363 -6.453870
v 48.400990 -1.523363 -6.453870
v 48.400990 12.046925 -6.453867
v 48.400990 25.617210 -6.453866
v 52.106094 25.617210 -6.453866
v 52.106094 -1.523363 -6.453870
v 41.012074 32.421909 -6.453864
v 48.400990 32.421909 -6.453864
v 48.400990 25.617210 -6.453866
v 37.328262 -1.523363 -6.453870
v 37.328262 25.617210 -6.453866
v 41.012074 25.617210 -6.453866
v 41.012074 12.046925 -6.453867
v 37.328262 -1.523363 -6.453870
v 41.012074 18.851624 -6.453866
v 41.012074 25.617210 -6.453866
v 41.012074 32.421909 -6.453864
v 48.400990 25.617210 -6.453866
v 41.012074 25.382568 -6.453866
v 37.328262 -1.523363 -6.453870
v 41.012074 25.617210 -6.453866
v 41.012074 12.046925 -6.453867
v 41.012074 18.851624 -6.453866
v 48.400990 18.851624 -6.453866
v 41.012074 25.382568 -6.453866
v 41.012074 25.617210 -6.453866
v 48.400990 25.617210 -6.453866
v 48.400990 12.046925 -6.453867
v 41.012074 12.046925 -6.453867
v 48.400990 18.851624 -6.453866
v 48.400990 25.382568 -6.453866
v 41.012074 25.382568 -6.453866
v 48.400990 25.617210 -6.453866
v 52.106094 -1.523363 -6.453870
v 48.400990 12.046925 -6.453867
v 48.400990 18.851624 -6.453866
v 48.400990 25.382568 -6.453866
v 48.400990 25.617210 -6.453866
v 52.106094 -1.523363 -6.453870
v 52.106094 -1.523363 -6.453870
v 48.400990 18.851624 -6.453866
v 48.400990 25.382568 -6.453866
v 37.328262 -1.523365 4.192983
v 41.012074 18.851622 4.192986
v 41.012074 25.382565 4.192987
v 37.328262 -1.523365 4.192983
v 41.012074 -1.523365 4.192983
v 41.012074 12.046923 4.192986
v 48.400990 12.046923 4.192986
v 48.400990 -1.523365 4.192983
v 52.106094 -1.523365 4.192983
v 52.106094 -1.523365 4.192983
v 52.106094 25.617210 4.192987
v 48.400990 25.617210 4.192987
v 48.400990 25.617210 4.192987
v 48.400990 32.421906 4.192989
v 41.012074 32.421906 4.192989
v 41.012074 25.617210 4.192987
v 37.328262 25.617210 4.192987
v 37.328262 -1.523365 4.192983
v 41.012074 18.851622 4.192986
v 37.328262 -1.523365 4.192983
v 41.012074 12.046923 4.192986
v 48.400990 25.617210 4.192987
v 41.012074 32.421906 4.192989
v 41.012074 25.617210 4.192987
v 41.012074 25.617210 4.192987
v 37.328262 -1.523365 4.192983
v 41.012074 25.382565 4.192987
v 48.400990 18.851622 4.192986
v 41.012074 18.851622 4.192986
v 41.012074 12.046923 4.192986
v 48.400990 25.617210 4.192987
v 41.012074 25.617210 4.192987
v 41.012074 25.382565 4.192987
v 48.400990 18.851622 4.192986
v 41.012074 12.046923 4.192986
v 48.400990 12.046923 4.192986
v 48.400990 25.617210 4.192987
v 41.012074 25.382565 4.192987
v 48.400990 25.382565 4.192987
v 48.400990 18.851622 4.192986
v 48.400990 12.046923 4.192986
v 52.106094 -1.523365 4.192983
v 52.106094 -1.523365 4.192983
v 48.400990 25.617210 4.192987
v 48.400990 25.382565 4.192987
v 48.400990 25.382565 4.192987
v 48.400990 18.851622 4.192986
v 52.106094 -1.523365 4.192983
v 41.012074 -1.523363 -6.453870
v 41.012074 12.046925 -6.453867
v 41.317650 -2.084581 -6.352565
v 41.012074 12.046925 -6.453867
v 41.317650 11.485708 -6.352562
v 41.317650 -2.084581 -6.352565
v 41.576706 -2.560356 -6.064071
v 41.576706 11.009930 -6.064069
v 41.749802 -2.878263 -5.632311
v 41.576706 11.009930 -6.064069
v 41.749802 10.692026 -5.632309
v 41.749802 -2.878263 -5.632311
v 41.749802 -2.878263 -5.632311
v 41.749802 10.692026 -5.632309
v 41.810585 -2.989897 -5.123014
v 41.749802 10.692026 -5.632309
v 41.810585 10.580395 -5.123012
v 41.810585 -2.989897 -5.123014
v 41.810585 -2.989897 -5.123014
v 41.810585 10.580395 -5.123012
v 41.810585 -2.989897 2.862126
v 41.810585 10.580395 -5.123012
v 41.810585 10.580393 2.862128
v 41.810585 -2.989897 2.862126
v 41.810585 -2.989897 2.862126
v 41.810585 10.580393 2.862128
v 41.749802 -2.878263 3.371423
v 41.810585 10.580393 2.862128
v 41.749802 10.692025 3.371425
v 41.749802 -2.878263 3.371423
v 41.749802 -2.878263 3.371423
v 41.749802 10.692025 3.371425
v 41.576706 -2.560358 3.803183
v 41.749802 10.692025 3.371425
v 41.576706 11.009929 3.803185
v 41.576706 -2.560358 3.803183
v 41.576706 -2.560358 3.803183
v 41.576706 11.009929 3.803185
v 41.317650 -2.084583 4.091677
v 41.576706 11.009929 3.803185
v 41.317650 11.485706 4.091680
v 41.317650 -2.084583 4.091677
v 41.317650 -2.084583 4.091677
v 41.317650 11.485706 4.091680
v 41.012074 -1.523365 4.192983
v 41.317650 11.485706 4.091680
v 41.012074 12.046923 4.192986
v 41.012074 -1.523365 4.192983
v 41.012074 12.046925 -6.453867
v 48.400990 12.046925 -6.453867
v 41.317650 11.485708 -6.352562
v 48.400990 12.046925 -6.453867
v 48.095409 11.485708 -6.352562
v 41.317650 11.485708 -6.352562
v 41.317650 11.485708 -6.352562
v 48.095409 11.485708 -6.352562
v 41.576706 11.009930 -6.064069
v 48.095409 11.485708 -6.352562
v 47.836353 11.009930 -6.064069
v 41.576706 11.009930 -6.064069
v 41.576706 11.009930 -6.064069
v 47.836353 11.009930 -6.064069
v 41.749802 10.692026 -5.632309
v 47.836353 11.009930 -6.064069
v 47.663258 10.692026 -5.632309
v 41.749802 10.692026 -5.632309
v 41.749802 10.692026 -5.632309
v 47.663258 10.692026 -5.632309
v 41.810585 10.580395 -5.123012
v 47.663258 10.692026 -5.632309
v 47.602474 10.580395 -5.123012
v 41.810585 10.580395 -5.123012
v 41.810585 10.580395 -5.123012
v 47.602474 10.580395 -5.123012
v 41.810585 10.580393 2.862128
v 47.602474 10.580395 -5.123012
v 47.602474 10.580393 2.862128
v 41.810585 10.580393 2.862128
v 47.602474 10.580393 2.862128
v 47.663258 10.692025 3.371425
v 41.749802 10.692025 3.371425
v 41.749802 10.692025 3.371425
v 47.663258 10.692025 3.371425
v 41.576706 11.009929 3.803185
v 47.663258 10.692025 3.371425
v 47.836353 11.009929 3.803185
v 41.576706 11.009929 3.803185
v 41.576706 11.009929 3.803185
v 47.836353 11.009929 3.803185
v 41.317650 11.485706 4.091680
v 47.836353 11.009929 3.803185
v 48.095409 11.485706 4.091680
v 41.317650 11.485706 4.091680
v 41.317650 11.485706 4.091680
v 48.095409 11.485706 4.091680
v 41.012074 12.046923 4.192986
v 48.095409 11.485706 4.091680
v 48.400990 12.046923 4.192986
v 41.012074 12.046923 4.192986
v 48.400990 12.046925 -6.453867
v 48.400990 -1.523363 -6.453870
v 48.095409 11.485708 -6.352562
v 48.400990 -1.523363 -6.453870
v 48.095409 -2.084581 -6.352565
v 48.095409 11.485708 -6.352562
v 48.095409 11.485708 -6.352562
v 48.095409 -2.084581 -6.352565
v 47.836353 11.009930 -6.064069
v 48.095409 -2.084581 -6.352565
v 47.836353 -2.560356 -6.064071
v 47.836353 11.009930 -6.064069
v 47.836353 11.009930 -6.064069
v 47.836353 -2.560356 -6.064071
v 47.663258 10.692026 -5.632309
v 47.836353 -2.560356 -6.064071
v 47.663258 -2.878263 -5.632311
v 47.663258 10.692026 -5.632309
v 47.663258 10.692026 -5.632309
v 47.663258 -2.878263 -5.632311
v 47.602474 10.580395 -5.123012
v 47.663258 -2.878263 -5.632311
v 47.602474 -2.989897 -5.123014
v 47.602474 10.580395 -5.123012
v 47.602474 10.580395 -5.123012
v 47.602474 -2.989897 -5.123014
v 47.602474 10.580393 2.862128
v 47.602474 -2.989897 -5.123014
v 47.602474 -2.989897 2.862126
v 47.602474 10.580393 2.862128
v 47.602474 10.580393 2.862128
v 47.602474 -2.989897 2.862126
v 47.663258 10.692025 3.371425
v 47.602474 -2.989897 2.862126
v 47.663258 -2.878263 3.371423
v 47.663258 10.692025 3.371425
v 47.663258 10.692025 3.371425
v 47.663258 -2.878263 3.371423
v 47.836353 11.009929 3.803185
v 47.663258 -2.878263 3.371423
v 47.836353 -2.560358 3.803183
v 47.836353 11.009929 3.803185
v 47.836353 11.009929 3.803185
v 47.836353 -2.560358 3.803183
v 48.095409 11.485706 4.091680
v 47.836353 -2.560358 3.803183
v 48.095409 -2.084583 4.091677
v 48.095409 11.485706 4.091680
v 48.095409 11.485706 4.091680
v 48.095409 -2.084583 4.091677
v 48.400990 12.046923 4.192986
v 48.095409 -2.084583 4.091677
v 48.400990 -1.523365 4.192983
v 48.400990 12.046923 4.192986
v 48.400990 -1.523363 -6.453870
v 52.106094 -1.523363 -6.453870
v 48.095409 -2.084581 -6.352565
v 52.106094 -1.523363 -6.453870
v 52.411671 -2.084581 -6.352565
v 48.095409 -2.084581 -6.352565
v 48.095409 -2.084581 -6.352565
v 52.411671 -2.084581 -6.352565
v 47.836353 -2.560356 -6.064071
v 47.836353 -2.560356 -6.064071
v 52.670731 -2.560356 -6.064071
v 47.663258 -2.878263 -5.632311
v 52.670731 -2.560356 -6.064071
v 52.843826 -2.878263 -5.632311
v 47.663258 -2.878263 -5.632311
v 47.663258 -2.878263 -5.632311
v 52.843826 -2.878263 -5.632311
v 47.602474 -2.989897 -5.123014
v 52.843826 -2.878263 -5.632311
v 52.904610 -2.989897 -5.123014
v 47.602474 -2.989897 -5.123014
v 47.602474 -2.989897 -5.123014
v 52.904610 -2.989897 -5.123014
v 47.602474 -2.989897 2.862126
v 52.904610 -2.989897 -5.123014
v 52.904610 -2.989897 2.862126
v 47.602474 -2.989897 2.862126
v 47.602474 -2.989897 2.862126
v 52.904610 -2.989897 2.862126
v 47.663258 -2.878263 3.371423
v 52.904610 -2.989897 2.862126
v 52.843826 -2.878263 3.371423
v 47.663258 -2.878263 3.371423
v 47.663258 -2.878263 3.371423
v 52.843826 -2.878263 3.371423
v 47.836353 -2.560358 3.803183
v 52.843826 -2.878263 3.371423
v 52.670731 -2.560358 3.803183
v 47.836353 -2.560358 3.803183
v 52.670731 -2.560358 3.803183
v 52.411671 -2.084583 4.091677
v 48.095409 -2.084583 4.091677
v 48.095409 -2.084583 4.091677
v 52.411671 -2.084583 4.091677
v 48.400990 -1.523365 4.192983
v 52.411671 -2.084583 4.091677
v 52.106094 -1.523365 4.192983
v 48.400990 -1.523365 4.192983
v 52.106094 -1.523363 -6.453870
v 52.106094 25.617210 -6.453866
v 52.411671 -2.084581 -6.352565
v 52.106094 25.617210 -6.453866
v 52.411671 26.178429 -6.352560
v 52.411671 -2.084581 -6.352565
v 52.411671 -2.084581 -6.352565
v 52.411671 26.178429 -6.352560
v 52.670731 -2.560356 -6.064071
v 52.411671 26.178429 -6.352560
v 52.670731 26.654203 -6.064066
v 52.670731 -2.560356 -6.064071
v 52.670731 -2.560356 -6.064071
v 52.670731 26.654203 -6.064066
v 52.843826 -2.878263 -5.632311
v 52.670731 26.654203 -6.064066
v 52.843826 26.972109 -5.632306
v 52.843826 -2.878263 -5.632311
v 52.843826 -2.878263 -5.632311
v 52.843826 26.972109 -5.632306
v 52.904610 -2.989897 -5.123014
v 52.843826 26.972109 -5.632306
v 52.904610 27.083740 -5.123009
v 52.904610 -2.989897 -5.123014
v 52.904610 -2.989897 -5.123014
v 52.904610 27.083740 -5.123009
v 52.904610 -2.989897 2.862126
v 52.904610 27.083740 -5.123009
v 52.904610 27.083740 2.862131
v 52.904610 -2.989897 2.862126
v 52.904610 -2.989897 2.862126
v 52.904610 27.083740 2.862131
v 52.843826 -2.878263 3.371423
v 52.904610 27.083740 2.862131
v 52.843826 26.972107 3.371428
v 52.843826 -2.878263 3.371423
v 52.843826 -2.878263 3.371423
v 52.843826 26.972107 3.371428
v 52.670731 -2.560358 3.803183
v 52.843826 26.972107 3.371428
v 52.670731 26.654202 3.803188
v 52.670731 -2.560358 3.803183
v 52.670731 -2.560358 3.803183
v 52.670731 26.654202 3.803188
v 52.411671 -2.084583 4.091677
v 52.670731 26.654202 3.803188
v 52.411671 26.178429 4.091682
v 52.411671 -2.084583 4.091677
v 52.411671 -2.084583 4.091677
v 52.411671 26.178429 4.091682
v 52.106094 -1.523365 4.192983
v 52.411671 26.178429 4.091682
v 52.106094 25.617210 4.192987
v 52.106094 -1.523365 4.192983
v 52.106094 25.617210 -6.453866
v 48.400990 25.617210 -6.453866
v 52.411671 26.178429 -6.352560
v 48.400990 25.617210 -6.453866
v 48.706566 26.178429 -6.352560
v 52.411671 26.178429 -6.352560
v 52.411671 26.178429 -6.352560
v 48.706566 26.178429 -6.352560
v 52.670731 26.654203 -6.064066
v 48.706566 26.178429 -6.352560
v 48.965622 26.654203 -6.064066
v 52.670731 26.654203 -6.064066
v 52.670731 26.654203 -6.064066
v 48.965622 26.654203 -6.064066
v 52.843826 26.972109 -5.632306
v 48.965622 26.654203 -6.064066
v 49.138718 26.972109 -5.632306
v 52.843826 26.972109 -5.632306
v 52.843826 26.972109 -5.632306
v 49.138718 26.972109 -5.632306
v 52.904610 27.083740 -5.123009
v 49.138718 26.972109 -5.632306
v 49.199501 27.083740 -5.123009
v 52.904610 27.083740 -5.123009
v 52.904610 27.083740 -5.123009
v 49.199501 27.083740 -5.123009
v 52.904610 27.083740 2.862131
v 49.199501 27.083740 -5.123009
v 49.199501 27.083740 2.862131
v 52.904610 27.083740 2.862131
v 52.904610 27.083740 2.862131
v 49.199501 27.083740 2.862131
v 52.843826 26.972107 3.371428
v 49.199501 27.083740 2.862131
v 49.138718 26.972107 3.371428
v 52.843826 26.972107 3.371428
v 52.843826 26.972107 3.371428
v 49.138718 26.972107 3.371428
v 52.670731 26.654202 3.803188
v 49.138718 26.972107 3.371428
v 48.965622 26.654202 3.803188
v 52.670731 26.654202 3.803188
v 52.670731 26.654202 3.803188
v 48.965622 26.654202 3.803188
v 52.411671 26.178429 4.091682
v 48.965622 26.654202 3.803188
v 48.706566 26.178429 4.091682
v 52.411671 26.178429 4.091682
v 52.411671 26.178429 4.091682
v 48.706566 26.178429 4.091682
v 52.106094 25.617210 4.192987
v 48.706566 26.178429 4.091682
v 48.400990 25.617210 4.192987
v 52.106094 25.617210 4.192987
v 48.400990 25.617210 -6.453866
v 48.400990 32.421909 -6.453864
v 48.706566 26.178429 -6.352560
v 48.400990 32.421909 -6.453864
v 48.706566 32.983124 -6.352559
v 48.706566 26.178429 -6.352560
v 48.706566 26.178429 -6.352560
v 48.706566 32.983124 -6.352559
v 48.965622 26.654203 -6.064066
v 48.706566 32.983124 -6.352559
v 48.965622 33.458904 -6.064065
v 48.965622 26.654203 -6.064066
v 48.965622 26.654203 -6.064066
v 48.965622 33.458904 -6.064065
v 49.138718 26.972109 -5.632306
v 48.965622 33.458904 -6.064065
v 49.138718 33.776806 -5.632305
v 49.138718 26.972109 -5.632306
v 49.138718 26.972109 -5.632306
v 49.138718 33.776806 -5.632305
v 49.199501 27.083740 -5.123009
v 49.138718 33.776806 -5.632305
v 49.199501 33.888439 -5.123008
v 49.199501 27.083740 -5.123009
v 49.199501 27.083740 -5.123009
v 49.199501 33.888439 -5.123008
v 49.199501 27.083740 2.862131
v 49.199501 33.888439 -5.123008
v 49.199501 33.888439 2.862132
v 49.199501 27.083740 2.862131
v 49.199501 27.083740 2.862131
v 49.199501 33.888439 2.862132
v 49.138718 26.972107 3.371428
v 49.199501 33.888439 2.862132
v 49.138718 33.776806 3.371429
v 49.138718 26.972107 3.371428
v 49.138718 26.972107 3.371428
v 49.138718 33.776806 3.371429
v 48.965622 26.654202 3.803188
v 49.138718 33.776806 3.371429
v 48.965622 33.458900 3.803189
v 48.965622 26.654202 3.803188
v 48.965622 26.654202 3.803188
v 48.965622 33.458900 3.803189
v 48.706566 26.178429 4.091682
v 48.965622 33.458900 3.803189
v 48.706566 32.983124 4.091683
v 48.706566 26.178429 4.091682
v 48.706566 26.178429 4.091682
v 48.706566 32.983124 4.091683
v 48.400990 25.617210 4.192987
v 48.706566 32.983124 4.091683
v 48.400990 32.421906 4.192989
v 48.400990 25.617210 4.192987
v 48.400990 32.421909 -6.453864
v 41.012074 32.421909 -6.453864
v 48.706566 32.983124 -6.352559
v 41.012074 32.421909 -6.453864
v 40.706497 32.983124 -6.352559
v 48.706566 32.983124 -6.352559
v 48.706566 32.983124 -6.352559
v 40.706497 32.983124 -6.352559
v 48.965622 33.458904 -6.064065
v 40.706497 32.983124 -6.352559
v 40.447437 33.458904 -6.064065
v 48.965622 33.458904 -6.064065
v 48.965622 33.458904 -6.064065
v 40.447437 33.458904 -6.064065
v 49.138718 33.776806 -5.632305
v 40.447437 33.458904 -6.064065
v 40.274342 33.776806 -5.632305
v 49.138718 33.776806 -5.632305
v 49.138718 33.776806 -5.632305
v 40.274342 33.776806 -5.632305
v 49.199501 33.888439 -5.123008
v 40.274342 33.776806 -5.632305
v 40.213558 33.888439 -5.123008
v 49.199501 33.888439 -5.123008
v 49.199501 33.888439 -5.123008
v 40.213558 33.888439 -5.123008
v 49.199501 33.888439 2.862132
v 40.213558 33.888439 -5.123008
v 40.213558 33.888439 2.862132
v 49.199501 33.888439 2.862132
v 49.199501 33.888439 2.862132
v 40.213558 33.888439 2.862132
v 49.138718 33.776806 3.371429
v 40.213558 33.888439 2.862132
v 40.274342 33.776806 3.371429
v 49.138718 33.776806 3.371429
v 49.138718 33.776806 3.371429
v 40.274342 33.776806 3.371429
v 48.965622 33.458900 3.803189
v 40.274342 33.776806 3.371429
v 40.447437 33.458900 3.803189
v 48.965622 33.458900 3.803189
v 48.965622 33.458900 3.803189
v 40.447437 33.458900 3.803189
v 48.706566 32.983124 4.091683
v 40.447437 33.458900 3.803189
v 40.706497 32.983124 4.091683
v 48.706566 32.983124 4.091683
v 48.706566 32.983124 4.091683
v 40.706497 32.983124 4.091683
v 48.400990 32.421906 4.192989
v 40.706497 32.983124 4.091683
v 41.012074 32.421906 4.192989
v 48.400990 32.421906 4.192989
v 41.012074 32.421909 -6.453864
v 41.012074 25.617210 -6.453866
v 40.706497 32.983124 -6.352559
v 41.012074 25.617210 -6.453866
v 40.706497 26.178429 -6.352560
v 40.706497 32.983124 -6.352559
v 40.706497 32.983124 -6.352559
v 40.706497 26.178429 -6.352560
v 40.447437 33.458904 -6.064065
v 40.706497 26.178429 -6.352560
v 40.447437 26.654203 -6.064066
v 40.447437 33.458904 -6.064065
v 40.447437 33.458904 -6.064065
v 40.447437 26.654203 -6.064066
v 40.274342 33.776806 -5.632305
v 40.447437 26.654203 -6.064066
v 40.274342 26.972109 -5.632306
v 40.274342 33.776806 -5.632305
v 40.274342 33.776806 -5.632305
v 40.274342 26.972109 -5.632306
v 40.213558 33.888439 -5.123008
v 40.274342 26.972109 -5.632306
v 40.213558 27.083740 -5.123009
v 40.213558 33.888439 -5.123008
v 40.213558 33.888439 -5.123008
v 40.213558 27.083740 -5.123009
v 40.213558 33.888439 2.862132
v 40.213558 27.083740 -5.123009
v 40.213558 27.083740 2.862131
v 40.213558 33.888439 2.862132
v 40.213558 33.888439 2.862132
v 40.213558 27.083740 2.862131
v 40.274342 33.776806 3.371429
v 40.213558 27.083740 2.862131
v 40.274342 26.972107 3.371428
v 40.274342 33.776806 3.371429
v 40.274342 33.776806 3.371429
v 40.274342 26.972107 3.371428
v 40.447437 33.458900 3.803189
v 40.274342 26.972107 3.371428
v 40.447437 26.654202 3.803188
v 40.447437 33.458900 3.803189
v 40.447437 33.458900 3.803189
v 40.447437 26.654202 3.803188
v 40.706497 32.983124 4.091683
v 40.447437 26.654202 3.803188
v 40.706497 26.178429 4.091682
v 40.706497 32.983124 4.091683
v 40.706497 32.983124 4.091683
v 40.706497 26.178429 4.091682
v 41.012074 32.421906 4.192989
v 40.706497 26.178429 4.091682
v 41.012074 25.617210 4.192987
v 41.012074 32.421906 4.192989
v 41.012074 25.617210 -6.453866
v 37.328262 25.617210 -6.453866
v 40.706497 26.178429 -6.352560
v 37.328262 25.617210 -6.453866
v 37.022682 26.178429 -6.352560
v 40.706497 26.178429 -6.352560
v 40.706497 26.178429 -6.352560
v 37.022682 26.178429 -6.352560
v 40.447437 26.654203 -6.064066
v 37.022682 26.178429 -6.352560
v 36.763626 26.654203 -6.064066
v 40.447437 26.654203 -6.064066
v 40.447437 26.654203 -6.064066
v 36.763626 26.654203 -6.064066
v 40.274342 26.972109 -5.632306
v 36.763626 26.654203 -6.064066
v 36.590530 26.972109 -5.632306
v 40.274342 26.972109 -5.632306
v 40.274342 26.972109 -5.632306
v 36.590530 26.972109 -5.632306
v 40.213558 27.083740 -5.123009
v 36.590530 26.972109 -5.632306
v 36.529747 27.083740 -5.123009
v 40.213558 27.083740 -5.123009
v 40.213558 27.083740 -5.123009
v 36.529747 27.083740 -5.123009
v 40.213558 27.083740 2.862131
v 36.529747 27.083740 -5.123009
v 36.529747 27.083740 2.862131
v 40.213558 27.083740 2.862131
v 36.529747 27.083740 2.862131
v 36.590530 26.972107 3.371428
v 40.274342 26.972107 3.371428
v 36.590530 26.972107 3.371428
v 36.763626 26.654202 3.803188
v 40.447437 26.654202 3.803188
v 40.447437 26.654202 3.803188
v 36.763626 26.654202 3.803188
v 40.706497 26.178429 4.091682
v 36.763626 26.654202 3.803188
v 37.022682 26.178429 4.091682
v 40.706497 26.178429 4.091682
v 40.706497 26.178429 4.091682
v 37.022682 26.178429 4.091682
v 41.012074 25.617210 4.192987
v 37.022682 26.178429 4.091682
v 37.328262 25.617210 4.192987
v 41.012074 25.617210 4.192987
v 37.328262 25.617210 -6.453866
v 37.328262 -1.523363 -6.453870
v 37.022682 26.178429 -6.352560
v 37.328262 -1.523363 -6.453870
v 37.022682 -2.084581 -6.352565
v 37.022682 26.178429 -6.352560
v 37.022682 26.178429 -6.352560
v 37.022682 -2.084581 -6.352565
v 36.763626 26.654203 -6.064066
v 37.022682 -2.084581 -6.352565
v 36.763626 -2.560356 -6.064071
v 36.763626 26.654203 -6.064066
v 36.763626 26.654203 -6.064066
v 36.763626 -2.560356 -6.064071
v 36.590530 26.972109 -5.632306
v 36.763626 -2.560356 -6.064071
v 36.590530 -2.878263 -5.632311
v 36.590530 26.972109 -5.632306
v 36.590530 26.972109 -5.632306
v 36.590530 -2.878263 -5.632311
v 36.529747 27.083740 -5.123009
v 36.529747 27.083740 -5.123009
v 36.529747 -2.989897 -5.123014
v 36.529747 27.083740 2.862131
v 36.529747 -2.989897 -5.123014
v 36.529747 -2.989897 2.862126
v 36.529747 27.083740 2.862131
v 36.529747 27.083740 2.862131
v 36.529747 -2.989897 2.862126
v 36.590530 26.972107 3.371428
v 36.529747 -2.989897 2.862126
v 36.590530 -2.878263 3.371423
v 36.590530 26.972107 3.371428
v 36.590530 26.972107 3.371428
v 36.590530 -2.878263 3.371423
v 36.763626 26.654202 3.803188
v 36.590530 -2.878263 3.371423
v 36.763626 -2.560358 3.803183
v 36.763626 26.654202 3.803188
v 36.763626 26.654202 3.803188
v 36.763626 -2.560358 3.803183
v 37.022682 26.178429 4.091682
v 36.763626 -2.560358 3.803183
v 37.022682 -2.084583 4.091677
v 37.022682 26.178429 4.091682
v 37.022682 26.178429 4.091682
v 37.022682 -2.084583 4.091677
v 37.328262 25.617210 4.192987
v 37.022682 -2.084583 4.091677
v 37.328262 -1.523365 4.192983
v 37.328262 25.617210 4.192987
v 37.328262 -1.523363 -6.453870
v 41.012074 -1.523363 -6.453870
v 37.022682 -2.084581 -6.352565
v 41.012074 -1.523363 -6.453870
v 41.317650 -2.084581 -6.352565
v 37.022682 -2.084581 -6.352565
v 37.022682 -2.084581 -6.352565
v 41.317650 -2.084581 -6.352565
v 36.763626 -2.560356 -6.064071
v 36.763626 -2.560356 -6.064071
v 41.576706 -2.560356 -6.064071
v 36.590530 -2.878263 -5.632311
v 41.576706 -2.560356 -6.064071
v 41.749802 -2.878263 -5.632311
v 36.590530 -2.878263 -5.632311
v 36.590530 -2.878263 -5.632311
v 41.749802 -2.878263 -5.632311
v 36.529747 -2.989897 -5.123014
v 41.749802 -2.878263 -5.632311
v 41.810585 -2.989897 -5.123014
v 36.529747 -2.989897 -5.123014
v 36.529747 -2.989897 -5.123014
v 41.810585 -2.989897 -5.123014
v 36.529747 -2.989897 2.862126
v 41.810585 -2.989897 -5.123014
v 41.810585 -2.989897 2.862126
v 36.529747 -2.989897 2.862126
v 36.529747 -2.989897 2.862126
v 41.810585 -2.989897 2.862126
v 36.590530 -2.878263 3.371423
v 41.810585 -2.989897 2.862126
v 41.749802 -2.878263 3.371423
v 36.590530 -2.878263 3.371423
v 36.590530 -2.878263 3.371423
v 41.749802 -2.878263 3.371423
v 36.763626 -2.560358 3.803183
v 41.749802 -2.878263 3.371423
v 41.576706 -2.560358 3.803183
v 36.763626 -2.560358 3.803183
v 36.763626 -2.560358 3.803183
v 41.576706 -2.560358 3.803183
v 37.022682 -2.084583 4.091677
v 41.576706 -2.560358 3.803183
v 41.317650 -2.084583 4.091677
v 37.022682 -2.084583 4.091677
v 37.022682 -2.084583 4.091677
v 41.317650 -2.084583 4.091677
v 37.328262 -1.523365 4.192983
v 41.317650 -2.084583 4.091677
v 41.012074 -1.523365 4.192983
v 37.328262 -1.523365 4.192983
v 41.012074 25.382568 -6.453866
v 48.400990 25.382568 -6.453866
v 41.317650 24.821350 -6.352561
v 48.400990 25.382568 -6.453866
v 48.095409 24.821350 -6.352561
v 41.317650 24.821350 -6.352561
v 41.317650 24.821350 -6.352561
v 48.095409 24.821350 -6.352561
v 41.576706 24.345573 -6.064066
v 41.576706 24.345573 -6.064066
v 47.836353 24.345573 -6.064066
v 41.749802 24.027668 -5.632307
v 47.836353 24.345573 -6.064066
v 47.663258 24.027668 -5.632307
v 41.749802 24.027668 -5.632307
v 41.749802 24.027668 -5.632307
v 47.663258 24.027668 -5.632307
v 41.810585 23.916037 -5.123010
v 47.663258 24.027668 -5.632307
v 47.602474 23.916037 -5.123010
v 41.810585 23.916037 -5.123010
v 41.810585 23.916037 -5.123010
v 47.602474 23.916037 -5.123010
v 41.810585 23.916035 2.862130
v 47.602474 23.916037 -5.123010
v 47.602474 23.916035 2.862130
v 41.810585 23.916035 2.862130
v 41.810585 23.916035 2.862130
v 47.602474 23.916035 2.862130
v 41.749802 24.027668 3.371428
v 47.602474 23.916035 2.862130
v 47.663258 24.027668 3.371428
v 41.749802 24.027668 3.371428
v 41.749802 24.027668 3.371428
v 47.663258 24.027668 3.371428
v 41.576706 24.345572 3.803187
v 41.576706 24.345572 3.803187
v 47.836353 24.345572 3.803187
v 41.317650 24.821348 4.091681
v 47.836353 24.345572 3.803187
v 48.095409 24.821348 4.091681
v 41.317650 24.821348 4.091681
v 41.317650 24.821348 4.091681
v 48.095409 24.821348 4.091681
v 41.012074 25.382565 4.192987
v 48.095409 24.821348 4.091681
v 48.400990 25.382565 4.192987
v 41.012074 25.382565 4.192987
v 48.400990 25.382568 -6.453866
v 48.400990 18.851624 -6.453866
v 48.095409 24.821350 -6.352561
v 48.400990 18.851624 -6.453866
v 48.095409 19.412838 -6.352561
v 48.095409 24.821350 -6.352561
v 48.095409 24.821350 -6.352561
v 48.095409 19.412838 -6.352561
v 47.836353 24.345573 -6.064066
v 48.095409 19.412838 -6.352561
v 47.836353 19.888615 -6.064067
v 47.836353 24.345573 -6.064066
v 47.836353 24.345573 -6.064066
v 47.836353 19.888615 -6.064067
v 47.663258 24.027668 -5.632307
v 47.836353 19.888615 -6.064067
v 47.663258 20.206518 -5.632307
v 47.663258 24.027668 -5.632307
v 47.663258 24.027668 -5.632307
v 47.663258 20.206518 -5.632307
v 47.602474 23.916037 -5.123010
v 47.663258 20.206518 -5.632307
v 47.602474 20.318150 -5.123010
v 47.602474 23.916037 -5.123010
v 47.602474 23.916037 -5.123010
v 47.602474 20.318150 -5.123010
v 47.602474 23.916035 2.862130
v 47.602474 20.318150 -5.123010
v 47.602474 20.318150 2.862130
v 47.602474 23.916035 2.862130
v 47.602474 23.916035 2.862130
v 47.602474 20.318150 2.862130
v 47.663258 24.027668 3.371428
v 47.602474 20.318150 2.862130
v 47.663258 20.206516 3.371427
v 47.663258 24.027668 3.371428
v 47.663258 24.027668 3.371428
v 47.663258 20.206516 3.371427
v 47.836353 24.345572 3.803187
v 47.663258 20.206516 3.371427
v 47.836353 19.888613 3.803187
v 47.836353 24.345572 3.803187
v 47.836353 24.345572 3.803187
v 47.836353 19.888613 3.803187
v 48.095409 24.821348 4.091681
v 47.836353 19.888613 3.803187
v 48.095409 19.412836 4.091681
v 48.095409 24.821348 4.091681
v 48.095409 24.821348 4.091681
v 48.095409 19.412836 4.091681
v 48.400990 25.382565 4.192987
v 48.095409 19.412836 4.091681
v 48.400990 18.851622 4.192986
v 48.400990 25.382565 4.192987
v 48.400990 18.851624 -6.453866
v 41.012074 18.851624 -6.453866
v 48.095409 19.412838 -6.352561
v 41.012074 18.851624 -6.453866
v 41.317650 19.412838 -6.352561
v 48.095409 19.412838 -6.352561
v 48.095409 19.412838 -6.352561
v 41.317650 19.412838 -6.352561
v 47.836353 19.888615 -6.064067
v 47.836353 19.888615 -6.064067
v 41.576706 19.888615 -6.064067
v 47.663258 20.206518 -5.632307
v 41.576706 19.888615 -6.064067
v 41.749802 20.206518 -5.632307
v 47.663258 20.206518 -5.632307
v 47.663258 20.206518 -5.632307
v 41.749802 20.206518 -5.632307
v 47.602474 20.318150 -5.123010
v 41.749802 20.206518 -5.632307
v 41.810585 20.318150 -5.123010
v 47.602474 20.318150 -5.123010
v 47.602474 20.318150 -5.123010
v 41.810585 20.318150 -5.123010
v 47.602474 20.318150 2.862130
v 41.810585 20.318150 -5.123010
v 41.810585 20.318150 2.862130
v 47.602474 20.318150 2.862130
v 47.602474 20.318150 2.862130
v 41.810585 20.318150 2.862130
v 47.663258 20.206516 3.371427
v 41.810585 20.318150 2.862130
v 41.749802 20.206516 3.371427
v 47.663258 20.206516 3.371427
v 47.663258 20.206516 3.371427
v 41.749802 20.206516 3.371427
v 47.836353 19.888613 3.803187
v 47.836353 19.888613 3.803187
v 41.576706 19.888613 3.803187
v 48.095409 19.412836 4.091681
v 41.576706 19.888613 3.803187
v 41.317650 19.412836 4.091681
v 48.095409 19.412836 4.091681
v 48.095409 19.412836 4.091681
v 41.317650 19.412836 4.091681
v 48.400990 18.851622 4.192986
v 41.317650 19.412836 4.091681
v 41.012074 18.851622 4.192986
v 48.400990 18.851622 4.192986
v 41.012074 18.851624 -6.453866
v 41.012074 25.382568 -6.453866
v 41.317650 19.412838 -6.352561
v 41.012074 25.382568 -6.453866
v 41.317650 24.821350 -6.352561
v 41.317650 19.412838 -6.352561
v 41.317650 19.412838 -6.352561
v 41.317650 24.821350 -6.352561
v 41.576706 19.888615 -6.064067
v 41.317650 24.821350 -6.352561
v 41.576706 24.345573 -6.064066
v 41.576706 19.888615 -6.064067
v 41.576706 19.888615 -6.064067
v 41.576706 24.345573 -6.064066
v 41.749802 20.206518 -5.632307
v 41.749802 20.206518 -5.632307
v 41.749802 24.027668 -5.632307
v 41.810585 20.318150 -5.123010
v 41.749802 24.027668 -5.632307
v 41.810585 23.916037 -5.123010
v 41.810585 20.318150 -5.123010
v 41.810585 20.318150 -5.123010
v 41.810585 23.916037 -5.123010
v 41.810585 20.318150 2.862130
v 41.810585 23.916037 -5.123010
v 41.810585 23.916035 2.862130
v 41.810585 20.318150 2.862130
v 41.810585 20.318150 2.862130
v 41.810585 23.916035 2.862130
v 41.749802 20.206516 3.371427
v 41.810585 23.916035 2.862130
v 41.749802 24.027668 3.371428
v 41.749802 20.206516 3.371427
v 41.749802 24.027668 3.371428
v 41.576706 24.345572 3.803187
v 41.576706 19.888613 3.803187
v 41.576706 19.888613 3.803187
v 41.576706 24.345572 3.803187
v 41.317650 19.412836 4.091681
v 41.576706 24.345572 3.803187
v 41.317650 24.821348 4.091681
v 41.317650 19.412836 4.091681
v 41.317650 19.412836 4.091681
v 41.317650 24.821348 4.091681
v 41.012074 18.851622 4.192986
v 41.317650 24.821348 4.091681
v 41.012074 25.382565 4.192987
v 41.012074 18.851622 4.192986
v 41.317650 -2.084581 -6.352565
v 41.317650 11.485708 -6.352562
v 41.576706 -2.560356 -6.064071
v 41.317650 11.485708 -6.352562
v 41.576706 11.009930 -6.064069
v 41.576706 -2.560356 -6.064071
v 41.810585 10.580393 2.862128
v 47.602474 10.580393 2.862128
v 41.749802 10.692025 3.371425
v 52.411671 -2.084581 -6.352565
v 52.670731 -2.560356 -6.064071
v 47.836353 -2.560356 -6.064071
v 47.836353 -2.560358 3.803183
v 52.670731 -2.560358 3.803183
v 48.095409 -2.084583 4.091677
v 40.213558 27.083740 2.862131
v 36.529747 27.083740 2.862131
v 40.274342 26.972107 3.371428
v 40.274342 26.972107 3.371428
v 36.590530 26.972107 3.371428
v 40.447437 26.654202 3.803188
v 36.590530 -2.878263 -5.632311
v 36.529747 -2.989897 -5.123014
v 36.529747 27.083740 -5.123009
v 41.317650 -2.084581 -6.352565
v 41.576706 -2.560356 -6.064071
v 36.763626 -2.560356 -6.064071
v 48.095409 24.821350 -6.352561
v 47.836353 24.345573 -6.064066
v 41.576706 24.345573 -6.064066
v 47.663258 24.027668 3.371428
v 47.836353 24.345572 3.803187
v 41.576706 24.345572 3.803187
v 41.317650 19.412838 -6.352561
v 41.576706 19.888615 -6.064067
v 47.836353 19.888615 -6.064067
v 41.749802 20.206516 3.371427
v 41.576706 19.888613 3.803187
v 47.836353 19.888613 3.803187
v 41.576706 24.345573 -6.064066
v 41.749802 24.027668 -5.632307
v 41.749802 20.206518 -5.632307
v 41.749802 20.206516 3.371427
v 41.749802 24.027668 3.371428
v 41.576706 19.888613 3.803187
vt 2.776000 -4.504000
vt 2.776000 -3.168000
vt 1.392000 1.000000
vt 2.776000 -1.776000
vt 2.776000 1.000000
vt 1.392000 1.000000
vt 6.944000 1.000000
vt 5.552000 1.000000
vt 5.552000 -1.776000
vt 5.552000 -4.552000
vt 6.944000 -4.552000
vt 6.944000 1.000000
vt 2.776000 -5.944000
vt 5.552000 -5.944000
vt 5.552000 -4.552000
vt 1.392000 1.000000
vt 1.392000 -4.552000
vt 2.776000 -4.552000
vt 2.776000 -1.776000
vt 1.392000 1.000000
vt 2.776000 -3.168000
vt 2.776000 -4.552000
vt 2.776000 -5.944000
vt 5.552000 -4.552000
vt 2.776000 -4.504000
vt 1.392000 1.000000
vt 2.776000 -4.552000
vt 2.776000 -1.776000
vt 2.776000 -3.168000
vt 5.552000 -3.168000
vt 2.776000 -4.504000
vt 2.776000 -4.552000
vt 5.552000 -4.552000
vt 5.552000 -1.776000
vt 2.776000 -1.776000
vt 5.552000 -3.168000
vt 5.552000 -4.504000
vt 2.776000 -4.504000
vt 5.552000 -4.552000
vt 6.944000 1.000000
vt 5.552000 -1.776000
vt 5.552000 -3.168000
vt 5.552000 -4.504000
vt 5.552000 -4.552000
vt 6.944000 1.000000
vt 6.944000 1.000000
vt 5.552000 -3.168000
vt 5.552000 -4.504000
vt 1.392000 1.000000
vt 2.776000 -3.168000
vt 2.776000 -4.504000
vt 1.392000 1.000000
vt 2.776000 1.000000
vt 2.776000 -1.776000
vt 5.552000 -1.776000
vt 5.552000 1.000000
vt 6.944000 1.000000
vt 6.944000 1.000000
vt 6.944000 -4.552000
vt 5.552000 -4.552000
vt 5.552000 -4.552000
vt 5.552000 -5.944000
vt 2.776000 -5.944000
vt 2.776000 -4.552000
vt 1.392000 -4.552000
vt 1.392000 1.000000
vt 2.776000 -3.168000
vt 1.392000 1.000000
vt 2.776000 -1.776000
vt 5.552000 -4.552000
vt 2.776000 -5.944000
vt 2.776000 -4.552000
vt 2.776000 -4.552000
vt 1.392000 1.000000
vt 2.776000 -4.504000
vt 5.552000 -3.168000
vt 2.776000 -3.168000
vt 2.776000 -1.776000
vt 5.552000 -4.552000
vt 2.776000 -4.552000
vt 2.776000 -4.504000
vt 5.552000 -3.168000
vt 2.776000 -1.776000
vt 5.552000 -1.776000
vt 5.552000 -4.552000
vt 2.776000 -4.504000
vt 5.552000 -4.504000
vt 5.552000 -3.168000
vt 5.552000 -1.776000
vt 6.944000 1.000000
vt 6.944000 1.000000
vt 5.552000 -4.552000
vt 5.552000 -4.504000
vt 5.552000 -4.504000
vt 5.552000 -3.168000
vt 6.944000 1.000000
vt 0.000000 -0.500000
vt 2.776000 -0.500000
vt -0.114805 -0.461940
vt 2.776000 -0.500000
vt 2.661195 -0.461940
vt -0.114805 -0.461940
vt -0.212132 -0.353553
vt 2.563868 -0.353553
vt -0.277164 -0.191342
vt 2.563868 -0.353553
vt 2.498836 -0.191342
vt -0.277164 -0.191342
vt -0.277164 -0.191342
vt 2.498836 -0.191342
vt -0.300000 0.000000
vt 2.498836 -0.191342
vt 2.476000 0.000000
vt -0.300000 0.000000
vt -0.300000 0.000000
vt 2.476000 0.000000
vt -0.300000 3.000000
vt 2.476000 0.000000
vt 2.476000 3.000000
vt -0.300000 3.000000
vt -0.300000 3.000000
vt 2.476000 3.000000
vt -0.277164 3.191342
vt 2.476000 3.000000
vt 2.498836 3.191342
vt -0.277164 3.191342
vt -0.277164 3.191342
vt 2.498836 3.191342
vt -0.212132 3.353553
vt 2.498836 3.191342
vt 2.563868 3.353553
vt -0.212132 3.353553
vt -0.212132 3.353553
vt 2.563868 3.353553
vt -0.114805 3.461940
vt 2.563868 3.353553
vt 2.661195 3.461940
vt -0.114805 3.461940
vt -0.114805 3.461940
vt 2.661195 3.461940
vt 0.000000 3.500000
vt 2.661195 3.461940
vt 2.776000 3.500000
vt 0.000000 3.500000
vt 2.776000 -0.500000
vt 5.552000 -0.500000
vt 2.890805 -0.461940
vt 5.552000 -0.500000
vt 5.437195 -0.461940
vt 2.890805 -0.461940
vt 2.890805 -0.461940
vt 5.437195 -0.461940
vt 2.988132 -0.353553
vt 5.437195 -0.461940
vt 5.339868 -0.353553
vt 2.988132 -0.353553
vt 2.988132 -0.353553
vt 5.339868 -0.353553
vt 3.053164 -0.191342
vt 5.339868 -0.353553
vt 5.274836 -0.191342
vt 3.053164 -0.191342
vt 3.053164 -0.191342
vt 5.274836 -0.191342
vt 3.076000 0.000000
vt 5.274836 -0.191342
vt 5.252000 0.000000
vt 3.076000 0.000000
vt 3.076000 0.000000
vt 5.252000 0.000000
vt 3.076000 3.000000
vt 5.252000 0.000000
vt 5.252000 3.000000
vt 3.076000 3.000000
vt 5.252000 3.000000
vt 5.274836 3.191342
vt 3.053164 3.191342
vt 3.053164 3.191342
vt 5.274836 3.191342
vt 2.988132 3.353553
vt 5.274836 3.191342
vt 5.339868 3.353553
vt 2.988132 3.353553
vt 2.988132 3.353553
vt 5.339868 3.353553
vt 2.890805 3.461940
vt 5.339868 3.353553
vt 5.437195 3.461940
vt 2.890805 3.461940
vt 2.890805 3.461940
vt 5.437195 3.461940
vt 2.776000 3.500000
vt 5.437195 3.461940
vt 5.552000 3.500000
vt 2.776000 3.500000
vt 2.776000 -0.500000
vt 0.000000 -0.500000
vt 2.661195 -0.461940
vt 0.000000 -0.500000
vt -0.114805 -0.461940
vt 2.661195 -0.461940
vt 2.661195 -0.461940
vt -0.114805 -0.461940
vt 2.563868 -0.353553
vt -0.114805 -0.461940
vt -0.212132 -0.353553
vt 2.563868 -0.353553
vt 2.563868 -0.353553
vt -0.212132 -0.353553
vt 2.498836 -0.191342
vt -0.212132 -0.353553
vt -0.277164 -0.191342
vt 2.498836 -0.191342
vt 2.498836 -0.191342
vt -0.277164 -0.191342
vt 2.476000 0.000000
vt -0.277164 -0.191342
vt -0.300000 0.000000
vt 2.476000 0.000000
vt 2.476000 0.000000
vt -0.300000 0.000000
vt 2.476000 3.000000
vt -0.300000 0.000000
vt -0.300000 3.000000
vt 2.476000 3.000000
vt 2.476000 3.000000
vt -0.300000 3.000000
vt 2.498836 3.191342
vt -0.300000 3.000000
vt -0.277164 3.191342
vt 2.498836 3.191342
vt 2.498836 3.191342
vt -0.277164 3.191342
vt 2.563868 3.353553
vt -0.277164 3.191342
vt -0.212132 3.353553
vt 2.563868 3.353553
vt 2.563868 3.353553
vt -0.212132 3.353553
vt 2.661195 3.461940
vt -0.212132 3.353553
vt -0.114805 3.461940
vt 2.661195 3.461940
vt 2.661195 3.461940
vt -0.114805 3.461940
vt 2.776000 3.500000
vt -0.114805 3.461940
vt 0.000000 3.500000
vt 2.776000 3.500000
vt 5.552000 -0.500000
vt 6.944000 -0.500000
vt 5.437195 -0.461940
vt 6.944000 -0.500000
vt 7.058805 -0.461940
vt 5.437195 -0.461940
vt 5.437195 -0.461940
vt 7.058805 -0.461940
vt 5.339868 -0.353553
vt 5.339868 -0.353553
vt 7.156132 -0.353553
vt 5.274836 -0.191342
vt 7.156132 -0.353553
vt 7.221164 -0.191342
vt 5.274836 -0.191342
vt 5.274836 -0.191342
vt 7.221164 -0.191342
vt 5.252000 0.000000
vt 7.221164 -0.191342
vt 7.244000 0.000000
vt 5.252000 0.000000
vt 5.252000 0.000000
vt 7.244000 0.000000
vt 5.252000 3.000000
vt 7.244000 0.000000
vt 7.244000 3.000000
vt 5.252000 3.000000
vt 5.252000 3.000000
vt 7.244000 3.000000
vt 5.274836 3.191342
vt 7.244000 3.000000
vt 7.221164 3.191342
vt 5.274836 3.191342
vt 5.274836 3.191342
vt 7.221164 3.191342
vt 5.339868 3.353553
vt 7.221164 3.191342
vt 7.156132 3.353553
vt 5.339868 3.353553
vt 7.156132 3.353553
vt 7.058805 3.461940
vt 5.437195 3.461940
vt 5.437195 3.461940
vt 7.058805 3.461940
vt 5.552000 3.500000
vt 7.058805 3.461940
vt 6.944000 3.500000
vt 5.552000 3.500000
vt 0.000000 -0.500000
vt 5.552000 -0.500000
vt -0.114805 -0.461940
vt 5.552000 -0.500000
vt 5.666805 -0.461940
vt -0.114805 -0.461940
vt -0.114805 -0.461940
vt 5.666805 -0.461940
vt -0.212132 -0.353553
vt 5.666805 -0.461940
vt 5.764132 -0.353553
vt -0.212132 -0.353553
vt -0.212132 -0.353553
vt 5.764132 -0.353553
vt -0.277164 -0.191342
vt 5.764132 -0.353553
vt 5.829164 -0.191342
vt -0.277164 -0.191342
vt -0.277164 -0.191342
vt 5.829164 -0.191342
vt -0.300000 0.000000
vt 5.829164 -0.191342
vt 5.852000 0.000000
vt -0.300000 0.000000
vt -0.300000 0.000000
vt 5.852000 0.000000
vt -0.300000 3.000000
vt 5.852000 0.000000
vt 5.852000 3.000000
vt -0.300000 3.000000
vt -0.300000 3.000000
vt 5.852000 3.000000
vt -0.277164 3.191342
vt 5.852000 3.000000
vt 5.829164 3.191342
vt -0.277164 3.191342
vt -0.277164 3.191342
vt 5.829164 3.191342
vt -0.212132 3.353553
vt 5.829164 3.191342
vt 5.764132 3.353553
vt -0.212132 3.353553
vt -0.212132 3.353553
vt 5.764132 3.353553
vt -0.114805 3.461940
vt 5.764132 3.353553
vt 5.666805 3.461940
vt -0.114805 3.461940
vt -0.114805 3.461940
vt 5.666805 3.461940
vt 0.000000 3.500000
vt 5.666805 3.461940
vt 5.552000 3.500000
vt 0.000000 3.500000
vt 6.944000 -0.500000
vt 5.552000 -0.500000
vt 7.058805 -0.461940
vt 5.552000 -0.500000
vt 5.666805 -0.461940
vt 7.058805 -0.461940
vt 7.058805 -0.461940
vt 5.666805 -0.461940
vt 7.156132 -0.353553
vt 5.666805 -0.461940
vt 5.764132 -0.353553
vt 7.156132 -0.353553
vt 7.156132 -0.353553
vt 5.764132 -0.353553
vt 7.221164 -0.191342
vt 5.764132 -0.353553
vt 5.829164 -0.191342
vt 7.221164 -0.191342
vt 7.221164 -0.191342
vt 5.829164 -0.191342
vt 7.244000 0.000000
vt 5.829164 -0.191342
vt 5.852000 0.000000
vt 7.244000 0.000000
vt 7.244000 0.000000
vt 5.852000 0.000000
vt 7.244000 3.000000
vt 5.852000 0.000000
vt 5.852000 3.000000
vt 7.244000 3.000000
vt 7.244000 3.000000
vt 5.852000 3.000000
vt 7.221164 3.191342
vt 5.852000 3.000000
vt 5.829164 3.191342
vt 7.221164 3.191342
vt 7.221164 3.191342
vt 5.829164 3.191342
vt 7.156132 3.353553
vt 5.829164 3.191342
vt 5.764132 3.353553
vt 7.156132 3.353553
vt 7.156132 3.353553
vt 5.764132 3.353553
vt 7.058805 3.461940
vt 5.764132 3.353553
vt 5.666805 3.461940
vt 7.058805 3.461940
vt 7.058805 3.461940
vt 5.666805 3.461940
vt 6.944000 3.500000
vt 5.666805 3.461940
vt 5.552000 3.500000
vt 6.944000 3.500000
vt 5.552000 -0.500000
vt 6.944000 -0.500000
vt 5.666805 -0.461940
vt 6.944000 -0.500000
vt 7.058805 -0.461940
vt 5.666805 -0.461940
vt 5.666805 -0.461940
vt 7.058805 -0.461940
vt 5.764132 -0.353553
vt 7.058805 -0.461940
vt 7.156132 -0.353553
vt 5.764132 -0.353553
vt 5.764132 -0.353553
vt 7.156132 -0.353553
vt 5.829164 -0.191342
vt 7.156132 -0.353553
vt 7.221164 -0.191342
vt 5.829164 -0.191342
vt 5.829164 -0.191342
vt 7.221164 -0.191342
vt 5.852000 0.000000
vt 7.221164 -0.191342
vt 7.244000 0.000000
vt 5.852000 0.000000
vt 5.852000 0.000000
vt 7.244000 0.000000
vt 5.852000 3.000000
vt 7.244000 0.000000
vt 7.244000 3.000000
vt 5.852000 3.000000
vt 5.852000 3.000000
vt 7.244000 3.000000
vt 5.829164 3.191342
vt 7.244000 3.000000
vt 7.221164 3.191342
vt 5.829164 3.191342
vt 5.829164 3.191342
vt 7.221164 3.191342
vt 5.764132 3.353553
vt 7.221164 3.191342
vt 7.156132 3.353553
vt 5.764132 3.353553
vt 5.764132 3.353553
vt 7.156132 3.353553
vt 5.666805 3.461940
vt 7.156132 3.353553
vt 7.058805 3.461940
vt 5.666805 3.461940
vt 5.666805 3.461940
vt 7.058805 3.461940
vt 5.552000 3.500000
vt 7.058805 3.461940
vt 6.944000 3.500000
vt 5.552000 3.500000
vt 5.552000 -0.500000
vt 2.776000 -0.500000
vt 5.666805 -0.461940
vt 2.776000 -0.500000
vt 2.661195 -0.461940
vt 5.666805 -0.461940
vt 5.666805 -0.461940
vt 2.661195 -0.461940
vt 5.764132 -0.353553
vt 2.661195 -0.461940
vt 2.563868 -0.353553
vt 5.764132 -0.353553
vt 5.764132 -0.353553
vt 2.563868 -0.353553
vt 5.829164 -0.191342
vt 2.563868 -0.353553
vt 2.498836 -0.191342
vt 5.829164 -0.191342
vt 5.829164 -0.191342
vt 2.498836 -0.191342
vt 5.852000 0.000000
vt 2.498836 -0.191342
vt 2.476000 0.000000
vt 5.852000 0.000000
vt 5.852000 0.000000
vt 2.476000 0.000000
vt 5.852000 3.000000
vt 2.476000 0.000000
vt 2.476000 3.000000
vt 5.852000 3.000000
vt 5.852000 3.000000
vt 2.476000 3.000000
vt 5.829164 3.191342
vt 2.476000 3.000000
vt 2.498836 3.191342
vt 5.829164 3.191342
vt 5.829164 3.191342
vt 2.498836 3.191342
vt 5.764132 3.353553
vt 2.498836 3.191342
vt 2.563868 3.353553
vt 5.764132 3.353553
vt 5.764132 3.353553
vt 2.563868 3.353553
vt 5.666805 3.461940
vt 2.563868 3.353553
vt 2.661195 3.461940
vt 5.666805 3.461940
vt 5.666805 3.461940
vt 2.661195 3.461940
vt 5.552000 3.500000
vt 2.661195 3.461940
vt 2.776000 3.500000
vt 5.552000 3.500000
vt 6.944000 -0.500000
vt 5.552000 -0.500000
vt 7.058805 -0.461940
vt 5.552000 -0.500000
vt 5.666805 -0.461940
vt 7.058805 -0.461940
vt 7.058805 -0.461940
vt 5.666805 -0.461940
vt 7.156132 -0.353553
vt 5.666805 -0.461940
vt 5.764132 -0.353553
vt 7.156132 -0.353553
vt 7.156132 -0.353553
vt 5.764132 -0.353553
vt 7.221164 -0.191342
vt 5.764132 -0.353553
vt 5.829164 -0.191342
vt 7.221164 -0.191342
vt 7.221164 -0.191342
vt 5.829164 -0.191342
vt 7.244000 0.000000
vt 5.829164 -0.191342
vt 5.852000 0.000000
vt 7.244000 0.000000
vt 7.244000 0.000000
vt 5.852000 0.000000
vt 7.244000 3.000000
vt 5.852000 0.000000
vt 5.852000 3.000000
vt 7.244000 3.000000
vt 7.244000 3.000000
vt 5.852000 3.000000
vt 7.221164 3.191342
vt 5.852000 3.000000
vt 5.829164 3.191342
vt 7.221164 3.191342
vt 7.221164 3.191342
vt 5.829164 3.191342
vt 7.156132 3.353553
vt 5.829164 3.191342
vt 5.764132 3.353553
vt 7.156132 3.353553
vt 7.156132 3.353553
vt 5.764132 3.353553
vt 7.058805 3.461940
vt 5.764132 3.353553
vt 5.666805 3.461940
vt 7.058805 3.461940
vt 7.058805 3.461940
vt 5.666805 3.461940
vt 6.944000 3.500000
vt 5.666805 3.461940
vt 5.552000 3.500000
vt 6.944000 3.500000
vt 2.776000 -0.500000
vt 1.392000 -0.500000
vt 2.661195 -0.461940
vt 1.392000 -0.500000
vt 1.277195 -0.461940
vt 2.661195 -0.461940
vt 2.661195 -0.461940
vt 1.277195 -0.461940
vt 2.563868 -0.353553
vt 1.277195 -0.461940
vt 1.179868 -0.353553
vt 2.563868 -0.353553
vt 2.563868 -0.353553
vt 1.179868 -0.353553
vt 2.498836 -0.191342
vt 1.179868 -0.353553
vt 1.114836 -0.191342
vt 2.498836 -0.191342
vt 2.498836 -0.191342
vt 1.114836 -0.191342
vt 2.476000 0.000000
vt 1.114836 -0.191342
vt 1.092000 0.000000
vt 2.476000 0.000000
vt 2.476000 0.000000
vt 1.092000 0.000000
vt 2.476000 3.000000
vt 1.092000 0.000000
vt 1.092000 3.000000
vt 2.476000 3.000000
vt 1.092000 3.000000
vt 1.114836 3.191342
vt 2.498836 3.191342
vt 1.114836 3.191342
vt 1.179868 3.353553
vt 2.563868 3.353553
vt 2.563868 3.353553
vt 1.179868 3.353553
vt 2.661195 3.461940
vt 1.179868 3.353553
vt 1.277195 3.461940
vt 2.661195 3.461940
vt 2.661195 3.461940
vt 1.277195 3.461940
vt 2.776000 3.500000
vt 1.277195 3.461940
vt 1.392000 3.500000
vt 2.776000 3.500000
vt 5.552000 -0.500000
vt 0.000000 -0.500000
vt 5.666805 -0.461940
vt 0.000000 -0.500000
vt -0.114805 -0.461940
vt 5.666805 -0.461940
vt 5.666805 -0.461940
vt -0.114805 -0.461940
vt 5.764132 -0.353553
vt -0.114805 -0.461940
vt -0.212132 -0.353553
vt 5.764132 -0.353553
vt 5.764132 -0.353553
vt -0.212132 -0.353553
vt 5.829164 -0.191342
vt -0.212132 -0.353553
vt -0.277164 -0.191342
vt 5.829164 -0.191342
vt 5.829164 -0.191342
vt -0.277164 -0.191342
vt 5.852000 0.000000
vt 5.852000 0.000000
vt -0.300000 0.000000
vt 5.852000 3.000000
vt -0.300000 0.000000
vt -0.300000 3.000000
vt 5.852000 3.000000
vt 5.852000 3.000000
vt -0.300000 3.000000
vt 5.829164 3.191342
vt -0.300000 3.000000
vt -0.277164 3.191342
vt 5.829164 3.191342
vt 5.829164 3.191342
vt -0.277164 3.191342
vt 5.764132 3.353553
vt -0.277164 3.191342
vt -0.212132 3.353553
vt 5.764132 3.353553
vt 5.764132 3.353553
vt -0.212132 3.353553
vt 5.666805 3.461940
vt -0.212132 3.353553
vt -0.114805 3.461940
vt 5.666805 3.461940
vt 5.666805 3.461940
vt -0.114805 3.461940
vt 5.552000 3.500000
vt -0.114805 3.461940
vt 0.000000 3.500000
vt 5.552000 3.500000
vt 1.392000 -0.500000
vt 2.776000 -0.500000
vt 1.277195 -0.461940
vt 2.776000 -0.500000
vt 2.890805 -0.461940
vt 1.277195 -0.461940
vt 1.277195 -0.461940
vt 2.890805 -0.461940
vt 1.179868 -0.353553
vt 1.179868 -0.353553
vt 2.988132 -0.353553
vt 1.114836 -0.191342
vt 2.988132 -0.353553
vt 3.053164 -0.191342
vt 1.114836 -0.191342
vt 1.114836 -0.191342
vt 3.053164 -0.191342
vt 1.092000 0.000000
vt 3.053164 -0.191342
vt 3.076000 0.000000
vt 1.092000 0.000000
vt 1.092000 0.000000
vt 3.076000 0.000000
vt 1.092000 3.000000
vt 3.076000 0.000000
vt 3.076000 3.000000
vt 1.092000 3.000000
vt 1.092000 3.000000
vt 3.076000 3.000000
vt 1.114836 3.191342
vt 3.076000 3.000000
vt 3.053164 3.191342
vt 1.114836 3.191342
vt 1.114836 3.191342
vt 3.053164 3.191342
vt 1.179868 3.353553
vt 3.053164 3.191342
vt 2.988132 3.353553
vt 1.179868 3.353553
vt 1.179868 3.353553
vt 2.988132 3.353553
vt 1.277195 3.461940
vt 2.988132 3.353553
vt 2.890805 3.461940
vt 1.277195 3.461940
vt 1.277195 3.461940
vt 2.890805 3.461940
vt 1.392000 3.500000
vt 2.890805 3.461940
vt 2.776000 3.500000
vt 1.392000 3.500000
vt 2.776000 -0.500000
vt 5.552000 -0.500000
vt 2.890805 -0.461940
vt 5.552000 -0.500000
vt 5.437195 -0.461940
vt 2.890805 -0.461940
vt 2.890805 -0.461940
vt 5.437195 -0.461940
vt 2.988132 -0.353553
vt 2.988132 -0.353553
vt 5.339868 -0.353553
vt 3.053164 -0.191342
vt 5.339868 -0.353553
vt 5.274836 -0.191342
vt 3.053164 -0.191342
vt 3.053164 -0.191342
vt 5.274836 -0.191342
vt 3.076000 0.000000
vt 5.274836 -0.191342
vt 5.252000 0.000000
vt 3.076000 0.000000
vt 3.076000 0.000000
vt 5.252000 0.000000
vt 3.076000 3.000000
vt 5.252000 0.000000
vt 5.252000 3.000000
vt 3.076000 3.000000
vt 3.076000 3.000000
vt 5.252000 3.000000
vt 3.053164 3.191342
vt 5.252000 3.000000
vt 5.274836 3.191342
vt 3.053164 3.191342
vt 3.053164 3.191342
vt 5.274836 3.191342
vt 2.988132 3.353553
vt 2.988132 3.353553
vt 5.339868 3.353553
vt 2.890805 3.461940
vt 5.339868 3.353553
vt 5.437195 3.461940
vt 2.890805 3.461940
vt 2.890805 3.461940
vt 5.437195 3.461940
vt 2.776000 3.500000
vt 5.437195 3.461940
vt 5.552000 3.500000
vt 2.776000 3.500000
vt 5.504000 -0.500000
vt 4.168000 -0.500000
vt 5.389195 -0.461940
vt 4.168000 -0.500000
vt 4.282805 -0.461940
vt 5.389195 -0.461940
vt 5.389195 -0.461940
vt 4.282805 -0.461940
vt 5.291868 -0.353553
vt 4.282805 -0.461940
vt 4.380132 -0.353553
vt 5.291868 -0.353553
vt 5.291868 -0.353553
vt 4.380132 -0.353553
vt 5.226836 -0.191342
vt 4.380132 -0.353553
vt 4.445164 -0.191342
vt 5.226836 -0.191342
vt 5.226836 -0.191342
vt 4.445164 -0.191342
vt 5.204000 0.000000
vt 4.445164 -0.191342
vt 4.468000 0.000000
vt 5.204000 0.000000
vt 5.204000 0.000000
vt 4.468000 0.000000
vt 5.204000 3.000000
vt 4.468000 0.000000
vt 4.468000 3.000000
vt 5.204000 3.000000
vt 5.204000 3.000000
vt 4.468000 3.000000
vt 5.226836 3.191342
vt 4.468000 3.000000
vt 4.445164 3.191342
vt 5.226836 3.191342
vt 5.226836 3.191342
vt 4.445164 3.191342
vt 5.291868 3.353553
vt 4.445164 3.191342
vt 4.380132 3.353553
vt 5.291868 3.353553
vt 5.291868 3.353553
vt 4.380132 3.353553
vt 5.389195 3.461940
vt 4.380132 3.353553
vt 4.282805 3.461940
vt 5.389195 3.461940
vt 5.389195 3.461940
vt 4.282805 3.461940
vt 5.504000 3.500000
vt 4.282805 3.461940
vt 4.168000 3.500000
vt 5.504000 3.500000
vt 5.552000 -0.500000
vt 2.776000 -0.500000
vt 5.437195 -0.461940
vt 2.776000 -0.500000
vt 2.890805 -0.461940
vt 5.437195 -0.461940
vt 5.437195 -0.461940
vt 2.890805 -0.461940
vt 5.339868 -0.353553
vt 5.339868 -0.353553
vt 2.988132 -0.353553
vt 5.274836 -0.191342
vt 2.988132 -0.353553
vt 3.053164 -0.191342
vt 5.274836 -0.191342
vt 5.274836 -0.191342
vt 3.053164 -0.191342
vt 5.252000 0.000000
vt 3.053164 -0.191342
vt 3.076000 0.000000
vt 5.252000 0.000000
vt 5.252000 0.000000
vt 3.076000 0.000000
vt 5.252000 3.000000
vt 3.076000 0.000000
vt 3.076000 3.000000
vt 5.252000 3.000000
vt 5.252000 3.000000
vt 3.076000 3.000000
vt 5.274836 3.191342
vt 3.076000 3.000000
vt 3.053164 3.191342
vt 5.274836 3.191342
vt 5.274836 3.191342
vt 3.053164 3.191342
vt 5.339868 3.353553
vt 5.339868 3.353553
vt 2.988132 3.353553
vt 5.437195 3.461940
vt 2.988132 3.353553
vt 2.890805 3.461940
vt 5.437195 3.461940
vt 5.437195 3.461940
vt 2.890805 3.461940
vt 5.552000 3.500000
vt 2.890805 3.461940
vt 2.776000 3.500000
vt 5.552000 3.500000
vt 4.168000 -0.500000
vt 5.504000 -0.500000
vt 4.282805 -0.461940
vt 5.504000 -0.500000
vt 5.389195 -0.461940
vt 4.282805 -0.461940
vt 4.282805 -0.461940
vt 5.389195 -0.461940
vt 4.380132 -0.353553
vt 5.389195 -0.461940
vt 5.291868 -0.353553
vt 4.380132 -0.353553
vt 4.380132 -0.353553
vt 5.291868 -0.353553
vt 4.445164 -0.191342
vt 4.445164 -0.191342
vt 5.226836 -0.191342
vt 4.468000 0.000000
vt 5.226836 -0.191342
vt 5.204000 0.000000
vt 4.468000 0.000000
vt 4.468000 0.000000
vt 5.204000 0.000000
vt 4.468000 3.000000
vt 5.204000 0.000000
vt 5.204000 3.000000
vt 4.468000 3.000000
vt 4.468000 3.000000
vt 5.204000 3.000000
vt 4.445164 3.191342
vt 5.204000 3.000000
vt 5.226836 3.191342
vt 4.445164 3.191342
vt 5.226836 3.191342
vt 5.291868 3.353553
vt 4.380132 3.353553
vt 4.380132 3.353553
vt 5.291868 3.353553
vt 4.282805 3.461940
vt 5.291868 3.353553
vt 5.389195 3.461940
vt 4.282805 3.461940
vt 4.282805 3.461940
vt 5.389195 3.461940
vt 4.168000 3.500000
vt 5.389195 3.461940
vt 5.504000 3.500000
vt 4.168000 3.500000
vt -0.114805 -0.461940
vt 2.661195 -0.461940
vt -0.212132 -0.353553
vt 2.661195 -0.461940
vt 2.563868 -0.353553
vt -0.212132 -0.353553
vt 3.076000 3.000000
vt 5.252000 3.000000
vt 3.053164 3.191342
vt 7.058805 -0.461940
vt 7.156132 -0.353553
vt 5.339868 -0.353553
vt 5.339868 3.353553
vt 7.156132 3.353553
vt 5.437195 3.461940
vt 2.476000 3.000000
vt 1.092000 3.000000
vt 2.498836 3.191342
vt 2.498836 3.191342
vt 1.114836 3.191342
vt 2.563868 3.353553
vt -0.277164 -0.191342
vt -0.300000 0.000000
vt 5.852000 0.000000
vt 2.890805 -0.461940
vt 2.988132 -0.353553
vt 1.179868 -0.353553
vt 5.437195 -0.461940
vt 5.339868 -0.353553
vt 2.988132 -0.353553
vt 5.274836 3.191342
vt 5.339868 3.353553
vt 2.988132 3.353553
vt 2.890805 -0.461940
vt 2.988132 -0.353553
vt 5.339868 -0.353553
vt 3.053164 3.191342
vt 2.988132 3.353553
vt 5.339868 3.353553
vt 5.291868 -0.353553
vt 5.226836 -0.191342
vt 4.445164 -0.191342
vt 4.445164 3.191342
vt 5.226836 3.191342
vt 4.380132 3.353553
vn 0.0000 0.0000 -1.0000
vn 0.0000 -0.0000 1.0000
vn 0.3147 0.0000 -0.9492
vn 0.9282 0.0000 -0.3721
vn 0.9930 0.0000 -0.1185
vn 1.0000 0.0000 0.0000
vn 0.9930 0.0000 0.1185
vn 0.9282 0.0000 0.3721
vn 0.7440 -0.0000 0.6681
vn 0.3147 -0.0000 0.9492
vn 0.0000 -0.1776 -0.9841
vn 0.0000 -0.5185 -0.8551
vn 0.0000 -0.8053 -0.5929
vn 0.0000 -0.9768 -0.2141
vn 0.0000 -1.0000 -0.0000
vn 0.0000 -0.9768 0.2141
vn 0.0000 -0.8053 0.5929
vn 0.0000 -0.5185 0.8551
vn 0.0000 -0.1776 0.9841
vn -0.3147 0.0000 -0.9492
vn -0.7440 0.0000 -0.6681
vn -0.9282 0.0000 -0.3721
vn -0.9930 0.0000 -0.1185
vn -1.0000 0.0000 0.0000
vn -0.9930 0.0000 0.1185
vn -0.9282 0.0000 0.3721
vn -0.7440 0.0000 0.6681
vn -0.3147 -0.0000 0.9492
vn 0.7440 0.0000 -0.6681
vn 0.0000 0.1776 -0.9841
vn 0.0000 0.5185 -0.8551
vn 0.0000 0.8053 -0.5929
vn 0.0000 0.9768 -0.2141
vn 0.0000 1.0000 0.0000
vn 0.0000 0.9768 0.2141
vn 0.0000 0.8053 0.5929
vn 0.0000 0.5185 0.8551
vn 0.0000 0.1776 0.9841
usemtl Material_2.001
s off
f 6181/6181/314 6182/6182/314 6183/6183/314
f 6184/6184/314 6185/6185/314 6186/6186/314
f 6187/6187/314 6188/6188/314 6189/6189/314
f 6190/6190/314 6191/6191/314 6192/6192/314
f 6193/6193/314 6194/6194/314 6195/6195/314
f 6196/6196/314 6197/6197/314 6198/6198/314
f 6199/6199/314 6200/6200/314 6201/6201/314
f 6202/6202/314 6203/6203/314 6204/6204/314
f 6205/6205/314 6206/6206/314 6207/6207/314
f 6208/6208/314 6209/6209/314 6210/6210/314
f 6211/6211/314 6212/6212/314 6213/6213/314
f 6214/6214/314 6215/6215/314 6216/6216/314
f 6217/6217/314 6218/6218/314 6219/6219/314
f 6220/6220/314 6221/6221/314 6222/6222/314
f 6223/6223/314 6224/6224/314 6225/6225/314
f 6226/6226/314 6227/6227/314 6228/6228/314
f 6229/6229/315 6230/6230/315 6231/6231/315
f 6232/6232/315 6233/6233/315 6234/6234/315
f 6235/6235/315 6236/6236/315 6237/6237/315
f 6238/6238/315 6239/6239/315 6240/6240/315
f 6241/6241/315 6242/6242/315 6243/6243/315
f 6244/6244/315 6245/6245/315 6246/6246/315
f 6247/6247/315 6248/6248/315 6249/6249/315
f 6250/6250/315 6251/6251/315 6252/6252/315
f 6253/6253/315 6254/6254/315 6255/6255/315
f 6256/6256/315 6257/6257/315 6258/6258/315
f 6259/6259/315 6260/6260/315 6261/6261/315
f 6262/6262/315 6263/6263/315 6264/6264/315
f 6265/6265/315 6266/6266/315 6267/6267/315
f 6268/6268/315 6269/6269/315 6270/6270/315
f 6271/6271/315 6272/6272/315 6273/6273/315
f 6274/6274/315 6275/6275/315 6276/6276/315
f 6277/6277/316 6278/6278/316 6279/6279/316
f 6280/6280/316 6281/6281/316 6282/6282/316
f 6283/6283/317 6284/6284/317 6285/6285/317
f 6286/6286/317 6287/6287/317 6288/6288/317
f 6289/6289/318 6290/6290/318 6291/6291/318
f 6292/6292/318 6293/6293/318 6294/6294/318
f 6295/6295/319 6296/6296/319 6297/6297/319
f 6298/6298/319 6299/6299/319 6300/6300/319
f 6301/6301/320 6302/6302/320 6303/6303/320
f 6304/6304/320 6305/6305/320 6306/6306/320
f 6307/6307/321 6308/6308/321 6309/6309/321
f 6310/6310/321 6311/6311/321 6312/6312/321
f 6313/6313/322 6314/6314/322 6315/6315/322
f 6316/6316/322 6317/6317/322 6318/6318/322
f 6319/6319/323 6320/6320/323 6321/6321/323
f 6322/6322/323 6323/6323/323 6324/6324/323
f 6325/6325/324 6326/6326/324 6327/6327/324
f 6328/6328/324 6329/6329/324 6330/6330/324
f 6331/6331/325 6332/6332/325 6333/6333/325
f 6334/6334/325 6335/6335/325 6336/6336/325
f 6337/6337/326 6338/6338/326 6339/6339/326
f 6340/6340/326 6341/6341/326 6342/6342/326
f 6343/6343/327 6344/6344/327 6345/6345/327
f 6346/6346/327 6347/6347/327 6348/6348/327
f 6349/6349/328 6350/6350/328 6351/6351/328
f 6352/6352/328 6353/6353/328 6354/6354/328
f 6355/6355/329 6356/6356/329 6357/6357/329
f 6358/6358/330 6359/6359/330 6360/6360/330
f 6361/6361/330 6362/6362/330 6363/6363/330
f 6364/6364/331 6365/6365/331 6366/6366/331
f 6367/6367/331 6368/6368/331 6369/6369/331
f 6370/6370/332 6371/6371/332 6372/6372/332
f 6373/6373/332 6374/6374/332 6375/6375/332
f 6376/6376/333 6377/6377/333 6378/6378/333
f 6379/6379/333 6380/6380/333 6381/6381/333
f 6382/6382/334 6383/6383/334 6384/6384/334
f 6385/6385/334 6386/6386/334 6387/6387/334
f 6388/6388/335 6389/6389/335 6390/6390/335
f 6391/6391/335 6392/6392/335 6393/6393/335
f 6394/6394/336 6395/6395/336 6396/6396/336
f 6397/6397/336 6398/6398/336 6399/6399/336
f 6400/6400/337 6401/6401/337 6402/6402/337
f 6403/6403/337 6404/6404/337 6405/6405/337
f 6406/6406/338 6407/6407/338 6408/6408/338
f 6409/6409/338 6410/6410/338 6411/6411/338
f 6412/6412/339 6413/6413/339 6414/6414/339
f 6415/6415/339 6416/6416/339 6417/6417/339
f 6418/6418/340 6419/6419/340 6420/6420/340
f 6421/6421/340 6422/6422/340 6423/6423/340
f 6424/6424/341 6425/6425/341 6426/6426/341
f 6427/6427/341 6428/6428/341 6429/6429/341
f 6430/6430/324 6431/6431/324 6432/6432/324
f 6433/6433/324 6434/6434/324 6435/6435/324
f 6436/6436/325 6437/6437/325 6438/6438/325
f 6439/6439/326 6440/6440/326 6441/6441/326
f 6442/6442/326 6443/6443/326 6444/6444/326
f 6445/6445/327 6446/6446/327 6447/6447/327
f 6448/6448/327 6449/6449/327 6450/6450/327
f 6451/6451/328 6452/6452/328 6453/6453/328
f 6454/6454/328 6455/6455/328 6456/6456/328
f 6457/6457/329 6458/6458/329 6459/6459/329
f 6460/6460/329 6461/6461/329 6462/6462/329
f 6463/6463/330 6464/6464/330 6465/6465/330
f 6466/6466/330 6467/6467/330 6468/6468/330
f 6469/6469/331 6470/6470/331 6471/6471/331
f 6472/6472/332 6473/6473/332 6474/6474/332
f 6475/6475/332 6476/6476/332 6477/6477/332
f 6478/6478/316 6479/6479/316 6480/6480/316
f 6481/6481/316 6482/6482/316 6483/6483/316
f 6484/6484/342 6485/6485/342 6486/6486/342
f 6487/6487/342 6488/6488/342 6489/6489/342
f 6490/6490/317 6491/6491/317 6492/6492/317
f 6493/6493/317 6494/6494/317 6495/6495/317
f 6496/6496/318 6497/6497/318 6498/6498/318
f 6499/6499/318 6500/6500/318 6501/6501/318
f 6502/6502/319 6503/6503/319 6504/6504/319
f 6505/6505/319 6506/6506/319 6507/6507/319
f 6508/6508/320 6509/6509/320 6510/6510/320
f 6511/6511/320 6512/6512/320 6513/6513/320
f 6514/6514/321 6515/6515/321 6516/6516/321
f 6517/6517/321 6518/6518/321 6519/6519/321
f 6520/6520/322 6521/6521/322 6522/6522/322
f 6523/6523/322 6524/6524/322 6525/6525/322
f 6526/6526/323 6527/6527/323 6528/6528/323
f 6529/6529/323 6530/6530/323 6531/6531/323
f 6532/6532/343 6533/6533/343 6534/6534/343
f 6535/6535/343 6536/6536/343 6537/6537/343
f 6538/6538/344 6539/6539/344 6540/6540/344
f 6541/6541/344 6542/6542/344 6543/6543/344
f 6544/6544/345 6545/6545/345 6546/6546/345
f 6547/6547/345 6548/6548/345 6549/6549/345
f 6550/6550/346 6551/6551/346 6552/6552/346
f 6553/6553/346 6554/6554/346 6555/6555/346
f 6556/6556/347 6557/6557/347 6558/6558/347
f 6559/6559/347 6560/6560/347 6561/6561/347
f 6562/6562/348 6563/6563/348 6564/6564/348
f 6565/6565/348 6566/6566/348 6567/6567/348
f 6568/6568/349 6569/6569/349 6570/6570/349
f 6571/6571/349 6572/6572/349 6573/6573/349
f 6574/6574/350 6575/6575/350 6576/6576/350
f 6577/6577/350 6578/6578/350 6579/6579/350
f 6580/6580/351 6581/6581/351 6582/6582/351
f 6583/6583/351 6584/6584/351 6585/6585/351
f 6586/6586/316 6587/6587/316 6588/6588/316
f 6589/6589/316 6590/6590/316 6591/6591/316
f 6592/6592/342 6593/6593/342 6594/6594/342
f 6595/6595/342 6596/6596/342 6597/6597/342
f 6598/6598/317 6599/6599/317 6600/6600/317
f 6601/6601/317 6602/6602/317 6603/6603/317
f 6604/6604/318 6605/6605/318 6606/6606/318
f 6607/6607/318 6608/6608/318 6609/6609/318
f 6610/6610/319 6611/6611/319 6612/6612/319
f 6613/6613/319 6614/6614/319 6615/6615/319
f 6616/6616/320 6617/6617/320 6618/6618/320
f 6619/6619/320 6620/6620/320 6621/6621/320
f 6622/6622/321 6623/6623/321 6624/6624/321
f 6625/6625/321 6626/6626/321 6627/6627/321
f 6628/6628/322 6629/6629/322 6630/6630/322
f 6631/6631/322 6632/6632/322 6633/6633/322
f 6634/6634/323 6635/6635/323 6636/6636/323
f 6637/6637/323 6638/6638/323 6639/6639/323
f 6640/6640/343 6641/6641/343 6642/6642/343
f 6643/6643/343 6644/6644/343 6645/6645/343
f 6646/6646/344 6647/6647/344 6648/6648/344
f 6649/6649/344 6650/6650/344 6651/6651/344
f 6652/6652/345 6653/6653/345 6654/6654/345
f 6655/6655/345 6656/6656/345 6657/6657/345
f 6658/6658/346 6659/6659/346 6660/6660/346
f 6661/6661/346 6662/6662/346 6663/6663/346
f 6664/6664/347 6665/6665/347 6666/6666/347
f 6667/6667/347 6668/6668/347 6669/6669/347
f 6670/6670/348 6671/6671/348 6672/6672/348
f 6673/6673/348 6674/6674/348 6675/6675/348
f 6676/6676/349 6677/6677/349 6678/6678/349
f 6679/6679/349 6680/6680/349 6681/6681/349
f 6682/6682/350 6683/6683/350 6684/6684/350
f 6685/6685/350 6686/6686/350 6687/6687/350
f 6688/6688/351 6689/6689/351 6690/6690/351
f 6691/6691/351 6692/6692/351 6693/6693/351
f 6694/6694/333 6695/6695/333 6696/6696/333
f 6697/6697/333 6698/6698/333 6699/6699/333
f 6700/6700/334 6701/6701/334 6702/6702/334
f 6703/6703/334 6704/6704/334 6705/6705/334
f 6706/6706/335 6707/6707/335 6708/6708/335
f 6709/6709/335 6710/6710/335 6711/6711/335
f 6712/6712/336 6713/6713/336 6714/6714/336
f 6715/6715/336 6716/6716/336 6717/6717/336
f 6718/6718/337 6719/6719/337 6720/6720/337
f 6721/6721/337 6722/6722/337 6723/6723/337
f 6724/6724/338 6725/6725/338 6726/6726/338
f 6727/6727/338 6728/6728/338 6729/6729/338
f 6730/6730/339 6731/6731/339 6732/6732/339
f 6733/6733/339 6734/6734/339 6735/6735/339
f 6736/6736/340 6737/6737/340 6738/6738/340
f 6739/6739/340 6740/6740/340 6741/6741/340
f 6742/6742/341 6743/6743/341 6744/6744/341
f 6745/6745/341 6746/6746/341 6747/6747/341
f 6748/6748/343 6749/6749/343 6750/6750/343
f 6751/6751/343 6752/6752/343 6753/6753/343
f 6754/6754/344 6755/6755/344 6756/6756/344
f 6757/6757/344 6758/6758/344 6759/6759/344
f 6760/6760/345 6761/6761/345 6762/6762/345
f 6763/6763/345 6764/6764/345 6765/6765/345
f 6766/6766/346 6767/6767/346 6768/6768/346
f 6769/6769/346 6770/6770/346 6771/6771/346
f 6772/6772/347 6773/6773/347 6774/6774/347
f 6775/6775/347 6776/6776/347 6777/6777/347
f 6778/6778/348 6779/6779/348 6780/6780/348
f 6781/6781/349 6782/6782/349 6783/6783/349
f 6784/6784/350 6785/6785/350 6786/6786/350
f 6787/6787/350 6788/6788/350 6789/6789/350
f 6790/6790/351 6791/6791/351 6792/6792/351
f 6793/6793/351 6794/6794/351 6795/6795/351
f 6796/6796/333 6797/6797/333 6798/6798/333
f 6799/6799/333 6800/6800/333 6801/6801/333
f 6802/6802/334 6803/6803/334 6804/6804/334
f 6805/6805/334 6806/6806/334 6807/6807/334
f 6808/6808/335 6809/6809/335 6810/6810/335
f 6811/6811/335 6812/6812/335 6813/6813/335
f 6814/6814/336 6815/6815/336 6816/6816/336
f 6817/6817/337 6818/6818/337 6819/6819/337
f 6820/6820/337 6821/6821/337 6822/6822/337
f 6823/6823/338 6824/6824/338 6825/6825/338
f 6826/6826/338 6827/6827/338 6828/6828/338
f 6829/6829/339 6830/6830/339 6831/6831/339
f 6832/6832/339 6833/6833/339 6834/6834/339
f 6835/6835/340 6836/6836/340 6837/6837/340
f 6838/6838/340 6839/6839/340 6840/6840/340
f 6841/6841/341 6842/6842/341 6843/6843/341
f 6844/6844/341 6845/6845/341 6846/6846/341
f 6847/6847/324 6848/6848/324 6849/6849/324
f 6850/6850/324 6851/6851/324 6852/6852/324
f 6853/6853/325 6854/6854/325 6855/6855/325
f 6856/6856/326 6857/6857/326 6858/6858/326
f 6859/6859/326 6860/6860/326 6861/6861/326
f 6862/6862/327 6863/6863/327 6864/6864/327
f 6865/6865/327 6866/6866/327 6867/6867/327
f 6868/6868/328 6869/6869/328 6870/6870/328
f 6871/6871/328 6872/6872/328 6873/6873/328
f 6874/6874/329 6875/6875/329 6876/6876/329
f 6877/6877/329 6878/6878/329 6879/6879/329
f 6880/6880/330 6881/6881/330 6882/6882/330
f 6883/6883/330 6884/6884/330 6885/6885/330
f 6886/6886/331 6887/6887/331 6888/6888/331
f 6889/6889/331 6890/6890/331 6891/6891/331
f 6892/6892/332 6893/6893/332 6894/6894/332
f 6895/6895/332 6896/6896/332 6897/6897/332
f 6898/6898/324 6899/6899/324 6900/6900/324
f 6901/6901/324 6902/6902/324 6903/6903/324
f 6904/6904/325 6905/6905/325 6906/6906/325
f 6907/6907/326 6908/6908/326 6909/6909/326
f 6910/6910/326 6911/6911/326 6912/6912/326
f 6913/6913/327 6914/6914/327 6915/6915/327
f 6916/6916/327 6917/6917/327 6918/6918/327
f 6919/6919/328 6920/6920/328 6921/6921/328
f 6922/6922/328 6923/6923/328 6924/6924/328
f 6925/6925/329 6926/6926/329 6927/6927/329
f 6928/6928/329 6929/6929/329 6930/6930/329
f 6931/6931/330 6932/6932/330 6933/6933/330
f 6934/6934/331 6935/6935/331 6936/6936/331
f 6937/6937/331 6938/6938/331 6939/6939/331
f 6940/6940/332 6941/6941/332 6942/6942/332
f 6943/6943/332 6944/6944/332 6945/6945/332
f 6946/6946/333 6947/6947/333 6948/6948/333
f 6949/6949/333 6950/6950/333 6951/6951/333
f 6952/6952/334 6953/6953/334 6954/6954/334
f 6955/6955/334 6956/6956/334 6957/6957/334
f 6958/6958/335 6959/6959/335 6960/6960/335
f 6961/6961/335 6962/6962/335 6963/6963/335
f 6964/6964/336 6965/6965/336 6966/6966/336
f 6967/6967/336 6968/6968/336 6969/6969/336
f 6970/6970/337 6971/6971/337 6972/6972/337
f 6973/6973/337 6974/6974/337 6975/6975/337
f 6976/6976/338 6977/6977/338 6978/6978/338
f 6979/6979/338 6980/6980/338 6981/6981/338
f 6982/6982/339 6983/6983/339 6984/6984/339
f 6985/6985/339 6986/6986/339 6987/6987/339
f 6988/6988/340 6989/6989/340 6990/6990/340
f 6991/6991/340 6992/6992/340 6993/6993/340
f 6994/6994/341 6995/6995/341 6996/6996/341
f 6997/6997/341 6998/6998/341 6999/6999/341
f 7000/7000/343 7001/7001/343 7002/7002/343
f 7003/7003/343 7004/7004/343 7005/7005/343
f 7006/7006/344 7007/7007/344 7008/7008/344
f 7009/7009/345 7010/7010/345 7011/7011/345
f 7012/7012/345 7013/7013/345 7014/7014/345
f 7015/7015/346 7016/7016/346 7017/7017/346
f 7018/7018/346 7019/7019/346 7020/7020/346
f 7021/7021/347 7022/7022/347 7023/7023/347
f 7024/7024/347 7025/7025/347 7026/7026/347
f 7027/7027/348 7028/7028/348 7029/7029/348
f 7030/7030/348 7031/7031/348 7032/7032/348
f 7033/7033/349 7034/7034/349 7035/7035/349
f 7036/7036/350 7037/7037/350 7038/7038/350
f 7039/7039/350 7040/7040/350 7041/7041/350
f 7042/7042/351 7043/7043/351 7044/7044/351
f 7045/7045/351 7046/7046/351 7047/7047/351
f 7048/7048/316 7049/7049/316 7050/7050/316
f 7051/7051/316 7052/7052/316 7053/7053/316
f 7054/7054/342 7055/7055/342 7056/7056/342
f 7057/7057/342 7058/7058/342 7059/7059/342
f 7060/7060/317 7061/7061/317 7062/7062/317
f 7063/7063/318 7064/7064/318 7065/7065/318
f 7066/7066/318 7067/7067/318 7068/7068/318
f 7069/7069/319 7070/7070/319 7071/7071/319
f 7072/7072/319 7073/7073/319 7074/7074/319
f 7075/7075/320 7076/7076/320 7077/7077/320
f 7078/7078/320 7079/7079/320 7080/7080/320
f 7081/7081/321 7082/7082/321 7083/7083/321
f 7084/7084/322 7085/7085/322 7086/7086/322
f 7087/7087/322 7088/7088/322 7089/7089/322
f 7090/7090/323 7091/7091/323 7092/7092/323
f 7093/7093/323 7094/7094/323 7095/7095/323
s 1
f 7096/7096/342 7097/7097/342 7098/7098/342
f 7099/7099/342 7100/7100/342 7101/7101/342
f 7102/7102/329 7103/7103/329 7104/7104/329
f 7105/7105/325 7106/7106/325 7107/7107/325
f 7108/7108/331 7109/7109/331 7110/7110/331
f 7111/7111/348 7112/7112/348 7113/7113/348
f 7114/7114/349 7115/7115/349 7116/7116/349
f 7117/7117/336 7118/7118/336 7119/7119/336
f 7120/7120/325 7121/7121/325 7122/7122/325
f 7123/7123/325 7124/7124/325 7125/7125/325
f 7126/7126/330 7127/7127/330 7128/7128/330
f 7129/7129/344 7130/7130/344 7131/7131/344
f 7132/7132/349 7133/7133/349 7134/7134/349
f 7135/7135/317 7136/7136/317 7137/7137/317
f 7138/7138/321 7139/7139/321 7140/7140/321
o Mesh_9.001
v 71.142937 25.617210 -6.453866
v 60.048916 25.617210 -6.453866
v 60.048916 32.421909 -6.453864
v 60.048916 32.421909 -6.453864
v 71.142937 32.421909 -6.453864
v 71.142937 25.617210 -6.453866
v 60.048916 32.421906 4.192989
v 60.048916 25.617210 4.192987
v 71.142937 25.617210 4.192987
v 71.142937 25.617210 4.192987
v 71.142937 32.421906 4.192989
v 60.048916 32.421906 4.192989
v 71.142937 25.617210 -6.453866
v 71.142937 32.421909 -6.453864
v 71.448517 25.055994 -6.352561
v 71.142937 32.421909 -6.453864
v 71.448517 32.983124 -6.352559
v 71.448517 25.055994 -6.352561
v 71.448517 25.055994 -6.352561
v 71.448517 32.983124 -6.352559
v 71.707573 24.580219 -6.064066
v 71.448517 32.983124 -6.352559
v 71.707573 33.458904 -6.064065
v 71.707573 24.580219 -6.064066
v 71.707573 24.580219 -6.064066
v 71.707573 33.458904 -6.064065
v 71.880669 24.262314 -5.632307
v 71.707573 33.458904 -6.064065
v 71.880669 33.776806 -5.632305
v 71.880669 24.262314 -5.632307
v 71.880669 24.262314 -5.632307
v 71.880669 33.776806 -5.632305
v 71.941452 24.150681 -5.123010
v 71.880669 33.776806 -5.632305
v 71.941452 33.888439 -5.123008
v 71.941452 24.150681 -5.123010
v 71.941452 24.150681 -5.123010
v 71.941452 33.888439 -5.123008
v 71.941452 24.150681 2.862130
v 71.941452 33.888439 -5.123008
v 71.941452 33.888439 2.862132
v 71.941452 24.150681 2.862130
v 71.941452 24.150681 2.862130
v 71.941452 33.888439 2.862132
v 71.880669 24.262312 3.371428
v 71.941452 33.888439 2.862132
v 71.880669 33.776806 3.371429
v 71.880669 24.262312 3.371428
v 71.880669 24.262312 3.371428
v 71.880669 33.776806 3.371429
v 71.707573 24.580217 3.803187
v 71.880669 33.776806 3.371429
v 71.707573 33.458900 3.803189
v 71.707573 24.580217 3.803187
v 71.707573 24.580217 3.803187
v 71.707573 33.458900 3.803189
v 71.448517 25.055992 4.091681
v 71.707573 33.458900 3.803189
v 71.448517 32.983124 4.091683
v 71.448517 25.055992 4.091681
v 71.448517 25.055992 4.091681
v 71.448517 32.983124 4.091683
v 71.142937 25.617210 4.192987
v 71.448517 32.983124 4.091683
v 71.142937 32.421906 4.192989
v 71.142937 25.617210 4.192987
v 71.142937 32.421909 -6.453864
v 60.048916 32.421909 -6.453864
v 71.448517 32.983124 -6.352559
v 60.048916 32.421909 -6.453864
v 59.743340 32.983124 -6.352559
v 71.448517 32.983124 -6.352559
v 71.448517 32.983124 -6.352559
v 59.743340 32.983124 -6.352559
v 71.707573 33.458904 -6.064065
v 59.743340 32.983124 -6.352559
v 59.484280 33.458904 -6.064065
v 71.707573 33.458904 -6.064065
v 71.707573 33.458904 -6.064065
v 59.484280 33.458904 -6.064065
v 71.880669 33.776806 -5.632305
v 59.484280 33.458904 -6.064065
v 59.311184 33.776806 -5.632305
v 71.880669 33.776806 -5.632305
v 71.880669 33.776806 -5.632305
v 59.311184 33.776806 -5.632305
v 71.941452 33.888439 -5.123008
v 59.311184 33.776806 -5.632305
v 59.250401 33.888439 -5.123008
v 71.941452 33.888439 -5.123008
v 71.941452 33.888439 -5.123008
v 59.250401 33.888439 -5.123008
v 71.941452 33.888439 2.862132
v 59.250401 33.888439 -5.123008
v 59.250401 33.888439 2.862132
v 71.941452 33.888439 2.862132
v 71.941452 33.888439 2.862132
v 59.250401 33.888439 2.862132
v 71.880669 33.776806 3.371429
v 59.250401 33.888439 2.862132
v 59.311184 33.776806 3.371429
v 71.880669 33.776806 3.371429
v 71.880669 33.776806 3.371429
v 59.311184 33.776806 3.371429
v 71.707573 33.458900 3.803189
v 59.311184 33.776806 3.371429
v 59.484280 33.458900 3.803189
v 71.707573 33.458900 3.803189
v 71.707573 33.458900 3.803189
v 59.484280 33.458900 3.803189
v 71.448517 32.983124 4.091683
v 59.484280 33.458900 3.803189
v 59.743340 32.983124 4.091683
v 71.448517 32.983124 4.091683
v 71.448517 32.983124 4.091683
v 59.743340 32.983124 4.091683
v 71.142937 32.421906 4.192989
v 59.743340 32.983124 4.091683
v 60.048916 32.421906 4.192989
v 71.142937 32.421906 4.192989
v 60.048916 32.421909 -6.453864
v 60.048916 25.617210 -6.453866
v 59.743340 32.983124 -6.352559
v 60.048916 25.617210 -6.453866
v 59.743340 25.055994 -6.352561
v 59.743340 32.983124 -6.352559
v 59.743340 32.983124 -6.352559
v 59.743340 25.055994 -6.352561
v 59.484280 33.458904 -6.064065
v 59.743340 25.055994 -6.352561
v 59.484280 24.580219 -6.064066
v 59.484280 33.458904 -6.064065
v 59.484280 33.458904 -6.064065
v 59.484280 24.580219 -6.064066
v 59.311184 33.776806 -5.632305
v 59.484280 24.580219 -6.064066
v 59.311184 24.262314 -5.632307
v 59.311184 33.776806 -5.632305
v 59.311184 33.776806 -5.632305
v 59.311184 24.262314 -5.632307
v 59.250401 33.888439 -5.123008
v 59.311184 24.262314 -5.632307
v 59.250401 24.150681 -5.123010
v 59.250401 33.888439 -5.123008
v 59.250401 33.888439 -5.123008
v 59.250401 24.150681 -5.123010
v 59.250401 33.888439 2.862132
v 59.250401 24.150681 -5.123010
v 59.250401 24.150681 2.862130
v 59.250401 33.888439 2.862132
v 59.250401 33.888439 2.862132
v 59.250401 24.150681 2.862130
v 59.311184 33.776806 3.371429
v 59.311184 33.776806 3.371429
v 59.311184 24.262312 3.371428
v 59.484280 33.458900 3.803189
v 59.311184 24.262312 3.371428
v 59.484280 24.580217 3.803187
v 59.484280 33.458900 3.803189
v 59.484280 24.580217 3.803187
v 59.743340 25.055992 4.091681
v 59.743340 32.983124 4.091683
v 59.743340 32.983124 4.091683
v 59.743340 25.055992 4.091681
v 60.048916 32.421906 4.192989
v 59.743340 25.055992 4.091681
v 60.048916 25.617210 4.192987
v 60.048916 32.421906 4.192989
v 60.048916 25.617210 -6.453866
v 71.142937 25.617210 -6.453866
v 59.743340 25.055994 -6.352561
v 71.142937 25.617210 -6.453866
v 71.448517 25.055994 -6.352561
v 59.743340 25.055994 -6.352561
v 59.743340 25.055994 -6.352561
v 71.448517 25.055994 -6.352561
v 59.484280 24.580219 -6.064066
v 71.448517 25.055994 -6.352561
v 71.707573 24.580219 -6.064066
v 59.484280 24.580219 -6.064066
v 59.484280 24.580219 -6.064066
v 71.707573 24.580219 -6.064066
v 59.311184 24.262314 -5.632307
v 71.707573 24.580219 -6.064066
v 71.880669 24.262314 -5.632307
v 59.311184 24.262314 -5.632307
v 59.311184 24.262314 -5.632307
v 71.880669 24.262314 -5.632307
v 59.250401 24.150681 -5.123010
v 71.880669 24.262314 -5.632307
v 71.941452 24.150681 -5.123010
v 59.250401 24.150681 -5.123010
v 59.250401 24.150681 -5.123010
v 71.941452 24.150681 -5.123010
v 59.250401 24.150681 2.862130
v 71.941452 24.150681 -5.123010
v 71.941452 24.150681 2.862130
v 59.250401 24.150681 2.862130
v 59.250401 24.150681 2.862130
v 71.941452 24.150681 2.862130
v 59.311184 24.262312 3.371428
v 71.941452 24.150681 2.862130
v 71.880669 24.262312 3.371428
v 59.311184 24.262312 3.371428
v 59.311184 24.262312 3.371428
v 71.880669 24.262312 3.371428
v 59.484280 24.580217 3.803187
v 71.880669 24.262312 3.371428
v 71.707573 24.580217 3.803187
v 59.484280 24.580217 3.803187
v 59.484280 24.580217 3.803187
v 71.707573 24.580217 3.803187
v 59.743340 25.055992 4.091681
v 71.707573 24.580217 3.803187
v 71.448517 25.055992 4.091681
v 59.743340 25.055992 4.091681
v 59.743340 25.055992 4.091681
v 71.448517 25.055992 4.091681
v 60.048916 25.617210 4.192987
v 71.448517 25.055992 4.091681
v 71.142937 25.617210 4.192987
v 60.048916 25.617210 4.192987
v 71.142937 5.281333 -6.453868
v 67.437828 5.281333 -6.453868
v 67.437828 12.046925 -6.453867
v 56.365105 25.617210 -6.453866
v 60.048916 25.617210 -6.453866
v 60.048916 18.851624 -6.453866
v 71.142937 12.046925 -6.453867
v 71.142937 5.281333 -6.453868
v 67.437828 12.046925 -6.453867
v 56.365105 18.851624 -6.453866
v 56.365105 25.617210 -6.453866
v 60.048916 18.851624 -6.453866
v 60.048916 18.851624 -6.453866
v 67.437828 18.851624 -6.453866
v 67.437828 12.046925 -6.453867
v 67.437828 12.046925 -6.453867
v 60.048916 12.046925 -6.453867
v 60.048916 18.851624 -6.453866
v 67.437828 12.046923 4.192986
v 67.437828 5.281331 4.192985
v 71.142937 5.281331 4.192985
v 60.048916 18.851622 4.192986
v 60.048916 25.617210 4.192987
v 56.365105 25.617210 4.192987
v 67.437828 12.046923 4.192986
v 71.142937 5.281331 4.192985
v 71.142937 12.046923 4.192986
v 60.048916 18.851622 4.192986
v 56.365105 25.617210 4.192987
v 56.365105 18.851622 4.192986
v 67.437828 12.046923 4.192986
v 67.437828 18.851622 4.192986
v 60.048916 18.851622 4.192986
v 60.048916 18.851622 4.192986
v 60.048916 12.046923 4.192986
v 67.437828 12.046923 4.192986
v 71.142937 5.281333 -6.453868
v 71.142937 12.046925 -6.453867
v 71.448517 4.720118 -6.352564
v 71.142937 12.046925 -6.453867
v 71.448517 12.608141 -6.352562
v 71.448517 4.720118 -6.352564
v 71.448517 4.720118 -6.352564
v 71.448517 12.608141 -6.352562
v 71.707573 4.244340 -6.064070
v 71.448517 12.608141 -6.352562
v 71.707573 13.083916 -6.064068
v 71.707573 4.244340 -6.064070
v 71.707573 4.244340 -6.064070
v 71.707573 13.083916 -6.064068
v 71.880669 3.926436 -5.632310
v 71.707573 13.083916 -6.064068
v 71.880669 13.401819 -5.632308
v 71.880669 3.926436 -5.632310
v 71.880669 3.926436 -5.632310
v 71.880669 13.401819 -5.632308
v 71.941452 3.814802 -5.123013
v 71.880669 13.401819 -5.632308
v 71.941452 13.513452 -5.123012
v 71.941452 3.814802 -5.123013
v 71.941452 3.814802 -5.123013
v 71.941452 13.513452 -5.123012
v 71.941452 3.814801 2.862127
v 71.941452 13.513452 -5.123012
v 71.941452 13.513451 2.862129
v 71.941452 3.814801 2.862127
v 71.941452 3.814801 2.862127
v 71.941452 13.513451 2.862129
v 71.880669 3.926435 3.371424
v 71.941452 13.513451 2.862129
v 71.880669 13.401818 3.371426
v 71.880669 3.926435 3.371424
v 71.880669 3.926435 3.371424
v 71.880669 13.401818 3.371426
v 71.707573 4.244338 3.803184
v 71.880669 13.401818 3.371426
v 71.707573 13.083914 3.803185
v 71.707573 4.244338 3.803184
v 71.707573 4.244338 3.803184
v 71.707573 13.083914 3.803185
v 71.448517 4.720116 4.091678
v 71.707573 13.083914 3.803185
v 71.448517 12.608139 4.091680
v 71.448517 4.720116 4.091678
v 71.448517 4.720116 4.091678
v 71.448517 12.608139 4.091680
v 71.142937 5.281331 4.192985
v 71.448517 12.608139 4.091680
v 71.142937 12.046923 4.192986
v 71.142937 5.281331 4.192985
v 71.142937 12.046925 -6.453867
v 67.437828 12.046925 -6.453867
v 71.448517 12.608141 -6.352562
v 67.437828 12.046925 -6.453867
v 67.743408 12.608141 -6.352562
v 71.448517 12.608141 -6.352562
v 71.448517 12.608141 -6.352562
v 67.743408 12.608141 -6.352562
v 71.707573 13.083916 -6.064068
v 67.743408 12.608141 -6.352562
v 68.002464 13.083916 -6.064068
v 71.707573 13.083916 -6.064068
v 71.707573 13.083916 -6.064068
v 68.002464 13.083916 -6.064068
v 71.880669 13.401819 -5.632308
v 68.002464 13.083916 -6.064068
v 68.175560 13.401819 -5.632308
v 71.880669 13.401819 -5.632308
v 71.880669 13.401819 -5.632308
v 68.175560 13.401819 -5.632308
v 71.941452 13.513452 -5.123012
v 68.175560 13.401819 -5.632308
v 68.236343 13.513452 -5.123012
v 71.941452 13.513452 -5.123012
v 71.941452 13.513452 -5.123012
v 68.236343 13.513452 -5.123012
v 71.941452 13.513451 2.862129
v 68.236343 13.513452 -5.123012
v 68.236343 13.513451 2.862129
v 71.941452 13.513451 2.862129
v 71.941452 13.513451 2.862129
v 68.236343 13.513451 2.862129
v 71.880669 13.401818 3.371426
v 68.236343 13.513451 2.862129
v 68.175560 13.401818 3.371426
v 71.880669 13.401818 3.371426
v 71.880669 13.401818 3.371426
v 68.175560 13.401818 3.371426
v 71.707573 13.083914 3.803185
v 68.175560 13.401818 3.371426
v 68.002464 13.083914 3.803185
v 71.707573 13.083914 3.803185
v 71.707573 13.083914 3.803185
v 68.002464 13.083914 3.803185
v 71.448517 12.608139 4.091680
v 68.002464 13.083914 3.803185
v 67.743408 12.608139 4.091680
v 71.448517 12.608139 4.091680
v 71.448517 12.608139 4.091680
v 67.743408 12.608139 4.091680
v 71.142937 12.046923 4.192986
v 67.743408 12.608139 4.091680
v 67.437828 12.046923 4.192986
v 71.142937 12.046923 4.192986
v 67.437828 12.046925 -6.453867
v 67.437828 18.851624 -6.453866
v 67.743408 12.608141 -6.352562
v 67.437828 18.851624 -6.453866
v 67.743408 19.412838 -6.352561
v 67.743408 12.608141 -6.352562
v 67.743408 12.608141 -6.352562
v 67.743408 19.412838 -6.352561
v 68.002464 13.083916 -6.064068
v 67.743408 19.412838 -6.352561
v 68.002464 19.888615 -6.064067
v 68.002464 13.083916 -6.064068
v 68.002464 13.083916 -6.064068
v 68.002464 19.888615 -6.064067
v 68.175560 13.401819 -5.632308
v 68.002464 19.888615 -6.064067
v 68.175560 20.206518 -5.632307
v 68.175560 13.401819 -5.632308
v 68.175560 13.401819 -5.632308
v 68.175560 20.206518 -5.632307
v 68.236343 13.513452 -5.123012
v 68.175560 20.206518 -5.632307
v 68.236343 20.318150 -5.123010
v 68.236343 13.513452 -5.123012
v 68.236343 13.513452 -5.123012
v 68.236343 20.318150 -5.123010
v 68.236343 13.513451 2.862129
v 68.236343 20.318150 -5.123010
v 68.236343 20.318150 2.862130
v 68.236343 13.513451 2.862129
v 68.236343 13.513451 2.862129
v 68.236343 20.318150 2.862130
v 68.175560 13.401818 3.371426
v 68.236343 20.318150 2.862130
v 68.175560 20.206516 3.371427
v 68.175560 13.401818 3.371426
v 68.175560 13.401818 3.371426
v 68.175560 20.206516 3.371427
v 68.002464 13.083914 3.803185
v 68.175560 20.206516 3.371427
v 68.002464 19.888613 3.803187
v 68.002464 13.083914 3.803185
v 68.002464 13.083914 3.803185
v 68.002464 19.888613 3.803187
v 67.743408 12.608139 4.091680
v 68.002464 19.888613 3.803187
v 67.743408 19.412836 4.091681
v 67.743408 12.608139 4.091680
v 67.743408 12.608139 4.091680
v 67.743408 19.412836 4.091681
v 67.437828 12.046923 4.192986
v 67.743408 19.412836 4.091681
v 67.437828 18.851622 4.192986
v 67.437828 12.046923 4.192986
v 67.437828 18.851624 -6.453866
v 60.048916 18.851624 -6.453866
v 67.743408 19.412838 -6.352561
v 60.048916 18.851624 -6.453866
v 60.354492 19.412838 -6.352561
v 67.743408 19.412838 -6.352561
v 67.743408 19.412838 -6.352561
v 60.354492 19.412838 -6.352561
v 68.002464 19.888615 -6.064067
v 60.354492 19.412838 -6.352561
v 60.613548 19.888615 -6.064067
v 68.002464 19.888615 -6.064067
v 68.002464 19.888615 -6.064067
v 60.613548 19.888615 -6.064067
v 68.175560 20.206518 -5.632307
v 60.613548 19.888615 -6.064067
v 60.786644 20.206518 -5.632307
v 68.175560 20.206518 -5.632307
v 68.175560 20.206518 -5.632307
v 60.786644 20.206518 -5.632307
v 68.236343 20.318150 -5.123010
v 60.786644 20.206518 -5.632307
v 60.847427 20.318150 -5.123010
v 68.236343 20.318150 -5.123010
v 68.236343 20.318150 -5.123010
v 60.847427 20.318150 -5.123010
v 68.236343 20.318150 2.862130
v 60.847427 20.318150 -5.123010
v 60.847427 20.318150 2.862130
v 68.236343 20.318150 2.862130
v 68.236343 20.318150 2.862130
v 60.847427 20.318150 2.862130
v 68.175560 20.206516 3.371427
v 60.847427 20.318150 2.862130
v 60.786644 20.206516 3.371427
v 68.175560 20.206516 3.371427
v 68.175560 20.206516 3.371427
v 60.786644 20.206516 3.371427
v 68.002464 19.888613 3.803187
v 60.786644 20.206516 3.371427
v 60.613548 19.888613 3.803187
v 68.002464 19.888613 3.803187
v 68.002464 19.888613 3.803187
v 60.613548 19.888613 3.803187
v 67.743408 19.412836 4.091681
v 60.613548 19.888613 3.803187
v 60.354492 19.412836 4.091681
v 67.743408 19.412836 4.091681
v 67.743408 19.412836 4.091681
v 60.354492 19.412836 4.091681
v 67.437828 18.851622 4.192986
v 60.354492 19.412836 4.091681
v 60.048916 18.851622 4.192986
v 67.437828 18.851622 4.192986
v 60.048916 18.851624 -6.453866
v 60.048916 25.617210 -6.453866
v 60.354492 19.412838 -6.352561
v 60.048916 25.617210 -6.453866
v 60.354492 26.178429 -6.352560
v 60.354492 19.412838 -6.352561
v 60.354492 19.412838 -6.352561
v 60.354492 26.178429 -6.352560
v 60.613548 19.888615 -6.064067
v 60.354492 26.178429 -6.352560
v 60.613548 26.654203 -6.064066
v 60.613548 19.888615 -6.064067
v 60.613548 19.888615 -6.064067
v 60.613548 26.654203 -6.064066
v 60.786644 20.206518 -5.632307
v 60.613548 26.654203 -6.064066
v 60.786644 26.972109 -5.632306
v 60.786644 20.206518 -5.632307
v 60.786644 20.206518 -5.632307
v 60.786644 26.972109 -5.632306
v 60.847427 20.318150 -5.123010
v 60.786644 26.972109 -5.632306
v 60.847427 27.083740 -5.123009
v 60.847427 20.318150 -5.123010
v 60.847427 20.318150 -5.123010
v 60.847427 27.083740 -5.123009
v 60.847427 20.318150 2.862130
v 60.847427 27.083740 -5.123009
v 60.847427 27.083740 2.862131
v 60.847427 20.318150 2.862130
v 60.847427 20.318150 2.862130
v 60.847427 27.083740 2.862131
v 60.786644 20.206516 3.371427
v 60.847427 27.083740 2.862131
v 60.786644 26.972107 3.371428
v 60.786644 20.206516 3.371427
v 60.786644 20.206516 3.371427
v 60.786644 26.972107 3.371428
v 60.613548 19.888613 3.803187
v 60.786644 26.972107 3.371428
v 60.613548 26.654202 3.803188
v 60.613548 19.888613 3.803187
v 60.613548 19.888613 3.803187
v 60.613548 26.654202 3.803188
v 60.354492 19.412836 4.091681
v 60.613548 26.654202 3.803188
v 60.354492 26.178429 4.091682
v 60.354492 19.412836 4.091681
v 60.354492 19.412836 4.091681
v 60.354492 26.178429 4.091682
v 60.048916 18.851622 4.192986
v 60.354492 26.178429 4.091682
v 60.048916 25.617210 4.192987
v 60.048916 18.851622 4.192986
v 60.048916 25.617210 -6.453866
v 56.365105 25.617210 -6.453866
v 60.354492 26.178429 -6.352560
v 56.365105 25.617210 -6.453866
v 56.059525 26.178429 -6.352560
v 60.354492 26.178429 -6.352560
v 60.354492 26.178429 -6.352560
v 56.059525 26.178429 -6.352560
v 60.613548 26.654203 -6.064066
v 56.059525 26.178429 -6.352560
v 55.800468 26.654203 -6.064066
v 60.613548 26.654203 -6.064066
v 60.613548 26.654203 -6.064066
v 55.800468 26.654203 -6.064066
v 60.786644 26.972109 -5.632306
v 55.800468 26.654203 -6.064066
v 55.627373 26.972109 -5.632306
v 60.786644 26.972109 -5.632306
v 60.786644 26.972109 -5.632306
v 55.627373 26.972109 -5.632306
v 60.847427 27.083740 -5.123009
v 55.627373 26.972109 -5.632306
v 55.566589 27.083740 -5.123009
v 60.847427 27.083740 -5.123009
v 60.847427 27.083740 -5.123009
v 55.566589 27.083740 -5.123009
v 60.847427 27.083740 2.862131
v 55.566589 27.083740 -5.123009
v 55.566589 27.083740 2.862131
v 60.847427 27.083740 2.862131
v 60.847427 27.083740 2.862131
v 55.566589 27.083740 2.862131
v 60.786644 26.972107 3.371428
v 55.566589 27.083740 2.862131
v 55.627373 26.972107 3.371428
v 60.786644 26.972107 3.371428
v 60.786644 26.972107 3.371428
v 55.627373 26.972107 3.371428
v 60.613548 26.654202 3.803188
v 55.627373 26.972107 3.371428
v 55.800468 26.654202 3.803188
v 60.613548 26.654202 3.803188
v 60.613548 26.654202 3.803188
v 55.800468 26.654202 3.803188
v 60.354492 26.178429 4.091682
v 55.800468 26.654202 3.803188
v 56.059525 26.178429 4.091682
v 60.354492 26.178429 4.091682
v 60.354492 26.178429 4.091682
v 56.059525 26.178429 4.091682
v 60.048916 25.617210 4.192987
v 56.059525 26.178429 4.091682
v 56.365105 25.617210 4.192987
v 60.048916 25.617210 4.192987
v 56.365105 25.617210 -6.453866
v 56.365105 18.851624 -6.453866
v 56.059525 26.178429 -6.352560
v 56.365105 18.851624 -6.453866
v 56.059525 18.290405 -6.352561
v 56.059525 26.178429 -6.352560
v 56.059525 26.178429 -6.352560
v 56.059525 18.290405 -6.352561
v 55.800468 26.654203 -6.064066
v 56.059525 18.290405 -6.352561
v 55.800468 17.814629 -6.064067
v 55.800468 26.654203 -6.064066
v 55.800468 26.654203 -6.064066
v 55.800468 17.814629 -6.064067
v 55.627373 26.972109 -5.632306
v 55.800468 17.814629 -6.064067
v 55.627373 17.496725 -5.632308
v 55.627373 26.972109 -5.632306
v 55.627373 26.972109 -5.632306
v 55.627373 17.496725 -5.632308
v 55.566589 27.083740 -5.123009
v 55.627373 17.496725 -5.632308
v 55.566589 17.385090 -5.123011
v 55.566589 27.083740 -5.123009
v 55.566589 27.083740 -5.123009
v 55.566589 17.385090 -5.123011
v 55.566589 27.083740 2.862131
v 55.566589 17.385090 -5.123011
v 55.566589 17.385090 2.862129
v 55.566589 27.083740 2.862131
v 55.566589 27.083740 2.862131
v 55.566589 17.385090 2.862129
v 55.627373 26.972107 3.371428
v 55.566589 17.385090 2.862129
v 55.627373 17.496723 3.371426
v 55.627373 26.972107 3.371428
v 55.627373 26.972107 3.371428
v 55.627373 17.496723 3.371426
v 55.800468 26.654202 3.803188
v 55.627373 17.496723 3.371426
v 55.800468 17.814627 3.803186
v 55.800468 26.654202 3.803188
v 55.800468 26.654202 3.803188
v 55.800468 17.814627 3.803186
v 56.059525 26.178429 4.091682
v 55.800468 17.814627 3.803186
v 56.059525 18.290405 4.091681
v 56.059525 26.178429 4.091682
v 56.059525 26.178429 4.091682
v 56.059525 18.290405 4.091681
v 56.365105 25.617210 4.192987
v 56.059525 18.290405 4.091681
v 56.365105 18.851622 4.192986
v 56.365105 25.617210 4.192987
v 56.365105 18.851624 -6.453866
v 60.048916 18.851624 -6.453866
v 56.059525 18.290405 -6.352561
v 60.048916 18.851624 -6.453866
v 59.743340 18.290405 -6.352561
v 56.059525 18.290405 -6.352561
v 56.059525 18.290405 -6.352561
v 59.743340 18.290405 -6.352561
v 55.800468 17.814629 -6.064067
v 59.743340 18.290405 -6.352561
v 59.484280 17.814629 -6.064067
v 55.800468 17.814629 -6.064067
v 55.800468 17.814629 -6.064067
v 59.484280 17.814629 -6.064067
v 55.627373 17.496725 -5.632308
v 59.484280 17.814629 -6.064067
v 59.311184 17.496725 -5.632308
v 55.627373 17.496725 -5.632308
v 55.627373 17.496725 -5.632308
v 59.311184 17.496725 -5.632308
v 55.566589 17.385090 -5.123011
v 59.311184 17.496725 -5.632308
v 59.250401 17.385090 -5.123011
v 55.566589 17.385090 -5.123011
v 55.566589 17.385090 -5.123011
v 59.250401 17.385090 -5.123011
v 55.566589 17.385090 2.862129
v 59.250401 17.385090 -5.123011
v 59.250401 17.385090 2.862129
v 55.566589 17.385090 2.862129
v 59.250401 17.385090 2.862129
v 59.311184 17.496723 3.371426
v 55.627373 17.496723 3.371426
v 55.627373 17.496723 3.371426
v 59.311184 17.496723 3.371426
v 55.800468 17.814627 3.803186
v 59.311184 17.496723 3.371426
v 59.484280 17.814627 3.803186
v 55.800468 17.814627 3.803186
v 55.800468 17.814627 3.803186
v 59.484280 17.814627 3.803186
v 56.059525 18.290405 4.091681
v 59.484280 17.814627 3.803186
v 59.743340 18.290405 4.091681
v 56.059525 18.290405 4.091681
v 56.059525 18.290405 4.091681
v 59.743340 18.290405 4.091681
v 56.365105 18.851622 4.192986
v 59.743340 18.290405 4.091681
v 60.048916 18.851622 4.192986
v 56.365105 18.851622 4.192986
v 60.048916 12.046925 -6.453867
v 59.743340 11.485708 -6.352562
v 59.743340 18.290405 -6.352561
v 59.743340 18.290405 -6.352561
v 59.743340 11.485708 -6.352562
v 59.484280 17.814629 -6.064067
v 59.743340 11.485708 -6.352562
v 59.484280 11.009930 -6.064069
v 59.484280 17.814629 -6.064067
v 59.484280 17.814629 -6.064067
v 59.484280 11.009930 -6.064069
v 59.311184 17.496725 -5.632308
v 59.484280 11.009930 -6.064069
v 59.311184 10.692026 -5.632309
v 59.311184 17.496725 -5.632308
v 59.311184 17.496725 -5.632308
v 59.311184 10.692026 -5.632309
v 59.250401 17.385090 -5.123011
v 59.311184 10.692026 -5.632309
v 59.250401 10.580395 -5.123012
v 59.250401 17.385090 -5.123011
v 59.250401 17.385090 -5.123011
v 59.250401 10.580395 -5.123012
v 59.250401 17.385090 2.862129
v 59.250401 10.580395 -5.123012
v 59.250401 10.580393 2.862128
v 59.250401 17.385090 2.862129
v 59.311184 17.496723 3.371426
v 59.311184 10.692025 3.371425
v 59.484280 17.814627 3.803186
v 59.311184 10.692025 3.371425
v 59.484280 11.009929 3.803185
v 59.484280 17.814627 3.803186
v 59.484280 17.814627 3.803186
v 59.484280 11.009929 3.803185
v 59.743340 18.290405 4.091681
v 59.484280 11.009929 3.803185
v 59.743340 11.485706 4.091680
v 59.743340 18.290405 4.091681
v 59.743340 18.290405 4.091681
v 59.743340 11.485706 4.091680
v 60.048916 18.851622 4.192986
v 59.743340 11.485706 4.091680
v 60.048916 12.046923 4.192986
v 60.048916 18.851622 4.192986
v 60.048916 12.046925 -6.453867
v 67.437828 12.046925 -6.453867
v 59.743340 11.485708 -6.352562
v 67.437828 12.046925 -6.453867
v 67.132256 11.485708 -6.352562
v 59.743340 11.485708 -6.352562
v 59.743340 11.485708 -6.352562
v 67.132256 11.485708 -6.352562
v 59.484280 11.009930 -6.064069
v 59.484280 11.009930 -6.064069
v 66.873199 11.009930 -6.064069
v 59.311184 10.692026 -5.632309
v 66.873199 11.009930 -6.064069
v 66.700104 10.692026 -5.632309
v 59.311184 10.692026 -5.632309
v 59.311184 10.692026 -5.632309
v 66.700104 10.692026 -5.632309
v 59.250401 10.580395 -5.123012
v 66.700104 10.692026 -5.632309
v 66.639313 10.580395 -5.123012
v 59.250401 10.580395 -5.123012
v 59.250401 10.580395 -5.123012
v 66.639313 10.580395 -5.123012
v 59.250401 10.580393 2.862128
v 66.639313 10.580395 -5.123012
v 66.639313 10.580393 2.862128
v 59.250401 10.580393 2.862128
v 66.639313 10.580393 2.862128
v 66.700104 10.692025 3.371425
v 59.311184 10.692025 3.371425
v 59.311184 10.692025 3.371425
v 66.700104 10.692025 3.371425
v 59.484280 11.009929 3.803185
v 66.700104 10.692025 3.371425
v 66.873199 11.009929 3.803185
v 59.484280 11.009929 3.803185
v 59.484280 11.009929 3.803185
v 66.873199 11.009929 3.803185
v 59.743340 11.485706 4.091680
v 66.873199 11.009929 3.803185
v 67.132256 11.485706 4.091680
v 59.743340 11.485706 4.091680
v 59.743340 11.485706 4.091680
v 67.132256 11.485706 4.091680
v 60.048916 12.046923 4.192986
v 67.132256 11.485706 4.091680
v 67.437828 12.046923 4.192986
v 60.048916 12.046923 4.192986
v 67.437828 12.046925 -6.453867
v 67.437828 5.281333 -6.453868
v 67.132256 11.485708 -6.352562
v 67.437828 5.281333 -6.453868
v 67.132256 4.720118 -6.352564
v 67.132256 11.485708 -6.352562
v 67.132256 11.485708 -6.352562
v 67.132256 4.720118 -6.352564
v 66.873199 11.009930 -6.064069
v 67.132256 4.720118 -6.352564
v 66.873199 4.244340 -6.064070
v 66.873199 11.009930 -6.064069
v 66.873199 11.009930 -6.064069
v 66.873199 4.244340 -6.064070
v 66.700104 10.692026 -5.632309
v 66.873199 4.244340 -6.064070
v 66.700104 3.926436 -5.632310
v 66.700104 10.692026 -5.632309
v 66.700104 10.692026 -5.632309
v 66.700104 3.926436 -5.632310
v 66.639313 10.580395 -5.123012
v 66.700104 3.926436 -5.632310
v 66.639313 3.814802 -5.123013
v 66.639313 10.580395 -5.123012
v 66.639313 10.580395 -5.123012
v 66.639313 3.814802 -5.123013
v 66.639313 10.580393 2.862128
v 66.639313 3.814802 -5.123013
v 66.639313 3.814801 2.862127
v 66.639313 10.580393 2.862128
v 66.639313 3.814801 2.862127
v 66.700104 3.926435 3.371424
v 66.700104 10.692025 3.371425
v 66.700104 3.926435 3.371424
v 66.873199 4.244338 3.803184
v 66.873199 11.009929 3.803185
v 66.873199 11.009929 3.803185
v 66.873199 4.244338 3.803184
v 67.132256 11.485706 4.091680
v 66.873199 4.244338 3.803184
v 67.132256 4.720116 4.091678
v 67.132256 11.485706 4.091680
v 67.132256 11.485706 4.091680
v 67.132256 4.720116 4.091678
v 67.437828 12.046923 4.192986
v 67.132256 4.720116 4.091678
v 67.437828 5.281331 4.192985
v 67.437828 12.046923 4.192986
v 67.437828 5.281333 -6.453868
v 71.142937 5.281333 -6.453868
v 67.132256 4.720118 -6.352564
v 71.142937 5.281333 -6.453868
v 71.448517 4.720118 -6.352564
v 67.132256 4.720118 -6.352564
v 67.132256 4.720118 -6.352564
v 71.448517 4.720118 -6.352564
v 66.873199 4.244340 -6.064070
v 71.448517 4.720118 -6.352564
v 71.707573 4.244340 -6.064070
v 66.873199 4.244340 -6.064070
v 66.873199 4.244340 -6.064070
v 71.707573 4.244340 -6.064070
v 66.700104 3.926436 -5.632310
v 71.707573 4.244340 -6.064070
v 71.880669 3.926436 -5.632310
v 66.700104 3.926436 -5.632310
v 66.700104 3.926436 -5.632310
v 71.880669 3.926436 -5.632310
v 66.639313 3.814802 -5.123013
v 71.880669 3.926436 -5.632310
v 71.941452 3.814802 -5.123013
v 66.639313 3.814802 -5.123013
v 66.639313 3.814802 -5.123013
v 71.941452 3.814802 -5.123013
v 66.639313 3.814801 2.862127
v 71.941452 3.814802 -5.123013
v 71.941452 3.814801 2.862127
v 66.639313 3.814801 2.862127
v 66.639313 3.814801 2.862127
v 71.941452 3.814801 2.862127
v 66.700104 3.926435 3.371424
v 71.941452 3.814801 2.862127
v 71.880669 3.926435 3.371424
v 66.700104 3.926435 3.371424
v 66.700104 3.926435 3.371424
v 71.880669 3.926435 3.371424
v 66.873199 4.244338 3.803184
v 71.880669 3.926435 3.371424
v 71.707573 4.244338 3.803184
v 66.873199 4.244338 3.803184
v 71.707573 4.244338 3.803184
v 71.448517 4.720116 4.091678
v 67.132256 4.720116 4.091678
v 67.132256 4.720116 4.091678
v 71.448517 4.720116 4.091678
v 67.437828 5.281331 4.192985
v 71.448517 4.720116 4.091678
v 71.142937 5.281331 4.192985
v 67.437828 5.281331 4.192985
v 67.437828 -1.523363 -6.453870
v 56.365105 -1.523363 -6.453870
v 56.365105 5.281333 -6.453868
v 56.365105 5.281333 -6.453868
v 67.437828 5.281333 -6.453868
v 67.437828 -1.523363 -6.453870
v 56.365105 5.281331 4.192985
v 56.365105 -1.523365 4.192983
v 67.437828 -1.523365 4.192983
v 67.437828 -1.523365 4.192983
v 67.437828 5.281331 4.192985
v 56.365105 5.281331 4.192985
v 67.437828 -1.523363 -6.453870
v 67.437828 5.281333 -6.453868
v 67.743408 -2.084581 -6.352565
v 67.437828 5.281333 -6.453868
v 67.743408 5.842550 -6.352563
v 67.743408 -2.084581 -6.352565
v 67.743408 5.842550 -6.352563
v 68.002464 6.318326 -6.064069
v 68.002464 -2.560356 -6.064071
v 68.002464 -2.560356 -6.064071
v 68.002464 6.318326 -6.064069
v 68.175560 -2.878263 -5.632311
v 68.002464 6.318326 -6.064069
v 68.175560 6.636229 -5.632309
v 68.175560 -2.878263 -5.632311
v 68.175560 -2.878263 -5.632311
v 68.175560 6.636229 -5.632309
v 68.236343 -2.989897 -5.123014
v 68.175560 6.636229 -5.632309
v 68.236343 6.747864 -5.123013
v 68.236343 -2.989897 -5.123014
v 68.236343 -2.989897 -5.123014
v 68.236343 6.747864 -5.123013
v 68.236343 -2.989897 2.862126
v 68.236343 6.747864 -5.123013
v 68.236343 6.747863 2.862128
v 68.236343 -2.989897 2.862126
v 68.236343 -2.989897 2.862126
v 68.236343 6.747863 2.862128
v 68.175560 -2.878263 3.371423
v 68.236343 6.747863 2.862128
v 68.175560 6.636227 3.371425
v 68.175560 -2.878263 3.371423
v 68.175560 -2.878263 3.371423
v 68.175560 6.636227 3.371425
v 68.002464 -2.560358 3.803183
v 68.175560 6.636227 3.371425
v 68.002464 6.318324 3.803185
v 68.002464 -2.560358 3.803183
v 68.002464 -2.560358 3.803183
v 68.002464 6.318324 3.803185
v 67.743408 -2.084583 4.091677
v 68.002464 6.318324 3.803185
v 67.743408 5.842548 4.091679
v 67.743408 -2.084583 4.091677
v 67.743408 -2.084583 4.091677
v 67.743408 5.842548 4.091679
v 67.437828 -1.523365 4.192983
v 67.743408 5.842548 4.091679
v 67.437828 5.281331 4.192985
v 67.437828 -1.523365 4.192983
v 67.437828 5.281333 -6.453868
v 56.365105 5.281333 -6.453868
v 67.743408 5.842550 -6.352563
v 56.365105 5.281333 -6.453868
v 56.059525 5.842550 -6.352563
v 67.743408 5.842550 -6.352563
v 67.743408 5.842550 -6.352563
v 56.059525 5.842550 -6.352563
v 68.002464 6.318326 -6.064069
v 56.059525 5.842550 -6.352563
v 55.800468 6.318326 -6.064069
v 68.002464 6.318326 -6.064069
v 68.002464 6.318326 -6.064069
v 55.800468 6.318326 -6.064069
v 68.175560 6.636229 -5.632309
v 55.800468 6.318326 -6.064069
v 55.627373 6.636229 -5.632309
v 68.175560 6.636229 -5.632309
v 68.175560 6.636229 -5.632309
v 55.627373 6.636229 -5.632309
v 68.236343 6.747864 -5.123013
v 55.627373 6.636229 -5.632309
v 55.566589 6.747864 -5.123013
v 68.236343 6.747864 -5.123013
v 68.236343 6.747864 -5.123013
v 55.566589 6.747864 -5.123013
v 68.236343 6.747863 2.862128
v 55.566589 6.747864 -5.123013
v 55.566589 6.747863 2.862128
v 68.236343 6.747863 2.862128
v 68.236343 6.747863 2.862128
v 55.566589 6.747863 2.862128
v 68.175560 6.636227 3.371425
v 55.566589 6.747863 2.862128
v 55.627373 6.636227 3.371425
v 68.175560 6.636227 3.371425
v 68.175560 6.636227 3.371425
v 55.627373 6.636227 3.371425
v 68.002464 6.318324 3.803185
v 55.627373 6.636227 3.371425
v 55.800468 6.318324 3.803185
v 68.002464 6.318324 3.803185
v 68.002464 6.318324 3.803185
v 55.800468 6.318324 3.803185
v 67.743408 5.842548 4.091679
v 55.800468 6.318324 3.803185
v 56.059525 5.842548 4.091679
v 67.743408 5.842548 4.091679
v 67.743408 5.842548 4.091679
v 56.059525 5.842548 4.091679
v 67.437828 5.281331 4.192985
v 56.059525 5.842548 4.091679
v 56.365105 5.281331 4.192985
v 67.437828 5.281331 4.192985
v 56.365105 5.281333 -6.453868
v 56.365105 -1.523363 -6.453870
v 56.059525 5.842550 -6.352563
v 56.365105 -1.523363 -6.453870
v 56.059525 -2.084581 -6.352565
v 56.059525 5.842550 -6.352563
v 56.059525 5.842550 -6.352563
v 56.059525 -2.084581 -6.352565
v 55.800468 6.318326 -6.064069
v 56.059525 -2.084581 -6.352565
v 55.800468 -2.560356 -6.064071
v 55.800468 6.318326 -6.064069
v 55.800468 6.318326 -6.064069
v 55.800468 -2.560356 -6.064071
v 55.627373 6.636229 -5.632309
v 55.800468 -2.560356 -6.064071
v 55.627373 -2.878263 -5.632311
v 55.627373 6.636229 -5.632309
v 55.627373 6.636229 -5.632309
v 55.627373 -2.878263 -5.632311
v 55.566589 6.747864 -5.123013
v 55.627373 -2.878263 -5.632311
v 55.566589 -2.989897 -5.123014
v 55.566589 6.747864 -5.123013
v 55.566589 6.747864 -5.123013
v 55.566589 -2.989897 -5.123014
v 55.566589 6.747863 2.862128
v 55.566589 -2.989897 -5.123014
v 55.566589 -2.989897 2.862126
v 55.566589 6.747863 2.862128
v 55.566589 6.747863 2.862128
v 55.566589 -2.989897 2.862126
v 55.627373 6.636227 3.371425
v 55.566589 -2.989897 2.862126
v 55.627373 -2.878263 3.371423
v 55.627373 6.636227 3.371425
v 55.627373 6.636227 3.371425
v 55.627373 -2.878263 3.371423
v 55.800468 6.318324 3.803185
v 55.627373 -2.878263 3.371423
v 55.800468 -2.560358 3.803183
v 55.800468 6.318324 3.803185
v 55.800468 -2.560358 3.803183
v 56.059525 -2.084583 4.091677
v 56.059525 5.842548 4.091679
v 56.059525 5.842548 4.091679
v 56.059525 -2.084583 4.091677
v 56.365105 5.281331 4.192985
v 56.059525 -2.084583 4.091677
v 56.365105 -1.523365 4.192983
v 56.365105 5.281331 4.192985
v 56.365105 -1.523363 -6.453870
v 67.437828 -1.523363 -6.453870
v 56.059525 -2.084581 -6.352565
v 67.437828 -1.523363 -6.453870
v 67.743408 -2.084581 -6.352565
v 56.059525 -2.084581 -6.352565
v 56.059525 -2.084581 -6.352565
v 67.743408 -2.084581 -6.352565
v 55.800468 -2.560356 -6.064071
v 68.002464 -2.560356 -6.064071
v 68.175560 -2.878263 -5.632311
v 55.627373 -2.878263 -5.632311
v 55.627373 -2.878263 -5.632311
v 68.175560 -2.878263 -5.632311
v 55.566589 -2.989897 -5.123014
v 68.175560 -2.878263 -5.632311
v 68.236343 -2.989897 -5.123014
v 55.566589 -2.989897 -5.123014
v 55.566589 -2.989897 -5.123014
v 68.236343 -2.989897 -5.123014
v 55.566589 -2.989897 2.862126
v 68.236343 -2.989897 -5.123014
v 68.236343 -2.989897 2.862126
v 55.566589 -2.989897 2.862126
v 55.566589 -2.989897 2.862126
v 68.236343 -2.989897 2.862126
v 55.627373 -2.878263 3.371423
v 68.236343 -2.989897 2.862126
v 68.175560 -2.878263 3.371423
v 55.627373 -2.878263 3.371423
v 55.627373 -2.878263 3.371423
v 68.175560 -2.878263 3.371423
v 55.800468 -2.560358 3.803183
v 68.175560 -2.878263 3.371423
v 68.002464 -2.560358 3.803183
v 55.800468 -2.560358 3.803183
v 55.800468 -2.560358 3.803183
v 68.002464 -2.560358 3.803183
v 56.059525 -2.084583 4.091677
v 68.002464 -2.560358 3.803183
v 67.743408 -2.084583 4.091677
v 56.059525 -2.084583 4.091677
v 56.059525 -2.084583 4.091677
v 67.743408 -2.084583 4.091677
v 56.365105 -1.523365 4.192983
v 67.743408 -2.084583 4.091677
v 67.437828 -1.523365 4.192983
v 56.365105 -1.523365 4.192983
v 59.250401 24.150681 2.862130
v 59.311184 24.262312 3.371428
v 59.311184 33.776806 3.371429
v 59.484280 33.458900 3.803189
v 59.484280 24.580217 3.803187
v 59.743340 32.983124 4.091683
v 55.566589 17.385090 2.862129
v 59.250401 17.385090 2.862129
v 55.627373 17.496723 3.371426
v 60.048916 18.851624 -6.453866
v 60.048916 12.046925 -6.453867
v 59.743340 18.290405 -6.352561
v 59.250401 17.385090 2.862129
v 59.250401 10.580393 2.862128
v 59.311184 17.496723 3.371426
v 59.250401 10.580393 2.862128
v 59.311184 10.692025 3.371425
v 59.311184 17.496723 3.371426
v 67.132256 11.485708 -6.352562
v 66.873199 11.009930 -6.064069
v 59.484280 11.009930 -6.064069
v 59.250401 10.580393 2.862128
v 66.639313 10.580393 2.862128
v 59.311184 10.692025 3.371425
v 66.639313 10.580393 2.862128
v 66.639313 3.814801 2.862127
v 66.700104 10.692025 3.371425
v 66.700104 10.692025 3.371425
v 66.700104 3.926435 3.371424
v 66.873199 11.009929 3.803185
v 66.873199 4.244338 3.803184
v 71.707573 4.244338 3.803184
v 67.132256 4.720116 4.091678
v 67.743408 -2.084581 -6.352565
v 67.743408 5.842550 -6.352563
v 68.002464 -2.560356 -6.064071
v 55.800468 6.318324 3.803185
v 55.800468 -2.560358 3.803183
v 56.059525 5.842548 4.091679
v 67.743408 -2.084581 -6.352565
v 68.002464 -2.560356 -6.064071
v 55.800468 -2.560356 -6.064071
v 55.800468 -2.560356 -6.064071
v 68.002464 -2.560356 -6.064071
v 55.627373 -2.878263 -5.632311
vt 6.944000 -4.552000
vt 2.776000 -4.552000
vt 2.776000 -5.944000
vt 2.776000 -5.944000
vt 6.944000 -5.944000
vt 6.944000 -4.552000
vt 2.776000 -5.944000
vt 2.776000 -4.552000
vt 6.944000 -4.552000
vt 6.944000 -4.552000
vt 6.944000 -5.944000
vt 2.776000 -5.944000
vt 5.552000 -0.500000
vt 6.944000 -0.500000
vt 5.437195 -0.461940
vt 6.944000 -0.500000
vt 7.058805 -0.461940
vt 5.437195 -0.461940
vt 5.437195 -0.461940
vt 7.058805 -0.461940
vt 5.339868 -0.353553
vt 7.058805 -0.461940
vt 7.156132 -0.353553
vt 5.339868 -0.353553
vt 5.339868 -0.353553
vt 7.156132 -0.353553
vt 5.274836 -0.191342
vt 7.156132 -0.353553
vt 7.221164 -0.191342
vt 5.274836 -0.191342
vt 5.274836 -0.191342
vt 7.221164 -0.191342
vt 5.252000 0.000000
vt 7.221164 -0.191342
vt 7.244000 0.000000
vt 5.252000 0.000000
vt 5.252000 0.000000
vt 7.244000 0.000000
vt 5.252000 3.000000
vt 7.244000 0.000000
vt 7.244000 3.000000
vt 5.252000 3.000000
vt 5.252000 3.000000
vt 7.244000 3.000000
vt 5.274836 3.191342
vt 7.244000 3.000000
vt 7.221164 3.191342
vt 5.274836 3.191342
vt 5.274836 3.191342
vt 7.221164 3.191342
vt 5.339868 3.353553
vt 7.221164 3.191342
vt 7.156132 3.353553
vt 5.339868 3.353553
vt 5.339868 3.353553
vt 7.156132 3.353553
vt 5.437195 3.461940
vt 7.156132 3.353553
vt 7.058805 3.461940
vt 5.437195 3.461940
vt 5.437195 3.461940
vt 7.058805 3.461940
vt 5.552000 3.500000
vt 7.058805 3.461940
vt 6.944000 3.500000
vt 5.552000 3.500000
vt 6.944000 -0.500000
vt 2.776000 -0.500000
vt 7.058805 -0.461940
vt 2.776000 -0.500000
vt 2.661195 -0.461940
vt 7.058805 -0.461940
vt 7.058805 -0.461940
vt 2.661195 -0.461940
vt 7.156132 -0.353553
vt 2.661195 -0.461940
vt 2.563868 -0.353553
vt 7.156132 -0.353553
vt 7.156132 -0.353553
vt 2.563868 -0.353553
vt 7.221164 -0.191342
vt 2.563868 -0.353553
vt 2.498836 -0.191342
vt 7.221164 -0.191342
vt 7.221164 -0.191342
vt 2.498836 -0.191342
vt 7.244000 0.000000
vt 2.498836 -0.191342
vt 2.476000 0.000000
vt 7.244000 0.000000
vt 7.244000 0.000000
vt 2.476000 0.000000
vt 7.244000 3.000000
vt 2.476000 0.000000
vt 2.476000 3.000000
vt 7.244000 3.000000
vt 7.244000 3.000000
vt 2.476000 3.000000
vt 7.221164 3.191342
vt 2.476000 3.000000
vt 2.498836 3.191342
vt 7.221164 3.191342
vt 7.221164 3.191342
vt 2.498836 3.191342
vt 7.156132 3.353553
vt 2.498836 3.191342
vt 2.563868 3.353553
vt 7.156132 3.353553
vt 7.156132 3.353553
vt 2.563868 3.353553
vt 7.058805 3.461940
vt 2.563868 3.353553
vt 2.661195 3.461940
vt 7.058805 3.461940
vt 7.058805 3.461940
vt 2.661195 3.461940
vt 6.944000 3.500000
vt 2.661195 3.461940
vt 2.776000 3.500000
vt 6.944000 3.500000
vt 6.944000 -0.500000
vt 5.552000 -0.500000
vt 7.058805 -0.461940
vt 5.552000 -0.500000
vt 5.437195 -0.461940
vt 7.058805 -0.461940
vt 7.058805 -0.461940
vt 5.437195 -0.461940
vt 7.156132 -0.353553
vt 5.437195 -0.461940
vt 5.339868 -0.353553
vt 7.156132 -0.353553
vt 7.156132 -0.353553
vt 5.339868 -0.353553
vt 7.221164 -0.191342
vt 5.339868 -0.353553
vt 5.274836 -0.191342
vt 7.221164 -0.191342
vt 7.221164 -0.191342
vt 5.274836 -0.191342
vt 7.244000 0.000000
vt 5.274836 -0.191342
vt 5.252000 0.000000
vt 7.244000 0.000000
vt 7.244000 0.000000
vt 5.252000 0.000000
vt 7.244000 3.000000
vt 5.252000 0.000000
vt 5.252000 3.000000
vt 7.244000 3.000000
vt 7.244000 3.000000
vt 5.252000 3.000000
vt 7.221164 3.191342
vt 7.221164 3.191342
vt 5.274836 3.191342
vt 7.156132 3.353553
vt 5.274836 3.191342
vt 5.339868 3.353553
vt 7.156132 3.353553
vt 5.339868 3.353553
vt 5.437195 3.461940
vt 7.058805 3.461940
vt 7.058805 3.461940
vt 5.437195 3.461940
vt 6.944000 3.500000
vt 5.437195 3.461940
vt 5.552000 3.500000
vt 6.944000 3.500000
vt 2.776000 -0.500000
vt 6.944000 -0.500000
vt 2.661195 -0.461940
vt 6.944000 -0.500000
vt 7.058805 -0.461940
vt 2.661195 -0.461940
vt 2.661195 -0.461940
vt 7.058805 -0.461940
vt 2.563868 -0.353553
vt 7.058805 -0.461940
vt 7.156132 -0.353553
vt 2.563868 -0.353553
vt 2.563868 -0.353553
vt 7.156132 -0.353553
vt 2.498836 -0.191342
vt 7.156132 -0.353553
vt 7.221164 -0.191342
vt 2.498836 -0.191342
vt 2.498836 -0.191342
vt 7.221164 -0.191342
vt 2.476000 0.000000
vt 7.221164 -0.191342
vt 7.244000 0.000000
vt 2.476000 0.000000
vt 2.476000 0.000000
vt 7.244000 0.000000
vt 2.476000 3.000000
vt 7.244000 0.000000
vt 7.244000 3.000000
vt 2.476000 3.000000
vt 2.476000 3.000000
vt 7.244000 3.000000
vt 2.498836 3.191342
vt 7.244000 3.000000
vt 7.221164 3.191342
vt 2.498836 3.191342
vt 2.498836 3.191342
vt 7.221164 3.191342
vt 2.563868 3.353553
vt 7.221164 3.191342
vt 7.156132 3.353553
vt 2.563868 3.353553
vt 2.563868 3.353553
vt 7.156132 3.353553
vt 2.661195 3.461940
vt 7.156132 3.353553
vt 7.058805 3.461940
vt 2.661195 3.461940
vt 2.661195 3.461940
vt 7.058805 3.461940
vt 2.776000 3.500000
vt 7.058805 3.461940
vt 6.944000 3.500000
vt 2.776000 3.500000
vt 6.944000 -0.392000
vt 5.552000 -0.392000
vt 5.552000 -1.776000
vt 1.392000 -4.552000
vt 2.776000 -4.552000
vt 2.776000 -3.168000
vt 6.944000 -1.776000
vt 6.944000 -0.392000
vt 5.552000 -1.776000
vt 1.392000 -3.168000
vt 1.392000 -4.552000
vt 2.776000 -3.168000
vt 2.776000 -3.168000
vt 5.552000 -3.168000
vt 5.552000 -1.776000
vt 5.552000 -1.776000
vt 2.776000 -1.776000
vt 2.776000 -3.168000
vt 5.552000 -1.776000
vt 5.552000 -0.392000
vt 6.944000 -0.392000
vt 2.776000 -3.168000
vt 2.776000 -4.552000
vt 1.392000 -4.552000
vt 5.552000 -1.776000
vt 6.944000 -0.392000
vt 6.944000 -1.776000
vt 2.776000 -3.168000
vt 1.392000 -4.552000
vt 1.392000 -3.168000
vt 5.552000 -1.776000
vt 5.552000 -3.168000
vt 2.776000 -3.168000
vt 2.776000 -3.168000
vt 2.776000 -1.776000
vt 5.552000 -1.776000
vt 1.392000 -0.500000
vt 2.776000 -0.500000
vt 1.277195 -0.461940
vt 2.776000 -0.500000
vt 2.890805 -0.461940
vt 1.277195 -0.461940
vt 1.277195 -0.461940
vt 2.890805 -0.461940
vt 1.179868 -0.353553
vt 2.890805 -0.461940
vt 2.988132 -0.353553
vt 1.179868 -0.353553
vt 1.179868 -0.353553
vt 2.988132 -0.353553
vt 1.114836 -0.191342
vt 2.988132 -0.353553
vt 3.053164 -0.191342
vt 1.114836 -0.191342
vt 1.114836 -0.191342
vt 3.053164 -0.191342
vt 1.092000 0.000000
vt 3.053164 -0.191342
vt 3.076000 0.000000
vt 1.092000 0.000000
vt 1.092000 0.000000
vt 3.076000 0.000000
vt 1.092000 3.000000
vt 3.076000 0.000000
vt 3.076000 3.000000
vt 1.092000 3.000000
vt 1.092000 3.000000
vt 3.076000 3.000000
vt 1.114836 3.191342
vt 3.076000 3.000000
vt 3.053164 3.191342
vt 1.114836 3.191342
vt 1.114836 3.191342
vt 3.053164 3.191342
vt 1.179868 3.353553
vt 3.053164 3.191342
vt 2.988132 3.353553
vt 1.179868 3.353553
vt 1.179868 3.353553
vt 2.988132 3.353553
vt 1.277195 3.461940
vt 2.988132 3.353553
vt 2.890805 3.461940
vt 1.277195 3.461940
vt 1.277195 3.461940
vt 2.890805 3.461940
vt 1.392000 3.500000
vt 2.890805 3.461940
vt 2.776000 3.500000
vt 1.392000 3.500000
vt 6.944000 -0.500000
vt 5.552000 -0.500000
vt 7.058805 -0.461940
vt 5.552000 -0.500000
vt 5.666805 -0.461940
vt 7.058805 -0.461940
vt 7.058805 -0.461940
vt 5.666805 -0.461940
vt 7.156132 -0.353553
vt 5.666805 -0.461940
vt 5.764132 -0.353553
vt 7.156132 -0.353553
vt 7.156132 -0.353553
vt 5.764132 -0.353553
vt 7.221164 -0.191342
vt 5.764132 -0.353553
vt 5.829164 -0.191342
vt 7.221164 -0.191342
vt 7.221164 -0.191342
vt 5.829164 -0.191342
vt 7.244000 0.000000
vt 5.829164 -0.191342
vt 5.852000 0.000000
vt 7.244000 0.000000
vt 7.244000 0.000000
vt 5.852000 0.000000
vt 7.244000 3.000000
vt 5.852000 0.000000
vt 5.852000 3.000000
vt 7.244000 3.000000
vt 7.244000 3.000000
vt 5.852000 3.000000
vt 7.221164 3.191342
vt 5.852000 3.000000
vt 5.829164 3.191342
vt 7.221164 3.191342
vt 7.221164 3.191342
vt 5.829164 3.191342
vt 7.156132 3.353553
vt 5.829164 3.191342
vt 5.764132 3.353553
vt 7.156132 3.353553
vt 7.156132 3.353553
vt 5.764132 3.353553
vt 7.058805 3.461940
vt 5.764132 3.353553
vt 5.666805 3.461940
vt 7.058805 3.461940
vt 7.058805 3.461940
vt 5.666805 3.461940
vt 6.944000 3.500000
vt 5.666805 3.461940
vt 5.552000 3.500000
vt 6.944000 3.500000
vt 2.776000 -0.500000
vt 4.168000 -0.500000
vt 2.890805 -0.461940
vt 4.168000 -0.500000
vt 4.282805 -0.461940
vt 2.890805 -0.461940
vt 2.890805 -0.461940
vt 4.282805 -0.461940
vt 2.988132 -0.353553
vt 4.282805 -0.461940
vt 4.380132 -0.353553
vt 2.988132 -0.353553
vt 2.988132 -0.353553
vt 4.380132 -0.353553
vt 3.053164 -0.191342
vt 4.380132 -0.353553
vt 4.445164 -0.191342
vt 3.053164 -0.191342
vt 3.053164 -0.191342
vt 4.445164 -0.191342
vt 3.076000 0.000000
vt 4.445164 -0.191342
vt 4.468000 0.000000
vt 3.076000 0.000000
vt 3.076000 0.000000
vt 4.468000 0.000000
vt 3.076000 3.000000
vt 4.468000 0.000000
vt 4.468000 3.000000
vt 3.076000 3.000000
vt 3.076000 3.000000
vt 4.468000 3.000000
vt 3.053164 3.191342
vt 4.468000 3.000000
vt 4.445164 3.191342
vt 3.053164 3.191342
vt 3.053164 3.191342
vt 4.445164 3.191342
vt 2.988132 3.353553
vt 4.445164 3.191342
vt 4.380132 3.353553
vt 2.988132 3.353553
vt 2.988132 3.353553
vt 4.380132 3.353553
vt 2.890805 3.461940
vt 4.380132 3.353553
vt 4.282805 3.461940
vt 2.890805 3.461940
vt 2.890805 3.461940
vt 4.282805 3.461940
vt 2.776000 3.500000
vt 4.282805 3.461940
vt 4.168000 3.500000
vt 2.776000 3.500000
vt 5.552000 -0.500000
vt 2.776000 -0.500000
vt 5.666805 -0.461940
vt 2.776000 -0.500000
vt 2.890805 -0.461940
vt 5.666805 -0.461940
vt 5.666805 -0.461940
vt 2.890805 -0.461940
vt 5.764132 -0.353553
vt 2.890805 -0.461940
vt 2.988132 -0.353553
vt 5.764132 -0.353553
vt 5.764132 -0.353553
vt 2.988132 -0.353553
vt 5.829164 -0.191342
vt 2.988132 -0.353553
vt 3.053164 -0.191342
vt 5.829164 -0.191342
vt 5.829164 -0.191342
vt 3.053164 -0.191342
vt 5.852000 0.000000
vt 3.053164 -0.191342
vt 3.076000 0.000000
vt 5.852000 0.000000
vt 5.852000 0.000000
vt 3.076000 0.000000
vt 5.852000 3.000000
vt 3.076000 0.000000
vt 3.076000 3.000000
vt 5.852000 3.000000
vt 5.852000 3.000000
vt 3.076000 3.000000
vt 5.829164 3.191342
vt 3.076000 3.000000
vt 3.053164 3.191342
vt 5.829164 3.191342
vt 5.829164 3.191342
vt 3.053164 3.191342
vt 5.764132 3.353553
vt 3.053164 3.191342
vt 2.988132 3.353553
vt 5.764132 3.353553
vt 5.764132 3.353553
vt 2.988132 3.353553
vt 5.666805 3.461940
vt 2.988132 3.353553
vt 2.890805 3.461940
vt 5.666805 3.461940
vt 5.666805 3.461940
vt 2.890805 3.461940
vt 5.552000 3.500000
vt 2.890805 3.461940
vt 2.776000 3.500000
vt 5.552000 3.500000
vt 4.168000 -0.500000
vt 5.552000 -0.500000
vt 4.282805 -0.461940
vt 5.552000 -0.500000
vt 5.666805 -0.461940
vt 4.282805 -0.461940
vt 4.282805 -0.461940
vt 5.666805 -0.461940
vt 4.380132 -0.353553
vt 5.666805 -0.461940
vt 5.764132 -0.353553
vt 4.380132 -0.353553
vt 4.380132 -0.353553
vt 5.764132 -0.353553
vt 4.445164 -0.191342
vt 5.764132 -0.353553
vt 5.829164 -0.191342
vt 4.445164 -0.191342
vt 4.445164 -0.191342
vt 5.829164 -0.191342
vt 4.468000 0.000000
vt 5.829164 -0.191342
vt 5.852000 0.000000
vt 4.468000 0.000000
vt 4.468000 0.000000
vt 5.852000 0.000000
vt 4.468000 3.000000
vt 5.852000 0.000000
vt 5.852000 3.000000
vt 4.468000 3.000000
vt 4.468000 3.000000
vt 5.852000 3.000000
vt 4.445164 3.191342
vt 5.852000 3.000000
vt 5.829164 3.191342
vt 4.445164 3.191342
vt 4.445164 3.191342
vt 5.829164 3.191342
vt 4.380132 3.353553
vt 5.829164 3.191342
vt 5.764132 3.353553
vt 4.380132 3.353553
vt 4.380132 3.353553
vt 5.764132 3.353553
vt 4.282805 3.461940
vt 5.764132 3.353553
vt 5.666805 3.461940
vt 4.282805 3.461940
vt 4.282805 3.461940
vt 5.666805 3.461940
vt 4.168000 3.500000
vt 5.666805 3.461940
vt 5.552000 3.500000
vt 4.168000 3.500000
vt 2.776000 -0.500000
vt 1.392000 -0.500000
vt 2.890805 -0.461940
vt 1.392000 -0.500000
vt 1.277195 -0.461940
vt 2.890805 -0.461940
vt 2.890805 -0.461940
vt 1.277195 -0.461940
vt 2.988132 -0.353553
vt 1.277195 -0.461940
vt 1.179868 -0.353553
vt 2.988132 -0.353553
vt 2.988132 -0.353553
vt 1.179868 -0.353553
vt 3.053164 -0.191342
vt 1.179868 -0.353553
vt 1.114836 -0.191342
vt 3.053164 -0.191342
vt 3.053164 -0.191342
vt 1.114836 -0.191342
vt 3.076000 0.000000
vt 1.114836 -0.191342
vt 1.092000 0.000000
vt 3.076000 0.000000
vt 3.076000 0.000000
vt 1.092000 0.000000
vt 3.076000 3.000000
vt 1.092000 0.000000
vt 1.092000 3.000000
vt 3.076000 3.000000
vt 3.076000 3.000000
vt 1.092000 3.000000
vt 3.053164 3.191342
vt 1.092000 3.000000
vt 1.114836 3.191342
vt 3.053164 3.191342
vt 3.053164 3.191342
vt 1.114836 3.191342
vt 2.988132 3.353553
vt 1.114836 3.191342
vt 1.179868 3.353553
vt 2.988132 3.353553
vt 2.988132 3.353553
vt 1.179868 3.353553
vt 2.890805 3.461940
vt 1.179868 3.353553
vt 1.277195 3.461940
vt 2.890805 3.461940
vt 2.890805 3.461940
vt 1.277195 3.461940
vt 2.776000 3.500000
vt 1.277195 3.461940
vt 1.392000 3.500000
vt 2.776000 3.500000
vt 5.552000 -0.500000
vt 4.168000 -0.500000
vt 5.666805 -0.461940
vt 4.168000 -0.500000
vt 4.053195 -0.461940
vt 5.666805 -0.461940
vt 5.666805 -0.461940
vt 4.053195 -0.461940
vt 5.764132 -0.353553
vt 4.053195 -0.461940
vt 3.955868 -0.353553
vt 5.764132 -0.353553
vt 5.764132 -0.353553
vt 3.955868 -0.353553
vt 5.829164 -0.191342
vt 3.955868 -0.353553
vt 3.890836 -0.191342
vt 5.829164 -0.191342
vt 5.829164 -0.191342
vt 3.890836 -0.191342
vt 5.852000 0.000000
vt 3.890836 -0.191342
vt 3.868000 0.000000
vt 5.852000 0.000000
vt 5.852000 0.000000
vt 3.868000 0.000000
vt 5.852000 3.000000
vt 3.868000 0.000000
vt 3.868000 3.000000
vt 5.852000 3.000000
vt 5.852000 3.000000
vt 3.868000 3.000000
vt 5.829164 3.191342
vt 3.868000 3.000000
vt 3.890836 3.191342
vt 5.829164 3.191342
vt 5.829164 3.191342
vt 3.890836 3.191342
vt 5.764132 3.353553
vt 3.890836 3.191342
vt 3.955868 3.353553
vt 5.764132 3.353553
vt 5.764132 3.353553
vt 3.955868 3.353553
vt 5.666805 3.461940
vt 3.955868 3.353553
vt 4.053195 3.461940
vt 5.666805 3.461940
vt 5.666805 3.461940
vt 4.053195 3.461940
vt 5.552000 3.500000
vt 4.053195 3.461940
vt 4.168000 3.500000
vt 5.552000 3.500000
vt 1.392000 -0.500000
vt 2.776000 -0.500000
vt 1.277195 -0.461940
vt 2.776000 -0.500000
vt 2.661195 -0.461940
vt 1.277195 -0.461940
vt 1.277195 -0.461940
vt 2.661195 -0.461940
vt 1.179868 -0.353553
vt 2.661195 -0.461940
vt 2.563868 -0.353553
vt 1.179868 -0.353553
vt 1.179868 -0.353553
vt 2.563868 -0.353553
vt 1.114836 -0.191342
vt 2.563868 -0.353553
vt 2.498836 -0.191342
vt 1.114836 -0.191342
vt 1.114836 -0.191342
vt 2.498836 -0.191342
vt 1.092000 0.000000
vt 2.498836 -0.191342
vt 2.476000 0.000000
vt 1.092000 0.000000
vt 1.092000 0.000000
vt 2.476000 0.000000
vt 1.092000 3.000000
vt 2.476000 0.000000
vt 2.476000 3.000000
vt 1.092000 3.000000
vt 2.476000 3.000000
vt 2.498836 3.191342
vt 1.114836 3.191342
vt 1.114836 3.191342
vt 2.498836 3.191342
vt 1.179868 3.353553
vt 2.498836 3.191342
vt 2.563868 3.353553
vt 1.179868 3.353553
vt 1.179868 3.353553
vt 2.563868 3.353553
vt 1.277195 3.461940
vt 2.563868 3.353553
vt 2.661195 3.461940
vt 1.277195 3.461940
vt 1.277195 3.461940
vt 2.661195 3.461940
vt 1.392000 3.500000
vt 2.661195 3.461940
vt 2.776000 3.500000
vt 1.392000 3.500000
vt 2.776000 -0.500000
vt 2.661195 -0.461940
vt 4.053195 -0.461940
vt 4.053195 -0.461940
vt 2.661195 -0.461940
vt 3.955868 -0.353553
vt 2.661195 -0.461940
vt 2.563868 -0.353553
vt 3.955868 -0.353553
vt 3.955868 -0.353553
vt 2.563868 -0.353553
vt 3.890836 -0.191342
vt 2.563868 -0.353553
vt 2.498836 -0.191342
vt 3.890836 -0.191342
vt 3.890836 -0.191342
vt 2.498836 -0.191342
vt 3.868000 0.000000
vt 2.498836 -0.191342
vt 2.476000 0.000000
vt 3.868000 0.000000
vt 3.868000 0.000000
vt 2.476000 0.000000
vt 3.868000 3.000000
vt 2.476000 0.000000
vt 2.476000 3.000000
vt 3.868000 3.000000
vt 3.890836 3.191342
vt 2.498836 3.191342
vt 3.955868 3.353553
vt 2.498836 3.191342
vt 2.563868 3.353553
vt 3.955868 3.353553
vt 3.955868 3.353553
vt 2.563868 3.353553
vt 4.053195 3.461940
vt 2.563868 3.353553
vt 2.661195 3.461940
vt 4.053195 3.461940
vt 4.053195 3.461940
vt 2.661195 3.461940
vt 4.168000 3.500000
vt 2.661195 3.461940
vt 2.776000 3.500000
vt 4.168000 3.500000
vt 2.776000 -0.500000
vt 5.552000 -0.500000
vt 2.661195 -0.461940
vt 5.552000 -0.500000
vt 5.437195 -0.461940
vt 2.661195 -0.461940
vt 2.661195 -0.461940
vt 5.437195 -0.461940
vt 2.563868 -0.353553
vt 2.563868 -0.353553
vt 5.339868 -0.353553
vt 2.498836 -0.191342
vt 5.339868 -0.353553
vt 5.274836 -0.191342
vt 2.498836 -0.191342
vt 2.498836 -0.191342
vt 5.274836 -0.191342
vt 2.476000 0.000000
vt 5.274836 -0.191342
vt 5.252000 0.000000
vt 2.476000 0.000000
vt 2.476000 0.000000
vt 5.252000 0.000000
vt 2.476000 3.000000
vt 5.252000 0.000000
vt 5.252000 3.000000
vt 2.476000 3.000000
vt 5.252000 3.000000
vt 5.274836 3.191342
vt 2.498836 3.191342
vt 2.498836 3.191342
vt 5.274836 3.191342
vt 2.563868 3.353553
vt 5.274836 3.191342
vt 5.339868 3.353553
vt 2.563868 3.353553
vt 2.563868 3.353553
vt 5.339868 3.353553
vt 2.661195 3.461940
vt 5.339868 3.353553
vt 5.437195 3.461940
vt 2.661195 3.461940
vt 2.661195 3.461940
vt 5.437195 3.461940
vt 2.776000 3.500000
vt 5.437195 3.461940
vt 5.552000 3.500000
vt 2.776000 3.500000
vt 2.776000 -0.500000
vt 1.392000 -0.500000
vt 2.661195 -0.461940
vt 1.392000 -0.500000
vt 1.277195 -0.461940
vt 2.661195 -0.461940
vt 2.661195 -0.461940
vt 1.277195 -0.461940
vt 2.563868 -0.353553
vt 1.277195 -0.461940
vt 1.179868 -0.353553
vt 2.563868 -0.353553
vt 2.563868 -0.353553
vt 1.179868 -0.353553
vt 2.498836 -0.191342
vt 1.179868 -0.353553
vt 1.114836 -0.191342
vt 2.498836 -0.191342
vt 2.498836 -0.191342
vt 1.114836 -0.191342
vt 2.476000 0.000000
vt 1.114836 -0.191342
vt 1.092000 0.000000
vt 2.476000 0.000000
vt 2.476000 0.000000
vt 1.092000 0.000000
vt 2.476000 3.000000
vt 1.092000 0.000000
vt 1.092000 3.000000
vt 2.476000 3.000000
vt 1.092000 3.000000
vt 1.114836 3.191342
vt 2.498836 3.191342
vt 1.114836 3.191342
vt 1.179868 3.353553
vt 2.563868 3.353553
vt 2.563868 3.353553
vt 1.179868 3.353553
vt 2.661195 3.461940
vt 1.179868 3.353553
vt 1.277195 3.461940
vt 2.661195 3.461940
vt 2.661195 3.461940
vt 1.277195 3.461940
vt 2.776000 3.500000
vt 1.277195 3.461940
vt 1.392000 3.500000
vt 2.776000 3.500000
vt 5.552000 -0.500000
vt 6.944000 -0.500000
vt 5.437195 -0.461940
vt 6.944000 -0.500000
vt 7.058805 -0.461940
vt 5.437195 -0.461940
vt 5.437195 -0.461940
vt 7.058805 -0.461940
vt 5.339868 -0.353553
vt 7.058805 -0.461940
vt 7.156132 -0.353553
vt 5.339868 -0.353553
vt 5.339868 -0.353553
vt 7.156132 -0.353553
vt 5.274836 -0.191342
vt 7.156132 -0.353553
vt 7.221164 -0.191342
vt 5.274836 -0.191342
vt 5.274836 -0.191342
vt 7.221164 -0.191342
vt 5.252000 0.000000
vt 7.221164 -0.191342
vt 7.244000 0.000000
vt 5.252000 0.000000
vt 5.252000 0.000000
vt 7.244000 0.000000
vt 5.252000 3.000000
vt 7.244000 0.000000
vt 7.244000 3.000000
vt 5.252000 3.000000
vt 5.252000 3.000000
vt 7.244000 3.000000
vt 5.274836 3.191342
vt 7.244000 3.000000
vt 7.221164 3.191342
vt 5.274836 3.191342
vt 5.274836 3.191342
vt 7.221164 3.191342
vt 5.339868 3.353553
vt 7.221164 3.191342
vt 7.156132 3.353553
vt 5.339868 3.353553
vt 7.156132 3.353553
vt 7.058805 3.461940
vt 5.437195 3.461940
vt 5.437195 3.461940
vt 7.058805 3.461940
vt 5.552000 3.500000
vt 7.058805 3.461940
vt 6.944000 3.500000
vt 5.552000 3.500000
vt 5.552000 1.000000
vt 1.392000 1.000000
vt 1.392000 -0.392000
vt 1.392000 -0.392000
vt 5.552000 -0.392000
vt 5.552000 1.000000
vt 1.392000 -0.392000
vt 1.392000 1.000000
vt 5.552000 1.000000
vt 5.552000 1.000000
vt 5.552000 -0.392000
vt 1.392000 -0.392000
vt 0.000000 -0.500000
vt 1.392000 -0.500000
vt -0.114805 -0.461940
vt 1.392000 -0.500000
vt 1.506805 -0.461940
vt -0.114805 -0.461940
vt 1.506805 -0.461940
vt 1.604132 -0.353553
vt -0.212132 -0.353553
vt -0.212132 -0.353553
vt 1.604132 -0.353553
vt -0.277164 -0.191342
vt 1.604132 -0.353553
vt 1.669164 -0.191342
vt -0.277164 -0.191342
vt -0.277164 -0.191342
vt 1.669164 -0.191342
vt -0.300000 0.000000
vt 1.669164 -0.191342
vt 1.692000 0.000000
vt -0.300000 0.000000
vt -0.300000 0.000000
vt 1.692000 0.000000
vt -0.300000 3.000000
vt 1.692000 0.000000
vt 1.692000 3.000000
vt -0.300000 3.000000
vt -0.300000 3.000000
vt 1.692000 3.000000
vt -0.277164 3.191342
vt 1.692000 3.000000
vt 1.669164 3.191342
vt -0.277164 3.191342
vt -0.277164 3.191342
vt 1.669164 3.191342
vt -0.212132 3.353553
vt 1.669164 3.191342
vt 1.604132 3.353553
vt -0.212132 3.353553
vt -0.212132 3.353553
vt 1.604132 3.353553
vt -0.114805 3.461940
vt 1.604132 3.353553
vt 1.506805 3.461940
vt -0.114805 3.461940
vt -0.114805 3.461940
vt 1.506805 3.461940
vt 0.000000 3.500000
vt 1.506805 3.461940
vt 1.392000 3.500000
vt 0.000000 3.500000
vt 5.552000 -0.500000
vt 1.392000 -0.500000
vt 5.666805 -0.461940
vt 1.392000 -0.500000
vt 1.277195 -0.461940
vt 5.666805 -0.461940
vt 5.666805 -0.461940
vt 1.277195 -0.461940
vt 5.764132 -0.353553
vt 1.277195 -0.461940
vt 1.179868 -0.353553
vt 5.764132 -0.353553
vt 5.764132 -0.353553
vt 1.179868 -0.353553
vt 5.829164 -0.191342
vt 1.179868 -0.353553
vt 1.114836 -0.191342
vt 5.829164 -0.191342
vt 5.829164 -0.191342
vt 1.114836 -0.191342
vt 5.852000 0.000000
vt 1.114836 -0.191342
vt 1.092000 0.000000
vt 5.852000 0.000000
vt 5.852000 0.000000
vt 1.092000 0.000000
vt 5.852000 3.000000
vt 1.092000 0.000000
vt 1.092000 3.000000
vt 5.852000 3.000000
vt 5.852000 3.000000
vt 1.092000 3.000000
vt 5.829164 3.191342
vt 1.092000 3.000000
vt 1.114836 3.191342
vt 5.829164 3.191342
vt 5.829164 3.191342
vt 1.114836 3.191342
vt 5.764132 3.353553
vt 1.114836 3.191342
vt 1.179868 3.353553
vt 5.764132 3.353553
vt 5.764132 3.353553
vt 1.179868 3.353553
vt 5.666805 3.461940
vt 1.179868 3.353553
vt 1.277195 3.461940
vt 5.666805 3.461940
vt 5.666805 3.461940
vt 1.277195 3.461940
vt 5.552000 3.500000
vt 1.277195 3.461940
vt 1.392000 3.500000
vt 5.552000 3.500000
vt 1.392000 -0.500000
vt 0.000000 -0.500000
vt 1.506805 -0.461940
vt 0.000000 -0.500000
vt -0.114805 -0.461940
vt 1.506805 -0.461940
vt 1.506805 -0.461940
vt -0.114805 -0.461940
vt 1.604132 -0.353553
vt -0.114805 -0.461940
vt -0.212132 -0.353553
vt 1.604132 -0.353553
vt 1.604132 -0.353553
vt -0.212132 -0.353553
vt 1.669164 -0.191342
vt -0.212132 -0.353553
vt -0.277164 -0.191342
vt 1.669164 -0.191342
vt 1.669164 -0.191342
vt -0.277164 -0.191342
vt 1.692000 0.000000
vt -0.277164 -0.191342
vt -0.300000 0.000000
vt 1.692000 0.000000
vt 1.692000 0.000000
vt -0.300000 0.000000
vt 1.692000 3.000000
vt -0.300000 0.000000
vt -0.300000 3.000000
vt 1.692000 3.000000
vt 1.692000 3.000000
vt -0.300000 3.000000
vt 1.669164 3.191342
vt -0.300000 3.000000
vt -0.277164 3.191342
vt 1.669164 3.191342
vt 1.669164 3.191342
vt -0.277164 3.191342
vt 1.604132 3.353553
vt -0.277164 3.191342
vt -0.212132 3.353553
vt 1.604132 3.353553
vt -0.212132 3.353553
vt -0.114805 3.461940
vt 1.506805 3.461940
vt 1.506805 3.461940
vt -0.114805 3.461940
vt 1.392000 3.500000
vt -0.114805 3.461940
vt 0.000000 3.500000
vt 1.392000 3.500000
vt 1.392000 -0.500000
vt 5.552000 -0.500000
vt 1.277195 -0.461940
vt 5.552000 -0.500000
vt 5.666805 -0.461940
vt 1.277195 -0.461940
vt 1.277195 -0.461940
vt 5.666805 -0.461940
vt 1.179868 -0.353553
vt 5.764132 -0.353553
vt 5.829164 -0.191342
vt 1.114836 -0.191342
vt 1.114836 -0.191342
vt 5.829164 -0.191342
vt 1.092000 0.000000
vt 5.829164 -0.191342
vt 5.852000 0.000000
vt 1.092000 0.000000
vt 1.092000 0.000000
vt 5.852000 0.000000
vt 1.092000 3.000000
vt 5.852000 0.000000
vt 5.852000 3.000000
vt 1.092000 3.000000
vt 1.092000 3.000000
vt 5.852000 3.000000
vt 1.114836 3.191342
vt 5.852000 3.000000
vt 5.829164 3.191342
vt 1.114836 3.191342
vt 1.114836 3.191342
vt 5.829164 3.191342
vt 1.179868 3.353553
vt 5.829164 3.191342
vt 5.764132 3.353553
vt 1.179868 3.353553
vt 1.179868 3.353553
vt 5.764132 3.353553
vt 1.277195 3.461940
vt 5.764132 3.353553
vt 5.666805 3.461940
vt 1.277195 3.461940
vt 1.277195 3.461940
vt 5.666805 3.461940
vt 1.392000 3.500000
vt 5.666805 3.461940
vt 5.552000 3.500000
vt 1.392000 3.500000
vt 5.252000 3.000000
vt 5.274836 3.191342
vt 7.221164 3.191342
vt 7.156132 3.353553
vt 5.339868 3.353553
vt 7.058805 3.461940
vt 1.092000 3.000000
vt 2.476000 3.000000
vt 1.114836 3.191342
vt 4.168000 -0.500000
vt 2.776000 -0.500000
vt 4.053195 -0.461940
vt 3.868000 3.000000
vt 2.476000 3.000000
vt 3.890836 3.191342
vt 2.476000 3.000000
vt 2.498836 3.191342
vt 3.890836 3.191342
vt 5.437195 -0.461940
vt 5.339868 -0.353553
vt 2.563868 -0.353553
vt 2.476000 3.000000
vt 5.252000 3.000000
vt 2.498836 3.191342
vt 2.476000 3.000000
vt 1.092000 3.000000
vt 2.498836 3.191342
vt 2.498836 3.191342
vt 1.114836 3.191342
vt 2.563868 3.353553
vt 5.339868 3.353553
vt 7.156132 3.353553
vt 5.437195 3.461940
vt -0.114805 -0.461940
vt 1.506805 -0.461940
vt -0.212132 -0.353553
vt 1.604132 3.353553
vt -0.212132 3.353553
vt 1.506805 3.461940
vt 5.666805 -0.461940
vt 5.764132 -0.353553
vt 1.179868 -0.353553
vt 1.179868 -0.353553
vt 5.764132 -0.353553
vt 1.114836 -0.191342
vn 0.0000 0.0000 -1.0000
vn 0.0000 -0.0000 1.0000
vn 0.3147 0.0000 -0.9492
vn 0.7440 0.0000 -0.6681
vn 0.9282 0.0000 -0.3721
vn 0.9930 0.0000 -0.1185
vn 1.0000 0.0000 0.0000
vn 0.9930 0.0000 0.1185
vn 0.9282 0.0000 0.3721
vn 0.7440 0.0000 0.6681
vn 0.3147 0.0000 0.9492
vn 0.0000 0.1776 -0.9841
vn 0.0000 0.5185 -0.8551
vn 0.0000 0.8053 -0.5929
vn 0.0000 0.9768 -0.2141
vn 0.0000 1.0000 0.0000
vn 0.0000 0.9768 0.2141
vn 0.0000 0.8053 0.5929
vn 0.0000 0.5185 0.8551
vn 0.0000 0.1776 0.9841
vn -0.3147 0.0000 -0.9492
vn -0.7440 0.0000 -0.6681
vn -0.9282 0.0000 -0.3721
vn -0.9930 -0.0000 -0.1185
vn -1.0000 0.0000 0.0000
vn -0.9930 0.0000 0.1185
vn -0.9282 0.0000 0.3721
vn -0.7440 0.0000 0.6681
vn -0.3147 0.0000 0.9492
vn 0.0000 -0.1776 -0.9841
vn 0.0000 -0.5185 -0.8551
vn 0.0000 -0.8053 -0.5929
vn 0.0000 -0.9768 -0.2141
vn 0.0000 -1.0000 0.0000
vn 0.0000 -0.9768 0.2141
vn 0.0000 -0.8053 0.5929
vn 0.0000 -0.5185 0.8551
vn 0.0000 -0.1776 0.9841
vn 0.7441 0.0000 -0.6681
usemtl Material_9.001
s off
f 7141/7141/352 7142/7142/352 7143/7143/352
f 7144/7144/352 7145/7145/352 7146/7146/352
f 7147/7147/353 7148/7148/353 7149/7149/353
f 7150/7150/353 7151/7151/353 7152/7152/353
f 7153/7153/354 7154/7154/354 7155/7155/354
f 7156/7156/354 7157/7157/354 7158/7158/354
f 7159/7159/355 7160/7160/355 7161/7161/355
f 7162/7162/355 7163/7163/355 7164/7164/355
f 7165/7165/356 7166/7166/356 7167/7167/356
f 7168/7168/356 7169/7169/356 7170/7170/356
f 7171/7171/357 7172/7172/357 7173/7173/357
f 7174/7174/357 7175/7175/357 7176/7176/357
f 7177/7177/358 7178/7178/358 7179/7179/358
f 7180/7180/358 7181/7181/358 7182/7182/358
f 7183/7183/359 7184/7184/359 7185/7185/359
f 7186/7186/359 7187/7187/359 7188/7188/359
f 7189/7189/360 7190/7190/360 7191/7191/360
f 7192/7192/360 7193/7193/360 7194/7194/360
f 7195/7195/361 7196/7196/361 7197/7197/361
f 7198/7198/361 7199/7199/361 7200/7200/361
f 7201/7201/362 7202/7202/362 7203/7203/362
f 7204/7204/362 7205/7205/362 7206/7206/362
f 7207/7207/363 7208/7208/363 7209/7209/363
f 7210/7210/363 7211/7211/363 7212/7212/363
f 7213/7213/364 7214/7214/364 7215/7215/364
f 7216/7216/364 7217/7217/364 7218/7218/364
f 7219/7219/365 7220/7220/365 7221/7221/365
f 7222/7222/365 7223/7223/365 7224/7224/365
f 7225/7225/366 7226/7226/366 7227/7227/366
f 7228/7228/366 7229/7229/366 7230/7230/366
f 7231/7231/367 7232/7232/367 7233/7233/367
f 7234/7234/367 7235/7235/367 7236/7236/367
f 7237/7237/368 7238/7238/368 7239/7239/368
f 7240/7240/368 7241/7241/368 7242/7242/368
f 7243/7243/369 7244/7244/369 7245/7245/369
f 7246/7246/369 7247/7247/369 7248/7248/369
f 7249/7249/370 7250/7250/370 7251/7251/370
f 7252/7252/370 7253/7253/370 7254/7254/370
f 7255/7255/371 7256/7256/371 7257/7257/371
f 7258/7258/371 7259/7259/371 7260/7260/371
f 7261/7261/372 7262/7262/372 7263/7263/372
f 7264/7264/372 7265/7265/372 7266/7266/372
f 7267/7267/373 7268/7268/373 7269/7269/373
f 7270/7270/373 7271/7271/373 7272/7272/373
f 7273/7273/374 7274/7274/374 7275/7275/374
f 7276/7276/374 7277/7277/374 7278/7278/374
f 7279/7279/375 7280/7280/375 7281/7281/375
f 7282/7282/375 7283/7283/375 7284/7284/375
f 7285/7285/376 7286/7286/376 7287/7287/376
f 7288/7288/376 7289/7289/376 7290/7290/376
f 7291/7291/377 7292/7292/377 7293/7293/377
f 7294/7294/378 7295/7295/378 7296/7296/378
f 7297/7297/378 7298/7298/378 7299/7299/378
f 7300/7300/379 7301/7301/379 7302/7302/379
f 7303/7303/380 7304/7304/380 7305/7305/380
f 7306/7306/380 7307/7307/380 7308/7308/380
f 7309/7309/381 7310/7310/381 7311/7311/381
f 7312/7312/381 7313/7313/381 7314/7314/381
f 7315/7315/382 7316/7316/382 7317/7317/382
f 7318/7318/382 7319/7319/382 7320/7320/382
f 7321/7321/383 7322/7322/383 7323/7323/383
f 7324/7324/383 7325/7325/383 7326/7326/383
f 7327/7327/384 7328/7328/384 7329/7329/384
f 7330/7330/384 7331/7331/384 7332/7332/384
f 7333/7333/385 7334/7334/385 7335/7335/385
f 7336/7336/385 7337/7337/385 7338/7338/385
f 7339/7339/386 7340/7340/386 7341/7341/386
f 7342/7342/386 7343/7343/386 7344/7344/386
f 7345/7345/387 7346/7346/387 7347/7347/387
f 7348/7348/387 7349/7349/387 7350/7350/387
f 7351/7351/388 7352/7352/388 7353/7353/388
f 7354/7354/388 7355/7355/388 7356/7356/388
f 7357/7357/389 7358/7358/389 7359/7359/389
f 7360/7360/389 7361/7361/389 7362/7362/389
f 7363/7363/352 7364/7364/352 7365/7365/352
f 7366/7366/352 7367/7367/352 7368/7368/352
f 7369/7369/352 7370/7370/352 7371/7371/352
f 7372/7372/352 7373/7373/352 7374/7374/352
f 7375/7375/352 7376/7376/352 7377/7377/352
f 7378/7378/352 7379/7379/352 7380/7380/352
f 7381/7381/353 7382/7382/353 7383/7383/353
f 7384/7384/353 7385/7385/353 7386/7386/353
f 7387/7387/353 7388/7388/353 7389/7389/353
f 7390/7390/353 7391/7391/353 7392/7392/353
f 7393/7393/353 7394/7394/353 7395/7395/353
f 7396/7396/353 7397/7397/353 7398/7398/353
f 7399/7399/354 7400/7400/354 7401/7401/354
f 7402/7402/354 7403/7403/354 7404/7404/354
f 7405/7405/355 7406/7406/355 7407/7407/355
f 7408/7408/355 7409/7409/355 7410/7410/355
f 7411/7411/356 7412/7412/356 7413/7413/356
f 7414/7414/356 7415/7415/356 7416/7416/356
f 7417/7417/357 7418/7418/357 7419/7419/357
f 7420/7420/357 7421/7421/357 7422/7422/357
f 7423/7423/358 7424/7424/358 7425/7425/358
f 7426/7426/358 7427/7427/358 7428/7428/358
f 7429/7429/359 7430/7430/359 7431/7431/359
f 7432/7432/359 7433/7433/359 7434/7434/359
f 7435/7435/360 7436/7436/360 7437/7437/360
f 7438/7438/360 7439/7439/360 7440/7440/360
f 7441/7441/361 7442/7442/361 7443/7443/361
f 7444/7444/361 7445/7445/361 7446/7446/361
f 7447/7447/362 7448/7448/362 7449/7449/362
f 7450/7450/362 7451/7451/362 7452/7452/362
f 7453/7453/363 7454/7454/363 7455/7455/363
f 7456/7456/363 7457/7457/363 7458/7458/363
f 7459/7459/364 7460/7460/364 7461/7461/364
f 7462/7462/364 7463/7463/364 7464/7464/364
f 7465/7465/365 7466/7466/365 7467/7467/365
f 7468/7468/365 7469/7469/365 7470/7470/365
f 7471/7471/366 7472/7472/366 7473/7473/366
f 7474/7474/366 7475/7475/366 7476/7476/366
f 7477/7477/367 7478/7478/367 7479/7479/367
f 7480/7480/367 7481/7481/367 7482/7482/367
f 7483/7483/368 7484/7484/368 7485/7485/368
f 7486/7486/368 7487/7487/368 7488/7488/368
f 7489/7489/369 7490/7490/369 7491/7491/369
f 7492/7492/369 7493/7493/369 7494/7494/369
f 7495/7495/370 7496/7496/370 7497/7497/370
f 7498/7498/370 7499/7499/370 7500/7500/370
f 7501/7501/371 7502/7502/371 7503/7503/371
f 7504/7504/371 7505/7505/371 7506/7506/371
f 7507/7507/354 7508/7508/354 7509/7509/354
f 7510/7510/354 7511/7511/354 7512/7512/354
f 7513/7513/355 7514/7514/355 7515/7515/355
f 7516/7516/355 7517/7517/355 7518/7518/355
f 7519/7519/356 7520/7520/356 7521/7521/356
f 7522/7522/356 7523/7523/356 7524/7524/356
f 7525/7525/357 7526/7526/357 7527/7527/357
f 7528/7528/357 7529/7529/357 7530/7530/357
f 7531/7531/358 7532/7532/358 7533/7533/358
f 7534/7534/358 7535/7535/358 7536/7536/358
f 7537/7537/359 7538/7538/359 7539/7539/359
f 7540/7540/359 7541/7541/359 7542/7542/359
f 7543/7543/360 7544/7544/360 7545/7545/360
f 7546/7546/360 7547/7547/360 7548/7548/360
f 7549/7549/361 7550/7550/361 7551/7551/361
f 7552/7552/361 7553/7553/361 7554/7554/361
f 7555/7555/362 7556/7556/362 7557/7557/362
f 7558/7558/362 7559/7559/362 7560/7560/362
f 7561/7561/363 7562/7562/363 7563/7563/363
f 7564/7564/363 7565/7565/363 7566/7566/363
f 7567/7567/364 7568/7568/364 7569/7569/364
f 7570/7570/364 7571/7571/364 7572/7572/364
f 7573/7573/365 7574/7574/365 7575/7575/365
f 7576/7576/365 7577/7577/365 7578/7578/365
f 7579/7579/366 7580/7580/366 7581/7581/366
f 7582/7582/366 7583/7583/366 7584/7584/366
f 7585/7585/367 7586/7586/367 7587/7587/367
f 7588/7588/367 7589/7589/367 7590/7590/367
f 7591/7591/368 7592/7592/368 7593/7593/368
f 7594/7594/368 7595/7595/368 7596/7596/368
f 7597/7597/369 7598/7598/369 7599/7599/369
f 7600/7600/369 7601/7601/369 7602/7602/369
f 7603/7603/370 7604/7604/370 7605/7605/370
f 7606/7606/370 7607/7607/370 7608/7608/370
f 7609/7609/371 7610/7610/371 7611/7611/371
f 7612/7612/371 7613/7613/371 7614/7614/371
f 7615/7615/354 7616/7616/354 7617/7617/354
f 7618/7618/354 7619/7619/354 7620/7620/354
f 7621/7621/390 7622/7622/390 7623/7623/390
f 7624/7624/355 7625/7625/355 7626/7626/355
f 7627/7627/356 7628/7628/356 7629/7629/356
f 7630/7630/356 7631/7631/356 7632/7632/356
f 7633/7633/357 7634/7634/357 7635/7635/357
f 7636/7636/357 7637/7637/357 7638/7638/357
f 7639/7639/358 7640/7640/358 7641/7641/358
f 7642/7642/358 7643/7643/358 7644/7644/358
f 7645/7645/359 7646/7646/359 7647/7647/359
f 7648/7648/359 7649/7649/359 7650/7650/359
f 7651/7651/360 7652/7652/360 7653/7653/360
f 7654/7654/360 7655/7655/360 7656/7656/360
f 7657/7657/361 7658/7658/361 7659/7659/361
f 7660/7660/361 7661/7661/361 7662/7662/361
f 7663/7663/362 7664/7664/362 7665/7665/362
f 7666/7666/362 7667/7667/362 7668/7668/362
f 7669/7669/363 7670/7670/363 7671/7671/363
f 7672/7672/363 7673/7673/363 7674/7674/363
f 7675/7675/364 7676/7676/364 7677/7677/364
f 7678/7678/364 7679/7679/364 7680/7680/364
f 7681/7681/365 7682/7682/365 7683/7683/365
f 7684/7684/365 7685/7685/365 7686/7686/365
f 7687/7687/366 7688/7688/366 7689/7689/366
f 7690/7690/366 7691/7691/366 7692/7692/366
f 7693/7693/367 7694/7694/367 7695/7695/367
f 7696/7696/367 7697/7697/367 7698/7698/367
f 7699/7699/368 7700/7700/368 7701/7701/368
f 7702/7702/368 7703/7703/368 7704/7704/368
f 7705/7705/369 7706/7706/369 7707/7707/369
f 7708/7708/369 7709/7709/369 7710/7710/369
f 7711/7711/370 7712/7712/370 7713/7713/370
f 7714/7714/370 7715/7715/370 7716/7716/370
f 7717/7717/371 7718/7718/371 7719/7719/371
f 7720/7720/371 7721/7721/371 7722/7722/371
f 7723/7723/372 7724/7724/372 7725/7725/372
f 7726/7726/372 7727/7727/372 7728/7728/372
f 7729/7729/373 7730/7730/373 7731/7731/373
f 7732/7732/373 7733/7733/373 7734/7734/373
f 7735/7735/374 7736/7736/374 7737/7737/374
f 7738/7738/374 7739/7739/374 7740/7740/374
f 7741/7741/375 7742/7742/375 7743/7743/375
f 7744/7744/375 7745/7745/375 7746/7746/375
f 7747/7747/376 7748/7748/376 7749/7749/376
f 7750/7750/376 7751/7751/376 7752/7752/376
f 7753/7753/377 7754/7754/377 7755/7755/377
f 7756/7756/377 7757/7757/377 7758/7758/377
f 7759/7759/378 7760/7760/378 7761/7761/378
f 7762/7762/378 7763/7763/378 7764/7764/378
f 7765/7765/379 7766/7766/379 7767/7767/379
f 7768/7768/379 7769/7769/379 7770/7770/379
f 7771/7771/380 7772/7772/380 7773/7773/380
f 7774/7774/380 7775/7775/380 7776/7776/380
f 7777/7777/381 7778/7778/381 7779/7779/381
f 7780/7780/381 7781/7781/381 7782/7782/381
f 7783/7783/382 7784/7784/382 7785/7785/382
f 7786/7786/382 7787/7787/382 7788/7788/382
f 7789/7789/383 7790/7790/383 7791/7791/383
f 7792/7792/383 7793/7793/383 7794/7794/383
f 7795/7795/384 7796/7796/384 7797/7797/384
f 7798/7798/384 7799/7799/384 7800/7800/384
f 7801/7801/385 7802/7802/385 7803/7803/385
f 7804/7804/385 7805/7805/385 7806/7806/385
f 7807/7807/386 7808/7808/386 7809/7809/386
f 7810/7810/387 7811/7811/387 7812/7812/387
f 7813/7813/387 7814/7814/387 7815/7815/387
f 7816/7816/388 7817/7817/388 7818/7818/388
f 7819/7819/388 7820/7820/388 7821/7821/388
f 7822/7822/389 7823/7823/389 7824/7824/389
f 7825/7825/389 7826/7826/389 7827/7827/389
f 7828/7828/372 7829/7829/372 7830/7830/372
f 7831/7831/373 7832/7832/373 7833/7833/373
f 7834/7834/373 7835/7835/373 7836/7836/373
f 7837/7837/374 7838/7838/374 7839/7839/374
f 7840/7840/374 7841/7841/374 7842/7842/374
f 7843/7843/375 7844/7844/375 7845/7845/375
f 7846/7846/375 7847/7847/375 7848/7848/375
f 7849/7849/376 7850/7850/376 7851/7851/376
f 7852/7852/376 7853/7853/376 7854/7854/376
f 7855/7855/378 7856/7856/378 7857/7857/378
f 7858/7858/378 7859/7859/378 7860/7860/378
f 7861/7861/379 7862/7862/379 7863/7863/379
f 7864/7864/379 7865/7865/379 7866/7866/379
f 7867/7867/380 7868/7868/380 7869/7869/380
f 7870/7870/380 7871/7871/380 7872/7872/380
f 7873/7873/381 7874/7874/381 7875/7875/381
f 7876/7876/381 7877/7877/381 7878/7878/381
f 7879/7879/382 7880/7880/382 7881/7881/382
f 7882/7882/383 7883/7883/383 7884/7884/383
f 7885/7885/383 7886/7886/383 7887/7887/383
f 7888/7888/384 7889/7889/384 7890/7890/384
f 7891/7891/384 7892/7892/384 7893/7893/384
f 7894/7894/385 7895/7895/385 7896/7896/385
f 7897/7897/385 7898/7898/385 7899/7899/385
f 7900/7900/386 7901/7901/386 7902/7902/386
f 7903/7903/387 7904/7904/387 7905/7905/387
f 7906/7906/387 7907/7907/387 7908/7908/387
f 7909/7909/388 7910/7910/388 7911/7911/388
f 7912/7912/388 7913/7913/388 7914/7914/388
f 7915/7915/389 7916/7916/389 7917/7917/389
f 7918/7918/389 7919/7919/389 7920/7920/389
f 7921/7921/372 7922/7922/372 7923/7923/372
f 7924/7924/372 7925/7925/372 7926/7926/372
f 7927/7927/373 7928/7928/373 7929/7929/373
f 7930/7930/373 7931/7931/373 7932/7932/373
f 7933/7933/374 7934/7934/374 7935/7935/374
f 7936/7936/374 7937/7937/374 7938/7938/374
f 7939/7939/375 7940/7940/375 7941/7941/375
f 7942/7942/375 7943/7943/375 7944/7944/375
f 7945/7945/376 7946/7946/376 7947/7947/376
f 7948/7948/376 7949/7949/376 7950/7950/376
f 7951/7951/377 7952/7952/377 7953/7953/377
f 7954/7954/378 7955/7955/378 7956/7956/378
f 7957/7957/379 7958/7958/379 7959/7959/379
f 7960/7960/379 7961/7961/379 7962/7962/379
f 7963/7963/380 7964/7964/380 7965/7965/380
f 7966/7966/380 7967/7967/380 7968/7968/380
f 7969/7969/381 7970/7970/381 7971/7971/381
f 7972/7972/381 7973/7973/381 7974/7974/381
f 7975/7975/382 7976/7976/382 7977/7977/382
f 7978/7978/382 7979/7979/382 7980/7980/382
f 7981/7981/383 7982/7982/383 7983/7983/383
f 7984/7984/383 7985/7985/383 7986/7986/383
f 7987/7987/384 7988/7988/384 7989/7989/384
f 7990/7990/384 7991/7991/384 7992/7992/384
f 7993/7993/385 7994/7994/385 7995/7995/385
f 7996/7996/385 7997/7997/385 7998/7998/385
f 7999/7999/386 8000/8000/386 8001/8001/386
f 8002/8002/386 8003/8003/386 8004/8004/386
f 8005/8005/387 8006/8006/387 8007/8007/387
f 8008/8008/387 8009/8009/387 8010/8010/387
f 8011/8011/388 8012/8012/388 8013/8013/388
f 8014/8014/389 8015/8015/389 8016/8016/389
f 8017/8017/389 8018/8018/389 8019/8019/389
f 8020/8020/352 8021/8021/352 8022/8022/352
f 8023/8023/352 8024/8024/352 8025/8025/352
f 8026/8026/353 8027/8027/353 8028/8028/353
f 8029/8029/353 8030/8030/353 8031/8031/353
f 8032/8032/354 8033/8033/354 8034/8034/354
f 8035/8035/354 8036/8036/354 8037/8037/354
f 8038/8038/355 8039/8039/355 8040/8040/355
f 8041/8041/356 8042/8042/356 8043/8043/356
f 8044/8044/356 8045/8045/356 8046/8046/356
f 8047/8047/357 8048/8048/357 8049/8049/357
f 8050/8050/357 8051/8051/357 8052/8052/357
f 8053/8053/358 8054/8054/358 8055/8055/358
f 8056/8056/358 8057/8057/358 8058/8058/358
f 8059/8059/359 8060/8060/359 8061/8061/359
f 8062/8062/359 8063/8063/359 8064/8064/359
f 8065/8065/360 8066/8066/360 8067/8067/360
f 8068/8068/360 8069/8069/360 8070/8070/360
f 8071/8071/361 8072/8072/361 8073/8073/361
f 8074/8074/361 8075/8075/361 8076/8076/361
f 8077/8077/362 8078/8078/362 8079/8079/362
f 8080/8080/362 8081/8081/362 8082/8082/362
f 8083/8083/363 8084/8084/363 8085/8085/363
f 8086/8086/363 8087/8087/363 8088/8088/363
f 8089/8089/364 8090/8090/364 8091/8091/364
f 8092/8092/364 8093/8093/364 8094/8094/364
f 8095/8095/365 8096/8096/365 8097/8097/365
f 8098/8098/365 8099/8099/365 8100/8100/365
f 8101/8101/366 8102/8102/366 8103/8103/366
f 8104/8104/366 8105/8105/366 8106/8106/366
f 8107/8107/367 8108/8108/367 8109/8109/367
f 8110/8110/367 8111/8111/367 8112/8112/367
f 8113/8113/368 8114/8114/368 8115/8115/368
f 8116/8116/368 8117/8117/368 8118/8118/368
f 8119/8119/369 8120/8120/369 8121/8121/369
f 8122/8122/369 8123/8123/369 8124/8124/369
f 8125/8125/370 8126/8126/370 8127/8127/370
f 8128/8128/370 8129/8129/370 8130/8130/370
f 8131/8131/371 8132/8132/371 8133/8133/371
f 8134/8134/371 8135/8135/371 8136/8136/371
f 8137/8137/372 8138/8138/372 8139/8139/372
f 8140/8140/372 8141/8141/372 8142/8142/372
f 8143/8143/373 8144/8144/373 8145/8145/373
f 8146/8146/373 8147/8147/373 8148/8148/373
f 8149/8149/374 8150/8150/374 8151/8151/374
f 8152/8152/374 8153/8153/374 8154/8154/374
f 8155/8155/375 8156/8156/375 8157/8157/375
f 8158/8158/375 8159/8159/375 8160/8160/375
f 8161/8161/376 8162/8162/376 8163/8163/376
f 8164/8164/376 8165/8165/376 8166/8166/376
f 8167/8167/377 8168/8168/377 8169/8169/377
f 8170/8170/377 8171/8171/377 8172/8172/377
f 8173/8173/378 8174/8174/378 8175/8175/378
f 8176/8176/378 8177/8177/378 8178/8178/378
f 8179/8179/379 8180/8180/379 8181/8181/379
f 8182/8182/380 8183/8183/380 8184/8184/380
f 8185/8185/380 8186/8186/380 8187/8187/380
f 8188/8188/381 8189/8189/381 8190/8190/381
f 8191/8191/381 8192/8192/381 8193/8193/381
f 8194/8194/382 8195/8195/382 8196/8196/382
f 8197/8197/383 8198/8198/383 8199/8199/383
f 8200/8200/384 8201/8201/384 8202/8202/384
f 8203/8203/384 8204/8204/384 8205/8205/384
f 8206/8206/385 8207/8207/385 8208/8208/385
f 8209/8209/385 8210/8210/385 8211/8211/385
f 8212/8212/386 8213/8213/386 8214/8214/386
f 8215/8215/386 8216/8216/386 8217/8217/386
f 8218/8218/387 8219/8219/387 8220/8220/387
f 8221/8221/387 8222/8222/387 8223/8223/387
f 8224/8224/388 8225/8225/388 8226/8226/388
f 8227/8227/388 8228/8228/388 8229/8229/388
f 8230/8230/389 8231/8231/389 8232/8232/389
f 8233/8233/389 8234/8234/389 8235/8235/389
s 1
f 8236/8236/377 8237/8237/377 8238/8238/377
f 8239/8239/379 8240/8240/379 8241/8241/379
f 8242/8242/386 8243/8243/386 8244/8244/386
f 8245/8245/372 8246/8246/372 8247/8247/372
f 8248/8248/377 8249/8249/377 8250/8250/377
f 8251/8251/377 8252/8252/377 8253/8253/377
f 8254/8254/382 8255/8255/382 8256/8256/382
f 8257/8257/386 8258/8258/386 8259/8259/386
f 8260/8260/377 8261/8261/377 8262/8262/377
f 8263/8263/378 8264/8264/378 8265/8265/378
f 8266/8266/388 8267/8267/388 8268/8268/388
f 8269/8269/355 8270/8270/355 8271/8271/355
f 8272/8272/379 8273/8273/379 8274/8274/379
f 8275/8275/382 8276/8276/382 8277/8277/382
f 8278/8278/383 8279/8279/383 8280/8280/383
o Mesh_10.001
v 79.085754 -1.523363 -6.453870
v 75.401939 -1.523363 -6.453870
v 75.401939 32.421909 -6.453864
v 75.401939 32.421909 -6.453864
v 79.085754 32.421909 -6.453864
v 79.085754 -1.523363 -6.453870
v 75.401939 32.421906 4.192989
v 75.401939 -1.523365 4.192983
v 79.085754 -1.523365 4.192983
v 79.085754 -1.523365 4.192983
v 79.085754 32.421906 4.192989
v 75.401939 32.421906 4.192989
v 79.085754 -1.523363 -6.453870
v 79.085754 32.421909 -6.453864
v 79.391335 -2.084581 -6.352565
v 79.085754 32.421909 -6.453864
v 79.391335 32.983124 -6.352559
v 79.391335 -2.084581 -6.352565
v 79.391335 -2.084581 -6.352565
v 79.391335 32.983124 -6.352559
v 79.650391 -2.560356 -6.064071
v 79.391335 32.983124 -6.352559
v 79.650391 33.458904 -6.064065
v 79.650391 -2.560356 -6.064071
v 79.650391 -2.560356 -6.064071
v 79.650391 33.458904 -6.064065
v 79.823486 -2.878263 -5.632311
v 79.650391 33.458904 -6.064065
v 79.823486 33.776806 -5.632305
v 79.823486 -2.878263 -5.632311
v 79.823486 -2.878263 -5.632311
v 79.823486 33.776806 -5.632305
v 79.884270 -2.989897 -5.123014
v 79.823486 33.776806 -5.632305
v 79.884270 33.888439 -5.123008
v 79.884270 -2.989897 -5.123014
v 79.884270 -2.989897 -5.123014
v 79.884270 33.888439 -5.123008
v 79.884270 -2.989897 2.862126
v 79.884270 33.888439 -5.123008
v 79.884270 33.888439 2.862132
v 79.884270 -2.989897 2.862126
v 79.884270 -2.989897 2.862126
v 79.884270 33.888439 2.862132
v 79.823486 -2.878263 3.371423
v 79.884270 33.888439 2.862132
v 79.823486 33.776806 3.371429
v 79.823486 -2.878263 3.371423
v 79.823486 33.776806 3.371429
v 79.650391 33.458900 3.803189
v 79.650391 -2.560358 3.803183
v 79.650391 -2.560358 3.803183
v 79.650391 33.458900 3.803189
v 79.391335 -2.084583 4.091677
v 79.650391 33.458900 3.803189
v 79.391335 32.983124 4.091683
v 79.391335 -2.084583 4.091677
v 79.391335 -2.084583 4.091677
v 79.391335 32.983124 4.091683
v 79.085754 -1.523365 4.192983
v 79.391335 32.983124 4.091683
v 79.085754 32.421906 4.192989
v 79.085754 -1.523365 4.192983
v 79.085754 32.421909 -6.453864
v 75.401939 32.421909 -6.453864
v 79.391335 32.983124 -6.352559
v 75.401939 32.421909 -6.453864
v 75.096367 32.983124 -6.352559
v 79.391335 32.983124 -6.352559
v 79.391335 32.983124 -6.352559
v 75.096367 32.983124 -6.352559
v 79.650391 33.458904 -6.064065
v 75.096367 32.983124 -6.352559
v 74.837311 33.458904 -6.064065
v 79.650391 33.458904 -6.064065
v 79.650391 33.458904 -6.064065
v 74.837311 33.458904 -6.064065
v 79.823486 33.776806 -5.632305
v 74.837311 33.458904 -6.064065
v 74.664215 33.776806 -5.632305
v 79.823486 33.776806 -5.632305
v 79.823486 33.776806 -5.632305
v 74.664215 33.776806 -5.632305
v 79.884270 33.888439 -5.123008
v 74.664215 33.776806 -5.632305
v 74.603432 33.888439 -5.123008
v 79.884270 33.888439 -5.123008
v 79.884270 33.888439 -5.123008
v 74.603432 33.888439 -5.123008
v 79.884270 33.888439 2.862132
v 74.603432 33.888439 -5.123008
v 74.603432 33.888439 2.862132
v 79.884270 33.888439 2.862132
v 79.884270 33.888439 2.862132
v 74.603432 33.888439 2.862132
v 79.823486 33.776806 3.371429
v 74.603432 33.888439 2.862132
v 74.664215 33.776806 3.371429
v 79.823486 33.776806 3.371429
v 79.823486 33.776806 3.371429
v 74.664215 33.776806 3.371429
v 79.650391 33.458900 3.803189
v 74.664215 33.776806 3.371429
v 74.837311 33.458900 3.803189
v 79.650391 33.458900 3.803189
v 79.650391 33.458900 3.803189
v 74.837311 33.458900 3.803189
v 79.391335 32.983124 4.091683
v 74.837311 33.458900 3.803189
v 75.096367 32.983124 4.091683
v 79.391335 32.983124 4.091683
v 79.391335 32.983124 4.091683
v 75.096367 32.983124 4.091683
v 79.085754 32.421906 4.192989
v 75.096367 32.983124 4.091683
v 75.401939 32.421906 4.192989
v 79.085754 32.421906 4.192989
v 75.401939 32.421909 -6.453864
v 75.401939 -1.523363 -6.453870
v 75.096367 32.983124 -6.352559
v 75.401939 -1.523363 -6.453870
v 75.096367 -2.084581 -6.352565
v 75.096367 32.983124 -6.352559
v 75.096367 32.983124 -6.352559
v 75.096367 -2.084581 -6.352565
v 74.837311 33.458904 -6.064065
v 75.096367 -2.084581 -6.352565
v 74.837311 -2.560356 -6.064071
v 74.837311 33.458904 -6.064065
v 74.837311 33.458904 -6.064065
v 74.837311 -2.560356 -6.064071
v 74.664215 33.776806 -5.632305
v 74.837311 -2.560356 -6.064071
v 74.664215 -2.878263 -5.632311
v 74.664215 33.776806 -5.632305
v 74.664215 33.776806 -5.632305
v 74.664215 -2.878263 -5.632311
v 74.603432 33.888439 -5.123008
v 74.603432 33.888439 -5.123008
v 74.603432 -2.989897 -5.123014
v 74.603432 33.888439 2.862132
v 74.603432 -2.989897 -5.123014
v 74.603432 -2.989897 2.862126
v 74.603432 33.888439 2.862132
v 74.603432 -2.989897 2.862126
v 74.664215 -2.878263 3.371423
v 74.664215 33.776806 3.371429
v 74.664215 33.776806 3.371429
v 74.664215 -2.878263 3.371423
v 74.837311 33.458900 3.803189
v 74.664215 -2.878263 3.371423
v 74.837311 -2.560358 3.803183
v 74.837311 33.458900 3.803189
v 74.837311 33.458900 3.803189
v 74.837311 -2.560358 3.803183
v 75.096367 32.983124 4.091683
v 74.837311 -2.560358 3.803183
v 75.096367 -2.084583 4.091677
v 75.096367 32.983124 4.091683
v 75.096367 32.983124 4.091683
v 75.096367 -2.084583 4.091677
v 75.401939 32.421906 4.192989
v 75.096367 -2.084583 4.091677
v 75.401939 -1.523365 4.192983
v 75.401939 32.421906 4.192989
v 75.401939 -1.523363 -6.453870
v 79.085754 -1.523363 -6.453870
v 75.096367 -2.084581 -6.352565
v 79.085754 -1.523363 -6.453870
v 79.391335 -2.084581 -6.352565
v 75.096367 -2.084581 -6.352565
v 75.096367 -2.084581 -6.352565
v 79.391335 -2.084581 -6.352565
v 74.837311 -2.560356 -6.064071
v 74.837311 -2.560356 -6.064071
v 79.650391 -2.560356 -6.064071
v 74.664215 -2.878263 -5.632311
v 79.650391 -2.560356 -6.064071
v 79.823486 -2.878263 -5.632311
v 74.664215 -2.878263 -5.632311
v 74.664215 -2.878263 -5.632311
v 79.823486 -2.878263 -5.632311
v 74.603432 -2.989897 -5.123014
v 79.823486 -2.878263 -5.632311
v 79.884270 -2.989897 -5.123014
v 74.603432 -2.989897 -5.123014
v 74.603432 -2.989897 -5.123014
v 79.884270 -2.989897 -5.123014
v 74.603432 -2.989897 2.862126
v 79.884270 -2.989897 -5.123014
v 79.884270 -2.989897 2.862126
v 74.603432 -2.989897 2.862126
v 74.603432 -2.989897 2.862126
v 79.884270 -2.989897 2.862126
v 74.664215 -2.878263 3.371423
v 79.884270 -2.989897 2.862126
v 79.823486 -2.878263 3.371423
v 74.664215 -2.878263 3.371423
v 74.664215 -2.878263 3.371423
v 79.823486 -2.878263 3.371423
v 74.837311 -2.560358 3.803183
v 79.823486 -2.878263 3.371423
v 79.650391 -2.560358 3.803183
v 74.837311 -2.560358 3.803183
v 74.837311 -2.560358 3.803183
v 79.650391 -2.560358 3.803183
v 75.096367 -2.084583 4.091677
v 79.650391 -2.560358 3.803183
v 79.391335 -2.084583 4.091677
v 75.096367 -2.084583 4.091677
v 75.096367 -2.084583 4.091677
v 79.391335 -2.084583 4.091677
v 75.401939 -1.523365 4.192983
v 79.391335 -2.084583 4.091677
v 79.085754 -1.523365 4.192983
v 75.401939 -1.523365 4.192983
v 79.823486 -2.878263 3.371423
v 79.823486 33.776806 3.371429
v 79.650391 -2.560358 3.803183
v 74.664215 -2.878263 -5.632311
v 74.603432 -2.989897 -5.123014
v 74.603432 33.888439 -5.123008
v 74.603432 33.888439 2.862132
v 74.603432 -2.989897 2.862126
v 74.664215 33.776806 3.371429
v 79.391335 -2.084581 -6.352565
v 79.650391 -2.560356 -6.064071
v 74.837311 -2.560356 -6.064071
vt 2.776000 1.000000
vt 1.392000 1.000000
vt 1.392000 -5.944000
vt 1.392000 -5.944000
vt 2.776000 -5.944000
vt 2.776000 1.000000
vt 1.392000 -5.944000
vt 1.392000 1.000000
vt 2.776000 1.000000
vt 2.776000 1.000000
vt 2.776000 -5.944000
vt 1.392000 -5.944000
vt 0.000000 -0.500000
vt 6.944000 -0.500000
vt -0.114805 -0.461940
vt 6.944000 -0.500000
vt 7.058805 -0.461940
vt -0.114805 -0.461940
vt -0.114805 -0.461940
vt 7.058805 -0.461940
vt -0.212132 -0.353553
vt 7.058805 -0.461940
vt 7.156132 -0.353553
vt -0.212132 -0.353553
vt -0.212132 -0.353553
vt 7.156132 -0.353553
vt -0.277164 -0.191342
vt 7.156132 -0.353553
vt 7.221164 -0.191342
vt -0.277164 -0.191342
vt -0.277164 -0.191342
vt 7.221164 -0.191342
vt -0.300000 0.000000
vt 7.221164 -0.191342
vt 7.244000 0.000000
vt -0.300000 0.000000
vt -0.300000 0.000000
vt 7.244000 0.000000
vt -0.300000 3.000000
vt 7.244000 0.000000
vt 7.244000 3.000000
vt -0.300000 3.000000
vt -0.300000 3.000000
vt 7.244000 3.000000
vt -0.277164 3.191342
vt 7.244000 3.000000
vt 7.221164 3.191342
vt -0.277164 3.191342
vt 7.221164 3.191342
vt 7.156132 3.353553
vt -0.212132 3.353553
vt -0.212132 3.353553
vt 7.156132 3.353553
vt -0.114805 3.461940
vt 7.156132 3.353553
vt 7.058805 3.461940
vt -0.114805 3.461940
vt -0.114805 3.461940
vt 7.058805 3.461940
vt 0.000000 3.500000
vt 7.058805 3.461940
vt 6.944000 3.500000
vt 0.000000 3.500000
vt 2.776000 -0.500000
vt 1.392000 -0.500000
vt 2.890805 -0.461940
vt 1.392000 -0.500000
vt 1.277195 -0.461940
vt 2.890805 -0.461940
vt 2.890805 -0.461940
vt 1.277195 -0.461940
vt 2.988132 -0.353553
vt 1.277195 -0.461940
vt 1.179868 -0.353553
vt 2.988132 -0.353553
vt 2.988132 -0.353553
vt 1.179868 -0.353553
vt 3.053164 -0.191342
vt 1.179868 -0.353553
vt 1.114836 -0.191342
vt 3.053164 -0.191342
vt 3.053164 -0.191342
vt 1.114836 -0.191342
vt 3.076000 0.000000
vt 1.114836 -0.191342
vt 1.092000 0.000000
vt 3.076000 0.000000
vt 3.076000 0.000000
vt 1.092000 0.000000
vt 3.076000 3.000000
vt 1.092000 0.000000
vt 1.092000 3.000000
vt 3.076000 3.000000
vt 3.076000 3.000000
vt 1.092000 3.000000
vt 3.053164 3.191342
vt 1.092000 3.000000
vt 1.114836 3.191342
vt 3.053164 3.191342
vt 3.053164 3.191342
vt 1.114836 3.191342
vt 2.988132 3.353553
vt 1.114836 3.191342
vt 1.179868 3.353553
vt 2.988132 3.353553
vt 2.988132 3.353553
vt 1.179868 3.353553
vt 2.890805 3.461940
vt 1.179868 3.353553
vt 1.277195 3.461940
vt 2.890805 3.461940
vt 2.890805 3.461940
vt 1.277195 3.461940
vt 2.776000 3.500000
vt 1.277195 3.461940
vt 1.392000 3.500000
vt 2.776000 3.500000
vt 6.944000 -0.500000
vt 0.000000 -0.500000
vt 7.058805 -0.461940
vt 0.000000 -0.500000
vt -0.114805 -0.461940
vt 7.058805 -0.461940
vt 7.058805 -0.461940
vt -0.114805 -0.461940
vt 7.156132 -0.353553
vt -0.114805 -0.461940
vt -0.212132 -0.353553
vt 7.156132 -0.353553
vt 7.156132 -0.353553
vt -0.212132 -0.353553
vt 7.221164 -0.191342
vt -0.212132 -0.353553
vt -0.277164 -0.191342
vt 7.221164 -0.191342
vt 7.221164 -0.191342
vt -0.277164 -0.191342
vt 7.244000 0.000000
vt 7.244000 0.000000
vt -0.300000 0.000000
vt 7.244000 3.000000
vt -0.300000 0.000000
vt -0.300000 3.000000
vt 7.244000 3.000000
vt -0.300000 3.000000
vt -0.277164 3.191342
vt 7.221164 3.191342
vt 7.221164 3.191342
vt -0.277164 3.191342
vt 7.156132 3.353553
vt -0.277164 3.191342
vt -0.212132 3.353553
vt 7.156132 3.353553
vt 7.156132 3.353553
vt -0.212132 3.353553
vt 7.058805 3.461940
vt -0.212132 3.353553
vt -0.114805 3.461940
vt 7.058805 3.461940
vt 7.058805 3.461940
vt -0.114805 3.461940
vt 6.944000 3.500000
vt -0.114805 3.461940
vt 0.000000 3.500000
vt 6.944000 3.500000
vt 1.392000 -0.500000
vt 2.776000 -0.500000
vt 1.277195 -0.461940
vt 2.776000 -0.500000
vt 2.890805 -0.461940
vt 1.277195 -0.461940
vt 1.277195 -0.461940
vt 2.890805 -0.461940
vt 1.179868 -0.353553
vt 1.179868 -0.353553
vt 2.988132 -0.353553
vt 1.114836 -0.191342
vt 2.988132 -0.353553
vt 3.053164 -0.191342
vt 1.114836 -0.191342
vt 1.114836 -0.191342
vt 3.053164 -0.191342
vt 1.092000 0.000000
vt 3.053164 -0.191342
vt 3.076000 0.000000
vt 1.092000 0.000000
vt 1.092000 0.000000
vt 3.076000 0.000000
vt 1.092000 3.000000
vt 3.076000 0.000000
vt 3.076000 3.000000
vt 1.092000 3.000000
vt 1.092000 3.000000
vt 3.076000 3.000000
vt 1.114836 3.191342
vt 3.076000 3.000000
vt 3.053164 3.191342
vt 1.114836 3.191342
vt 1.114836 3.191342
vt 3.053164 3.191342
vt 1.179868 3.353553
vt 3.053164 3.191342
vt 2.988132 3.353553
vt 1.179868 3.353553
vt 1.179868 3.353553
vt 2.988132 3.353553
vt 1.277195 3.461940
vt 2.988132 3.353553
vt 2.890805 3.461940
vt 1.277195 3.461940
vt 1.277195 3.461940
vt 2.890805 3.461940
vt 1.392000 3.500000
vt 2.890805 3.461940
vt 2.776000 3.500000
vt 1.392000 3.500000
vt -0.277164 3.191342
vt 7.221164 3.191342
vt -0.212132 3.353553
vt -0.277164 -0.191342
vt -0.300000 0.000000
vt 7.244000 0.000000
vt 7.244000 3.000000
vt -0.300000 3.000000
vt 7.221164 3.191342
vt 2.890805 -0.461940
vt 2.988132 -0.353553
vt 1.179868 -0.353553
vn 0.0000 0.0000 -1.0000
vn 0.0000 -0.0000 1.0000
vn 0.3147 0.0000 -0.9492
vn 0.7440 0.0000 -0.6681
vn 0.9282 0.0000 -0.3721
vn 0.9930 0.0000 -0.1185
vn 1.0000 0.0000 0.0000
vn 0.9930 0.0000 0.1185
vn 0.9282 -0.0000 0.3721
vn 0.7440 0.0000 0.6681
vn 0.3147 -0.0000 0.9492
vn 0.0000 0.1776 -0.9841
vn 0.0000 0.5185 -0.8551
vn 0.0000 0.8053 -0.5929
vn 0.0000 0.9768 -0.2141
vn 0.0000 1.0000 0.0000
vn 0.0000 0.9768 0.2141
vn 0.0000 0.8053 0.5929
vn 0.0000 0.5185 0.8551
vn 0.0000 0.1776 0.9841
vn -0.3147 0.0000 -0.9492
vn -0.7440 0.0000 -0.6681
vn -0.9282 0.0000 -0.3721
vn -0.9930 0.0000 -0.1185
vn -1.0000 0.0000 0.0000
vn -0.9930 -0.0000 0.1185
vn -0.9282 0.0000 0.3721
vn -0.7440 0.0000 0.6681
vn -0.3147 -0.0000 0.9492
vn 0.0000 -0.1776 -0.9841
vn 0.0000 -0.5185 -0.8551
vn 0.0000 -0.8053 -0.5929
vn 0.0000 -0.9768 -0.2141
vn 0.0000 -1.0000 0.0000
vn 0.0000 -0.9768 0.2141
vn 0.0000 -0.8053 0.5929
vn 0.0000 -0.5185 0.8551
vn 0.0000 -0.1776 0.9841
usemtl Material_2.001
s off
f 8281/8281/391 8282/8282/391 8283/8283/391
f 8284/8284/391 8285/8285/391 8286/8286/391
f 8287/8287/392 8288/8288/392 8289/8289/392
f 8290/8290/392 8291/8291/392 8292/8292/392
f 8293/8293/393 8294/8294/393 8295/8295/393
f 8296/8296/393 8297/8297/393 8298/8298/393
f 8299/8299/394 8300/8300/394 8301/8301/394
f 8302/8302/394 8303/8303/394 8304/8304/394
f 8305/8305/395 8306/8306/395 8307/8307/395
f 8308/8308/395 8309/8309/395 8310/8310/395
f 8311/8311/396 8312/8312/396 8313/8313/396
f 8314/8314/396 8315/8315/396 8316/8316/396
f 8317/8317/397 8318/8318/397 8319/8319/397
f 8320/8320/397 8321/8321/397 8322/8322/397
f 8323/8323/398 8324/8324/398 8325/8325/398
f 8326/8326/398 8327/8327/398 8328/8328/398
f 8329/8329/399 8330/8330/399 8331/8331/399
f 8332/8332/400 8333/8333/400 8334/8334/400
f 8335/8335/400 8336/8336/400 8337/8337/400
f 8338/8338/401 8339/8339/401 8340/8340/401
f 8341/8341/401 8342/8342/401 8343/8343/401
f 8344/8344/402 8345/8345/402 8346/8346/402
f 8347/8347/402 8348/8348/402 8349/8349/402
f 8350/8350/403 8351/8351/403 8352/8352/403
f 8353/8353/403 8354/8354/403 8355/8355/403
f 8356/8356/404 8357/8357/404 8358/8358/404
f 8359/8359/404 8360/8360/404 8361/8361/404
f 8362/8362/405 8363/8363/405 8364/8364/405
f 8365/8365/405 8366/8366/405 8367/8367/405
f 8368/8368/406 8369/8369/406 8370/8370/406
f 8371/8371/406 8372/8372/406 8373/8373/406
f 8374/8374/407 8375/8375/407 8376/8376/407
f 8377/8377/407 8378/8378/407 8379/8379/407
f 8380/8380/408 8381/8381/408 8382/8382/408
f 8383/8383/408 8384/8384/408 8385/8385/408
f 8386/8386/409 8387/8387/409 8388/8388/409
f 8389/8389/409 8390/8390/409 8391/8391/409
f 8392/8392/410 8393/8393/410 8394/8394/410
f 8395/8395/410 8396/8396/410 8397/8397/410
f 8398/8398/411 8399/8399/411 8400/8400/411
f 8401/8401/411 8402/8402/411 8403/8403/411
f 8404/8404/412 8405/8405/412 8406/8406/412
f 8407/8407/412 8408/8408/412 8409/8409/412
f 8410/8410/413 8411/8411/413 8412/8412/413
f 8413/8413/413 8414/8414/413 8415/8415/413
f 8416/8416/414 8417/8417/414 8418/8418/414
f 8419/8419/415 8420/8420/415 8421/8421/415
f 8422/8422/415 8423/8423/415 8424/8424/415
f 8425/8425/416 8426/8426/416 8427/8427/416
f 8428/8428/417 8429/8429/417 8430/8430/417
f 8431/8431/417 8432/8432/417 8433/8433/417
f 8434/8434/418 8435/8435/418 8436/8436/418
f 8437/8437/418 8438/8438/418 8439/8439/418
f 8440/8440/419 8441/8441/419 8442/8442/419
f 8443/8443/419 8444/8444/419 8445/8445/419
f 8446/8446/420 8447/8447/420 8448/8448/420
f 8449/8449/420 8450/8450/420 8451/8451/420
f 8452/8452/421 8453/8453/421 8454/8454/421
f 8455/8455/422 8456/8456/422 8457/8457/422
f 8458/8458/422 8459/8459/422 8460/8460/422
f 8461/8461/423 8462/8462/423 8463/8463/423
f 8464/8464/423 8465/8465/423 8466/8466/423
f 8467/8467/424 8468/8468/424 8469/8469/424
f 8470/8470/424 8471/8471/424 8472/8472/424
f 8473/8473/425 8474/8474/425 8475/8475/425
f 8476/8476/425 8477/8477/425 8478/8478/425
f 8479/8479/426 8480/8480/426 8481/8481/426
f 8482/8482/426 8483/8483/426 8484/8484/426
f 8485/8485/427 8486/8486/427 8487/8487/427
f 8488/8488/427 8489/8489/427 8490/8490/427
f 8491/8491/428 8492/8492/428 8493/8493/428
f 8494/8494/428 8495/8495/428 8496/8496/428
s 1
f 8497/8497/399 8498/8498/399 8499/8499/399
f 8500/8500/414 8501/8501/414 8502/8502/414
f 8503/8503/416 8504/8504/416 8505/8505/416
f 8506/8506/421 8507/8507/421 8508/8508/421
o Mesh_11.001
v 87.028572 25.382568 -6.453866
v 87.028572 5.555084 -6.453868
v 83.344757 5.281333 -6.453868
v 83.344757 5.281333 -6.453868
v 87.028572 5.555084 -6.453868
v 94.417488 5.555084 -6.453868
v 94.417488 -1.523363 -6.453870
v 87.028572 -1.523363 -6.453870
v 87.028572 5.281333 -6.453868
v 98.122589 25.617210 -6.453866
v 98.122589 5.281333 -6.453868
v 94.417488 5.281333 -6.453868
v 87.028572 32.421909 -6.453864
v 94.417488 32.421909 -6.453864
v 94.417488 25.617210 -6.453866
v 83.344757 5.281333 -6.453868
v 83.344757 25.617210 -6.453866
v 87.028572 25.617210 -6.453866
v 87.028572 5.281333 -6.453868
v 83.344757 5.281333 -6.453868
v 94.417488 5.555084 -6.453868
v 94.417488 5.281333 -6.453868
v 94.417488 -1.523363 -6.453870
v 87.028572 5.281333 -6.453868
v 87.028572 25.617210 -6.453866
v 87.028572 32.421909 -6.453864
v 94.417488 25.617210 -6.453866
v 87.028572 25.382568 -6.453866
v 83.344757 5.281333 -6.453868
v 87.028572 25.617210 -6.453866
v 94.417488 5.281333 -6.453868
v 87.028572 5.281333 -6.453868
v 94.417488 5.555084 -6.453868
v 87.028572 25.382568 -6.453866
v 87.028572 25.617210 -6.453866
v 94.417488 25.617210 -6.453866
v 98.122589 25.617210 -6.453866
v 94.417488 5.281333 -6.453868
v 94.417488 5.555084 -6.453868
v 87.028572 25.382568 -6.453866
v 94.417488 25.617210 -6.453866
v 98.122589 25.617210 -6.453866
v 98.122589 25.617210 -6.453866
v 94.417488 5.555084 -6.453868
v 94.417488 25.382568 -6.453866
v 94.417488 25.382568 -6.453866
v 87.028572 25.382568 -6.453866
v 98.122589 25.617210 -6.453866
v 83.344757 5.281331 4.192985
v 87.028572 5.555082 4.192985
v 87.028572 25.382565 4.192987
v 94.417488 5.555082 4.192985
v 87.028572 5.555082 4.192985
v 83.344757 5.281331 4.192985
v 87.028572 5.281331 4.192985
v 87.028572 -1.523365 4.192983
v 94.417488 -1.523365 4.192983
v 94.417488 5.281331 4.192985
v 98.122589 5.281331 4.192985
v 98.122589 25.617210 4.192987
v 94.417488 25.617210 4.192987
v 94.417488 32.421906 4.192989
v 87.028572 32.421906 4.192989
v 87.028572 25.617210 4.192987
v 83.344757 25.617210 4.192987
v 83.344757 5.281331 4.192985
v 94.417488 5.555082 4.192985
v 83.344757 5.281331 4.192985
v 87.028572 5.281331 4.192985
v 87.028572 5.281331 4.192985
v 94.417488 -1.523365 4.192983
v 94.417488 5.281331 4.192985
v 94.417488 25.617210 4.192987
v 87.028572 32.421906 4.192989
v 87.028572 25.617210 4.192987
v 87.028572 25.617210 4.192987
v 83.344757 5.281331 4.192985
v 87.028572 25.382565 4.192987
v 94.417488 5.555082 4.192985
v 87.028572 5.281331 4.192985
v 94.417488 5.281331 4.192985
v 94.417488 25.617210 4.192987
v 87.028572 25.617210 4.192987
v 87.028572 25.382565 4.192987
v 94.417488 5.555082 4.192985
v 94.417488 5.281331 4.192985
v 98.122589 25.617210 4.192987
v 98.122589 25.617210 4.192987
v 94.417488 25.617210 4.192987
v 87.028572 25.382565 4.192987
v 94.417488 25.382565 4.192987
v 94.417488 5.555082 4.192985
v 98.122589 25.617210 4.192987
v 98.122589 25.617210 4.192987
v 87.028572 25.382565 4.192987
v 94.417488 25.382565 4.192987
v 94.417488 -1.523363 -6.453870
v 94.417488 5.281333 -6.453868
v 94.723068 -2.084581 -6.352565
v 94.417488 5.281333 -6.453868
v 94.723068 4.720118 -6.352564
v 94.723068 -2.084581 -6.352565
v 94.723068 -2.084581 -6.352565
v 94.723068 4.720118 -6.352564
v 94.982124 -2.560356 -6.064071
v 94.723068 4.720118 -6.352564
v 94.982124 4.244340 -6.064070
v 94.982124 -2.560356 -6.064071
v 94.982124 -2.560356 -6.064071
v 94.982124 4.244340 -6.064070
v 95.155220 -2.878263 -5.632311
v 94.982124 4.244340 -6.064070
v 95.155220 3.926436 -5.632310
v 95.155220 -2.878263 -5.632311
v 95.155220 -2.878263 -5.632311
v 95.155220 3.926436 -5.632310
v 95.216003 -2.989897 -5.123014
v 95.155220 3.926436 -5.632310
v 95.216003 3.814802 -5.123013
v 95.216003 -2.989897 -5.123014
v 95.216003 -2.989897 -5.123014
v 95.216003 3.814802 -5.123013
v 95.216003 -2.989897 2.862126
v 95.216003 3.814802 -5.123013
v 95.216003 3.814801 2.862127
v 95.216003 -2.989897 2.862126
v 95.216003 -2.989897 2.862126
v 95.216003 3.814801 2.862127
v 95.155220 -2.878263 3.371423
v 95.216003 3.814801 2.862127
v 95.155220 3.926435 3.371424
v 95.155220 -2.878263 3.371423
v 95.155220 -2.878263 3.371423
v 95.155220 3.926435 3.371424
v 94.982124 -2.560358 3.803183
v 95.155220 3.926435 3.371424
v 94.982124 4.244338 3.803184
v 94.982124 -2.560358 3.803183
v 94.982124 -2.560358 3.803183
v 94.982124 4.244338 3.803184
v 94.723068 -2.084583 4.091677
v 94.982124 4.244338 3.803184
v 94.723068 4.720116 4.091678
v 94.723068 -2.084583 4.091677
v 94.723068 -2.084583 4.091677
v 94.723068 4.720116 4.091678
v 94.417488 -1.523365 4.192983
v 94.723068 4.720116 4.091678
v 94.417488 5.281331 4.192985
v 94.417488 -1.523365 4.192983
v 94.417488 5.281333 -6.453868
v 98.122589 5.281333 -6.453868
v 94.723068 4.720118 -6.352564
v 98.122589 5.281333 -6.453868
v 98.428169 4.720118 -6.352564
v 94.723068 4.720118 -6.352564
v 94.723068 4.720118 -6.352564
v 98.428169 4.720118 -6.352564
v 94.982124 4.244340 -6.064070
v 98.428169 4.720118 -6.352564
v 98.687225 4.244340 -6.064070
v 94.982124 4.244340 -6.064070
v 94.982124 4.244340 -6.064070
v 98.687225 4.244340 -6.064070
v 95.155220 3.926436 -5.632310
v 98.687225 4.244340 -6.064070
v 98.860321 3.926436 -5.632310
v 95.155220 3.926436 -5.632310
v 95.155220 3.926436 -5.632310
v 98.860321 3.926436 -5.632310
v 95.216003 3.814802 -5.123013
v 98.860321 3.926436 -5.632310
v 98.921104 3.814802 -5.123013
v 95.216003 3.814802 -5.123013
v 95.216003 3.814802 -5.123013
v 98.921104 3.814802 -5.123013
v 95.216003 3.814801 2.862127
v 98.921104 3.814802 -5.123013
v 98.921104 3.814801 2.862127
v 95.216003 3.814801 2.862127
v 95.216003 3.814801 2.862127
v 98.921104 3.814801 2.862127
v 95.155220 3.926435 3.371424
v 98.921104 3.814801 2.862127
v 98.860321 3.926435 3.371424
v 95.155220 3.926435 3.371424
v 95.155220 3.926435 3.371424
v 98.860321 3.926435 3.371424
v 94.982124 4.244338 3.803184
v 98.860321 3.926435 3.371424
v 98.687225 4.244338 3.803184
v 94.982124 4.244338 3.803184
v 94.982124 4.244338 3.803184
v 98.687225 4.244338 3.803184
v 94.723068 4.720116 4.091678
v 98.687225 4.244338 3.803184
v 98.428169 4.720116 4.091678
v 94.723068 4.720116 4.091678
v 94.723068 4.720116 4.091678
v 98.428169 4.720116 4.091678
v 94.417488 5.281331 4.192985
v 98.428169 4.720116 4.091678
v 98.122589 5.281331 4.192985
v 94.417488 5.281331 4.192985
v 98.122589 5.281333 -6.453868
v 98.122589 25.617210 -6.453866
v 98.428169 4.720118 -6.352564
v 98.122589 25.617210 -6.453866
v 98.428169 26.178429 -6.352560
v 98.428169 4.720118 -6.352564
v 98.428169 4.720118 -6.352564
v 98.428169 26.178429 -6.352560
v 98.687225 4.244340 -6.064070
v 98.428169 26.178429 -6.352560
v 98.687225 26.654203 -6.064066
v 98.687225 4.244340 -6.064070
v 98.687225 4.244340 -6.064070
v 98.687225 26.654203 -6.064066
v 98.860321 3.926436 -5.632310
v 98.687225 26.654203 -6.064066
v 98.860321 26.972109 -5.632306
v 98.860321 3.926436 -5.632310
v 98.860321 3.926436 -5.632310
v 98.860321 26.972109 -5.632306
v 98.921104 3.814802 -5.123013
v 98.860321 26.972109 -5.632306
v 98.921104 27.083740 -5.123009
v 98.921104 3.814802 -5.123013
v 98.921104 3.814802 -5.123013
v 98.921104 27.083740 -5.123009
v 98.921104 3.814801 2.862127
v 98.921104 27.083740 -5.123009
v 98.921104 27.083740 2.862131
v 98.921104 3.814801 2.862127
v 98.921104 3.814801 2.862127
v 98.921104 27.083740 2.862131
v 98.860321 3.926435 3.371424
v 98.921104 27.083740 2.862131
v 98.860321 26.972107 3.371428
v 98.860321 3.926435 3.371424
v 98.860321 3.926435 3.371424
v 98.860321 26.972107 3.371428
v 98.687225 4.244338 3.803184
v 98.860321 26.972107 3.371428
v 98.687225 26.654202 3.803188
v 98.687225 4.244338 3.803184
v 98.687225 4.244338 3.803184
v 98.687225 26.654202 3.803188
v 98.428169 4.720116 4.091678
v 98.687225 26.654202 3.803188
v 98.428169 26.178429 4.091682
v 98.428169 4.720116 4.091678
v 98.428169 4.720116 4.091678
v 98.428169 26.178429 4.091682
v 98.122589 5.281331 4.192985
v 98.428169 26.178429 4.091682
v 98.122589 25.617210 4.192987
v 98.122589 5.281331 4.192985
v 98.122589 25.617210 -6.453866
v 94.417488 25.617210 -6.453866
v 98.428169 26.178429 -6.352560
v 94.417488 25.617210 -6.453866
v 94.723068 26.178429 -6.352560
v 98.428169 26.178429 -6.352560
v 98.428169 26.178429 -6.352560
v 94.723068 26.178429 -6.352560
v 98.687225 26.654203 -6.064066
v 94.723068 26.178429 -6.352560
v 94.982124 26.654203 -6.064066
v 98.687225 26.654203 -6.064066
v 98.687225 26.654203 -6.064066
v 94.982124 26.654203 -6.064066
v 98.860321 26.972109 -5.632306
v 94.982124 26.654203 -6.064066
v 95.155220 26.972109 -5.632306
v 98.860321 26.972109 -5.632306
v 98.860321 26.972109 -5.632306
v 95.155220 26.972109 -5.632306
v 98.921104 27.083740 -5.123009
v 95.155220 26.972109 -5.632306
v 95.216003 27.083740 -5.123009
v 98.921104 27.083740 -5.123009
v 98.921104 27.083740 -5.123009
v 95.216003 27.083740 -5.123009
v 98.921104 27.083740 2.862131
v 95.216003 27.083740 -5.123009
v 95.216003 27.083740 2.862131
v 98.921104 27.083740 2.862131
v 98.921104 27.083740 2.862131
v 95.216003 27.083740 2.862131
v 98.860321 26.972107 3.371428
v 95.216003 27.083740 2.862131
v 95.155220 26.972107 3.371428
v 98.860321 26.972107 3.371428
v 98.860321 26.972107 3.371428
v 95.155220 26.972107 3.371428
v 98.687225 26.654202 3.803188
v 95.155220 26.972107 3.371428
v 94.982124 26.654202 3.803188
v 98.687225 26.654202 3.803188
v 98.687225 26.654202 3.803188
v 94.982124 26.654202 3.803188
v 98.428169 26.178429 4.091682
v 94.982124 26.654202 3.803188
v 94.723068 26.178429 4.091682
v 98.428169 26.178429 4.091682
v 98.428169 26.178429 4.091682
v 94.723068 26.178429 4.091682
v 98.122589 25.617210 4.192987
v 94.723068 26.178429 4.091682
v 94.417488 25.617210 4.192987
v 98.122589 25.617210 4.192987
v 94.417488 25.617210 -6.453866
v 94.417488 32.421909 -6.453864
v 94.723068 26.178429 -6.352560
v 94.417488 32.421909 -6.453864
v 94.723068 32.983124 -6.352559
v 94.723068 26.178429 -6.352560
v 94.723068 26.178429 -6.352560
v 94.723068 32.983124 -6.352559
v 94.982124 26.654203 -6.064066
v 94.723068 32.983124 -6.352559
v 94.982124 33.458904 -6.064065
v 94.982124 26.654203 -6.064066
v 94.982124 26.654203 -6.064066
v 94.982124 33.458904 -6.064065
v 95.155220 26.972109 -5.632306
v 94.982124 33.458904 -6.064065
v 95.155220 33.776806 -5.632305
v 95.155220 26.972109 -5.632306
v 95.155220 26.972109 -5.632306
v 95.155220 33.776806 -5.632305
v 95.216003 27.083740 -5.123009
v 95.155220 33.776806 -5.632305
v 95.216003 33.888439 -5.123008
v 95.216003 27.083740 -5.123009
v 95.216003 27.083740 -5.123009
v 95.216003 33.888439 -5.123008
v 95.216003 27.083740 2.862131
v 95.216003 33.888439 -5.123008
v 95.216003 33.888439 2.862132
v 95.216003 27.083740 2.862131
v 95.216003 27.083740 2.862131
v 95.216003 33.888439 2.862132
v 95.155220 26.972107 3.371428
v 95.216003 33.888439 2.862132
v 95.155220 33.776806 3.371429
v 95.155220 26.972107 3.371428
v 95.155220 26.972107 3.371428
v 95.155220 33.776806 3.371429
v 94.982124 26.654202 3.803188
v 95.155220 33.776806 3.371429
v 94.982124 33.458900 3.803189
v 94.982124 26.654202 3.803188
v 94.982124 26.654202 3.803188
v 94.982124 33.458900 3.803189
v 94.723068 26.178429 4.091682
v 94.982124 33.458900 3.803189
v 94.723068 32.983124 4.091683
v 94.723068 26.178429 4.091682
v 94.723068 26.178429 4.091682
v 94.723068 32.983124 4.091683
v 94.417488 25.617210 4.192987
v 94.723068 32.983124 4.091683
v 94.417488 32.421906 4.192989
v 94.417488 25.617210 4.192987
v 94.417488 32.421909 -6.453864
v 87.028572 32.421909 -6.453864
v 94.723068 32.983124 -6.352559
v 87.028572 32.421909 -6.453864
v 86.722992 32.983124 -6.352559
v 94.723068 32.983124 -6.352559
v 94.723068 32.983124 -6.352559
v 86.722992 32.983124 -6.352559
v 94.982124 33.458904 -6.064065
v 86.722992 32.983124 -6.352559
v 86.463936 33.458904 -6.064065
v 94.982124 33.458904 -6.064065
v 94.982124 33.458904 -6.064065
v 86.463936 33.458904 -6.064065
v 95.155220 33.776806 -5.632305
v 86.463936 33.458904 -6.064065
v 86.290840 33.776806 -5.632305
v 95.155220 33.776806 -5.632305
v 95.155220 33.776806 -5.632305
v 86.290840 33.776806 -5.632305
v 95.216003 33.888439 -5.123008
v 86.290840 33.776806 -5.632305
v 86.230057 33.888439 -5.123008
v 95.216003 33.888439 -5.123008
v 95.216003 33.888439 -5.123008
v 86.230057 33.888439 -5.123008
v 95.216003 33.888439 2.862132
v 86.230057 33.888439 -5.123008
v 86.230057 33.888439 2.862132
v 95.216003 33.888439 2.862132
v 95.216003 33.888439 2.862132
v 86.230057 33.888439 2.862132
v 95.155220 33.776806 3.371429
v 86.230057 33.888439 2.862132
v 86.290840 33.776806 3.371429
v 95.155220 33.776806 3.371429
v 95.155220 33.776806 3.371429
v 86.290840 33.776806 3.371429
v 94.982124 33.458900 3.803189
v 86.290840 33.776806 3.371429
v 86.463936 33.458900 3.803189
v 94.982124 33.458900 3.803189
v 94.982124 33.458900 3.803189
v 86.463936 33.458900 3.803189
v 94.723068 32.983124 4.091683
v 86.463936 33.458900 3.803189
v 86.722992 32.983124 4.091683
v 94.723068 32.983124 4.091683
v 94.723068 32.983124 4.091683
v 86.722992 32.983124 4.091683
v 94.417488 32.421906 4.192989
v 86.722992 32.983124 4.091683
v 87.028572 32.421906 4.192989
v 94.417488 32.421906 4.192989
v 87.028572 32.421909 -6.453864
v 87.028572 25.617210 -6.453866
v 86.722992 32.983124 -6.352559
v 87.028572 25.617210 -6.453866
v 86.722992 26.178429 -6.352560
v 86.722992 32.983124 -6.352559
v 86.722992 32.983124 -6.352559
v 86.722992 26.178429 -6.352560
v 86.463936 33.458904 -6.064065
v 86.722992 26.178429 -6.352560
v 86.463936 26.654203 -6.064066
v 86.463936 33.458904 -6.064065
v 86.463936 33.458904 -6.064065
v 86.463936 26.654203 -6.064066
v 86.290840 33.776806 -5.632305
v 86.463936 26.654203 -6.064066
v 86.290840 26.972109 -5.632306
v 86.290840 33.776806 -5.632305
v 86.290840 33.776806 -5.632305
v 86.290840 26.972109 -5.632306
v 86.230057 33.888439 -5.123008
v 86.290840 26.972109 -5.632306
v 86.230057 27.083740 -5.123009
v 86.230057 33.888439 -5.123008
v 86.230057 33.888439 -5.123008
v 86.230057 27.083740 -5.123009
v 86.230057 33.888439 2.862132
v 86.230057 27.083740 -5.123009
v 86.230057 27.083740 2.862131
v 86.230057 33.888439 2.862132
v 86.230057 33.888439 2.862132
v 86.230057 27.083740 2.862131
v 86.290840 33.776806 3.371429
v 86.230057 27.083740 2.862131
v 86.290840 26.972107 3.371428
v 86.290840 33.776806 3.371429
v 86.290840 33.776806 3.371429
v 86.290840 26.972107 3.371428
v 86.463936 33.458900 3.803189
v 86.290840 26.972107 3.371428
v 86.463936 26.654202 3.803188
v 86.463936 33.458900 3.803189
v 86.463936 33.458900 3.803189
v 86.463936 26.654202 3.803188
v 86.722992 32.983124 4.091683
v 86.463936 26.654202 3.803188
v 86.722992 26.178429 4.091682
v 86.722992 32.983124 4.091683
v 86.722992 32.983124 4.091683
v 86.722992 26.178429 4.091682
v 87.028572 32.421906 4.192989
v 86.722992 26.178429 4.091682
v 87.028572 25.617210 4.192987
v 87.028572 32.421906 4.192989
v 87.028572 25.617210 -6.453866
v 83.344757 25.617210 -6.453866
v 86.722992 26.178429 -6.352560
v 83.344757 25.617210 -6.453866
v 83.039185 26.178429 -6.352560
v 86.722992 26.178429 -6.352560
v 86.722992 26.178429 -6.352560
v 83.039185 26.178429 -6.352560
v 86.463936 26.654203 -6.064066
v 83.039185 26.178429 -6.352560
v 82.780128 26.654203 -6.064066
v 86.463936 26.654203 -6.064066
v 86.463936 26.654203 -6.064066
v 82.780128 26.654203 -6.064066
v 86.290840 26.972109 -5.632306
v 82.780128 26.654203 -6.064066
v 82.607033 26.972109 -5.632306
v 86.290840 26.972109 -5.632306
v 86.290840 26.972109 -5.632306
v 82.607033 26.972109 -5.632306
v 86.230057 27.083740 -5.123009
v 82.607033 26.972109 -5.632306
v 82.546249 27.083740 -5.123009
v 86.230057 27.083740 -5.123009
v 86.230057 27.083740 -5.123009
v 82.546249 27.083740 -5.123009
v 86.230057 27.083740 2.862131
v 82.546249 27.083740 -5.123009
v 82.546249 27.083740 2.862131
v 86.230057 27.083740 2.862131
v 82.546249 27.083740 2.862131
v 82.607033 26.972107 3.371428
v 86.290840 26.972107 3.371428
v 82.607033 26.972107 3.371428
v 82.780128 26.654202 3.803188
v 86.463936 26.654202 3.803188
v 86.463936 26.654202 3.803188
v 82.780128 26.654202 3.803188
v 86.722992 26.178429 4.091682
v 82.780128 26.654202 3.803188
v 83.039185 26.178429 4.091682
v 86.722992 26.178429 4.091682
v 86.722992 26.178429 4.091682
v 83.039185 26.178429 4.091682
v 87.028572 25.617210 4.192987
v 83.039185 26.178429 4.091682
v 83.344757 25.617210 4.192987
v 87.028572 25.617210 4.192987
v 83.344757 25.617210 -6.453866
v 83.344757 5.281333 -6.453868
v 83.039185 26.178429 -6.352560
v 83.344757 5.281333 -6.453868
v 83.039185 4.720118 -6.352564
v 83.039185 26.178429 -6.352560
v 83.039185 26.178429 -6.352560
v 83.039185 4.720118 -6.352564
v 82.780128 26.654203 -6.064066
v 83.039185 4.720118 -6.352564
v 82.780128 4.244340 -6.064070
v 82.780128 26.654203 -6.064066
v 82.780128 26.654203 -6.064066
v 82.780128 4.244340 -6.064070
v 82.607033 26.972109 -5.632306
v 82.780128 4.244340 -6.064070
v 82.607033 3.926436 -5.632310
v 82.607033 26.972109 -5.632306
v 82.607033 26.972109 -5.632306
v 82.607033 3.926436 -5.632310
v 82.546249 27.083740 -5.123009
v 82.546249 27.083740 -5.123009
v 82.546249 3.814802 -5.123013
v 82.546249 27.083740 2.862131
v 82.546249 3.814802 -5.123013
v 82.546249 3.814801 2.862127
v 82.546249 27.083740 2.862131
v 82.546249 3.814801 2.862127
v 82.607033 3.926435 3.371424
v 82.607033 26.972107 3.371428
v 82.607033 26.972107 3.371428
v 82.607033 3.926435 3.371424
v 82.780128 26.654202 3.803188
v 82.607033 3.926435 3.371424
v 82.780128 4.244338 3.803184
v 82.780128 26.654202 3.803188
v 82.780128 26.654202 3.803188
v 82.780128 4.244338 3.803184
v 83.039185 26.178429 4.091682
v 82.780128 4.244338 3.803184
v 83.039185 4.720116 4.091678
v 83.039185 26.178429 4.091682
v 83.039185 26.178429 4.091682
v 83.039185 4.720116 4.091678
v 83.344757 25.617210 4.192987
v 83.039185 4.720116 4.091678
v 83.344757 5.281331 4.192985
v 83.344757 25.617210 4.192987
v 83.344757 5.281333 -6.453868
v 87.028572 5.281333 -6.453868
v 83.039185 4.720118 -6.352564
v 87.028572 5.281333 -6.453868
v 86.722992 4.720118 -6.352564
v 83.039185 4.720118 -6.352564
v 83.039185 4.720118 -6.352564
v 86.722992 4.720118 -6.352564
v 82.780128 4.244340 -6.064070
v 86.722992 4.720118 -6.352564
v 86.463936 4.244340 -6.064070
v 82.780128 4.244340 -6.064070
v 82.780128 4.244340 -6.064070
v 86.463936 4.244340 -6.064070
v 82.607033 3.926436 -5.632310
v 86.463936 4.244340 -6.064070
v 86.290840 3.926436 -5.632310
v 82.607033 3.926436 -5.632310
v 82.607033 3.926436 -5.632310
v 86.290840 3.926436 -5.632310
v 82.546249 3.814802 -5.123013
v 86.290840 3.926436 -5.632310
v 86.230057 3.814802 -5.123013
v 82.546249 3.814802 -5.123013
v 82.546249 3.814802 -5.123013
v 86.230057 3.814802 -5.123013
v 82.546249 3.814801 2.862127
v 86.230057 3.814802 -5.123013
v 86.230057 3.814801 2.862127
v 82.546249 3.814801 2.862127
v 86.230057 3.814801 2.862127
v 86.290840 3.926435 3.371424
v 82.607033 3.926435 3.371424
v 82.607033 3.926435 3.371424
v 86.290840 3.926435 3.371424
v 82.780128 4.244338 3.803184
v 86.290840 3.926435 3.371424
v 86.463936 4.244338 3.803184
v 82.780128 4.244338 3.803184
v 82.780128 4.244338 3.803184
v 86.463936 4.244338 3.803184
v 83.039185 4.720116 4.091678
v 86.463936 4.244338 3.803184
v 86.722992 4.720116 4.091678
v 83.039185 4.720116 4.091678
v 83.039185 4.720116 4.091678
v 86.722992 4.720116 4.091678
v 83.344757 5.281331 4.192985
v 86.722992 4.720116 4.091678
v 87.028572 5.281331 4.192985
v 83.344757 5.281331 4.192985
v 87.028572 5.281333 -6.453868
v 87.028572 -1.523363 -6.453870
v 86.722992 4.720118 -6.352564
v 87.028572 -1.523363 -6.453870
v 86.722992 -2.084581 -6.352565
v 86.722992 4.720118 -6.352564
v 86.722992 4.720118 -6.352564
v 86.722992 -2.084581 -6.352565
v 86.463936 4.244340 -6.064070
v 86.722992 -2.084581 -6.352565
v 86.463936 -2.560356 -6.064071
v 86.463936 4.244340 -6.064070
v 86.463936 4.244340 -6.064070
v 86.463936 -2.560356 -6.064071
v 86.290840 3.926436 -5.632310
v 86.463936 -2.560356 -6.064071
v 86.290840 -2.878263 -5.632311
v 86.290840 3.926436 -5.632310
v 86.290840 3.926436 -5.632310
v 86.290840 -2.878263 -5.632311
v 86.230057 3.814802 -5.123013
v 86.290840 -2.878263 -5.632311
v 86.230057 -2.989897 -5.123014
v 86.230057 3.814802 -5.123013
v 86.230057 3.814802 -5.123013
v 86.230057 -2.989897 -5.123014
v 86.230057 3.814801 2.862127
v 86.230057 -2.989897 -5.123014
v 86.230057 -2.989897 2.862126
v 86.230057 3.814801 2.862127
v 86.290840 3.926435 3.371424
v 86.290840 -2.878263 3.371423
v 86.463936 4.244338 3.803184
v 86.290840 -2.878263 3.371423
v 86.463936 -2.560358 3.803183
v 86.463936 4.244338 3.803184
v 86.463936 4.244338 3.803184
v 86.463936 -2.560358 3.803183
v 86.722992 4.720116 4.091678
v 86.463936 -2.560358 3.803183
v 86.722992 -2.084583 4.091677
v 86.722992 4.720116 4.091678
v 86.722992 4.720116 4.091678
v 86.722992 -2.084583 4.091677
v 87.028572 5.281331 4.192985
v 86.722992 -2.084583 4.091677
v 87.028572 -1.523365 4.192983
v 87.028572 5.281331 4.192985
v 87.028572 -1.523363 -6.453870
v 94.417488 -1.523363 -6.453870
v 86.722992 -2.084581 -6.352565
v 94.417488 -1.523363 -6.453870
v 94.723068 -2.084581 -6.352565
v 86.722992 -2.084581 -6.352565
v 86.722992 -2.084581 -6.352565
v 94.723068 -2.084581 -6.352565
v 86.463936 -2.560356 -6.064071
v 94.723068 -2.084581 -6.352565
v 94.982124 -2.560356 -6.064071
v 86.463936 -2.560356 -6.064071
v 94.982124 -2.560356 -6.064071
v 95.155220 -2.878263 -5.632311
v 86.290840 -2.878263 -5.632311
v 86.290840 -2.878263 -5.632311
v 95.155220 -2.878263 -5.632311
v 86.230057 -2.989897 -5.123014
v 95.155220 -2.878263 -5.632311
v 95.216003 -2.989897 -5.123014
v 86.230057 -2.989897 -5.123014
v 86.230057 -2.989897 -5.123014
v 95.216003 -2.989897 -5.123014
v 86.230057 -2.989897 2.862126
v 95.216003 -2.989897 -5.123014
v 95.216003 -2.989897 2.862126
v 86.230057 -2.989897 2.862126
v 86.230057 -2.989897 2.862126
v 95.216003 -2.989897 2.862126
v 86.290840 -2.878263 3.371423
v 95.216003 -2.989897 2.862126
v 95.155220 -2.878263 3.371423
v 86.290840 -2.878263 3.371423
v 86.290840 -2.878263 3.371423
v 95.155220 -2.878263 3.371423
v 86.463936 -2.560358 3.803183
v 95.155220 -2.878263 3.371423
v 94.982124 -2.560358 3.803183
v 86.463936 -2.560358 3.803183
v 86.463936 -2.560358 3.803183
v 94.982124 -2.560358 3.803183
v 86.722992 -2.084583 4.091677
v 94.982124 -2.560358 3.803183
v 94.723068 -2.084583 4.091677
v 86.722992 -2.084583 4.091677
v 86.722992 -2.084583 4.091677
v 94.723068 -2.084583 4.091677
v 87.028572 -1.523365 4.192983
v 94.723068 -2.084583 4.091677
v 94.417488 -1.523365 4.192983
v 87.028572 -1.523365 4.192983
v 87.028572 25.382568 -6.453866
v 94.417488 25.382568 -6.453866
v 87.334152 24.821350 -6.352561
v 94.417488 25.382568 -6.453866
v 94.111908 24.821350 -6.352561
v 87.334152 24.821350 -6.352561
v 87.334152 24.821350 -6.352561
v 94.111908 24.821350 -6.352561
v 87.593208 24.345573 -6.064066
v 87.593208 24.345573 -6.064066
v 93.852852 24.345573 -6.064066
v 87.766304 24.027668 -5.632307
v 93.852852 24.345573 -6.064066
v 93.679756 24.027668 -5.632307
v 87.766304 24.027668 -5.632307
v 87.766304 24.027668 -5.632307
v 93.679756 24.027668 -5.632307
v 87.827087 23.916037 -5.123010
v 93.679756 24.027668 -5.632307
v 93.618973 23.916037 -5.123010
v 87.827087 23.916037 -5.123010
v 87.827087 23.916037 -5.123010
v 93.618973 23.916037 -5.123010
v 87.827087 23.916035 2.862130
v 93.618973 23.916037 -5.123010
v 93.618973 23.916035 2.862130
v 87.827087 23.916035 2.862130
v 87.827087 23.916035 2.862130
v 93.618973 23.916035 2.862130
v 87.766304 24.027668 3.371428
v 93.618973 23.916035 2.862130
v 93.679756 24.027668 3.371428
v 87.766304 24.027668 3.371428
v 87.766304 24.027668 3.371428
v 93.679756 24.027668 3.371428
v 87.593208 24.345572 3.803187
v 87.593208 24.345572 3.803187
v 93.852852 24.345572 3.803187
v 87.334152 24.821348 4.091681
v 93.852852 24.345572 3.803187
v 94.111908 24.821348 4.091681
v 87.334152 24.821348 4.091681
v 87.334152 24.821348 4.091681
v 94.111908 24.821348 4.091681
v 87.028572 25.382565 4.192987
v 94.111908 24.821348 4.091681
v 94.417488 25.382565 4.192987
v 87.028572 25.382565 4.192987
v 94.417488 25.382568 -6.453866
v 94.417488 5.555084 -6.453868
v 94.111908 24.821350 -6.352561
v 94.417488 5.555084 -6.453868
v 94.111908 6.116302 -6.352563
v 94.111908 24.821350 -6.352561
v 94.111908 24.821350 -6.352561
v 94.111908 6.116302 -6.352563
v 93.852852 24.345573 -6.064066
v 94.111908 6.116302 -6.352563
v 93.852852 6.592078 -6.064069
v 93.852852 24.345573 -6.064066
v 93.852852 24.345573 -6.064066
v 93.852852 6.592078 -6.064069
v 93.679756 24.027668 -5.632307
v 93.852852 6.592078 -6.064069
v 93.679756 6.909981 -5.632309
v 93.679756 24.027668 -5.632307
v 93.679756 24.027668 -5.632307
v 93.679756 6.909981 -5.632309
v 93.618973 23.916037 -5.123010
v 93.679756 6.909981 -5.632309
v 93.618973 7.021616 -5.123013
v 93.618973 23.916037 -5.123010
v 93.618973 23.916037 -5.123010
v 93.618973 7.021616 -5.123013
v 93.618973 23.916035 2.862130
v 93.618973 7.021616 -5.123013
v 93.618973 7.021615 2.862128
v 93.618973 23.916035 2.862130
v 93.618973 23.916035 2.862130
v 93.618973 7.021615 2.862128
v 93.679756 24.027668 3.371428
v 93.618973 7.021615 2.862128
v 93.679756 6.909979 3.371425
v 93.679756 24.027668 3.371428
v 93.679756 24.027668 3.371428
v 93.679756 6.909979 3.371425
v 93.852852 24.345572 3.803187
v 93.679756 6.909979 3.371425
v 93.852852 6.592076 3.803185
v 93.852852 24.345572 3.803187
v 93.852852 24.345572 3.803187
v 93.852852 6.592076 3.803185
v 94.111908 24.821348 4.091681
v 93.852852 6.592076 3.803185
v 94.111908 6.116301 4.091679
v 94.111908 24.821348 4.091681
v 94.111908 24.821348 4.091681
v 94.111908 6.116301 4.091679
v 94.417488 25.382565 4.192987
v 94.111908 6.116301 4.091679
v 94.417488 5.555082 4.192985
v 94.417488 25.382565 4.192987
v 94.417488 5.555084 -6.453868
v 87.028572 5.555084 -6.453868
v 94.111908 6.116302 -6.352563
v 87.028572 5.555084 -6.453868
v 87.334152 6.116302 -6.352563
v 94.111908 6.116302 -6.352563
v 94.111908 6.116302 -6.352563
v 87.334152 6.116302 -6.352563
v 93.852852 6.592078 -6.064069
v 87.334152 6.116302 -6.352563
v 87.593208 6.592078 -6.064069
v 93.852852 6.592078 -6.064069
v 93.852852 6.592078 -6.064069
v 87.593208 6.592078 -6.064069
v 93.679756 6.909981 -5.632309
v 87.593208 6.592078 -6.064069
v 87.766304 6.909981 -5.632309
v 93.679756 6.909981 -5.632309
v 93.679756 6.909981 -5.632309
v 87.766304 6.909981 -5.632309
v 93.618973 7.021616 -5.123013
v 87.766304 6.909981 -5.632309
v 87.827087 7.021616 -5.123013
v 93.618973 7.021616 -5.123013
v 93.618973 7.021616 -5.123013
v 87.827087 7.021616 -5.123013
v 93.618973 7.021615 2.862128
v 87.827087 7.021616 -5.123013
v 87.827087 7.021615 2.862128
v 93.618973 7.021615 2.862128
v 93.618973 7.021615 2.862128
v 87.827087 7.021615 2.862128
v 93.679756 6.909979 3.371425
v 87.827087 7.021615 2.862128
v 87.766304 6.909979 3.371425
v 93.679756 6.909979 3.371425
v 93.679756 6.909979 3.371425
v 87.766304 6.909979 3.371425
v 93.852852 6.592076 3.803185
v 87.766304 6.909979 3.371425
v 87.593208 6.592076 3.803185
v 93.852852 6.592076 3.803185
v 93.852852 6.592076 3.803185
v 87.593208 6.592076 3.803185
v 94.111908 6.116301 4.091679
v 87.593208 6.592076 3.803185
v 87.334152 6.116301 4.091679
v 94.111908 6.116301 4.091679
v 94.111908 6.116301 4.091679
v 87.334152 6.116301 4.091679
v 94.417488 5.555082 4.192985
v 87.334152 6.116301 4.091679
v 87.028572 5.555082 4.192985
v 94.417488 5.555082 4.192985
v 87.028572 5.555084 -6.453868
v 87.028572 25.382568 -6.453866
v 87.334152 6.116302 -6.352563
v 87.028572 25.382568 -6.453866
v 87.334152 24.821350 -6.352561
v 87.334152 6.116302 -6.352563
v 87.334152 6.116302 -6.352563
v 87.334152 24.821350 -6.352561
v 87.593208 6.592078 -6.064069
v 87.334152 24.821350 -6.352561
v 87.593208 24.345573 -6.064066
v 87.593208 6.592078 -6.064069
v 87.593208 6.592078 -6.064069
v 87.593208 24.345573 -6.064066
v 87.766304 6.909981 -5.632309
v 87.593208 24.345573 -6.064066
v 87.766304 24.027668 -5.632307
v 87.766304 6.909981 -5.632309
v 87.766304 6.909981 -5.632309
v 87.766304 24.027668 -5.632307
v 87.827087 7.021616 -5.123013
v 87.766304 24.027668 -5.632307
v 87.827087 23.916037 -5.123010
v 87.827087 7.021616 -5.123013
v 87.827087 7.021616 -5.123013
v 87.827087 23.916037 -5.123010
v 87.827087 7.021615 2.862128
v 87.827087 23.916037 -5.123010
v 87.827087 23.916035 2.862130
v 87.827087 7.021615 2.862128
v 87.827087 7.021615 2.862128
v 87.827087 23.916035 2.862130
v 87.766304 6.909979 3.371425
v 87.827087 23.916035 2.862130
v 87.766304 24.027668 3.371428
v 87.766304 6.909979 3.371425
v 87.766304 6.909979 3.371425
v 87.766304 24.027668 3.371428
v 87.593208 6.592076 3.803185
v 87.766304 24.027668 3.371428
v 87.593208 24.345572 3.803187
v 87.593208 6.592076 3.803185
v 87.593208 6.592076 3.803185
v 87.593208 24.345572 3.803187
v 87.334152 6.116301 4.091679
v 87.593208 24.345572 3.803187
v 87.334152 24.821348 4.091681
v 87.334152 6.116301 4.091679
v 87.334152 6.116301 4.091679
v 87.334152 24.821348 4.091681
v 87.028572 5.555082 4.192985
v 87.334152 24.821348 4.091681
v 87.028572 25.382565 4.192987
v 87.028572 5.555082 4.192985
v 86.230057 27.083740 2.862131
v 82.546249 27.083740 2.862131
v 86.290840 26.972107 3.371428
v 86.290840 26.972107 3.371428
v 82.607033 26.972107 3.371428
v 86.463936 26.654202 3.803188
v 82.607033 3.926436 -5.632310
v 82.546249 3.814802 -5.123013
v 82.546249 27.083740 -5.123009
v 82.546249 27.083740 2.862131
v 82.546249 3.814801 2.862127
v 82.607033 26.972107 3.371428
v 82.546249 3.814801 2.862127
v 86.230057 3.814801 2.862127
v 82.607033 3.926435 3.371424
v 86.230057 3.814801 2.862127
v 86.230057 -2.989897 2.862126
v 86.290840 3.926435 3.371424
v 86.230057 -2.989897 2.862126
v 86.290840 -2.878263 3.371423
v 86.290840 3.926435 3.371424
v 86.463936 -2.560356 -6.064071
v 94.982124 -2.560356 -6.064071
v 86.290840 -2.878263 -5.632311
v 94.111908 24.821350 -6.352561
v 93.852852 24.345573 -6.064066
v 87.593208 24.345573 -6.064066
v 93.679756 24.027668 3.371428
v 93.852852 24.345572 3.803187
v 87.593208 24.345572 3.803187
vt 2.776000 -4.504000
vt 2.776000 -0.448000
vt 1.392000 -0.392000
vt 1.392000 -0.392000
vt 2.776000 -0.448000
vt 5.552000 -0.448000
vt 5.552000 1.000000
vt 2.776000 1.000000
vt 2.776000 -0.392000
vt 6.944000 -4.552000
vt 6.944000 -0.392000
vt 5.552000 -0.392000
vt 2.776000 -5.944000
vt 5.552000 -5.944000
vt 5.552000 -4.552000
vt 1.392000 -0.392000
vt 1.392000 -4.552000
vt 2.776000 -4.552000
vt 2.776000 -0.392000
vt 1.392000 -0.392000
vt 5.552000 -0.448000
vt 5.552000 -0.392000
vt 5.552000 1.000000
vt 2.776000 -0.392000
vt 2.776000 -4.552000
vt 2.776000 -5.944000
vt 5.552000 -4.552000
vt 2.776000 -4.504000
vt 1.392000 -0.392000
vt 2.776000 -4.552000
vt 5.552000 -0.392000
vt 2.776000 -0.392000
vt 5.552000 -0.448000
vt 2.776000 -4.504000
vt 2.776000 -4.552000
vt 5.552000 -4.552000
vt 6.944000 -4.552000
vt 5.552000 -0.392000
vt 5.552000 -0.448000
vt 2.776000 -4.504000
vt 5.552000 -4.552000
vt 6.944000 -4.552000
vt 6.944000 -4.552000
vt 5.552000 -0.448000
vt 5.552000 -4.504000
vt 5.552000 -4.504000
vt 2.776000 -4.504000
vt 6.944000 -4.552000
vt 1.392000 -0.392000
vt 2.776000 -0.448000
vt 2.776000 -4.504000
vt 5.552000 -0.448000
vt 2.776000 -0.448000
vt 1.392000 -0.392000
vt 2.776000 -0.392000
vt 2.776000 1.000000
vt 5.552000 1.000000
vt 5.552000 -0.392000
vt 6.944000 -0.392000
vt 6.944000 -4.552000
vt 5.552000 -4.552000
vt 5.552000 -5.944000
vt 2.776000 -5.944000
vt 2.776000 -4.552000
vt 1.392000 -4.552000
vt 1.392000 -0.392000
vt 5.552000 -0.448000
vt 1.392000 -0.392000
vt 2.776000 -0.392000
vt 2.776000 -0.392000
vt 5.552000 1.000000
vt 5.552000 -0.392000
vt 5.552000 -4.552000
vt 2.776000 -5.944000
vt 2.776000 -4.552000
vt 2.776000 -4.552000
vt 1.392000 -0.392000
vt 2.776000 -4.504000
vt 5.552000 -0.448000
vt 2.776000 -0.392000
vt 5.552000 -0.392000
vt 5.552000 -4.552000
vt 2.776000 -4.552000
vt 2.776000 -4.504000
vt 5.552000 -0.448000
vt 5.552000 -0.392000
vt 6.944000 -4.552000
vt 6.944000 -4.552000
vt 5.552000 -4.552000
vt 2.776000 -4.504000
vt 5.552000 -4.504000
vt 5.552000 -0.448000
vt 6.944000 -4.552000
vt 6.944000 -4.552000
vt 2.776000 -4.504000
vt 5.552000 -4.504000
vt 0.000000 -0.500000
vt 1.392000 -0.500000
vt -0.114805 -0.461940
vt 1.392000 -0.500000
vt 1.277195 -0.461940
vt -0.114805 -0.461940
vt -0.114805 -0.461940
vt 1.277195 -0.461940
vt -0.212132 -0.353553
vt 1.277195 -0.461940
vt 1.179868 -0.353553
vt -0.212132 -0.353553
vt -0.212132 -0.353553
vt 1.179868 -0.353553
vt -0.277164 -0.191342
vt 1.179868 -0.353553
vt 1.114836 -0.191342
vt -0.277164 -0.191342
vt -0.277164 -0.191342
vt 1.114836 -0.191342
vt -0.300000 0.000000
vt 1.114836 -0.191342
vt 1.092000 0.000000
vt -0.300000 0.000000
vt -0.300000 0.000000
vt 1.092000 0.000000
vt -0.300000 3.000000
vt 1.092000 0.000000
vt 1.092000 3.000000
vt -0.300000 3.000000
vt -0.300000 3.000000
vt 1.092000 3.000000
vt -0.277164 3.191342
vt 1.092000 3.000000
vt 1.114836 3.191342
vt -0.277164 3.191342
vt -0.277164 3.191342
vt 1.114836 3.191342
vt -0.212132 3.353553
vt 1.114836 3.191342
vt 1.179868 3.353553
vt -0.212132 3.353553
vt -0.212132 3.353553
vt 1.179868 3.353553
vt -0.114805 3.461940
vt 1.179868 3.353553
vt 1.277195 3.461940
vt -0.114805 3.461940
vt -0.114805 3.461940
vt 1.277195 3.461940
vt 0.000000 3.500000
vt 1.277195 3.461940
vt 1.392000 3.500000
vt 0.000000 3.500000
vt 5.552000 -0.500000
vt 6.944000 -0.500000
vt 5.666805 -0.461940
vt 6.944000 -0.500000
vt 7.058805 -0.461940
vt 5.666805 -0.461940
vt 5.666805 -0.461940
vt 7.058805 -0.461940
vt 5.764132 -0.353553
vt 7.058805 -0.461940
vt 7.156132 -0.353553
vt 5.764132 -0.353553
vt 5.764132 -0.353553
vt 7.156132 -0.353553
vt 5.829164 -0.191342
vt 7.156132 -0.353553
vt 7.221164 -0.191342
vt 5.829164 -0.191342
vt 5.829164 -0.191342
vt 7.221164 -0.191342
vt 5.852000 0.000000
vt 7.221164 -0.191342
vt 7.244000 0.000000
vt 5.852000 0.000000
vt 5.852000 0.000000
vt 7.244000 0.000000
vt 5.852000 3.000000
vt 7.244000 0.000000
vt 7.244000 3.000000
vt 5.852000 3.000000
vt 5.852000 3.000000
vt 7.244000 3.000000
vt 5.829164 3.191342
vt 7.244000 3.000000
vt 7.221164 3.191342
vt 5.829164 3.191342
vt 5.829164 3.191342
vt 7.221164 3.191342
vt 5.764132 3.353553
vt 7.221164 3.191342
vt 7.156132 3.353553
vt 5.764132 3.353553
vt 5.764132 3.353553
vt 7.156132 3.353553
vt 5.666805 3.461940
vt 7.156132 3.353553
vt 7.058805 3.461940
vt 5.666805 3.461940
vt 5.666805 3.461940
vt 7.058805 3.461940
vt 5.552000 3.500000
vt 7.058805 3.461940
vt 6.944000 3.500000
vt 5.552000 3.500000
vt 1.392000 -0.500000
vt 5.552000 -0.500000
vt 1.277195 -0.461940
vt 5.552000 -0.500000
vt 5.666805 -0.461940
vt 1.277195 -0.461940
vt 1.277195 -0.461940
vt 5.666805 -0.461940
vt 1.179868 -0.353553
vt 5.666805 -0.461940
vt 5.764132 -0.353553
vt 1.179868 -0.353553
vt 1.179868 -0.353553
vt 5.764132 -0.353553
vt 1.114836 -0.191342
vt 5.764132 -0.353553
vt 5.829164 -0.191342
vt 1.114836 -0.191342
vt 1.114836 -0.191342
vt 5.829164 -0.191342
vt 1.092000 0.000000
vt 5.829164 -0.191342
vt 5.852000 0.000000
vt 1.092000 0.000000
vt 1.092000 0.000000
vt 5.852000 0.000000
vt 1.092000 3.000000
vt 5.852000 0.000000
vt 5.852000 3.000000
vt 1.092000 3.000000
vt 1.092000 3.000000
vt 5.852000 3.000000
vt 1.114836 3.191342
vt 5.852000 3.000000
vt 5.829164 3.191342
vt 1.114836 3.191342
vt 1.114836 3.191342
vt 5.829164 3.191342
vt 1.179868 3.353553
vt 5.829164 3.191342
vt 5.764132 3.353553
vt 1.179868 3.353553
vt 1.179868 3.353553
vt 5.764132 3.353553
vt 1.277195 3.461940
vt 5.764132 3.353553
vt 5.666805 3.461940
vt 1.277195 3.461940
vt 1.277195 3.461940
vt 5.666805 3.461940
vt 1.392000 3.500000
vt 5.666805 3.461940
vt 5.552000 3.500000
vt 1.392000 3.500000
vt 6.944000 -0.500000
vt 5.552000 -0.500000
vt 7.058805 -0.461940
vt 5.552000 -0.500000
vt 5.666805 -0.461940
vt 7.058805 -0.461940
vt 7.058805 -0.461940
vt 5.666805 -0.461940
vt 7.156132 -0.353553
vt 5.666805 -0.461940
vt 5.764132 -0.353553
vt 7.156132 -0.353553
vt 7.156132 -0.353553
vt 5.764132 -0.353553
vt 7.221164 -0.191342
vt 5.764132 -0.353553
vt 5.829164 -0.191342
vt 7.221164 -0.191342
vt 7.221164 -0.191342
vt 5.829164 -0.191342
vt 7.244000 0.000000
vt 5.829164 -0.191342
vt 5.852000 0.000000
vt 7.244000 0.000000
vt 7.244000 0.000000
vt 5.852000 0.000000
vt 7.244000 3.000000
vt 5.852000 0.000000
vt 5.852000 3.000000
vt 7.244000 3.000000
vt 7.244000 3.000000
vt 5.852000 3.000000
vt 7.221164 3.191342
vt 5.852000 3.000000
vt 5.829164 3.191342
vt 7.221164 3.191342
vt 7.221164 3.191342
vt 5.829164 3.191342
vt 7.156132 3.353553
vt 5.829164 3.191342
vt 5.764132 3.353553
vt 7.156132 3.353553
vt 7.156132 3.353553
vt 5.764132 3.353553
vt 7.058805 3.461940
vt 5.764132 3.353553
vt 5.666805 3.461940
vt 7.058805 3.461940
vt 7.058805 3.461940
vt 5.666805 3.461940
vt 6.944000 3.500000
vt 5.666805 3.461940
vt 5.552000 3.500000
vt 6.944000 3.500000
vt 5.552000 -0.500000
vt 6.944000 -0.500000
vt 5.666805 -0.461940
vt 6.944000 -0.500000
vt 7.058805 -0.461940
vt 5.666805 -0.461940
vt 5.666805 -0.461940
vt 7.058805 -0.461940
vt 5.764132 -0.353553
vt 7.058805 -0.461940
vt 7.156132 -0.353553
vt 5.764132 -0.353553
vt 5.764132 -0.353553
vt 7.156132 -0.353553
vt 5.829164 -0.191342
vt 7.156132 -0.353553
vt 7.221164 -0.191342
vt 5.829164 -0.191342
vt 5.829164 -0.191342
vt 7.221164 -0.191342
vt 5.852000 0.000000
vt 7.221164 -0.191342
vt 7.244000 0.000000
vt 5.852000 0.000000
vt 5.852000 0.000000
vt 7.244000 0.000000
vt 5.852000 3.000000
vt 7.244000 0.000000
vt 7.244000 3.000000
vt 5.852000 3.000000
vt 5.852000 3.000000
vt 7.244000 3.000000
vt 5.829164 3.191342
vt 7.244000 3.000000
vt 7.221164 3.191342
vt 5.829164 3.191342
vt 5.829164 3.191342
vt 7.221164 3.191342
vt 5.764132 3.353553
vt 7.221164 3.191342
vt 7.156132 3.353553
vt 5.764132 3.353553
vt 5.764132 3.353553
vt 7.156132 3.353553
vt 5.666805 3.461940
vt 7.156132 3.353553
vt 7.058805 3.461940
vt 5.666805 3.461940
vt 5.666805 3.461940
vt 7.058805 3.461940
vt 5.552000 3.500000
vt 7.058805 3.461940
vt 6.944000 3.500000
vt 5.552000 3.500000
vt 5.552000 -0.500000
vt 2.776000 -0.500000
vt 5.666805 -0.461940
vt 2.776000 -0.500000
vt 2.661195 -0.461940
vt 5.666805 -0.461940
vt 5.666805 -0.461940
vt 2.661195 -0.461940
vt 5.764132 -0.353553
vt 2.661195 -0.461940
vt 2.563868 -0.353553
vt 5.764132 -0.353553
vt 5.764132 -0.353553
vt 2.563868 -0.353553
vt 5.829164 -0.191342
vt 2.563868 -0.353553
vt 2.498836 -0.191342
vt 5.829164 -0.191342
vt 5.829164 -0.191342
vt 2.498836 -0.191342
vt 5.852000 0.000000
vt 2.498836 -0.191342
vt 2.476000 0.000000
vt 5.852000 0.000000
vt 5.852000 0.000000
vt 2.476000 0.000000
vt 5.852000 3.000000
vt 2.476000 0.000000
vt 2.476000 3.000000
vt 5.852000 3.000000
vt 5.852000 3.000000
vt 2.476000 3.000000
vt 5.829164 3.191342
vt 2.476000 3.000000
vt 2.498836 3.191342
vt 5.829164 3.191342
vt 5.829164 3.191342
vt 2.498836 3.191342
vt 5.764132 3.353553
vt 2.498836 3.191342
vt 2.563868 3.353553
vt 5.764132 3.353553
vt 5.764132 3.353553
vt 2.563868 3.353553
vt 5.666805 3.461940
vt 2.563868 3.353553
vt 2.661195 3.461940
vt 5.666805 3.461940
vt 5.666805 3.461940
vt 2.661195 3.461940
vt 5.552000 3.500000
vt 2.661195 3.461940
vt 2.776000 3.500000
vt 5.552000 3.500000
vt 6.944000 -0.500000
vt 5.552000 -0.500000
vt 7.058805 -0.461940
vt 5.552000 -0.500000
vt 5.666805 -0.461940
vt 7.058805 -0.461940
vt 7.058805 -0.461940
vt 5.666805 -0.461940
vt 7.156132 -0.353553
vt 5.666805 -0.461940
vt 5.764132 -0.353553
vt 7.156132 -0.353553
vt 7.156132 -0.353553
vt 5.764132 -0.353553
vt 7.221164 -0.191342
vt 5.764132 -0.353553
vt 5.829164 -0.191342
vt 7.221164 -0.191342
vt 7.221164 -0.191342
vt 5.829164 -0.191342
vt 7.244000 0.000000
vt 5.829164 -0.191342
vt 5.852000 0.000000
vt 7.244000 0.000000
vt 7.244000 0.000000
vt 5.852000 0.000000
vt 7.244000 3.000000
vt 5.852000 0.000000
vt 5.852000 3.000000
vt 7.244000 3.000000
vt 7.244000 3.000000
vt 5.852000 3.000000
vt 7.221164 3.191342
vt 5.852000 3.000000
vt 5.829164 3.191342
vt 7.221164 3.191342
vt 7.221164 3.191342
vt 5.829164 3.191342
vt 7.156132 3.353553
vt 5.829164 3.191342
vt 5.764132 3.353553
vt 7.156132 3.353553
vt 7.156132 3.353553
vt 5.764132 3.353553
vt 7.058805 3.461940
vt 5.764132 3.353553
vt 5.666805 3.461940
vt 7.058805 3.461940
vt 7.058805 3.461940
vt 5.666805 3.461940
vt 6.944000 3.500000
vt 5.666805 3.461940
vt 5.552000 3.500000
vt 6.944000 3.500000
vt 2.776000 -0.500000
vt 1.392000 -0.500000
vt 2.661195 -0.461940
vt 1.392000 -0.500000
vt 1.277195 -0.461940
vt 2.661195 -0.461940
vt 2.661195 -0.461940
vt 1.277195 -0.461940
vt 2.563868 -0.353553
vt 1.277195 -0.461940
vt 1.179868 -0.353553
vt 2.563868 -0.353553
vt 2.563868 -0.353553
vt 1.179868 -0.353553
vt 2.498836 -0.191342
vt 1.179868 -0.353553
vt 1.114836 -0.191342
vt 2.498836 -0.191342
vt 2.498836 -0.191342
vt 1.114836 -0.191342
vt 2.476000 0.000000
vt 1.114836 -0.191342
vt 1.092000 0.000000
vt 2.476000 0.000000
vt 2.476000 0.000000
vt 1.092000 0.000000
vt 2.476000 3.000000
vt 1.092000 0.000000
vt 1.092000 3.000000
vt 2.476000 3.000000
vt 1.092000 3.000000
vt 1.114836 3.191342
vt 2.498836 3.191342
vt 1.114836 3.191342
vt 1.179868 3.353553
vt 2.563868 3.353553
vt 2.563868 3.353553
vt 1.179868 3.353553
vt 2.661195 3.461940
vt 1.179868 3.353553
vt 1.277195 3.461940
vt 2.661195 3.461940
vt 2.661195 3.461940
vt 1.277195 3.461940
vt 2.776000 3.500000
vt 1.277195 3.461940
vt 1.392000 3.500000
vt 2.776000 3.500000
vt 5.552000 -0.500000
vt 1.392000 -0.500000
vt 5.666805 -0.461940
vt 1.392000 -0.500000
vt 1.277195 -0.461940
vt 5.666805 -0.461940
vt 5.666805 -0.461940
vt 1.277195 -0.461940
vt 5.764132 -0.353553
vt 1.277195 -0.461940
vt 1.179868 -0.353553
vt 5.764132 -0.353553
vt 5.764132 -0.353553
vt 1.179868 -0.353553
vt 5.829164 -0.191342
vt 1.179868 -0.353553
vt 1.114836 -0.191342
vt 5.829164 -0.191342
vt 5.829164 -0.191342
vt 1.114836 -0.191342
vt 5.852000 0.000000
vt 5.852000 0.000000
vt 1.092000 0.000000
vt 5.852000 3.000000
vt 1.092000 0.000000
vt 1.092000 3.000000
vt 5.852000 3.000000
vt 1.092000 3.000000
vt 1.114836 3.191342
vt 5.829164 3.191342
vt 5.829164 3.191342
vt 1.114836 3.191342
vt 5.764132 3.353553
vt 1.114836 3.191342
vt 1.179868 3.353553
vt 5.764132 3.353553
vt 5.764132 3.353553
vt 1.179868 3.353553
vt 5.666805 3.461940
vt 1.179868 3.353553
vt 1.277195 3.461940
vt 5.666805 3.461940
vt 5.666805 3.461940
vt 1.277195 3.461940
vt 5.552000 3.500000
vt 1.277195 3.461940
vt 1.392000 3.500000
vt 5.552000 3.500000
vt 1.392000 -0.500000
vt 2.776000 -0.500000
vt 1.277195 -0.461940
vt 2.776000 -0.500000
vt 2.661195 -0.461940
vt 1.277195 -0.461940
vt 1.277195 -0.461940
vt 2.661195 -0.461940
vt 1.179868 -0.353553
vt 2.661195 -0.461940
vt 2.563868 -0.353553
vt 1.179868 -0.353553
vt 1.179868 -0.353553
vt 2.563868 -0.353553
vt 1.114836 -0.191342
vt 2.563868 -0.353553
vt 2.498836 -0.191342
vt 1.114836 -0.191342
vt 1.114836 -0.191342
vt 2.498836 -0.191342
vt 1.092000 0.000000
vt 2.498836 -0.191342
vt 2.476000 0.000000
vt 1.092000 0.000000
vt 1.092000 0.000000
vt 2.476000 0.000000
vt 1.092000 3.000000
vt 2.476000 0.000000
vt 2.476000 3.000000
vt 1.092000 3.000000
vt 2.476000 3.000000
vt 2.498836 3.191342
vt 1.114836 3.191342
vt 1.114836 3.191342
vt 2.498836 3.191342
vt 1.179868 3.353553
vt 2.498836 3.191342
vt 2.563868 3.353553
vt 1.179868 3.353553
vt 1.179868 3.353553
vt 2.563868 3.353553
vt 1.277195 3.461940
vt 2.563868 3.353553
vt 2.661195 3.461940
vt 1.277195 3.461940
vt 1.277195 3.461940
vt 2.661195 3.461940
vt 1.392000 3.500000
vt 2.661195 3.461940
vt 2.776000 3.500000
vt 1.392000 3.500000
vt 1.392000 -0.500000
vt 0.000000 -0.500000
vt 1.277195 -0.461940
vt 0.000000 -0.500000
vt -0.114805 -0.461940
vt 1.277195 -0.461940
vt 1.277195 -0.461940
vt -0.114805 -0.461940
vt 1.179868 -0.353553
vt -0.114805 -0.461940
vt -0.212132 -0.353553
vt 1.179868 -0.353553
vt 1.179868 -0.353553
vt -0.212132 -0.353553
vt 1.114836 -0.191342
vt -0.212132 -0.353553
vt -0.277164 -0.191342
vt 1.114836 -0.191342
vt 1.114836 -0.191342
vt -0.277164 -0.191342
vt 1.092000 0.000000
vt -0.277164 -0.191342
vt -0.300000 0.000000
vt 1.092000 0.000000
vt 1.092000 0.000000
vt -0.300000 0.000000
vt 1.092000 3.000000
vt -0.300000 0.000000
vt -0.300000 3.000000
vt 1.092000 3.000000
vt 1.114836 3.191342
vt -0.277164 3.191342
vt 1.179868 3.353553
vt -0.277164 3.191342
vt -0.212132 3.353553
vt 1.179868 3.353553
vt 1.179868 3.353553
vt -0.212132 3.353553
vt 1.277195 3.461940
vt -0.212132 3.353553
vt -0.114805 3.461940
vt 1.277195 3.461940
vt 1.277195 3.461940
vt -0.114805 3.461940
vt 1.392000 3.500000
vt -0.114805 3.461940
vt 0.000000 3.500000
vt 1.392000 3.500000
vt 2.776000 -0.500000
vt 5.552000 -0.500000
vt 2.661195 -0.461940
vt 5.552000 -0.500000
vt 5.666805 -0.461940
vt 2.661195 -0.461940
vt 2.661195 -0.461940
vt 5.666805 -0.461940
vt 2.563868 -0.353553
vt 5.666805 -0.461940
vt 5.764132 -0.353553
vt 2.563868 -0.353553
vt 5.764132 -0.353553
vt 5.829164 -0.191342
vt 2.498836 -0.191342
vt 2.498836 -0.191342
vt 5.829164 -0.191342
vt 2.476000 0.000000
vt 5.829164 -0.191342
vt 5.852000 0.000000
vt 2.476000 0.000000
vt 2.476000 0.000000
vt 5.852000 0.000000
vt 2.476000 3.000000
vt 5.852000 0.000000
vt 5.852000 3.000000
vt 2.476000 3.000000
vt 2.476000 3.000000
vt 5.852000 3.000000
vt 2.498836 3.191342
vt 5.852000 3.000000
vt 5.829164 3.191342
vt 2.498836 3.191342
vt 2.498836 3.191342
vt 5.829164 3.191342
vt 2.563868 3.353553
vt 5.829164 3.191342
vt 5.764132 3.353553
vt 2.563868 3.353553
vt 2.563868 3.353553
vt 5.764132 3.353553
vt 2.661195 3.461940
vt 5.764132 3.353553
vt 5.666805 3.461940
vt 2.661195 3.461940
vt 2.661195 3.461940
vt 5.666805 3.461940
vt 2.776000 3.500000
vt 5.666805 3.461940
vt 5.552000 3.500000
vt 2.776000 3.500000
vt 2.776000 -0.500000
vt 5.552000 -0.500000
vt 2.890805 -0.461940
vt 5.552000 -0.500000
vt 5.437195 -0.461940
vt 2.890805 -0.461940
vt 2.890805 -0.461940
vt 5.437195 -0.461940
vt 2.988132 -0.353553
vt 2.988132 -0.353553
vt 5.339868 -0.353553
vt 3.053164 -0.191342
vt 5.339868 -0.353553
vt 5.274836 -0.191342
vt 3.053164 -0.191342
vt 3.053164 -0.191342
vt 5.274836 -0.191342
vt 3.076000 0.000000
vt 5.274836 -0.191342
vt 5.252000 0.000000
vt 3.076000 0.000000
vt 3.076000 0.000000
vt 5.252000 0.000000
vt 3.076000 3.000000
vt 5.252000 0.000000
vt 5.252000 3.000000
vt 3.076000 3.000000
vt 3.076000 3.000000
vt 5.252000 3.000000
vt 3.053164 3.191342
vt 5.252000 3.000000
vt 5.274836 3.191342
vt 3.053164 3.191342
vt 3.053164 3.191342
vt 5.274836 3.191342
vt 2.988132 3.353553
vt 2.988132 3.353553
vt 5.339868 3.353553
vt 2.890805 3.461940
vt 5.339868 3.353553
vt 5.437195 3.461940
vt 2.890805 3.461940
vt 2.890805 3.461940
vt 5.437195 3.461940
vt 2.776000 3.500000
vt 5.437195 3.461940
vt 5.552000 3.500000
vt 2.776000 3.500000
vt 5.504000 -0.500000
vt 1.448000 -0.500000
vt 5.389195 -0.461940
vt 1.448000 -0.500000
vt 1.562805 -0.461940
vt 5.389195 -0.461940
vt 5.389195 -0.461940
vt 1.562805 -0.461940
vt 5.291868 -0.353553
vt 1.562805 -0.461940
vt 1.660132 -0.353553
vt 5.291868 -0.353553
vt 5.291868 -0.353553
vt 1.660132 -0.353553
vt 5.226836 -0.191342
vt 1.660132 -0.353553
vt 1.725164 -0.191342
vt 5.226836 -0.191342
vt 5.226836 -0.191342
vt 1.725164 -0.191342
vt 5.204000 0.000000
vt 1.725164 -0.191342
vt 1.748000 0.000000
vt 5.204000 0.000000
vt 5.204000 0.000000
vt 1.748000 0.000000
vt 5.204000 3.000000
vt 1.748000 0.000000
vt 1.748000 3.000000
vt 5.204000 3.000000
vt 5.204000 3.000000
vt 1.748000 3.000000
vt 5.226836 3.191342
vt 1.748000 3.000000
vt 1.725164 3.191342
vt 5.226836 3.191342
vt 5.226836 3.191342
vt 1.725164 3.191342
vt 5.291868 3.353553
vt 1.725164 3.191342
vt 1.660132 3.353553
vt 5.291868 3.353553
vt 5.291868 3.353553
vt 1.660132 3.353553
vt 5.389195 3.461940
vt 1.660132 3.353553
vt 1.562805 3.461940
vt 5.389195 3.461940
vt 5.389195 3.461940
vt 1.562805 3.461940
vt 5.504000 3.500000
vt 1.562805 3.461940
vt 1.448000 3.500000
vt 5.504000 3.500000
vt 5.552000 -0.500000
vt 2.776000 -0.500000
vt 5.437195 -0.461940
vt 2.776000 -0.500000
vt 2.890805 -0.461940
vt 5.437195 -0.461940
vt 5.437195 -0.461940
vt 2.890805 -0.461940
vt 5.339868 -0.353553
vt 2.890805 -0.461940
vt 2.988132 -0.353553
vt 5.339868 -0.353553
vt 5.339868 -0.353553
vt 2.988132 -0.353553
vt 5.274836 -0.191342
vt 2.988132 -0.353553
vt 3.053164 -0.191342
vt 5.274836 -0.191342
vt 5.274836 -0.191342
vt 3.053164 -0.191342
vt 5.252000 0.000000
vt 3.053164 -0.191342
vt 3.076000 0.000000
vt 5.252000 0.000000
vt 5.252000 0.000000
vt 3.076000 0.000000
vt 5.252000 3.000000
vt 3.076000 0.000000
vt 3.076000 3.000000
vt 5.252000 3.000000
vt 5.252000 3.000000
vt 3.076000 3.000000
vt 5.274836 3.191342
vt 3.076000 3.000000
vt 3.053164 3.191342
vt 5.274836 3.191342
vt 5.274836 3.191342
vt 3.053164 3.191342
vt 5.339868 3.353553
vt 3.053164 3.191342
vt 2.988132 3.353553
vt 5.339868 3.353553
vt 5.339868 3.353553
vt 2.988132 3.353553
vt 5.437195 3.461940
vt 2.988132 3.353553
vt 2.890805 3.461940
vt 5.437195 3.461940
vt 5.437195 3.461940
vt 2.890805 3.461940
vt 5.552000 3.500000
vt 2.890805 3.461940
vt 2.776000 3.500000
vt 5.552000 3.500000
vt 1.448000 -0.500000
vt 5.504000 -0.500000
vt 1.562805 -0.461940
vt 5.504000 -0.500000
vt 5.389195 -0.461940
vt 1.562805 -0.461940
vt 1.562805 -0.461940
vt 5.389195 -0.461940
vt 1.660132 -0.353553
vt 5.389195 -0.461940
vt 5.291868 -0.353553
vt 1.660132 -0.353553
vt 1.660132 -0.353553
vt 5.291868 -0.353553
vt 1.725164 -0.191342
vt 5.291868 -0.353553
vt 5.226836 -0.191342
vt 1.725164 -0.191342
vt 1.725164 -0.191342
vt 5.226836 -0.191342
vt 1.748000 0.000000
vt 5.226836 -0.191342
vt 5.204000 0.000000
vt 1.748000 0.000000
vt 1.748000 0.000000
vt 5.204000 0.000000
vt 1.748000 3.000000
vt 5.204000 0.000000
vt 5.204000 3.000000
vt 1.748000 3.000000
vt 1.748000 3.000000
vt 5.204000 3.000000
vt 1.725164 3.191342
vt 5.204000 3.000000
vt 5.226836 3.191342
vt 1.725164 3.191342
vt 1.725164 3.191342
vt 5.226836 3.191342
vt 1.660132 3.353553
vt 5.226836 3.191342
vt 5.291868 3.353553
vt 1.660132 3.353553
vt 1.660132 3.353553
vt 5.291868 3.353553
vt 1.562805 3.461940
vt 5.291868 3.353553
vt 5.389195 3.461940
vt 1.562805 3.461940
vt 1.562805 3.461940
vt 5.389195 3.461940
vt 1.448000 3.500000
vt 5.389195 3.461940
vt 5.504000 3.500000
vt 1.448000 3.500000
vt 2.476000 3.000000
vt 1.092000 3.000000
vt 2.498836 3.191342
vt 2.498836 3.191342
vt 1.114836 3.191342
vt 2.563868 3.353553
vt 1.114836 -0.191342
vt 1.092000 0.000000
vt 5.852000 0.000000
vt 5.852000 3.000000
vt 1.092000 3.000000
vt 5.829164 3.191342
vt 1.092000 3.000000
vt 2.476000 3.000000
vt 1.114836 3.191342
vt 1.092000 3.000000
vt -0.300000 3.000000
vt 1.114836 3.191342
vt -0.300000 3.000000
vt -0.277164 3.191342
vt 1.114836 3.191342
vt 2.563868 -0.353553
vt 5.764132 -0.353553
vt 2.498836 -0.191342
vt 5.437195 -0.461940
vt 5.339868 -0.353553
vt 2.988132 -0.353553
vt 5.274836 3.191342
vt 5.339868 3.353553
vt 2.988132 3.353553
vn -0.0000 0.0000 -1.0000
vn 0.0000 -0.0000 1.0000
vn 0.3147 0.0000 -0.9492
vn 0.7440 0.0000 -0.6681
vn 0.9282 -0.0000 -0.3721
vn 0.9930 0.0000 -0.1185
vn 1.0000 0.0000 0.0000
vn 0.9930 0.0000 0.1185
vn 0.9282 -0.0000 0.3721
vn 0.7440 0.0000 0.6681
vn 0.3147 -0.0000 0.9492
vn 0.0000 -0.1776 -0.9841
vn 0.0000 -0.5185 -0.8551
vn 0.0000 -0.8053 -0.5929
vn 0.0000 -0.9768 -0.2141
vn 0.0000 -1.0000 -0.0000
vn 0.0000 -0.9768 0.2141
vn 0.0000 -0.8053 0.5929
vn 0.0000 -0.5185 0.8551
vn 0.0000 -0.1776 0.9841
vn 0.7441 0.0000 -0.6681
vn 0.0000 0.1776 -0.9841
vn 0.0000 0.5185 -0.8551
vn 0.0000 0.8053 -0.5929
vn 0.0000 0.9768 -0.2141
vn 0.0000 1.0000 0.0000
vn 0.0000 0.9768 0.2141
vn 0.0000 0.8053 0.5929
vn 0.0000 0.5185 0.8551
vn 0.0000 0.1776 0.9841
vn -0.3147 0.0000 -0.9492
vn -0.7440 -0.0000 -0.6681
vn -0.9282 0.0000 -0.3721
vn -0.9930 0.0000 -0.1185
vn -1.0000 -0.0000 0.0000
vn -0.9930 0.0000 0.1185
vn -0.9282 0.0000 0.3721
vn -0.7440 -0.0000 0.6681
vn -0.3147 0.0000 0.9492
usemtl Material_2.001
s off
f 8509/8509/429 8510/8510/429 8511/8511/429
f 8512/8512/429 8513/8513/429 8514/8514/429
f 8515/8515/429 8516/8516/429 8517/8517/429
f 8518/8518/429 8519/8519/429 8520/8520/429
f 8521/8521/429 8522/8522/429 8523/8523/429
f 8524/8524/429 8525/8525/429 8526/8526/429
f 8527/8527/429 8528/8528/429 8529/8529/429
f 8530/8530/429 8531/8531/429 8532/8532/429
f 8533/8533/429 8534/8534/429 8535/8535/429
f 8536/8536/429 8537/8537/429 8538/8538/429
f 8539/8539/429 8540/8540/429 8541/8541/429
f 8542/8542/429 8543/8543/429 8544/8544/429
f 8545/8545/429 8546/8546/429 8547/8547/429
f 8548/8548/429 8549/8549/429 8550/8550/429
f 8551/8551/429 8552/8552/429 8553/8553/429
f 8554/8554/429 8555/8555/429 8556/8556/429
f 8557/8557/430 8558/8558/430 8559/8559/430
f 8560/8560/430 8561/8561/430 8562/8562/430
f 8563/8563/430 8564/8564/430 8565/8565/430
f 8566/8566/430 8567/8567/430 8568/8568/430
f 8569/8569/430 8570/8570/430 8571/8571/430
f 8572/8572/430 8573/8573/430 8574/8574/430
f 8575/8575/430 8576/8576/430 8577/8577/430
f 8578/8578/430 8579/8579/430 8580/8580/430
f 8581/8581/430 8582/8582/430 8583/8583/430
f 8584/8584/430 8585/8585/430 8586/8586/430
f 8587/8587/430 8588/8588/430 8589/8589/430
f 8590/8590/430 8591/8591/430 8592/8592/430
f 8593/8593/430 8594/8594/430 8595/8595/430
f 8596/8596/430 8597/8597/430 8598/8598/430
f 8599/8599/430 8600/8600/430 8601/8601/430
f 8602/8602/430 8603/8603/430 8604/8604/430
f 8605/8605/431 8606/8606/431 8607/8607/431
f 8608/8608/431 8609/8609/431 8610/8610/431
f 8611/8611/432 8612/8612/432 8613/8613/432
f 8614/8614/432 8615/8615/432 8616/8616/432
f 8617/8617/433 8618/8618/433 8619/8619/433
f 8620/8620/433 8621/8621/433 8622/8622/433
f 8623/8623/434 8624/8624/434 8625/8625/434
f 8626/8626/434 8627/8627/434 8628/8628/434
f 8629/8629/435 8630/8630/435 8631/8631/435
f 8632/8632/435 8633/8633/435 8634/8634/435
f 8635/8635/436 8636/8636/436 8637/8637/436
f 8638/8638/436 8639/8639/436 8640/8640/436
f 8641/8641/437 8642/8642/437 8643/8643/437
f 8644/8644/437 8645/8645/437 8646/8646/437
f 8647/8647/438 8648/8648/438 8649/8649/438
f 8650/8650/438 8651/8651/438 8652/8652/438
f 8653/8653/439 8654/8654/439 8655/8655/439
f 8656/8656/439 8657/8657/439 8658/8658/439
f 8659/8659/440 8660/8660/440 8661/8661/440
f 8662/8662/440 8663/8663/440 8664/8664/440
f 8665/8665/441 8666/8666/441 8667/8667/441
f 8668/8668/441 8669/8669/441 8670/8670/441
f 8671/8671/442 8672/8672/442 8673/8673/442
f 8674/8674/442 8675/8675/442 8676/8676/442
f 8677/8677/443 8678/8678/443 8679/8679/443
f 8680/8680/443 8681/8681/443 8682/8682/443
f 8683/8683/444 8684/8684/444 8685/8685/444
f 8686/8686/444 8687/8687/444 8688/8688/444
f 8689/8689/445 8690/8690/445 8691/8691/445
f 8692/8692/445 8693/8693/445 8694/8694/445
f 8695/8695/446 8696/8696/446 8697/8697/446
f 8698/8698/446 8699/8699/446 8700/8700/446
f 8701/8701/447 8702/8702/447 8703/8703/447
f 8704/8704/447 8705/8705/447 8706/8706/447
f 8707/8707/448 8708/8708/448 8709/8709/448
f 8710/8710/448 8711/8711/448 8712/8712/448
f 8713/8713/431 8714/8714/431 8715/8715/431
f 8716/8716/431 8717/8717/431 8718/8718/431
f 8719/8719/432 8720/8720/432 8721/8721/432
f 8722/8722/449 8723/8723/449 8724/8724/449
f 8725/8725/433 8726/8726/433 8727/8727/433
f 8728/8728/433 8729/8729/433 8730/8730/433
f 8731/8731/434 8732/8732/434 8733/8733/434
f 8734/8734/434 8735/8735/434 8736/8736/434
f 8737/8737/435 8738/8738/435 8739/8739/435
f 8740/8740/435 8741/8741/435 8742/8742/435
f 8743/8743/436 8744/8744/436 8745/8745/436
f 8746/8746/436 8747/8747/436 8748/8748/436
f 8749/8749/437 8750/8750/437 8751/8751/437
f 8752/8752/437 8753/8753/437 8754/8754/437
f 8755/8755/438 8756/8756/438 8757/8757/438
f 8758/8758/438 8759/8759/438 8760/8760/438
f 8761/8761/439 8762/8762/439 8763/8763/439
f 8764/8764/439 8765/8765/439 8766/8766/439
f 8767/8767/450 8768/8768/450 8769/8769/450
f 8770/8770/450 8771/8771/450 8772/8772/450
f 8773/8773/451 8774/8774/451 8775/8775/451
f 8776/8776/451 8777/8777/451 8778/8778/451
f 8779/8779/452 8780/8780/452 8781/8781/452
f 8782/8782/452 8783/8783/452 8784/8784/452
f 8785/8785/453 8786/8786/453 8787/8787/453
f 8788/8788/453 8789/8789/453 8790/8790/453
f 8791/8791/454 8792/8792/454 8793/8793/454
f 8794/8794/454 8795/8795/454 8796/8796/454
f 8797/8797/455 8798/8798/455 8799/8799/455
f 8800/8800/455 8801/8801/455 8802/8802/455
f 8803/8803/456 8804/8804/456 8805/8805/456
f 8806/8806/456 8807/8807/456 8808/8808/456
f 8809/8809/457 8810/8810/457 8811/8811/457
f 8812/8812/457 8813/8813/457 8814/8814/457
f 8815/8815/458 8816/8816/458 8817/8817/458
f 8818/8818/458 8819/8819/458 8820/8820/458
f 8821/8821/431 8822/8822/431 8823/8823/431
f 8824/8824/431 8825/8825/431 8826/8826/431
f 8827/8827/432 8828/8828/432 8829/8829/432
f 8830/8830/432 8831/8831/432 8832/8832/432
f 8833/8833/433 8834/8834/433 8835/8835/433
f 8836/8836/433 8837/8837/433 8838/8838/433
f 8839/8839/434 8840/8840/434 8841/8841/434
f 8842/8842/434 8843/8843/434 8844/8844/434
f 8845/8845/435 8846/8846/435 8847/8847/435
f 8848/8848/435 8849/8849/435 8850/8850/435
f 8851/8851/436 8852/8852/436 8853/8853/436
f 8854/8854/436 8855/8855/436 8856/8856/436
f 8857/8857/437 8858/8858/437 8859/8859/437
f 8860/8860/437 8861/8861/437 8862/8862/437
f 8863/8863/438 8864/8864/438 8865/8865/438
f 8866/8866/438 8867/8867/438 8868/8868/438
f 8869/8869/439 8870/8870/439 8871/8871/439
f 8872/8872/439 8873/8873/439 8874/8874/439
f 8875/8875/450 8876/8876/450 8877/8877/450
f 8878/8878/450 8879/8879/450 8880/8880/450
f 8881/8881/451 8882/8882/451 8883/8883/451
f 8884/8884/451 8885/8885/451 8886/8886/451
f 8887/8887/452 8888/8888/452 8889/8889/452
f 8890/8890/452 8891/8891/452 8892/8892/452
f 8893/8893/453 8894/8894/453 8895/8895/453
f 8896/8896/453 8897/8897/453 8898/8898/453
f 8899/8899/454 8900/8900/454 8901/8901/454
f 8902/8902/454 8903/8903/454 8904/8904/454
f 8905/8905/455 8906/8906/455 8907/8907/455
f 8908/8908/455 8909/8909/455 8910/8910/455
f 8911/8911/456 8912/8912/456 8913/8913/456
f 8914/8914/456 8915/8915/456 8916/8916/456
f 8917/8917/457 8918/8918/457 8919/8919/457
f 8920/8920/457 8921/8921/457 8922/8922/457
f 8923/8923/458 8924/8924/458 8925/8925/458
f 8926/8926/458 8927/8927/458 8928/8928/458
f 8929/8929/459 8930/8930/459 8931/8931/459
f 8932/8932/459 8933/8933/459 8934/8934/459
f 8935/8935/460 8936/8936/460 8937/8937/460
f 8938/8938/460 8939/8939/460 8940/8940/460
f 8941/8941/461 8942/8942/461 8943/8943/461
f 8944/8944/461 8945/8945/461 8946/8946/461
f 8947/8947/462 8948/8948/462 8949/8949/462
f 8950/8950/462 8951/8951/462 8952/8952/462
f 8953/8953/463 8954/8954/463 8955/8955/463
f 8956/8956/463 8957/8957/463 8958/8958/463
f 8959/8959/464 8960/8960/464 8961/8961/464
f 8962/8962/464 8963/8963/464 8964/8964/464
f 8965/8965/465 8966/8966/465 8967/8967/465
f 8968/8968/465 8969/8969/465 8970/8970/465
f 8971/8971/466 8972/8972/466 8973/8973/466
f 8974/8974/466 8975/8975/466 8976/8976/466
f 8977/8977/467 8978/8978/467 8979/8979/467
f 8980/8980/467 8981/8981/467 8982/8982/467
f 8983/8983/450 8984/8984/450 8985/8985/450
f 8986/8986/450 8987/8987/450 8988/8988/450
f 8989/8989/451 8990/8990/451 8991/8991/451
f 8992/8992/451 8993/8993/451 8994/8994/451
f 8995/8995/452 8996/8996/452 8997/8997/452
f 8998/8998/452 8999/8999/452 9000/9000/452
f 9001/9001/453 9002/9002/453 9003/9003/453
f 9004/9004/453 9005/9005/453 9006/9006/453
f 9007/9007/454 9008/9008/454 9009/9009/454
f 9010/9010/454 9011/9011/454 9012/9012/454
f 9013/9013/455 9014/9014/455 9015/9015/455
f 9016/9016/456 9017/9017/456 9018/9018/456
f 9019/9019/457 9020/9020/457 9021/9021/457
f 9022/9022/457 9023/9023/457 9024/9024/457
f 9025/9025/458 9026/9026/458 9027/9027/458
f 9028/9028/458 9029/9029/458 9030/9030/458
f 9031/9031/459 9032/9032/459 9033/9033/459
f 9034/9034/459 9035/9035/459 9036/9036/459
f 9037/9037/460 9038/9038/460 9039/9039/460
f 9040/9040/460 9041/9041/460 9042/9042/460
f 9043/9043/461 9044/9044/461 9045/9045/461
f 9046/9046/461 9047/9047/461 9048/9048/461
f 9049/9049/462 9050/9050/462 9051/9051/462
f 9052/9052/463 9053/9053/463 9054/9054/463
f 9055/9055/463 9056/9056/463 9057/9057/463
f 9058/9058/464 9059/9059/464 9060/9060/464
f 9061/9061/465 9062/9062/465 9063/9063/465
f 9064/9064/465 9065/9065/465 9066/9066/465
f 9067/9067/466 9068/9068/466 9069/9069/466
f 9070/9070/466 9071/9071/466 9072/9072/466
f 9073/9073/467 9074/9074/467 9075/9075/467
f 9076/9076/467 9077/9077/467 9078/9078/467
f 9079/9079/440 9080/9080/440 9081/9081/440
f 9082/9082/440 9083/9083/440 9084/9084/440
f 9085/9085/441 9086/9086/441 9087/9087/441
f 9088/9088/441 9089/9089/441 9090/9090/441
f 9091/9091/442 9092/9092/442 9093/9093/442
f 9094/9094/442 9095/9095/442 9096/9096/442
f 9097/9097/443 9098/9098/443 9099/9099/443
f 9100/9100/443 9101/9101/443 9102/9102/443
f 9103/9103/444 9104/9104/444 9105/9105/444
f 9106/9106/444 9107/9107/444 9108/9108/444
f 9109/9109/445 9110/9110/445 9111/9111/445
f 9112/9112/446 9113/9113/446 9114/9114/446
f 9115/9115/446 9116/9116/446 9117/9117/446
f 9118/9118/447 9119/9119/447 9120/9120/447
f 9121/9121/447 9122/9122/447 9123/9123/447
f 9124/9124/448 9125/9125/448 9126/9126/448
f 9127/9127/448 9128/9128/448 9129/9129/448
f 9130/9130/459 9131/9131/459 9132/9132/459
f 9133/9133/459 9134/9134/459 9135/9135/459
f 9136/9136/460 9137/9137/460 9138/9138/460
f 9139/9139/460 9140/9140/460 9141/9141/460
f 9142/9142/461 9143/9143/461 9144/9144/461
f 9145/9145/461 9146/9146/461 9147/9147/461
f 9148/9148/462 9149/9149/462 9150/9150/462
f 9151/9151/462 9152/9152/462 9153/9153/462
f 9154/9154/463 9155/9155/463 9156/9156/463
f 9157/9157/463 9158/9158/463 9159/9159/463
f 9160/9160/465 9161/9161/465 9162/9162/465
f 9163/9163/465 9164/9164/465 9165/9165/465
f 9166/9166/466 9167/9167/466 9168/9168/466
f 9169/9169/466 9170/9170/466 9171/9171/466
f 9172/9172/467 9173/9173/467 9174/9174/467
f 9175/9175/467 9176/9176/467 9177/9177/467
f 9178/9178/440 9179/9179/440 9180/9180/440
f 9181/9181/440 9182/9182/440 9183/9183/440
f 9184/9184/441 9185/9185/441 9186/9186/441
f 9187/9187/441 9188/9188/441 9189/9189/441
f 9190/9190/442 9191/9191/442 9192/9192/442
f 9193/9193/443 9194/9194/443 9195/9195/443
f 9196/9196/443 9197/9197/443 9198/9198/443
f 9199/9199/444 9200/9200/444 9201/9201/444
f 9202/9202/444 9203/9203/444 9204/9204/444
f 9205/9205/445 9206/9206/445 9207/9207/445
f 9208/9208/445 9209/9209/445 9210/9210/445
f 9211/9211/446 9212/9212/446 9213/9213/446
f 9214/9214/446 9215/9215/446 9216/9216/446
f 9217/9217/447 9218/9218/447 9219/9219/447
f 9220/9220/447 9221/9221/447 9222/9222/447
f 9223/9223/448 9224/9224/448 9225/9225/448
f 9226/9226/448 9227/9227/448 9228/9228/448
f 9229/9229/440 9230/9230/440 9231/9231/440
f 9232/9232/440 9233/9233/440 9234/9234/440
f 9235/9235/441 9236/9236/441 9237/9237/441
f 9238/9238/442 9239/9239/442 9240/9240/442
f 9241/9241/442 9242/9242/442 9243/9243/442
f 9244/9244/443 9245/9245/443 9246/9246/443
f 9247/9247/443 9248/9248/443 9249/9249/443
f 9250/9250/444 9251/9251/444 9252/9252/444
f 9253/9253/444 9254/9254/444 9255/9255/444
f 9256/9256/445 9257/9257/445 9258/9258/445
f 9259/9259/445 9260/9260/445 9261/9261/445
f 9262/9262/446 9263/9263/446 9264/9264/446
f 9265/9265/447 9266/9266/447 9267/9267/447
f 9268/9268/447 9269/9269/447 9270/9270/447
f 9271/9271/448 9272/9272/448 9273/9273/448
f 9274/9274/448 9275/9275/448 9276/9276/448
f 9277/9277/459 9278/9278/459 9279/9279/459
f 9280/9280/459 9281/9281/459 9282/9282/459
f 9283/9283/460 9284/9284/460 9285/9285/460
f 9286/9286/460 9287/9287/460 9288/9288/460
f 9289/9289/461 9290/9290/461 9291/9291/461
f 9292/9292/461 9293/9293/461 9294/9294/461
f 9295/9295/462 9296/9296/462 9297/9297/462
f 9298/9298/462 9299/9299/462 9300/9300/462
f 9301/9301/463 9302/9302/463 9303/9303/463
f 9304/9304/463 9305/9305/463 9306/9306/463
f 9307/9307/464 9308/9308/464 9309/9309/464
f 9310/9310/464 9311/9311/464 9312/9312/464
f 9313/9313/465 9314/9314/465 9315/9315/465
f 9316/9316/465 9317/9317/465 9318/9318/465
f 9319/9319/466 9320/9320/466 9321/9321/466
f 9322/9322/466 9323/9323/466 9324/9324/466
f 9325/9325/467 9326/9326/467 9327/9327/467
f 9328/9328/467 9329/9329/467 9330/9330/467
f 9331/9331/450 9332/9332/450 9333/9333/450
f 9334/9334/450 9335/9335/450 9336/9336/450
f 9337/9337/451 9338/9338/451 9339/9339/451
f 9340/9340/451 9341/9341/451 9342/9342/451
f 9343/9343/452 9344/9344/452 9345/9345/452
f 9346/9346/452 9347/9347/452 9348/9348/452
f 9349/9349/453 9350/9350/453 9351/9351/453
f 9352/9352/453 9353/9353/453 9354/9354/453
f 9355/9355/454 9356/9356/454 9357/9357/454
f 9358/9358/454 9359/9359/454 9360/9360/454
f 9361/9361/455 9362/9362/455 9363/9363/455
f 9364/9364/455 9365/9365/455 9366/9366/455
f 9367/9367/456 9368/9368/456 9369/9369/456
f 9370/9370/456 9371/9371/456 9372/9372/456
f 9373/9373/457 9374/9374/457 9375/9375/457
f 9376/9376/457 9377/9377/457 9378/9378/457
f 9379/9379/458 9380/9380/458 9381/9381/458
f 9382/9382/458 9383/9383/458 9384/9384/458
f 9385/9385/431 9386/9386/431 9387/9387/431
f 9388/9388/431 9389/9389/431 9390/9390/431
f 9391/9391/432 9392/9392/432 9393/9393/432
f 9394/9394/432 9395/9395/432 9396/9396/432
f 9397/9397/433 9398/9398/433 9399/9399/433
f 9400/9400/433 9401/9401/433 9402/9402/433
f 9403/9403/434 9404/9404/434 9405/9405/434
f 9406/9406/434 9407/9407/434 9408/9408/434
f 9409/9409/435 9410/9410/435 9411/9411/435
f 9412/9412/435 9413/9413/435 9414/9414/435
f 9415/9415/436 9416/9416/436 9417/9417/436
f 9418/9418/436 9419/9419/436 9420/9420/436
f 9421/9421/437 9422/9422/437 9423/9423/437
f 9424/9424/437 9425/9425/437 9426/9426/437
f 9427/9427/438 9428/9428/438 9429/9429/438
f 9430/9430/438 9431/9431/438 9432/9432/438
f 9433/9433/439 9434/9434/439 9435/9435/439
f 9436/9436/439 9437/9437/439 9438/9438/439
s 1
f 9439/9439/455 9440/9440/455 9441/9441/455
f 9442/9442/456 9443/9443/456 9444/9444/456
f 9445/9445/462 9446/9446/462 9447/9447/462
f 9448/9448/464 9449/9449/464 9450/9450/464
f 9451/9451/445 9452/9452/445 9453/9453/445
f 9454/9454/464 9455/9455/464 9456/9456/464
f 9457/9457/464 9458/9458/464 9459/9459/464
f 9460/9460/442 9461/9461/442 9462/9462/442
f 9463/9463/441 9464/9464/441 9465/9465/441
f 9466/9466/446 9467/9467/446 9468/9468/446
o Mesh_12.001
v 106.065414 -1.523363 -6.453870
v 102.381599 -1.523363 -6.453870
v 102.381599 32.421909 -6.453864
v 117.159431 5.281333 -6.453868
v 113.454330 5.281333 -6.453868
v 113.454330 12.046925 -6.453867
v 120.864540 -1.523363 -6.453870
v 117.159431 -1.523363 -6.453870
v 117.159431 5.281333 -6.453868
v 117.159431 32.421909 -6.453864
v 120.864540 32.421909 -6.453864
v 120.864540 -1.523363 -6.453870
v 106.065414 25.617210 -6.453866
v 109.770523 25.617210 -6.453866
v 109.770523 18.851624 -6.453866
v 102.381599 32.421909 -6.453864
v 106.065414 32.421909 -6.453864
v 106.065414 25.617210 -6.453866
v 106.065414 18.851624 -6.453866
v 106.065414 -1.523363 -6.453870
v 102.381599 32.421909 -6.453864
v 117.159431 12.046925 -6.453867
v 117.159431 32.421909 -6.453864
v 120.864540 -1.523363 -6.453870
v 106.065414 18.851624 -6.453866
v 102.381599 32.421909 -6.453864
v 106.065414 25.617210 -6.453866
v 117.159431 12.046925 -6.453867
v 120.864540 -1.523363 -6.453870
v 117.159431 5.281333 -6.453868
v 106.065414 18.851624 -6.453866
v 106.065414 25.617210 -6.453866
v 109.770523 18.851624 -6.453866
v 117.159431 12.046925 -6.453867
v 117.159431 5.281333 -6.453868
v 113.454330 12.046925 -6.453867
v 113.454330 12.046925 -6.453867
v 109.770523 12.046925 -6.453867
v 109.770523 18.851624 -6.453866
v 109.770523 18.851624 -6.453866
v 113.454330 18.851624 -6.453866
v 113.454330 12.046925 -6.453867
v 102.381599 32.421906 4.192989
v 102.381599 -1.523365 4.192983
v 106.065414 -1.523365 4.192983
v 113.454330 12.046923 4.192986
v 113.454330 5.281331 4.192985
v 117.159431 5.281331 4.192985
v 117.159431 5.281331 4.192985
v 117.159431 -1.523365 4.192983
v 120.864540 -1.523365 4.192983
v 120.864540 -1.523365 4.192983
v 120.864540 32.421906 4.192989
v 117.159431 32.421906 4.192989
v 109.770523 18.851622 4.192986
v 109.770523 25.617210 4.192987
v 106.065414 25.617210 4.192987
v 106.065414 25.617210 4.192987
v 106.065414 32.421906 4.192989
v 102.381599 32.421906 4.192989
v 102.381599 32.421906 4.192989
v 106.065414 -1.523365 4.192983
v 106.065414 18.851622 4.192986
v 120.864540 -1.523365 4.192983
v 117.159431 32.421906 4.192989
v 117.159431 12.046923 4.192986
v 106.065414 25.617210 4.192987
v 102.381599 32.421906 4.192989
v 106.065414 18.851622 4.192986
v 117.159431 5.281331 4.192985
v 120.864540 -1.523365 4.192983
v 117.159431 12.046923 4.192986
v 109.770523 18.851622 4.192986
v 106.065414 25.617210 4.192987
v 106.065414 18.851622 4.192986
v 113.454330 12.046923 4.192986
v 117.159431 5.281331 4.192985
v 117.159431 12.046923 4.192986
v 109.770523 18.851622 4.192986
v 109.770523 12.046923 4.192986
v 113.454330 12.046923 4.192986
v 113.454330 12.046923 4.192986
v 113.454330 18.851622 4.192986
v 109.770523 18.851622 4.192986
v 106.370995 -2.084581 -6.352565
v 106.370995 18.290405 -6.352561
v 106.630051 -2.560356 -6.064071
v 106.370995 18.290405 -6.352561
v 106.630051 17.814629 -6.064067
v 106.630051 -2.560356 -6.064071
v 106.630051 -2.560356 -6.064071
v 106.630051 17.814629 -6.064067
v 106.803146 -2.878263 -5.632311
v 106.803146 -2.878263 -5.632311
v 106.803146 17.496725 -5.632308
v 106.863930 -2.989897 -5.123014
v 106.803146 17.496725 -5.632308
v 106.863930 17.385090 -5.123011
v 106.863930 -2.989897 -5.123014
v 106.863930 -2.989897 -5.123014
v 106.863930 17.385090 -5.123011
v 106.863930 -2.989897 2.862126
v 106.863930 17.385090 -5.123011
v 106.863930 17.385090 2.862129
v 106.863930 -2.989897 2.862126
v 106.863930 -2.989897 2.862126
v 106.863930 17.385090 2.862129
v 106.803146 -2.878263 3.371423
v 106.863930 17.385090 2.862129
v 106.803146 17.496723 3.371426
v 106.803146 -2.878263 3.371423
v 106.803146 -2.878263 3.371423
v 106.803146 17.496723 3.371426
v 106.630051 -2.560358 3.803183
v 106.630051 -2.560358 3.803183
v 106.630051 17.814627 3.803186
v 106.370995 -2.084583 4.091677
v 106.630051 17.814627 3.803186
v 106.370995 18.290405 4.091681
v 106.370995 -2.084583 4.091677
v 106.370995 -2.084583 4.091677
v 106.370995 18.290405 4.091681
v 106.065414 -1.523365 4.192983
v 106.370995 18.290405 4.091681
v 106.065414 18.851622 4.192986
v 106.065414 -1.523365 4.192983
v 106.065414 18.851624 -6.453866
v 109.770523 18.851624 -6.453866
v 106.370995 18.290405 -6.352561
v 109.770523 18.851624 -6.453866
v 109.464943 18.290405 -6.352561
v 106.370995 18.290405 -6.352561
v 106.370995 18.290405 -6.352561
v 109.464943 18.290405 -6.352561
v 106.630051 17.814629 -6.064067
v 109.464943 18.290405 -6.352561
v 109.205887 17.814629 -6.064067
v 106.630051 17.814629 -6.064067
v 106.630051 17.814629 -6.064067
v 109.205887 17.814629 -6.064067
v 106.803146 17.496725 -5.632308
v 109.205887 17.814629 -6.064067
v 109.032791 17.496725 -5.632308
v 106.803146 17.496725 -5.632308
v 106.803146 17.496725 -5.632308
v 109.032791 17.496725 -5.632308
v 106.863930 17.385090 -5.123011
v 109.032791 17.496725 -5.632308
v 108.972008 17.385090 -5.123011
v 106.863930 17.385090 -5.123011
v 106.863930 17.385090 -5.123011
v 108.972008 17.385090 -5.123011
v 106.863930 17.385090 2.862129
v 108.972008 17.385090 -5.123011
v 108.972008 17.385090 2.862129
v 106.863930 17.385090 2.862129
v 106.863930 17.385090 2.862129
v 108.972008 17.385090 2.862129
v 106.803146 17.496723 3.371426
v 108.972008 17.385090 2.862129
v 109.032791 17.496723 3.371426
v 106.803146 17.496723 3.371426
v 106.803146 17.496723 3.371426
v 109.032791 17.496723 3.371426
v 106.630051 17.814627 3.803186
v 109.032791 17.496723 3.371426
v 109.205887 17.814627 3.803186
v 106.630051 17.814627 3.803186
v 106.630051 17.814627 3.803186
v 109.205887 17.814627 3.803186
v 106.370995 18.290405 4.091681
v 109.205887 17.814627 3.803186
v 109.464943 18.290405 4.091681
v 106.370995 18.290405 4.091681
v 106.370995 18.290405 4.091681
v 109.464943 18.290405 4.091681
v 106.065414 18.851622 4.192986
v 109.464943 18.290405 4.091681
v 109.770523 18.851622 4.192986
v 106.065414 18.851622 4.192986
v 109.770523 18.851624 -6.453866
v 109.770523 12.046925 -6.453867
v 109.464943 18.290405 -6.352561
v 109.770523 12.046925 -6.453867
v 109.464943 11.485708 -6.352562
v 109.464943 18.290405 -6.352561
v 109.464943 18.290405 -6.352561
v 109.464943 11.485708 -6.352562
v 109.205887 17.814629 -6.064067
v 109.464943 11.485708 -6.352562
v 109.205887 11.009930 -6.064069
v 109.205887 17.814629 -6.064067
v 109.205887 17.814629 -6.064067
v 109.205887 11.009930 -6.064069
v 109.032791 17.496725 -5.632308
v 109.205887 11.009930 -6.064069
v 109.032791 10.692026 -5.632309
v 109.032791 17.496725 -5.632308
v 109.032791 17.496725 -5.632308
v 109.032791 10.692026 -5.632309
v 108.972008 17.385090 -5.123011
v 109.032791 10.692026 -5.632309
v 108.972008 10.580395 -5.123012
v 108.972008 17.385090 -5.123011
v 108.972008 17.385090 -5.123011
v 108.972008 10.580395 -5.123012
v 108.972008 17.385090 2.862129
v 108.972008 10.580395 -5.123012
v 108.972008 10.580393 2.862128
v 108.972008 17.385090 2.862129
v 108.972008 17.385090 2.862129
v 108.972008 10.580393 2.862128
v 109.032791 17.496723 3.371426
v 108.972008 10.580393 2.862128
v 109.032791 10.692025 3.371425
v 109.032791 17.496723 3.371426
v 109.032791 17.496723 3.371426
v 109.032791 10.692025 3.371425
v 109.205887 17.814627 3.803186
v 109.032791 10.692025 3.371425
v 109.205887 11.009929 3.803185
v 109.205887 17.814627 3.803186
v 109.205887 17.814627 3.803186
v 109.205887 11.009929 3.803185
v 109.464943 18.290405 4.091681
v 109.205887 11.009929 3.803185
v 109.464943 11.485706 4.091680
v 109.464943 18.290405 4.091681
v 109.464943 18.290405 4.091681
v 109.464943 11.485706 4.091680
v 109.770523 18.851622 4.192986
v 109.464943 11.485706 4.091680
v 109.770523 12.046923 4.192986
v 109.770523 18.851622 4.192986
v 109.770523 12.046925 -6.453867
v 113.454330 12.046925 -6.453867
v 109.464943 11.485708 -6.352562
v 113.454330 12.046925 -6.453867
v 113.148750 11.485708 -6.352562
v 109.464943 11.485708 -6.352562
v 109.464943 11.485708 -6.352562
v 113.148750 11.485708 -6.352562
v 109.205887 11.009930 -6.064069
v 113.148750 11.485708 -6.352562
v 112.889694 11.009930 -6.064069
v 109.205887 11.009930 -6.064069
v 109.205887 11.009930 -6.064069
v 112.889694 11.009930 -6.064069
v 109.032791 10.692026 -5.632309
v 112.889694 11.009930 -6.064069
v 112.716599 10.692026 -5.632309
v 109.032791 10.692026 -5.632309
v 109.032791 10.692026 -5.632309
v 112.716599 10.692026 -5.632309
v 108.972008 10.580395 -5.123012
v 112.716599 10.692026 -5.632309
v 112.655815 10.580395 -5.123012
v 108.972008 10.580395 -5.123012
v 108.972008 10.580395 -5.123012
v 112.655815 10.580395 -5.123012
v 108.972008 10.580393 2.862128
v 112.655815 10.580395 -5.123012
v 112.655815 10.580393 2.862128
v 108.972008 10.580393 2.862128
v 108.972008 10.580393 2.862128
v 112.655815 10.580393 2.862128
v 109.032791 10.692025 3.371425
v 112.655815 10.580393 2.862128
v 112.716599 10.692025 3.371425
v 109.032791 10.692025 3.371425
v 109.032791 10.692025 3.371425
v 112.716599 10.692025 3.371425
v 109.205887 11.009929 3.803185
v 112.716599 10.692025 3.371425
v 112.889694 11.009929 3.803185
v 109.205887 11.009929 3.803185
v 109.205887 11.009929 3.803185
v 112.889694 11.009929 3.803185
v 109.464943 11.485706 4.091680
v 112.889694 11.009929 3.803185
v 113.148750 11.485706 4.091680
v 109.464943 11.485706 4.091680
v 109.464943 11.485706 4.091680
v 113.148750 11.485706 4.091680
v 109.770523 12.046923 4.192986
v 113.148750 11.485706 4.091680
v 113.454330 12.046923 4.192986
v 109.770523 12.046923 4.192986
v 113.454330 12.046925 -6.453867
v 113.454330 5.281333 -6.453868
v 113.148750 11.485708 -6.352562
v 113.454330 5.281333 -6.453868
v 113.148750 4.720118 -6.352564
v 113.148750 11.485708 -6.352562
v 113.148750 11.485708 -6.352562
v 113.148750 4.720118 -6.352564
v 112.889694 11.009930 -6.064069
v 113.148750 4.720118 -6.352564
v 112.889694 4.244340 -6.064070
v 112.889694 11.009930 -6.064069
v 112.889694 11.009930 -6.064069
v 112.889694 4.244340 -6.064070
v 112.716599 10.692026 -5.632309
v 112.889694 4.244340 -6.064070
v 112.716599 3.926436 -5.632310
v 112.716599 10.692026 -5.632309
v 112.716599 10.692026 -5.632309
v 112.716599 3.926436 -5.632310
v 112.655815 10.580395 -5.123012
v 112.716599 3.926436 -5.632310
v 112.655815 3.814802 -5.123013
v 112.655815 10.580395 -5.123012
v 112.655815 10.580395 -5.123012
v 112.655815 3.814802 -5.123013
v 112.655815 10.580393 2.862128
v 112.655815 3.814802 -5.123013
v 112.655815 3.814801 2.862127
v 112.655815 10.580393 2.862128
v 112.655815 3.814801 2.862127
v 112.716599 3.926435 3.371424
v 112.716599 10.692025 3.371425
v 112.716599 3.926435 3.371424
v 112.889694 4.244338 3.803184
v 112.889694 11.009929 3.803185
v 112.889694 11.009929 3.803185
v 112.889694 4.244338 3.803184
v 113.148750 11.485706 4.091680
v 112.889694 4.244338 3.803184
v 113.148750 4.720116 4.091678
v 113.148750 11.485706 4.091680
v 113.148750 11.485706 4.091680
v 113.148750 4.720116 4.091678
v 113.454330 12.046923 4.192986
v 113.148750 4.720116 4.091678
v 113.454330 5.281331 4.192985
v 113.454330 12.046923 4.192986
v 113.454330 5.281333 -6.453868
v 117.159431 5.281333 -6.453868
v 113.148750 4.720118 -6.352564
v 113.148750 4.720118 -6.352564
v 116.853859 4.720118 -6.352564
v 112.889694 4.244340 -6.064070
v 116.853859 4.720118 -6.352564
v 116.594803 4.244340 -6.064070
v 112.889694 4.244340 -6.064070
v 112.889694 4.244340 -6.064070
v 116.594803 4.244340 -6.064070
v 112.716599 3.926436 -5.632310
v 116.594803 4.244340 -6.064070
v 116.421707 3.926436 -5.632310
v 112.716599 3.926436 -5.632310
v 112.716599 3.926436 -5.632310
v 116.421707 3.926436 -5.632310
v 112.655815 3.814802 -5.123013
v 116.421707 3.926436 -5.632310
v 116.360916 3.814802 -5.123013
v 112.655815 3.814802 -5.123013
v 112.655815 3.814802 -5.123013
v 116.360916 3.814802 -5.123013
v 112.655815 3.814801 2.862127
v 116.360916 3.814802 -5.123013
v 116.360916 3.814801 2.862127
v 112.655815 3.814801 2.862127
v 112.655815 3.814801 2.862127
v 116.360916 3.814801 2.862127
v 112.716599 3.926435 3.371424
v 116.360916 3.814801 2.862127
v 116.421707 3.926435 3.371424
v 112.716599 3.926435 3.371424
v 112.716599 3.926435 3.371424
v 116.421707 3.926435 3.371424
v 112.889694 4.244338 3.803184
v 116.421707 3.926435 3.371424
v 116.594803 4.244338 3.803184
v 112.889694 4.244338 3.803184
v 112.889694 4.244338 3.803184
v 116.594803 4.244338 3.803184
v 113.148750 4.720116 4.091678
v 116.594803 4.244338 3.803184
v 116.853859 4.720116 4.091678
v 113.148750 4.720116 4.091678
v 113.148750 4.720116 4.091678
v 116.853859 4.720116 4.091678
v 113.454330 5.281331 4.192985
v 116.853859 4.720116 4.091678
v 117.159431 5.281331 4.192985
v 113.454330 5.281331 4.192985
v 117.159431 5.281333 -6.453868
v 117.159431 -1.523363 -6.453870
v 116.853859 4.720118 -6.352564
v 117.159431 -1.523363 -6.453870
v 116.853859 -2.084581 -6.352565
v 116.853859 4.720118 -6.352564
v 116.853859 4.720118 -6.352564
v 116.853859 -2.084581 -6.352565
v 116.594803 4.244340 -6.064070
v 116.853859 -2.084581 -6.352565
v 116.594803 -2.560356 -6.064071
v 116.594803 4.244340 -6.064070
v 116.594803 4.244340 -6.064070
v 116.594803 -2.560356 -6.064071
v 116.421707 3.926436 -5.632310
v 116.594803 -2.560356 -6.064071
v 116.421707 -2.878263 -5.632311
v 116.421707 3.926436 -5.632310
v 116.421707 3.926436 -5.632310
v 116.421707 -2.878263 -5.632311
v 116.360916 3.814802 -5.123013
v 116.421707 -2.878263 -5.632311
v 116.360916 -2.989897 -5.123014
v 116.360916 3.814802 -5.123013
v 116.360916 3.814802 -5.123013
v 116.360916 -2.989897 -5.123014
v 116.360916 3.814801 2.862127
v 116.360916 -2.989897 -5.123014
v 116.360916 -2.989897 2.862126
v 116.360916 3.814801 2.862127
v 116.360916 3.814801 2.862127
v 116.360916 -2.989897 2.862126
v 116.421707 3.926435 3.371424
v 116.360916 -2.989897 2.862126
v 116.421707 -2.878263 3.371423
v 116.421707 3.926435 3.371424
v 116.421707 3.926435 3.371424
v 116.421707 -2.878263 3.371423
v 116.594803 4.244338 3.803184
v 116.421707 -2.878263 3.371423
v 116.594803 -2.560358 3.803183
v 116.594803 4.244338 3.803184
v 116.594803 4.244338 3.803184
v 116.594803 -2.560358 3.803183
v 116.853859 4.720116 4.091678
v 116.594803 -2.560358 3.803183
v 116.853859 -2.084583 4.091677
v 116.853859 4.720116 4.091678
v 116.853859 4.720116 4.091678
v 116.853859 -2.084583 4.091677
v 117.159431 5.281331 4.192985
v 116.853859 -2.084583 4.091677
v 117.159431 -1.523365 4.192983
v 117.159431 5.281331 4.192985
v 117.159431 -1.523363 -6.453870
v 120.864540 -1.523363 -6.453870
v 116.853859 -2.084581 -6.352565
v 120.864540 -1.523363 -6.453870
v 121.170120 -2.084581 -6.352565
v 116.853859 -2.084581 -6.352565
v 116.853859 -2.084581 -6.352565
v 121.170120 -2.084581 -6.352565
v 116.594803 -2.560356 -6.064071
v 116.594803 -2.560356 -6.064071
v 121.429169 -2.560356 -6.064071
v 116.421707 -2.878263 -5.632311
v 121.429169 -2.560356 -6.064071
v 121.602272 -2.878263 -5.632311
v 116.421707 -2.878263 -5.632311
v 116.421707 -2.878263 -5.632311
v 121.602272 -2.878263 -5.632311
v 116.360916 -2.989897 -5.123014
v 121.602272 -2.878263 -5.632311
v 121.663055 -2.989897 -5.123014
v 116.360916 -2.989897 -5.123014
v 116.360916 -2.989897 -5.123014
v 121.663055 -2.989897 -5.123014
v 116.360916 -2.989897 2.862126
v 121.663055 -2.989897 -5.123014
v 121.663055 -2.989897 2.862126
v 116.360916 -2.989897 2.862126
v 116.360916 -2.989897 2.862126
v 121.663055 -2.989897 2.862126
v 116.421707 -2.878263 3.371423
v 121.663055 -2.989897 2.862126
v 121.602272 -2.878263 3.371423
v 116.421707 -2.878263 3.371423
v 116.421707 -2.878263 3.371423
v 121.602272 -2.878263 3.371423
v 116.594803 -2.560358 3.803183
v 121.602272 -2.878263 3.371423
v 121.429169 -2.560358 3.803183
v 116.594803 -2.560358 3.803183
v 121.429169 -2.560358 3.803183
v 121.170120 -2.084583 4.091677
v 116.853859 -2.084583 4.091677
v 116.853859 -2.084583 4.091677
v 121.170120 -2.084583 4.091677
v 117.159431 -1.523365 4.192983
v 121.170120 -2.084583 4.091677
v 120.864540 -1.523365 4.192983
v 117.159431 -1.523365 4.192983
v 120.864540 -1.523363 -6.453870
v 120.864540 32.421909 -6.453864
v 121.170120 -2.084581 -6.352565
v 120.864540 32.421909 -6.453864
v 121.170120 32.983124 -6.352559
v 121.170120 -2.084581 -6.352565
v 121.170120 -2.084581 -6.352565
v 121.170120 32.983124 -6.352559
v 121.429169 -2.560356 -6.064071
v 121.170120 32.983124 -6.352559
v 121.429169 33.458904 -6.064065
v 121.429169 -2.560356 -6.064071
v 121.429169 -2.560356 -6.064071
v 121.429169 33.458904 -6.064065
v 121.602272 -2.878263 -5.632311
v 121.429169 33.458904 -6.064065
v 121.602272 33.776806 -5.632305
v 121.602272 -2.878263 -5.632311
v 121.602272 -2.878263 -5.632311
v 121.602272 33.776806 -5.632305
v 121.663055 -2.989897 -5.123014
v 121.602272 33.776806 -5.632305
v 121.663055 33.888439 -5.123008
v 121.663055 -2.989897 -5.123014
v 121.663055 -2.989897 -5.123014
v 121.663055 33.888439 -5.123008
v 121.663055 -2.989897 2.862126
v 121.663055 33.888439 -5.123008
v 121.663055 33.888439 2.862132
v 121.663055 -2.989897 2.862126
v 121.663055 -2.989897 2.862126
v 121.663055 33.888439 2.862132
v 121.602272 -2.878263 3.371423
v 121.663055 33.888439 2.862132
v 121.602272 33.776806 3.371429
v 121.602272 -2.878263 3.371423
v 121.602272 -2.878263 3.371423
v 121.602272 33.776806 3.371429
v 121.429169 -2.560358 3.803183
v 121.602272 33.776806 3.371429
v 121.429169 33.458900 3.803189
v 121.429169 -2.560358 3.803183
v 121.429169 -2.560358 3.803183
v 121.429169 33.458900 3.803189
v 121.170120 -2.084583 4.091677
v 121.429169 33.458900 3.803189
v 121.170120 32.983124 4.091683
v 121.170120 -2.084583 4.091677
v 121.170120 -2.084583 4.091677
v 121.170120 32.983124 4.091683
v 120.864540 -1.523365 4.192983
v 121.170120 32.983124 4.091683
v 120.864540 32.421906 4.192989
v 120.864540 -1.523365 4.192983
v 120.864540 32.421909 -6.453864
v 117.159431 32.421909 -6.453864
v 121.170120 32.983124 -6.352559
v 117.159431 32.421909 -6.453864
v 116.853859 32.983124 -6.352559
v 121.170120 32.983124 -6.352559
v 121.170120 32.983124 -6.352559
v 116.853859 32.983124 -6.352559
v 121.429169 33.458904 -6.064065
v 116.853859 32.983124 -6.352559
v 116.594803 33.458904 -6.064065
v 121.429169 33.458904 -6.064065
v 121.429169 33.458904 -6.064065
v 116.594803 33.458904 -6.064065
v 121.602272 33.776806 -5.632305
v 116.594803 33.458904 -6.064065
v 116.421707 33.776806 -5.632305
v 121.602272 33.776806 -5.632305
v 121.602272 33.776806 -5.632305
v 116.421707 33.776806 -5.632305
v 121.663055 33.888439 -5.123008
v 116.421707 33.776806 -5.632305
v 116.360916 33.888439 -5.123008
v 121.663055 33.888439 -5.123008
v 121.663055 33.888439 -5.123008
v 116.360916 33.888439 -5.123008
v 121.663055 33.888439 2.862132
v 116.360916 33.888439 -5.123008
v 116.360916 33.888439 2.862132
v 121.663055 33.888439 2.862132
v 121.663055 33.888439 2.862132
v 116.360916 33.888439 2.862132
v 121.602272 33.776806 3.371429
v 116.360916 33.888439 2.862132
v 116.421707 33.776806 3.371429
v 121.602272 33.776806 3.371429
v 121.602272 33.776806 3.371429
v 116.421707 33.776806 3.371429
v 121.429169 33.458900 3.803189
v 116.421707 33.776806 3.371429
v 116.594803 33.458900 3.803189
v 121.429169 33.458900 3.803189
v 121.429169 33.458900 3.803189
v 116.594803 33.458900 3.803189
v 121.170120 32.983124 4.091683
v 116.594803 33.458900 3.803189
v 116.853859 32.983124 4.091683
v 121.170120 32.983124 4.091683
v 121.170120 32.983124 4.091683
v 116.853859 32.983124 4.091683
v 120.864540 32.421906 4.192989
v 116.853859 32.983124 4.091683
v 117.159431 32.421906 4.192989
v 120.864540 32.421906 4.192989
v 117.159431 32.421909 -6.453864
v 117.159431 12.046925 -6.453867
v 116.853859 32.983124 -6.352559
v 117.159431 12.046925 -6.453867
v 116.853859 12.608141 -6.352562
v 116.853859 32.983124 -6.352559
v 116.853859 32.983124 -6.352559
v 116.853859 12.608141 -6.352562
v 116.594803 33.458904 -6.064065
v 116.853859 12.608141 -6.352562
v 116.594803 13.083916 -6.064068
v 116.594803 33.458904 -6.064065
v 116.594803 33.458904 -6.064065
v 116.594803 13.083916 -6.064068
v 116.421707 33.776806 -5.632305
v 116.594803 13.083916 -6.064068
v 116.421707 13.401819 -5.632308
v 116.421707 33.776806 -5.632305
v 116.421707 33.776806 -5.632305
v 116.421707 13.401819 -5.632308
v 116.360916 33.888439 -5.123008
v 116.421707 13.401819 -5.632308
v 116.360916 13.513452 -5.123012
v 116.360916 33.888439 -5.123008
v 116.360916 33.888439 -5.123008
v 116.360916 13.513452 -5.123012
v 116.360916 33.888439 2.862132
v 116.360916 13.513452 -5.123012
v 116.360916 13.513451 2.862129
v 116.360916 33.888439 2.862132
v 116.360916 33.888439 2.862132
v 116.360916 13.513451 2.862129
v 116.421707 33.776806 3.371429
v 116.360916 13.513451 2.862129
v 116.421707 13.401818 3.371426
v 116.421707 33.776806 3.371429
v 116.421707 33.776806 3.371429
v 116.421707 13.401818 3.371426
v 116.594803 33.458900 3.803189
v 116.421707 13.401818 3.371426
v 116.594803 13.083914 3.803185
v 116.594803 33.458900 3.803189
v 116.594803 33.458900 3.803189
v 116.594803 13.083914 3.803185
v 116.853859 32.983124 4.091683
v 116.594803 13.083914 3.803185
v 116.853859 12.608139 4.091680
v 116.853859 32.983124 4.091683
v 116.853859 32.983124 4.091683
v 116.853859 12.608139 4.091680
v 117.159431 32.421906 4.192989
v 116.853859 12.608139 4.091680
v 117.159431 12.046923 4.192986
v 117.159431 32.421906 4.192989
v 117.159431 12.046925 -6.453867
v 113.454330 12.046925 -6.453867
v 116.853859 12.608141 -6.352562
v 113.454330 12.046925 -6.453867
v 113.759911 12.608141 -6.352562
v 116.853859 12.608141 -6.352562
v 116.853859 12.608141 -6.352562
v 113.759911 12.608141 -6.352562
v 116.594803 13.083916 -6.064068
v 113.759911 12.608141 -6.352562
v 114.018967 13.083916 -6.064068
v 116.594803 13.083916 -6.064068
v 116.594803 13.083916 -6.064068
v 114.018967 13.083916 -6.064068
v 116.421707 13.401819 -5.632308
v 114.018967 13.083916 -6.064068
v 114.192062 13.401819 -5.632308
v 116.421707 13.401819 -5.632308
v 116.421707 13.401819 -5.632308
v 114.192062 13.401819 -5.632308
v 116.360916 13.513452 -5.123012
v 114.192062 13.401819 -5.632308
v 114.252846 13.513452 -5.123012
v 116.360916 13.513452 -5.123012
v 116.360916 13.513452 -5.123012
v 114.252846 13.513452 -5.123012
v 116.360916 13.513451 2.862129
v 114.252846 13.513452 -5.123012
v 114.252846 13.513451 2.862129
v 116.360916 13.513451 2.862129
v 116.360916 13.513451 2.862129
v 114.252846 13.513451 2.862129
v 116.421707 13.401818 3.371426
v 114.252846 13.513451 2.862129
v 114.192062 13.401818 3.371426
v 116.421707 13.401818 3.371426
v 116.421707 13.401818 3.371426
v 114.192062 13.401818 3.371426
v 116.594803 13.083914 3.803185
v 114.192062 13.401818 3.371426
v 114.018967 13.083914 3.803185
v 116.594803 13.083914 3.803185
v 116.594803 13.083914 3.803185
v 114.018967 13.083914 3.803185
v 116.853859 12.608139 4.091680
v 114.018967 13.083914 3.803185
v 113.759911 12.608139 4.091680
v 116.853859 12.608139 4.091680
v 116.853859 12.608139 4.091680
v 113.759911 12.608139 4.091680
v 117.159431 12.046923 4.192986
v 113.759911 12.608139 4.091680
v 113.454330 12.046923 4.192986
v 117.159431 12.046923 4.192986
v 113.454330 12.046925 -6.453867
v 113.454330 18.851624 -6.453866
v 113.759911 12.608141 -6.352562
v 113.454330 18.851624 -6.453866
v 113.759911 19.412838 -6.352561
v 113.759911 12.608141 -6.352562
v 113.759911 12.608141 -6.352562
v 113.759911 19.412838 -6.352561
v 114.018967 13.083916 -6.064068
v 113.759911 19.412838 -6.352561
v 114.018967 19.888615 -6.064067
v 114.018967 13.083916 -6.064068
v 114.018967 13.083916 -6.064068
v 114.018967 19.888615 -6.064067
v 114.192062 13.401819 -5.632308
v 114.018967 19.888615 -6.064067
v 114.192062 20.206518 -5.632307
v 114.192062 13.401819 -5.632308
v 114.192062 13.401819 -5.632308
v 114.192062 20.206518 -5.632307
v 114.252846 13.513452 -5.123012
v 114.192062 20.206518 -5.632307
v 114.252846 20.318150 -5.123010
v 114.252846 13.513452 -5.123012
v 114.252846 13.513452 -5.123012
v 114.252846 20.318150 -5.123010
v 114.252846 13.513451 2.862129
v 114.252846 20.318150 -5.123010
v 114.252846 20.318150 2.862130
v 114.252846 13.513451 2.862129
v 114.252846 13.513451 2.862129
v 114.252846 20.318150 2.862130
v 114.192062 13.401818 3.371426
v 114.252846 20.318150 2.862130
v 114.192062 20.206516 3.371427
v 114.192062 13.401818 3.371426
v 114.192062 13.401818 3.371426
v 114.192062 20.206516 3.371427
v 114.018967 13.083914 3.803185
v 114.192062 20.206516 3.371427
v 114.018967 19.888613 3.803187
v 114.018967 13.083914 3.803185
v 114.018967 13.083914 3.803185
v 114.018967 19.888613 3.803187
v 113.759911 12.608139 4.091680
v 114.018967 19.888613 3.803187
v 113.759911 19.412836 4.091681
v 113.759911 12.608139 4.091680
v 113.759911 12.608139 4.091680
v 113.759911 19.412836 4.091681
v 113.454330 12.046923 4.192986
v 113.759911 19.412836 4.091681
v 113.454330 18.851622 4.192986
v 113.454330 12.046923 4.192986
v 113.454330 18.851624 -6.453866
v 109.770523 18.851624 -6.453866
v 113.759911 19.412838 -6.352561
v 109.770523 18.851624 -6.453866
v 110.076096 19.412838 -6.352561
v 113.759911 19.412838 -6.352561
v 113.759911 19.412838 -6.352561
v 110.076096 19.412838 -6.352561
v 114.018967 19.888615 -6.064067
v 110.076096 19.412838 -6.352561
v 110.335152 19.888615 -6.064067
v 114.018967 19.888615 -6.064067
v 114.018967 19.888615 -6.064067
v 110.335152 19.888615 -6.064067
v 114.192062 20.206518 -5.632307
v 110.335152 19.888615 -6.064067
v 110.508247 20.206518 -5.632307
v 114.192062 20.206518 -5.632307
v 114.192062 20.206518 -5.632307
v 110.508247 20.206518 -5.632307
v 114.252846 20.318150 -5.123010
v 110.508247 20.206518 -5.632307
v 110.569031 20.318150 -5.123010
v 114.252846 20.318150 -5.123010
v 114.252846 20.318150 -5.123010
v 110.569031 20.318150 -5.123010
v 114.252846 20.318150 2.862130
v 110.569031 20.318150 -5.123010
v 110.569031 20.318150 2.862130
v 114.252846 20.318150 2.862130
v 114.252846 20.318150 2.862130
v 110.569031 20.318150 2.862130
v 114.192062 20.206516 3.371427
v 110.569031 20.318150 2.862130
v 110.508247 20.206516 3.371427
v 114.192062 20.206516 3.371427
v 114.192062 20.206516 3.371427
v 110.508247 20.206516 3.371427
v 114.018967 19.888613 3.803187
v 110.508247 20.206516 3.371427
v 110.335152 19.888613 3.803187
v 114.018967 19.888613 3.803187
v 114.018967 19.888613 3.803187
v 110.335152 19.888613 3.803187
v 113.759911 19.412836 4.091681
v 110.335152 19.888613 3.803187
v 110.076096 19.412836 4.091681
v 113.759911 19.412836 4.091681
v 113.759911 19.412836 4.091681
v 110.076096 19.412836 4.091681
v 113.454330 18.851622 4.192986
v 110.076096 19.412836 4.091681
v 109.770523 18.851622 4.192986
v 113.454330 18.851622 4.192986
v 109.770523 18.851624 -6.453866
v 109.770523 25.617210 -6.453866
v 110.076096 19.412838 -6.352561
v 109.770523 25.617210 -6.453866
v 110.076096 26.178429 -6.352560
v 110.076096 19.412838 -6.352561
v 110.076096 19.412838 -6.352561
v 110.076096 26.178429 -6.352560
v 110.335152 19.888615 -6.064067
v 110.076096 26.178429 -6.352560
v 110.335152 26.654203 -6.064066
v 110.335152 19.888615 -6.064067
v 110.335152 19.888615 -6.064067
v 110.335152 26.654203 -6.064066
v 110.508247 20.206518 -5.632307
v 110.335152 26.654203 -6.064066
v 110.508247 26.972109 -5.632306
v 110.508247 20.206518 -5.632307
v 110.508247 20.206518 -5.632307
v 110.508247 26.972109 -5.632306
v 110.569031 20.318150 -5.123010
v 110.508247 26.972109 -5.632306
v 110.569031 27.083740 -5.123009
v 110.569031 20.318150 -5.123010
v 110.569031 20.318150 -5.123010
v 110.569031 27.083740 -5.123009
v 110.569031 20.318150 2.862130
v 110.569031 27.083740 -5.123009
v 110.569031 27.083740 2.862131
v 110.569031 20.318150 2.862130
v 110.569031 20.318150 2.862130
v 110.569031 27.083740 2.862131
v 110.508247 20.206516 3.371427
v 110.569031 27.083740 2.862131
v 110.508247 26.972107 3.371428
v 110.508247 20.206516 3.371427
v 110.508247 20.206516 3.371427
v 110.508247 26.972107 3.371428
v 110.335152 19.888613 3.803187
v 110.508247 26.972107 3.371428
v 110.335152 26.654202 3.803188
v 110.335152 19.888613 3.803187
v 110.335152 19.888613 3.803187
v 110.335152 26.654202 3.803188
v 110.076096 19.412836 4.091681
v 110.335152 26.654202 3.803188
v 110.076096 26.178429 4.091682
v 110.076096 19.412836 4.091681
v 110.076096 19.412836 4.091681
v 110.076096 26.178429 4.091682
v 109.770523 18.851622 4.192986
v 110.076096 26.178429 4.091682
v 109.770523 25.617210 4.192987
v 109.770523 18.851622 4.192986
v 109.770523 25.617210 -6.453866
v 106.065414 25.617210 -6.453866
v 110.076096 26.178429 -6.352560
v 106.065414 25.617210 -6.453866
v 106.370995 26.178429 -6.352560
v 110.076096 26.178429 -6.352560
v 110.076096 26.178429 -6.352560
v 106.370995 26.178429 -6.352560
v 110.335152 26.654203 -6.064066
v 106.370995 26.178429 -6.352560
v 106.630051 26.654203 -6.064066
v 110.335152 26.654203 -6.064066
v 110.335152 26.654203 -6.064066
v 106.630051 26.654203 -6.064066
v 110.508247 26.972109 -5.632306
v 106.630051 26.654203 -6.064066
v 106.803146 26.972109 -5.632306
v 110.508247 26.972109 -5.632306
v 110.508247 26.972109 -5.632306
v 106.803146 26.972109 -5.632306
v 110.569031 27.083740 -5.123009
v 106.803146 26.972109 -5.632306
v 106.863930 27.083740 -5.123009
v 110.569031 27.083740 -5.123009
v 110.569031 27.083740 -5.123009
v 106.863930 27.083740 -5.123009
v 110.569031 27.083740 2.862131
v 106.863930 27.083740 -5.123009
v 106.863930 27.083740 2.862131
v 110.569031 27.083740 2.862131
v 110.569031 27.083740 2.862131
v 106.863930 27.083740 2.862131
v 110.508247 26.972107 3.371428
v 106.863930 27.083740 2.862131
v 106.803146 26.972107 3.371428
v 110.508247 26.972107 3.371428
v 110.508247 26.972107 3.371428
v 106.803146 26.972107 3.371428
v 110.335152 26.654202 3.803188
v 106.803146 26.972107 3.371428
v 106.630051 26.654202 3.803188
v 110.335152 26.654202 3.803188
v 110.335152 26.654202 3.803188
v 106.630051 26.654202 3.803188
v 110.076096 26.178429 4.091682
v 106.630051 26.654202 3.803188
v 106.370995 26.178429 4.091682
v 110.076096 26.178429 4.091682
v 110.076096 26.178429 4.091682
v 106.370995 26.178429 4.091682
v 109.770523 25.617210 4.192987
v 106.370995 26.178429 4.091682
v 106.065414 25.617210 4.192987
v 109.770523 25.617210 4.192987
v 106.065414 25.617210 -6.453866
v 106.065414 32.421909 -6.453864
v 106.370995 26.178429 -6.352560
v 106.065414 32.421909 -6.453864
v 106.370995 32.983124 -6.352559
v 106.370995 26.178429 -6.352560
v 106.370995 26.178429 -6.352560
v 106.370995 32.983124 -6.352559
v 106.630051 26.654203 -6.064066
v 106.370995 32.983124 -6.352559
v 106.630051 33.458904 -6.064065
v 106.630051 26.654203 -6.064066
v 106.630051 26.654203 -6.064066
v 106.630051 33.458904 -6.064065
v 106.803146 26.972109 -5.632306
v 106.630051 33.458904 -6.064065
v 106.803146 33.776806 -5.632305
v 106.803146 26.972109 -5.632306
v 106.803146 26.972109 -5.632306
v 106.803146 33.776806 -5.632305
v 106.863930 27.083740 -5.123009
v 106.803146 33.776806 -5.632305
v 106.863930 33.888439 -5.123008
v 106.863930 27.083740 -5.123009
v 106.863930 27.083740 -5.123009
v 106.863930 33.888439 -5.123008
v 106.863930 27.083740 2.862131
v 106.863930 33.888439 -5.123008
v 106.863930 33.888439 2.862132
v 106.863930 27.083740 2.862131
v 106.863930 27.083740 2.862131
v 106.863930 33.888439 2.862132
v 106.803146 26.972107 3.371428
v 106.863930 33.888439 2.862132
v 106.803146 33.776806 3.371429
v 106.803146 26.972107 3.371428
v 106.803146 26.972107 3.371428
v 106.803146 33.776806 3.371429
v 106.630051 26.654202 3.803188
v 106.803146 33.776806 3.371429
v 106.630051 33.458900 3.803189
v 106.630051 26.654202 3.803188
v 106.630051 26.654202 3.803188
v 106.630051 33.458900 3.803189
v 106.370995 26.178429 4.091682
v 106.630051 33.458900 3.803189
v 106.370995 32.983124 4.091683
v 106.370995 26.178429 4.091682
v 106.370995 26.178429 4.091682
v 106.370995 32.983124 4.091683
v 106.065414 25.617210 4.192987
v 106.370995 32.983124 4.091683
v 106.065414 32.421906 4.192989
v 106.065414 25.617210 4.192987
v 106.065414 32.421909 -6.453864
v 102.381599 32.421909 -6.453864
v 106.370995 32.983124 -6.352559
v 102.381599 32.421909 -6.453864
v 102.076027 32.983124 -6.352559
v 106.370995 32.983124 -6.352559
v 106.370995 32.983124 -6.352559
v 102.076027 32.983124 -6.352559
v 106.630051 33.458904 -6.064065
v 102.076027 32.983124 -6.352559
v 101.816971 33.458904 -6.064065
v 106.630051 33.458904 -6.064065
v 106.630051 33.458904 -6.064065
v 101.816971 33.458904 -6.064065
v 106.803146 33.776806 -5.632305
v 101.816971 33.458904 -6.064065
v 101.643875 33.776806 -5.632305
v 106.803146 33.776806 -5.632305
v 106.803146 33.776806 -5.632305
v 101.643875 33.776806 -5.632305
v 106.863930 33.888439 -5.123008
v 101.643875 33.776806 -5.632305
v 101.583092 33.888439 -5.123008
v 106.863930 33.888439 -5.123008
v 106.863930 33.888439 -5.123008
v 101.583092 33.888439 -5.123008
v 106.863930 33.888439 2.862132
v 101.583092 33.888439 -5.123008
v 101.583092 33.888439 2.862132
v 106.863930 33.888439 2.862132
v 106.863930 33.888439 2.862132
v 101.583092 33.888439 2.862132
v 106.803146 33.776806 3.371429
v 101.583092 33.888439 2.862132
v 101.643875 33.776806 3.371429
v 106.803146 33.776806 3.371429
v 106.803146 33.776806 3.371429
v 101.643875 33.776806 3.371429
v 106.630051 33.458900 3.803189
v 101.643875 33.776806 3.371429
v 101.816971 33.458900 3.803189
v 106.630051 33.458900 3.803189
v 106.630051 33.458900 3.803189
v 101.816971 33.458900 3.803189
v 106.370995 32.983124 4.091683
v 101.816971 33.458900 3.803189
v 102.076027 32.983124 4.091683
v 106.370995 32.983124 4.091683
v 106.370995 32.983124 4.091683
v 102.076027 32.983124 4.091683
v 106.065414 32.421906 4.192989
v 102.076027 32.983124 4.091683
v 102.381599 32.421906 4.192989
v 106.065414 32.421906 4.192989
v 102.381599 32.421909 -6.453864
v 102.381599 -1.523363 -6.453870
v 102.076027 32.983124 -6.352559
v 102.381599 -1.523363 -6.453870
v 102.076027 -2.084581 -6.352565
v 102.076027 32.983124 -6.352559
v 102.076027 32.983124 -6.352559
v 102.076027 -2.084581 -6.352565
v 101.816971 33.458904 -6.064065
v 102.076027 -2.084581 -6.352565
v 101.816971 -2.560356 -6.064071
v 101.816971 33.458904 -6.064065
v 101.816971 33.458904 -6.064065
v 101.816971 -2.560356 -6.064071
v 101.643875 33.776806 -5.632305
v 101.816971 -2.560356 -6.064071
v 101.643875 -2.878263 -5.632311
v 101.643875 33.776806 -5.632305
v 101.643875 33.776806 -5.632305
v 101.643875 -2.878263 -5.632311
v 101.583092 33.888439 -5.123008
v 101.583092 33.888439 -5.123008
v 101.583092 -2.989897 -5.123014
v 101.583092 33.888439 2.862132
v 101.583092 -2.989897 -5.123014
v 101.583092 -2.989897 2.862126
v 101.583092 33.888439 2.862132
v 101.583092 -2.989897 2.862126
v 101.643875 -2.878263 3.371423
v 101.643875 33.776806 3.371429
v 101.643875 33.776806 3.371429
v 101.643875 -2.878263 3.371423
v 101.816971 33.458900 3.803189
v 101.643875 -2.878263 3.371423
v 101.816971 -2.560358 3.803183
v 101.816971 33.458900 3.803189
v 101.816971 33.458900 3.803189
v 101.816971 -2.560358 3.803183
v 102.076027 32.983124 4.091683
v 101.816971 -2.560358 3.803183
v 102.076027 -2.084583 4.091677
v 102.076027 32.983124 4.091683
v 102.076027 32.983124 4.091683
v 102.076027 -2.084583 4.091677
v 102.381599 32.421906 4.192989
v 102.076027 -2.084583 4.091677
v 102.381599 -1.523365 4.192983
v 102.381599 32.421906 4.192989
v 102.381599 -1.523363 -6.453870
v 106.065414 -1.523363 -6.453870
v 102.076027 -2.084581 -6.352565
v 106.065414 -1.523363 -6.453870
v 106.370995 -2.084581 -6.352565
v 102.076027 -2.084581 -6.352565
v 102.076027 -2.084581 -6.352565
v 106.370995 -2.084581 -6.352565
v 101.816971 -2.560356 -6.064071
v 101.816971 -2.560356 -6.064071
v 106.630051 -2.560356 -6.064071
v 101.643875 -2.878263 -5.632311
v 106.630051 -2.560356 -6.064071
v 106.803146 -2.878263 -5.632311
v 101.643875 -2.878263 -5.632311
v 101.643875 -2.878263 -5.632311
v 106.803146 -2.878263 -5.632311
v 101.583092 -2.989897 -5.123014
v 106.803146 -2.878263 -5.632311
v 106.863930 -2.989897 -5.123014
v 101.583092 -2.989897 -5.123014
v 101.583092 -2.989897 -5.123014
v 106.863930 -2.989897 -5.123014
v 101.583092 -2.989897 2.862126
v 106.863930 -2.989897 -5.123014
v 106.863930 -2.989897 2.862126
v 101.583092 -2.989897 2.862126
v 101.583092 -2.989897 2.862126
v 106.863930 -2.989897 2.862126
v 101.643875 -2.878263 3.371423
v 106.863930 -2.989897 2.862126
v 106.803146 -2.878263 3.371423
v 101.643875 -2.878263 3.371423
v 101.643875 -2.878263 3.371423
v 106.803146 -2.878263 3.371423
v 101.816971 -2.560358 3.803183
v 106.803146 -2.878263 3.371423
v 106.630051 -2.560358 3.803183
v 101.816971 -2.560358 3.803183
v 101.816971 -2.560358 3.803183
v 106.630051 -2.560358 3.803183
v 102.076027 -2.084583 4.091677
v 106.630051 -2.560358 3.803183
v 106.370995 -2.084583 4.091677
v 102.076027 -2.084583 4.091677
v 102.076027 -2.084583 4.091677
v 106.370995 -2.084583 4.091677
v 102.381599 -1.523365 4.192983
v 106.370995 -2.084583 4.091677
v 106.065414 -1.523365 4.192983
v 102.381599 -1.523365 4.192983
v 106.065414 -1.523363 -6.453870
v 106.065414 18.851624 -6.453866
v 106.370995 -2.084581 -6.352565
v 106.065414 18.851624 -6.453866
v 106.370995 18.290405 -6.352561
v 106.370995 -2.084581 -6.352565
v 106.630051 17.814629 -6.064067
v 106.803146 17.496725 -5.632308
v 106.803146 -2.878263 -5.632311
v 106.803146 17.496723 3.371426
v 106.630051 17.814627 3.803186
v 106.630051 -2.560358 3.803183
v 112.655815 10.580393 2.862128
v 112.655815 3.814801 2.862127
v 112.716599 10.692025 3.371425
v 112.716599 10.692025 3.371425
v 112.716599 3.926435 3.371424
v 112.889694 11.009929 3.803185
v 117.159431 5.281333 -6.453868
v 116.853859 4.720118 -6.352564
v 113.148750 4.720118 -6.352564
v 121.170120 -2.084581 -6.352565
v 121.429169 -2.560356 -6.064071
v 116.594803 -2.560356 -6.064071
v 116.594803 -2.560358 3.803183
v 121.429169 -2.560358 3.803183
v 116.853859 -2.084583 4.091677
v 101.643875 -2.878263 -5.632311
v 101.583092 -2.989897 -5.123014
v 101.583092 33.888439 -5.123008
v 101.583092 33.888439 2.862132
v 101.583092 -2.989897 2.862126
v 101.643875 33.776806 3.371429
v 106.370995 -2.084581 -6.352565
v 106.630051 -2.560356 -6.064071
v 101.816971 -2.560356 -6.064071
vt 2.776000 1.000000
vt 1.392000 1.000000
vt 1.392000 -5.944000
vt 6.944000 -0.392000
vt 5.552000 -0.392000
vt 5.552000 -1.776000
vt 8.336000 1.000000
vt 6.944000 1.000000
vt 6.944000 -0.392000
vt 6.944000 -5.944000
vt 8.336000 -5.944000
vt 8.336000 1.000000
vt 2.776000 -4.552000
vt 4.168000 -4.552000
vt 4.168000 -3.168000
vt 1.392000 -5.944000
vt 2.776000 -5.944000
vt 2.776000 -4.552000
vt 2.776000 -3.168000
vt 2.776000 1.000000
vt 1.392000 -5.944000
vt 6.944000 -1.776000
vt 6.944000 -5.944000
vt 8.336000 1.000000
vt 2.776000 -3.168000
vt 1.392000 -5.944000
vt 2.776000 -4.552000
vt 6.944000 -1.776000
vt 8.336000 1.000000
vt 6.944000 -0.392000
vt 2.776000 -3.168000
vt 2.776000 -4.552000
vt 4.168000 -3.168000
vt 6.944000 -1.776000
vt 6.944000 -0.392000
vt 5.552000 -1.776000
vt 5.552000 -1.776000
vt 4.168000 -1.776000
vt 4.168000 -3.168000
vt 4.168000 -3.168000
vt 5.552000 -3.168000
vt 5.552000 -1.776000
vt 1.392000 -5.944000
vt 1.392000 1.000000
vt 2.776000 1.000000
vt 5.552000 -1.776000
vt 5.552000 -0.392000
vt 6.944000 -0.392000
vt 6.944000 -0.392000
vt 6.944000 1.000000
vt 8.336000 1.000000
vt 8.336000 1.000000
vt 8.336000 -5.944000
vt 6.944000 -5.944000
vt 4.168000 -3.168000
vt 4.168000 -4.552000
vt 2.776000 -4.552000
vt 2.776000 -4.552000
vt 2.776000 -5.944000
vt 1.392000 -5.944000
vt 1.392000 -5.944000
vt 2.776000 1.000000
vt 2.776000 -3.168000
vt 8.336000 1.000000
vt 6.944000 -5.944000
vt 6.944000 -1.776000
vt 2.776000 -4.552000
vt 1.392000 -5.944000
vt 2.776000 -3.168000
vt 6.944000 -0.392000
vt 8.336000 1.000000
vt 6.944000 -1.776000
vt 4.168000 -3.168000
vt 2.776000 -4.552000
vt 2.776000 -3.168000
vt 5.552000 -1.776000
vt 6.944000 -0.392000
vt 6.944000 -1.776000
vt 4.168000 -3.168000
vt 4.168000 -1.776000
vt 5.552000 -1.776000
vt 5.552000 -1.776000
vt 5.552000 -3.168000
vt 4.168000 -3.168000
vt -0.114805 -0.461940
vt 4.053195 -0.461940
vt -0.212132 -0.353553
vt 4.053195 -0.461940
vt 3.955868 -0.353553
vt -0.212132 -0.353553
vt -0.212132 -0.353553
vt 3.955868 -0.353553
vt -0.277164 -0.191342
vt -0.277164 -0.191342
vt 3.890836 -0.191342
vt -0.300000 0.000000
vt 3.890836 -0.191342
vt 3.868000 0.000000
vt -0.300000 0.000000
vt -0.300000 0.000000
vt 3.868000 0.000000
vt -0.300000 3.000000
vt 3.868000 0.000000
vt 3.868000 3.000000
vt -0.300000 3.000000
vt -0.300000 3.000000
vt 3.868000 3.000000
vt -0.277164 3.191342
vt 3.868000 3.000000
vt 3.890836 3.191342
vt -0.277164 3.191342
vt -0.277164 3.191342
vt 3.890836 3.191342
vt -0.212132 3.353553
vt -0.212132 3.353553
vt 3.955868 3.353553
vt -0.114805 3.461940
vt 3.955868 3.353553
vt 4.053195 3.461940
vt -0.114805 3.461940
vt -0.114805 3.461940
vt 4.053195 3.461940
vt 0.000000 3.500000
vt 4.053195 3.461940
vt 4.168000 3.500000
vt 0.000000 3.500000
vt 2.776000 -0.500000
vt 4.168000 -0.500000
vt 2.890805 -0.461940
vt 4.168000 -0.500000
vt 4.053195 -0.461940
vt 2.890805 -0.461940
vt 2.890805 -0.461940
vt 4.053195 -0.461940
vt 2.988132 -0.353553
vt 4.053195 -0.461940
vt 3.955868 -0.353553
vt 2.988132 -0.353553
vt 2.988132 -0.353553
vt 3.955868 -0.353553
vt 3.053164 -0.191342
vt 3.955868 -0.353553
vt 3.890836 -0.191342
vt 3.053164 -0.191342
vt 3.053164 -0.191342
vt 3.890836 -0.191342
vt 3.076000 0.000000
vt 3.890836 -0.191342
vt 3.868000 0.000000
vt 3.076000 0.000000
vt 3.076000 0.000000
vt 3.868000 0.000000
vt 3.076000 3.000000
vt 3.868000 0.000000
vt 3.868000 3.000000
vt 3.076000 3.000000
vt 3.076000 3.000000
vt 3.868000 3.000000
vt 3.053164 3.191342
vt 3.868000 3.000000
vt 3.890836 3.191342
vt 3.053164 3.191342
vt 3.053164 3.191342
vt 3.890836 3.191342
vt 2.988132 3.353553
vt 3.890836 3.191342
vt 3.955868 3.353553
vt 2.988132 3.353553
vt 2.988132 3.353553
vt 3.955868 3.353553
vt 2.890805 3.461940
vt 3.955868 3.353553
vt 4.053195 3.461940
vt 2.890805 3.461940
vt 2.890805 3.461940
vt 4.053195 3.461940
vt 2.776000 3.500000
vt 4.053195 3.461940
vt 4.168000 3.500000
vt 2.776000 3.500000
vt 4.168000 -0.500000
vt 2.776000 -0.500000
vt 4.053195 -0.461940
vt 2.776000 -0.500000
vt 2.661195 -0.461940
vt 4.053195 -0.461940
vt 4.053195 -0.461940
vt 2.661195 -0.461940
vt 3.955868 -0.353553
vt 2.661195 -0.461940
vt 2.563868 -0.353553
vt 3.955868 -0.353553
vt 3.955868 -0.353553
vt 2.563868 -0.353553
vt 3.890836 -0.191342
vt 2.563868 -0.353553
vt 2.498836 -0.191342
vt 3.890836 -0.191342
vt 3.890836 -0.191342
vt 2.498836 -0.191342
vt 3.868000 0.000000
vt 2.498836 -0.191342
vt 2.476000 0.000000
vt 3.868000 0.000000
vt 3.868000 0.000000
vt 2.476000 0.000000
vt 3.868000 3.000000
vt 2.476000 0.000000
vt 2.476000 3.000000
vt 3.868000 3.000000
vt 3.868000 3.000000
vt 2.476000 3.000000
vt 3.890836 3.191342
vt 2.476000 3.000000
vt 2.498836 3.191342
vt 3.890836 3.191342
vt 3.890836 3.191342
vt 2.498836 3.191342
vt 3.955868 3.353553
vt 2.498836 3.191342
vt 2.563868 3.353553
vt 3.955868 3.353553
vt 3.955868 3.353553
vt 2.563868 3.353553
vt 4.053195 3.461940
vt 2.563868 3.353553
vt 2.661195 3.461940
vt 4.053195 3.461940
vt 4.053195 3.461940
vt 2.661195 3.461940
vt 4.168000 3.500000
vt 2.661195 3.461940
vt 2.776000 3.500000
vt 4.168000 3.500000
vt 4.168000 -0.500000
vt 5.552000 -0.500000
vt 4.053195 -0.461940
vt 5.552000 -0.500000
vt 5.437195 -0.461940
vt 4.053195 -0.461940
vt 4.053195 -0.461940
vt 5.437195 -0.461940
vt 3.955868 -0.353553
vt 5.437195 -0.461940
vt 5.339868 -0.353553
vt 3.955868 -0.353553
vt 3.955868 -0.353553
vt 5.339868 -0.353553
vt 3.890836 -0.191342
vt 5.339868 -0.353553
vt 5.274836 -0.191342
vt 3.890836 -0.191342
vt 3.890836 -0.191342
vt 5.274836 -0.191342
vt 3.868000 0.000000
vt 5.274836 -0.191342
vt 5.252000 0.000000
vt 3.868000 0.000000
vt 3.868000 0.000000
vt 5.252000 0.000000
vt 3.868000 3.000000
vt 5.252000 0.000000
vt 5.252000 3.000000
vt 3.868000 3.000000
vt 3.868000 3.000000
vt 5.252000 3.000000
vt 3.890836 3.191342
vt 5.252000 3.000000
vt 5.274836 3.191342
vt 3.890836 3.191342
vt 3.890836 3.191342
vt 5.274836 3.191342
vt 3.955868 3.353553
vt 5.274836 3.191342
vt 5.339868 3.353553
vt 3.955868 3.353553
vt 3.955868 3.353553
vt 5.339868 3.353553
vt 4.053195 3.461940
vt 5.339868 3.353553
vt 5.437195 3.461940
vt 4.053195 3.461940
vt 4.053195 3.461940
vt 5.437195 3.461940
vt 4.168000 3.500000
vt 5.437195 3.461940
vt 5.552000 3.500000
vt 4.168000 3.500000
vt 2.776000 -0.500000
vt 1.392000 -0.500000
vt 2.661195 -0.461940
vt 1.392000 -0.500000
vt 1.277195 -0.461940
vt 2.661195 -0.461940
vt 2.661195 -0.461940
vt 1.277195 -0.461940
vt 2.563868 -0.353553
vt 1.277195 -0.461940
vt 1.179868 -0.353553
vt 2.563868 -0.353553
vt 2.563868 -0.353553
vt 1.179868 -0.353553
vt 2.498836 -0.191342
vt 1.179868 -0.353553
vt 1.114836 -0.191342
vt 2.498836 -0.191342
vt 2.498836 -0.191342
vt 1.114836 -0.191342
vt 2.476000 0.000000
vt 1.114836 -0.191342
vt 1.092000 0.000000
vt 2.476000 0.000000
vt 2.476000 0.000000
vt 1.092000 0.000000
vt 2.476000 3.000000
vt 1.092000 0.000000
vt 1.092000 3.000000
vt 2.476000 3.000000
vt 1.092000 3.000000
vt 1.114836 3.191342
vt 2.498836 3.191342
vt 1.114836 3.191342
vt 1.179868 3.353553
vt 2.563868 3.353553
vt 2.563868 3.353553
vt 1.179868 3.353553
vt 2.661195 3.461940
vt 1.179868 3.353553
vt 1.277195 3.461940
vt 2.661195 3.461940
vt 2.661195 3.461940
vt 1.277195 3.461940
vt 2.776000 3.500000
vt 1.277195 3.461940
vt 1.392000 3.500000
vt 2.776000 3.500000
vt 5.552000 -0.500000
vt 6.944000 -0.500000
vt 5.437195 -0.461940
vt 5.437195 -0.461940
vt 6.829195 -0.461940
vt 5.339868 -0.353553
vt 6.829195 -0.461940
vt 6.731868 -0.353553
vt 5.339868 -0.353553
vt 5.339868 -0.353553
vt 6.731868 -0.353553
vt 5.274836 -0.191342
vt 6.731868 -0.353553
vt 6.666836 -0.191342
vt 5.274836 -0.191342
vt 5.274836 -0.191342
vt 6.666836 -0.191342
vt 5.252000 0.000000
vt 6.666836 -0.191342
vt 6.644000 0.000000
vt 5.252000 0.000000
vt 5.252000 0.000000
vt 6.644000 0.000000
vt 5.252000 3.000000
vt 6.644000 0.000000
vt 6.644000 3.000000
vt 5.252000 3.000000
vt 5.252000 3.000000
vt 6.644000 3.000000
vt 5.274836 3.191342
vt 6.644000 3.000000
vt 6.666836 3.191342
vt 5.274836 3.191342
vt 5.274836 3.191342
vt 6.666836 3.191342
vt 5.339868 3.353553
vt 6.666836 3.191342
vt 6.731868 3.353553
vt 5.339868 3.353553
vt 5.339868 3.353553
vt 6.731868 3.353553
vt 5.437195 3.461940
vt 6.731868 3.353553
vt 6.829195 3.461940
vt 5.437195 3.461940
vt 5.437195 3.461940
vt 6.829195 3.461940
vt 5.552000 3.500000
vt 6.829195 3.461940
vt 6.944000 3.500000
vt 5.552000 3.500000
vt 1.392000 -0.500000
vt 0.000000 -0.500000
vt 1.277195 -0.461940
vt 0.000000 -0.500000
vt -0.114805 -0.461940
vt 1.277195 -0.461940
vt 1.277195 -0.461940
vt -0.114805 -0.461940
vt 1.179868 -0.353553
vt -0.114805 -0.461940
vt -0.212132 -0.353553
vt 1.179868 -0.353553
vt 1.179868 -0.353553
vt -0.212132 -0.353553
vt 1.114836 -0.191342
vt -0.212132 -0.353553
vt -0.277164 -0.191342
vt 1.114836 -0.191342
vt 1.114836 -0.191342
vt -0.277164 -0.191342
vt 1.092000 0.000000
vt -0.277164 -0.191342
vt -0.300000 0.000000
vt 1.092000 0.000000
vt 1.092000 0.000000
vt -0.300000 0.000000
vt 1.092000 3.000000
vt -0.300000 0.000000
vt -0.300000 3.000000
vt 1.092000 3.000000
vt 1.092000 3.000000
vt -0.300000 3.000000
vt 1.114836 3.191342
vt -0.300000 3.000000
vt -0.277164 3.191342
vt 1.114836 3.191342
vt 1.114836 3.191342
vt -0.277164 3.191342
vt 1.179868 3.353553
vt -0.277164 3.191342
vt -0.212132 3.353553
vt 1.179868 3.353553
vt 1.179868 3.353553
vt -0.212132 3.353553
vt 1.277195 3.461940
vt -0.212132 3.353553
vt -0.114805 3.461940
vt 1.277195 3.461940
vt 1.277195 3.461940
vt -0.114805 3.461940
vt 1.392000 3.500000
vt -0.114805 3.461940
vt 0.000000 3.500000
vt 1.392000 3.500000
vt 6.944000 -0.500000
vt 8.336000 -0.500000
vt 6.829195 -0.461940
vt 8.336000 -0.500000
vt 8.450805 -0.461940
vt 6.829195 -0.461940
vt 6.829195 -0.461940
vt 8.450805 -0.461940
vt 6.731868 -0.353553
vt 6.731868 -0.353553
vt 8.548132 -0.353553
vt 6.666836 -0.191342
vt 8.548132 -0.353553
vt 8.613164 -0.191342
vt 6.666836 -0.191342
vt 6.666836 -0.191342
vt 8.613164 -0.191342
vt 6.644000 0.000000
vt 8.613164 -0.191342
vt 8.636000 0.000000
vt 6.644000 0.000000
vt 6.644000 0.000000
vt 8.636000 0.000000
vt 6.644000 3.000000
vt 8.636000 0.000000
vt 8.636000 3.000000
vt 6.644000 3.000000
vt 6.644000 3.000000
vt 8.636000 3.000000
vt 6.666836 3.191342
vt 8.636000 3.000000
vt 8.613164 3.191342
vt 6.666836 3.191342
vt 6.666836 3.191342
vt 8.613164 3.191342
vt 6.731868 3.353553
vt 8.613164 3.191342
vt 8.548132 3.353553
vt 6.731868 3.353553
vt 8.548132 3.353553
vt 8.450805 3.461940
vt 6.829195 3.461940
vt 6.829195 3.461940
vt 8.450805 3.461940
vt 6.944000 3.500000
vt 8.450805 3.461940
vt 8.336000 3.500000
vt 6.944000 3.500000
vt 0.000000 -0.500000
vt 6.944000 -0.500000
vt -0.114805 -0.461940
vt 6.944000 -0.500000
vt 7.058805 -0.461940
vt -0.114805 -0.461940
vt -0.114805 -0.461940
vt 7.058805 -0.461940
vt -0.212132 -0.353553
vt 7.058805 -0.461940
vt 7.156132 -0.353553
vt -0.212132 -0.353553
vt -0.212132 -0.353553
vt 7.156132 -0.353553
vt -0.277164 -0.191342
vt 7.156132 -0.353553
vt 7.221164 -0.191342
vt -0.277164 -0.191342
vt -0.277164 -0.191342
vt 7.221164 -0.191342
vt -0.300000 0.000000
vt 7.221164 -0.191342
vt 7.244000 0.000000
vt -0.300000 0.000000
vt -0.300000 0.000000
vt 7.244000 0.000000
vt -0.300000 3.000000
vt 7.244000 0.000000
vt 7.244000 3.000000
vt -0.300000 3.000000
vt -0.300000 3.000000
vt 7.244000 3.000000
vt -0.277164 3.191342
vt 7.244000 3.000000
vt 7.221164 3.191342
vt -0.277164 3.191342
vt -0.277164 3.191342
vt 7.221164 3.191342
vt -0.212132 3.353553
vt 7.221164 3.191342
vt 7.156132 3.353553
vt -0.212132 3.353553
vt -0.212132 3.353553
vt 7.156132 3.353553
vt -0.114805 3.461940
vt 7.156132 3.353553
vt 7.058805 3.461940
vt -0.114805 3.461940
vt -0.114805 3.461940
vt 7.058805 3.461940
vt 0.000000 3.500000
vt 7.058805 3.461940
vt 6.944000 3.500000
vt 0.000000 3.500000
vt 8.336000 -0.500000
vt 6.944000 -0.500000
vt 8.450805 -0.461940
vt 6.944000 -0.500000
vt 6.829195 -0.461940
vt 8.450805 -0.461940
vt 8.450805 -0.461940
vt 6.829195 -0.461940
vt 8.548132 -0.353553
vt 6.829195 -0.461940
vt 6.731868 -0.353553
vt 8.548132 -0.353553
vt 8.548132 -0.353553
vt 6.731868 -0.353553
vt 8.613164 -0.191342
vt 6.731868 -0.353553
vt 6.666836 -0.191342
vt 8.613164 -0.191342
vt 8.613164 -0.191342
vt 6.666836 -0.191342
vt 8.636000 0.000000
vt 6.666836 -0.191342
vt 6.644000 0.000000
vt 8.636000 0.000000
vt 8.636000 0.000000
vt 6.644000 0.000000
vt 8.636000 3.000000
vt 6.644000 0.000000
vt 6.644000 3.000000
vt 8.636000 3.000000
vt 8.636000 3.000000
vt 6.644000 3.000000
vt 8.613164 3.191342
vt 6.644000 3.000000
vt 6.666836 3.191342
vt 8.613164 3.191342
vt 8.613164 3.191342
vt 6.666836 3.191342
vt 8.548132 3.353553
vt 6.666836 3.191342
vt 6.731868 3.353553
vt 8.548132 3.353553
vt 8.548132 3.353553
vt 6.731868 3.353553
vt 8.450805 3.461940
vt 6.731868 3.353553
vt 6.829195 3.461940
vt 8.450805 3.461940
vt 8.450805 3.461940
vt 6.829195 3.461940
vt 8.336000 3.500000
vt 6.829195 3.461940
vt 6.944000 3.500000
vt 8.336000 3.500000
vt 6.944000 -0.500000
vt 2.776000 -0.500000
vt 7.058805 -0.461940
vt 2.776000 -0.500000
vt 2.890805 -0.461940
vt 7.058805 -0.461940
vt 7.058805 -0.461940
vt 2.890805 -0.461940
vt 7.156132 -0.353553
vt 2.890805 -0.461940
vt 2.988132 -0.353553
vt 7.156132 -0.353553
vt 7.156132 -0.353553
vt 2.988132 -0.353553
vt 7.221164 -0.191342
vt 2.988132 -0.353553
vt 3.053164 -0.191342
vt 7.221164 -0.191342
vt 7.221164 -0.191342
vt 3.053164 -0.191342
vt 7.244000 0.000000
vt 3.053164 -0.191342
vt 3.076000 0.000000
vt 7.244000 0.000000
vt 7.244000 0.000000
vt 3.076000 0.000000
vt 7.244000 3.000000
vt 3.076000 0.000000
vt 3.076000 3.000000
vt 7.244000 3.000000
vt 7.244000 3.000000
vt 3.076000 3.000000
vt 7.221164 3.191342
vt 3.076000 3.000000
vt 3.053164 3.191342
vt 7.221164 3.191342
vt 7.221164 3.191342
vt 3.053164 3.191342
vt 7.156132 3.353553
vt 3.053164 3.191342
vt 2.988132 3.353553
vt 7.156132 3.353553
vt 7.156132 3.353553
vt 2.988132 3.353553
vt 7.058805 3.461940
vt 2.988132 3.353553
vt 2.890805 3.461940
vt 7.058805 3.461940
vt 7.058805 3.461940
vt 2.890805 3.461940
vt 6.944000 3.500000
vt 2.890805 3.461940
vt 2.776000 3.500000
vt 6.944000 3.500000
vt 6.944000 -0.500000
vt 5.552000 -0.500000
vt 6.829195 -0.461940
vt 5.552000 -0.500000
vt 5.666805 -0.461940
vt 6.829195 -0.461940
vt 6.829195 -0.461940
vt 5.666805 -0.461940
vt 6.731868 -0.353553
vt 5.666805 -0.461940
vt 5.764132 -0.353553
vt 6.731868 -0.353553
vt 6.731868 -0.353553
vt 5.764132 -0.353553
vt 6.666836 -0.191342
vt 5.764132 -0.353553
vt 5.829164 -0.191342
vt 6.666836 -0.191342
vt 6.666836 -0.191342
vt 5.829164 -0.191342
vt 6.644000 0.000000
vt 5.829164 -0.191342
vt 5.852000 0.000000
vt 6.644000 0.000000
vt 6.644000 0.000000
vt 5.852000 0.000000
vt 6.644000 3.000000
vt 5.852000 0.000000
vt 5.852000 3.000000
vt 6.644000 3.000000
vt 6.644000 3.000000
vt 5.852000 3.000000
vt 6.666836 3.191342
vt 5.852000 3.000000
vt 5.829164 3.191342
vt 6.666836 3.191342
vt 6.666836 3.191342
vt 5.829164 3.191342
vt 6.731868 3.353553
vt 5.829164 3.191342
vt 5.764132 3.353553
vt 6.731868 3.353553
vt 6.731868 3.353553
vt 5.764132 3.353553
vt 6.829195 3.461940
vt 5.764132 3.353553
vt 5.666805 3.461940
vt 6.829195 3.461940
vt 6.829195 3.461940
vt 5.666805 3.461940
vt 6.944000 3.500000
vt 5.666805 3.461940
vt 5.552000 3.500000
vt 6.944000 3.500000
vt 2.776000 -0.500000
vt 4.168000 -0.500000
vt 2.890805 -0.461940
vt 4.168000 -0.500000
vt 4.282805 -0.461940
vt 2.890805 -0.461940
vt 2.890805 -0.461940
vt 4.282805 -0.461940
vt 2.988132 -0.353553
vt 4.282805 -0.461940
vt 4.380132 -0.353553
vt 2.988132 -0.353553
vt 2.988132 -0.353553
vt 4.380132 -0.353553
vt 3.053164 -0.191342
vt 4.380132 -0.353553
vt 4.445164 -0.191342
vt 3.053164 -0.191342
vt 3.053164 -0.191342
vt 4.445164 -0.191342
vt 3.076000 0.000000
vt 4.445164 -0.191342
vt 4.468000 0.000000
vt 3.076000 0.000000
vt 3.076000 0.000000
vt 4.468000 0.000000
vt 3.076000 3.000000
vt 4.468000 0.000000
vt 4.468000 3.000000
vt 3.076000 3.000000
vt 3.076000 3.000000
vt 4.468000 3.000000
vt 3.053164 3.191342
vt 4.468000 3.000000
vt 4.445164 3.191342
vt 3.053164 3.191342
vt 3.053164 3.191342
vt 4.445164 3.191342
vt 2.988132 3.353553
vt 4.445164 3.191342
vt 4.380132 3.353553
vt 2.988132 3.353553
vt 2.988132 3.353553
vt 4.380132 3.353553
vt 2.890805 3.461940
vt 4.380132 3.353553
vt 4.282805 3.461940
vt 2.890805 3.461940
vt 2.890805 3.461940
vt 4.282805 3.461940
vt 2.776000 3.500000
vt 4.282805 3.461940
vt 4.168000 3.500000
vt 2.776000 3.500000
vt 5.552000 -0.500000
vt 4.168000 -0.500000
vt 5.666805 -0.461940
vt 4.168000 -0.500000
vt 4.282805 -0.461940
vt 5.666805 -0.461940
vt 5.666805 -0.461940
vt 4.282805 -0.461940
vt 5.764132 -0.353553
vt 4.282805 -0.461940
vt 4.380132 -0.353553
vt 5.764132 -0.353553
vt 5.764132 -0.353553
vt 4.380132 -0.353553
vt 5.829164 -0.191342
vt 4.380132 -0.353553
vt 4.445164 -0.191342
vt 5.829164 -0.191342
vt 5.829164 -0.191342
vt 4.445164 -0.191342
vt 5.852000 0.000000
vt 4.445164 -0.191342
vt 4.468000 0.000000
vt 5.852000 0.000000
vt 5.852000 0.000000
vt 4.468000 0.000000
vt 5.852000 3.000000
vt 4.468000 0.000000
vt 4.468000 3.000000
vt 5.852000 3.000000
vt 5.852000 3.000000
vt 4.468000 3.000000
vt 5.829164 3.191342
vt 4.468000 3.000000
vt 4.445164 3.191342
vt 5.829164 3.191342
vt 5.829164 3.191342
vt 4.445164 3.191342
vt 5.764132 3.353553
vt 4.445164 3.191342
vt 4.380132 3.353553
vt 5.764132 3.353553
vt 5.764132 3.353553
vt 4.380132 3.353553
vt 5.666805 3.461940
vt 4.380132 3.353553
vt 4.282805 3.461940
vt 5.666805 3.461940
vt 5.666805 3.461940
vt 4.282805 3.461940
vt 5.552000 3.500000
vt 4.282805 3.461940
vt 4.168000 3.500000
vt 5.552000 3.500000
vt 4.168000 -0.500000
vt 5.552000 -0.500000
vt 4.282805 -0.461940
vt 5.552000 -0.500000
vt 5.666805 -0.461940
vt 4.282805 -0.461940
vt 4.282805 -0.461940
vt 5.666805 -0.461940
vt 4.380132 -0.353553
vt 5.666805 -0.461940
vt 5.764132 -0.353553
vt 4.380132 -0.353553
vt 4.380132 -0.353553
vt 5.764132 -0.353553
vt 4.445164 -0.191342
vt 5.764132 -0.353553
vt 5.829164 -0.191342
vt 4.445164 -0.191342
vt 4.445164 -0.191342
vt 5.829164 -0.191342
vt 4.468000 0.000000
vt 5.829164 -0.191342
vt 5.852000 0.000000
vt 4.468000 0.000000
vt 4.468000 0.000000
vt 5.852000 0.000000
vt 4.468000 3.000000
vt 5.852000 0.000000
vt 5.852000 3.000000
vt 4.468000 3.000000
vt 4.468000 3.000000
vt 5.852000 3.000000
vt 4.445164 3.191342
vt 5.852000 3.000000
vt 5.829164 3.191342
vt 4.445164 3.191342
vt 4.445164 3.191342
vt 5.829164 3.191342
vt 4.380132 3.353553
vt 5.829164 3.191342
vt 5.764132 3.353553
vt 4.380132 3.353553
vt 4.380132 3.353553
vt 5.764132 3.353553
vt 4.282805 3.461940
vt 5.764132 3.353553
vt 5.666805 3.461940
vt 4.282805 3.461940
vt 4.282805 3.461940
vt 5.666805 3.461940
vt 4.168000 3.500000
vt 5.666805 3.461940
vt 5.552000 3.500000
vt 4.168000 3.500000
vt 4.168000 -0.500000
vt 2.776000 -0.500000
vt 4.282805 -0.461940
vt 2.776000 -0.500000
vt 2.890805 -0.461940
vt 4.282805 -0.461940
vt 4.282805 -0.461940
vt 2.890805 -0.461940
vt 4.380132 -0.353553
vt 2.890805 -0.461940
vt 2.988132 -0.353553
vt 4.380132 -0.353553
vt 4.380132 -0.353553
vt 2.988132 -0.353553
vt 4.445164 -0.191342
vt 2.988132 -0.353553
vt 3.053164 -0.191342
vt 4.445164 -0.191342
vt 4.445164 -0.191342
vt 3.053164 -0.191342
vt 4.468000 0.000000
vt 3.053164 -0.191342
vt 3.076000 0.000000
vt 4.468000 0.000000
vt 4.468000 0.000000
vt 3.076000 0.000000
vt 4.468000 3.000000
vt 3.076000 0.000000
vt 3.076000 3.000000
vt 4.468000 3.000000
vt 4.468000 3.000000
vt 3.076000 3.000000
vt 4.445164 3.191342
vt 3.076000 3.000000
vt 3.053164 3.191342
vt 4.445164 3.191342
vt 4.445164 3.191342
vt 3.053164 3.191342
vt 4.380132 3.353553
vt 3.053164 3.191342
vt 2.988132 3.353553
vt 4.380132 3.353553
vt 4.380132 3.353553
vt 2.988132 3.353553
vt 4.282805 3.461940
vt 2.988132 3.353553
vt 2.890805 3.461940
vt 4.282805 3.461940
vt 4.282805 3.461940
vt 2.890805 3.461940
vt 4.168000 3.500000
vt 2.890805 3.461940
vt 2.776000 3.500000
vt 4.168000 3.500000
vt 5.552000 -0.500000
vt 6.944000 -0.500000
vt 5.666805 -0.461940
vt 6.944000 -0.500000
vt 7.058805 -0.461940
vt 5.666805 -0.461940
vt 5.666805 -0.461940
vt 7.058805 -0.461940
vt 5.764132 -0.353553
vt 7.058805 -0.461940
vt 7.156132 -0.353553
vt 5.764132 -0.353553
vt 5.764132 -0.353553
vt 7.156132 -0.353553
vt 5.829164 -0.191342
vt 7.156132 -0.353553
vt 7.221164 -0.191342
vt 5.829164 -0.191342
vt 5.829164 -0.191342
vt 7.221164 -0.191342
vt 5.852000 0.000000
vt 7.221164 -0.191342
vt 7.244000 0.000000
vt 5.852000 0.000000
vt 5.852000 0.000000
vt 7.244000 0.000000
vt 5.852000 3.000000
vt 7.244000 0.000000
vt 7.244000 3.000000
vt 5.852000 3.000000
vt 5.852000 3.000000
vt 7.244000 3.000000
vt 5.829164 3.191342
vt 7.244000 3.000000
vt 7.221164 3.191342
vt 5.829164 3.191342
vt 5.829164 3.191342
vt 7.221164 3.191342
vt 5.764132 3.353553
vt 7.221164 3.191342
vt 7.156132 3.353553
vt 5.764132 3.353553
vt 5.764132 3.353553
vt 7.156132 3.353553
vt 5.666805 3.461940
vt 7.156132 3.353553
vt 7.058805 3.461940
vt 5.666805 3.461940
vt 5.666805 3.461940
vt 7.058805 3.461940
vt 5.552000 3.500000
vt 7.058805 3.461940
vt 6.944000 3.500000
vt 5.552000 3.500000
vt 2.776000 -0.500000
vt 1.392000 -0.500000
vt 2.890805 -0.461940
vt 1.392000 -0.500000
vt 1.277195 -0.461940
vt 2.890805 -0.461940
vt 2.890805 -0.461940
vt 1.277195 -0.461940
vt 2.988132 -0.353553
vt 1.277195 -0.461940
vt 1.179868 -0.353553
vt 2.988132 -0.353553
vt 2.988132 -0.353553
vt 1.179868 -0.353553
vt 3.053164 -0.191342
vt 1.179868 -0.353553
vt 1.114836 -0.191342
vt 3.053164 -0.191342
vt 3.053164 -0.191342
vt 1.114836 -0.191342
vt 3.076000 0.000000
vt 1.114836 -0.191342
vt 1.092000 0.000000
vt 3.076000 0.000000
vt 3.076000 0.000000
vt 1.092000 0.000000
vt 3.076000 3.000000
vt 1.092000 0.000000
vt 1.092000 3.000000
vt 3.076000 3.000000
vt 3.076000 3.000000
vt 1.092000 3.000000
vt 3.053164 3.191342
vt 1.092000 3.000000
vt 1.114836 3.191342
vt 3.053164 3.191342
vt 3.053164 3.191342
vt 1.114836 3.191342
vt 2.988132 3.353553
vt 1.114836 3.191342
vt 1.179868 3.353553
vt 2.988132 3.353553
vt 2.988132 3.353553
vt 1.179868 3.353553
vt 2.890805 3.461940
vt 1.179868 3.353553
vt 1.277195 3.461940
vt 2.890805 3.461940
vt 2.890805 3.461940
vt 1.277195 3.461940
vt 2.776000 3.500000
vt 1.277195 3.461940
vt 1.392000 3.500000
vt 2.776000 3.500000
vt 6.944000 -0.500000
vt 0.000000 -0.500000
vt 7.058805 -0.461940
vt 0.000000 -0.500000
vt -0.114805 -0.461940
vt 7.058805 -0.461940
vt 7.058805 -0.461940
vt -0.114805 -0.461940
vt 7.156132 -0.353553
vt -0.114805 -0.461940
vt -0.212132 -0.353553
vt 7.156132 -0.353553
vt 7.156132 -0.353553
vt -0.212132 -0.353553
vt 7.221164 -0.191342
vt -0.212132 -0.353553
vt -0.277164 -0.191342
vt 7.221164 -0.191342
vt 7.221164 -0.191342
vt -0.277164 -0.191342
vt 7.244000 0.000000
vt 7.244000 0.000000
vt -0.300000 0.000000
vt 7.244000 3.000000
vt -0.300000 0.000000
vt -0.300000 3.000000
vt 7.244000 3.000000
vt -0.300000 3.000000
vt -0.277164 3.191342
vt 7.221164 3.191342
vt 7.221164 3.191342
vt -0.277164 3.191342
vt 7.156132 3.353553
vt -0.277164 3.191342
vt -0.212132 3.353553
vt 7.156132 3.353553
vt 7.156132 3.353553
vt -0.212132 3.353553
vt 7.058805 3.461940
vt -0.212132 3.353553
vt -0.114805 3.461940
vt 7.058805 3.461940
vt 7.058805 3.461940
vt -0.114805 3.461940
vt 6.944000 3.500000
vt -0.114805 3.461940
vt 0.000000 3.500000
vt 6.944000 3.500000
vt 1.392000 -0.500000
vt 2.776000 -0.500000
vt 1.277195 -0.461940
vt 2.776000 -0.500000
vt 2.890805 -0.461940
vt 1.277195 -0.461940
vt 1.277195 -0.461940
vt 2.890805 -0.461940
vt 1.179868 -0.353553
vt 1.179868 -0.353553
vt 2.988132 -0.353553
vt 1.114836 -0.191342
vt 2.988132 -0.353553
vt 3.053164 -0.191342
vt 1.114836 -0.191342
vt 1.114836 -0.191342
vt 3.053164 -0.191342
vt 1.092000 0.000000
vt 3.053164 -0.191342
vt 3.076000 0.000000
vt 1.092000 0.000000
vt 1.092000 0.000000
vt 3.076000 0.000000
vt 1.092000 3.000000
vt 3.076000 0.000000
vt 3.076000 3.000000
vt 1.092000 3.000000
vt 1.092000 3.000000
vt 3.076000 3.000000
vt 1.114836 3.191342
vt 3.076000 3.000000
vt 3.053164 3.191342
vt 1.114836 3.191342
vt 1.114836 3.191342
vt 3.053164 3.191342
vt 1.179868 3.353553
vt 3.053164 3.191342
vt 2.988132 3.353553
vt 1.179868 3.353553
vt 1.179868 3.353553
vt 2.988132 3.353553
vt 1.277195 3.461940
vt 2.988132 3.353553
vt 2.890805 3.461940
vt 1.277195 3.461940
vt 1.277195 3.461940
vt 2.890805 3.461940
vt 1.392000 3.500000
vt 2.890805 3.461940
vt 2.776000 3.500000
vt 1.392000 3.500000
vt 0.000000 -0.500000
vt 4.168000 -0.500000
vt -0.114805 -0.461940
vt 4.168000 -0.500000
vt 4.053195 -0.461940
vt -0.114805 -0.461940
vt 3.955868 -0.353553
vt 3.890836 -0.191342
vt -0.277164 -0.191342
vt 3.890836 3.191342
vt 3.955868 3.353553
vt -0.212132 3.353553
vt 2.476000 3.000000
vt 1.092000 3.000000
vt 2.498836 3.191342
vt 2.498836 3.191342
vt 1.114836 3.191342
vt 2.563868 3.353553
vt 6.944000 -0.500000
vt 6.829195 -0.461940
vt 5.437195 -0.461940
vt 8.450805 -0.461940
vt 8.548132 -0.353553
vt 6.731868 -0.353553
vt 6.731868 3.353553
vt 8.548132 3.353553
vt 6.829195 3.461940
vt -0.277164 -0.191342
vt -0.300000 0.000000
vt 7.244000 0.000000
vt 7.244000 3.000000
vt -0.300000 3.000000
vt 7.221164 3.191342
vt 2.890805 -0.461940
vt 2.988132 -0.353553
vt 1.179868 -0.353553
vn 0.0000 0.0000 -1.0000
vn 0.0000 -0.0000 1.0000
vn 0.7440 0.0000 -0.6681
vn 0.9282 0.0000 -0.3721
vn 0.9930 0.0000 -0.1185
vn 1.0000 0.0000 0.0000
vn 0.9930 -0.0000 0.1185
vn 0.9282 0.0000 0.3721
vn 0.7440 -0.0000 0.6681
vn 0.3147 0.0000 0.9492
vn 0.0000 -0.1776 -0.9841
vn 0.0000 -0.5185 -0.8551
vn 0.0000 -0.8053 -0.5929
vn 0.0000 -0.9768 -0.2141
vn 0.0000 -1.0000 0.0000
vn 0.0000 -0.9768 0.2141
vn 0.0000 -0.8053 0.5929
vn 0.0000 -0.5185 0.8551
vn 0.0000 -0.1776 0.9841
vn -0.3147 0.0000 -0.9492
vn -0.7440 0.0000 -0.6681
vn -0.9282 0.0000 -0.3721
vn -0.9930 0.0000 -0.1185
vn -1.0000 0.0000 0.0000
vn -0.9930 -0.0000 0.1185
vn -0.9282 -0.0000 0.3721
vn -0.7440 -0.0000 0.6681
vn -0.3147 -0.0000 0.9492
vn 0.3147 0.0000 -0.9492
vn 0.7441 0.0000 -0.6681
vn 0.7441 0.0000 0.6681
vn 0.0000 0.1776 -0.9841
vn 0.0000 0.5185 -0.8551
vn 0.0000 0.8053 -0.5929
vn 0.0000 0.9768 -0.2141
vn 0.0000 1.0000 0.0000
vn 0.0000 0.9768 0.2141
vn 0.0000 0.8053 0.5929
vn 0.0000 0.5185 0.8551
vn 0.0000 0.1776 0.9841
usemtl Material_2.001
s off
f 9469/9469/468 9470/9470/468 9471/9471/468
f 9472/9472/468 9473/9473/468 9474/9474/468
f 9475/9475/468 9476/9476/468 9477/9477/468
f 9478/9478/468 9479/9479/468 9480/9480/468
f 9481/9481/468 9482/9482/468 9483/9483/468
f 9484/9484/468 9485/9485/468 9486/9486/468
f 9487/9487/468 9488/9488/468 9489/9489/468
f 9490/9490/468 9491/9491/468 9492/9492/468
f 9493/9493/468 9494/9494/468 9495/9495/468
f 9496/9496/468 9497/9497/468 9498/9498/468
f 9499/9499/468 9500/9500/468 9501/9501/468
f 9502/9502/468 9503/9503/468 9504/9504/468
f 9505/9505/468 9506/9506/468 9507/9507/468
f 9508/9508/468 9509/9509/468 9510/9510/468
f 9511/9511/469 9512/9512/469 9513/9513/469
f 9514/9514/469 9515/9515/469 9516/9516/469
f 9517/9517/469 9518/9518/469 9519/9519/469
f 9520/9520/469 9521/9521/469 9522/9522/469
f 9523/9523/469 9524/9524/469 9525/9525/469
f 9526/9526/469 9527/9527/469 9528/9528/469
f 9529/9529/469 9530/9530/469 9531/9531/469
f 9532/9532/469 9533/9533/469 9534/9534/469
f 9535/9535/469 9536/9536/469 9537/9537/469
f 9538/9538/469 9539/9539/469 9540/9540/469
f 9541/9541/469 9542/9542/469 9543/9543/469
f 9544/9544/469 9545/9545/469 9546/9546/469
f 9547/9547/469 9548/9548/469 9549/9549/469
f 9550/9550/469 9551/9551/469 9552/9552/469
f 9553/9553/470 9554/9554/470 9555/9555/470
f 9556/9556/470 9557/9557/470 9558/9558/470
f 9559/9559/471 9560/9560/471 9561/9561/471
f 9562/9562/472 9563/9563/472 9564/9564/472
f 9565/9565/472 9566/9566/472 9567/9567/472
f 9568/9568/473 9569/9569/473 9570/9570/473
f 9571/9571/473 9572/9572/473 9573/9573/473
f 9574/9574/474 9575/9575/474 9576/9576/474
f 9577/9577/474 9578/9578/474 9579/9579/474
f 9580/9580/475 9581/9581/475 9582/9582/475
f 9583/9583/476 9584/9584/476 9585/9585/476
f 9586/9586/476 9587/9587/476 9588/9588/476
f 9589/9589/477 9590/9590/477 9591/9591/477
f 9592/9592/477 9593/9593/477 9594/9594/477
f 9595/9595/478 9596/9596/478 9597/9597/478
f 9598/9598/478 9599/9599/478 9600/9600/478
f 9601/9601/479 9602/9602/479 9603/9603/479
f 9604/9604/479 9605/9605/479 9606/9606/479
f 9607/9607/480 9608/9608/480 9609/9609/480
f 9610/9610/480 9611/9611/480 9612/9612/480
f 9613/9613/481 9614/9614/481 9615/9615/481
f 9616/9616/481 9617/9617/481 9618/9618/481
f 9619/9619/482 9620/9620/482 9621/9621/482
f 9622/9622/482 9623/9623/482 9624/9624/482
f 9625/9625/483 9626/9626/483 9627/9627/483
f 9628/9628/483 9629/9629/483 9630/9630/483
f 9631/9631/484 9632/9632/484 9633/9633/484
f 9634/9634/484 9635/9635/484 9636/9636/484
f 9637/9637/485 9638/9638/485 9639/9639/485
f 9640/9640/485 9641/9641/485 9642/9642/485
f 9643/9643/486 9644/9644/486 9645/9645/486
f 9646/9646/486 9647/9647/486 9648/9648/486
f 9649/9649/487 9650/9650/487 9651/9651/487
f 9652/9652/487 9653/9653/487 9654/9654/487
f 9655/9655/488 9656/9656/488 9657/9657/488
f 9658/9658/488 9659/9659/488 9660/9660/488
f 9661/9661/489 9662/9662/489 9663/9663/489
f 9664/9664/489 9665/9665/489 9666/9666/489
f 9667/9667/490 9668/9668/490 9669/9669/490
f 9670/9670/490 9671/9671/490 9672/9672/490
f 9673/9673/491 9674/9674/491 9675/9675/491
f 9676/9676/491 9677/9677/491 9678/9678/491
f 9679/9679/492 9680/9680/492 9681/9681/492
f 9682/9682/492 9683/9683/492 9684/9684/492
f 9685/9685/493 9686/9686/493 9687/9687/493
f 9688/9688/493 9689/9689/493 9690/9690/493
f 9691/9691/494 9692/9692/494 9693/9693/494
f 9694/9694/494 9695/9695/494 9696/9696/494
f 9697/9697/495 9698/9698/495 9699/9699/495
f 9700/9700/495 9701/9701/495 9702/9702/495
f 9703/9703/478 9704/9704/478 9705/9705/478
f 9706/9706/478 9707/9707/478 9708/9708/478
f 9709/9709/479 9710/9710/479 9711/9711/479
f 9712/9712/479 9713/9713/479 9714/9714/479
f 9715/9715/480 9716/9716/480 9717/9717/480
f 9718/9718/480 9719/9719/480 9720/9720/480
f 9721/9721/481 9722/9722/481 9723/9723/481
f 9724/9724/481 9725/9725/481 9726/9726/481
f 9727/9727/482 9728/9728/482 9729/9729/482
f 9730/9730/482 9731/9731/482 9732/9732/482
f 9733/9733/483 9734/9734/483 9735/9735/483
f 9736/9736/483 9737/9737/483 9738/9738/483
f 9739/9739/484 9740/9740/484 9741/9741/484
f 9742/9742/484 9743/9743/484 9744/9744/484
f 9745/9745/485 9746/9746/485 9747/9747/485
f 9748/9748/485 9749/9749/485 9750/9750/485
f 9751/9751/486 9752/9752/486 9753/9753/486
f 9754/9754/486 9755/9755/486 9756/9756/486
f 9757/9757/487 9758/9758/487 9759/9759/487
f 9760/9760/487 9761/9761/487 9762/9762/487
f 9763/9763/488 9764/9764/488 9765/9765/488
f 9766/9766/488 9767/9767/488 9768/9768/488
f 9769/9769/489 9770/9770/489 9771/9771/489
f 9772/9772/489 9773/9773/489 9774/9774/489
f 9775/9775/490 9776/9776/490 9777/9777/490
f 9778/9778/490 9779/9779/490 9780/9780/490
f 9781/9781/491 9782/9782/491 9783/9783/491
f 9784/9784/491 9785/9785/491 9786/9786/491
f 9787/9787/492 9788/9788/492 9789/9789/492
f 9790/9790/493 9791/9791/493 9792/9792/493
f 9793/9793/494 9794/9794/494 9795/9795/494
f 9796/9796/494 9797/9797/494 9798/9798/494
f 9799/9799/495 9800/9800/495 9801/9801/495
f 9802/9802/495 9803/9803/495 9804/9804/495
f 9805/9805/478 9806/9806/478 9807/9807/478
f 9808/9808/479 9809/9809/479 9810/9810/479
f 9811/9811/479 9812/9812/479 9813/9813/479
f 9814/9814/480 9815/9815/480 9816/9816/480
f 9817/9817/480 9818/9818/480 9819/9819/480
f 9820/9820/481 9821/9821/481 9822/9822/481
f 9823/9823/481 9824/9824/481 9825/9825/481
f 9826/9826/482 9827/9827/482 9828/9828/482
f 9829/9829/482 9830/9830/482 9831/9831/482
f 9832/9832/483 9833/9833/483 9834/9834/483
f 9835/9835/483 9836/9836/483 9837/9837/483
f 9838/9838/484 9839/9839/484 9840/9840/484
f 9841/9841/484 9842/9842/484 9843/9843/484
f 9844/9844/485 9845/9845/485 9846/9846/485
f 9847/9847/485 9848/9848/485 9849/9849/485
f 9850/9850/486 9851/9851/486 9852/9852/486
f 9853/9853/486 9854/9854/486 9855/9855/486
f 9856/9856/487 9857/9857/487 9858/9858/487
f 9859/9859/487 9860/9860/487 9861/9861/487
f 9862/9862/488 9863/9863/488 9864/9864/488
f 9865/9865/488 9866/9866/488 9867/9867/488
f 9868/9868/489 9869/9869/489 9870/9870/489
f 9871/9871/489 9872/9872/489 9873/9873/489
f 9874/9874/490 9875/9875/490 9876/9876/490
f 9877/9877/490 9878/9878/490 9879/9879/490
f 9880/9880/491 9881/9881/491 9882/9882/491
f 9883/9883/491 9884/9884/491 9885/9885/491
f 9886/9886/492 9887/9887/492 9888/9888/492
f 9889/9889/492 9890/9890/492 9891/9891/492
f 9892/9892/493 9893/9893/493 9894/9894/493
f 9895/9895/493 9896/9896/493 9897/9897/493
f 9898/9898/494 9899/9899/494 9900/9900/494
f 9901/9901/494 9902/9902/494 9903/9903/494
f 9904/9904/495 9905/9905/495 9906/9906/495
f 9907/9907/495 9908/9908/495 9909/9909/495
f 9910/9910/478 9911/9911/478 9912/9912/478
f 9913/9913/478 9914/9914/478 9915/9915/478
f 9916/9916/479 9917/9917/479 9918/9918/479
f 9919/9919/480 9920/9920/480 9921/9921/480
f 9922/9922/480 9923/9923/480 9924/9924/480
f 9925/9925/481 9926/9926/481 9927/9927/481
f 9928/9928/481 9929/9929/481 9930/9930/481
f 9931/9931/482 9932/9932/482 9933/9933/482
f 9934/9934/482 9935/9935/482 9936/9936/482
f 9937/9937/483 9938/9938/483 9939/9939/483
f 9940/9940/483 9941/9941/483 9942/9942/483
f 9943/9943/484 9944/9944/484 9945/9945/484
f 9946/9946/484 9947/9947/484 9948/9948/484
f 9949/9949/485 9950/9950/485 9951/9951/485
f 9952/9952/486 9953/9953/486 9954/9954/486
f 9955/9955/486 9956/9956/486 9957/9957/486
f 9958/9958/496 9959/9959/496 9960/9960/496
f 9961/9961/496 9962/9962/496 9963/9963/496
f 9964/9964/497 9965/9965/497 9966/9966/497
f 9967/9967/497 9968/9968/497 9969/9969/497
f 9970/9970/471 9971/9971/471 9972/9972/471
f 9973/9973/471 9974/9974/471 9975/9975/471
f 9976/9976/472 9977/9977/472 9978/9978/472
f 9979/9979/472 9980/9980/472 9981/9981/472
f 9982/9982/473 9983/9983/473 9984/9984/473
f 9985/9985/473 9986/9986/473 9987/9987/473
f 9988/9988/474 9989/9989/474 9990/9990/474
f 9991/9991/474 9992/9992/474 9993/9993/474
f 9994/9994/475 9995/9995/475 9996/9996/475
f 9997/9997/475 9998/9998/475 9999/9999/475
f 10000/10000/498 10001/10001/498 10002/10002/498
f 10003/10003/498 10004/10004/498 10005/10005/498
f 10006/10006/477 10007/10007/477 10008/10008/477
f 10009/10009/477 10010/10010/477 10011/10011/477
f 10012/10012/499 10013/10013/499 10014/10014/499
f 10015/10015/499 10016/10016/499 10017/10017/499
f 10018/10018/500 10019/10019/500 10020/10020/500
f 10021/10021/500 10022/10022/500 10023/10023/500
f 10024/10024/501 10025/10025/501 10026/10026/501
f 10027/10027/501 10028/10028/501 10029/10029/501
f 10030/10030/502 10031/10031/502 10032/10032/502
f 10033/10033/502 10034/10034/502 10035/10035/502
f 10036/10036/503 10037/10037/503 10038/10038/503
f 10039/10039/503 10040/10040/503 10041/10041/503
f 10042/10042/504 10043/10043/504 10044/10044/504
f 10045/10045/504 10046/10046/504 10047/10047/504
f 10048/10048/505 10049/10049/505 10050/10050/505
f 10051/10051/505 10052/10052/505 10053/10053/505
f 10054/10054/506 10055/10055/506 10056/10056/506
f 10057/10057/506 10058/10058/506 10059/10059/506
f 10060/10060/507 10061/10061/507 10062/10062/507
f 10063/10063/507 10064/10064/507 10065/10065/507
f 10066/10066/487 10067/10067/487 10068/10068/487
f 10069/10069/487 10070/10070/487 10071/10071/487
f 10072/10072/488 10073/10073/488 10074/10074/488
f 10075/10075/488 10076/10076/488 10077/10077/488
f 10078/10078/489 10079/10079/489 10080/10080/489
f 10081/10081/489 10082/10082/489 10083/10083/489
f 10084/10084/490 10085/10085/490 10086/10086/490
f 10087/10087/490 10088/10088/490 10089/10089/490
f 10090/10090/491 10091/10091/491 10092/10092/491
f 10093/10093/491 10094/10094/491 10095/10095/491
f 10096/10096/492 10097/10097/492 10098/10098/492
f 10099/10099/492 10100/10100/492 10101/10101/492
f 10102/10102/493 10103/10103/493 10104/10104/493
f 10105/10105/493 10106/10106/493 10107/10107/493
f 10108/10108/494 10109/10109/494 10110/10110/494
f 10111/10111/494 10112/10112/494 10113/10113/494
f 10114/10114/495 10115/10115/495 10116/10116/495
f 10117/10117/495 10118/10118/495 10119/10119/495
f 10120/10120/499 10121/10121/499 10122/10122/499
f 10123/10123/499 10124/10124/499 10125/10125/499
f 10126/10126/500 10127/10127/500 10128/10128/500
f 10129/10129/500 10130/10130/500 10131/10131/500
f 10132/10132/501 10133/10133/501 10134/10134/501
f 10135/10135/501 10136/10136/501 10137/10137/501
f 10138/10138/502 10139/10139/502 10140/10140/502
f 10141/10141/502 10142/10142/502 10143/10143/502
f 10144/10144/503 10145/10145/503 10146/10146/503
f 10147/10147/503 10148/10148/503 10149/10149/503
f 10150/10150/504 10151/10151/504 10152/10152/504
f 10153/10153/504 10154/10154/504 10155/10155/504
f 10156/10156/505 10157/10157/505 10158/10158/505
f 10159/10159/505 10160/10160/505 10161/10161/505
f 10162/10162/506 10163/10163/506 10164/10164/506
f 10165/10165/506 10166/10166/506 10167/10167/506
f 10168/10168/507 10169/10169/507 10170/10170/507
f 10171/10171/507 10172/10172/507 10173/10173/507
f 10174/10174/496 10175/10175/496 10176/10176/496
f 10177/10177/496 10178/10178/496 10179/10179/496
f 10180/10180/470 10181/10181/470 10182/10182/470
f 10183/10183/470 10184/10184/470 10185/10185/470
f 10186/10186/471 10187/10187/471 10188/10188/471
f 10189/10189/471 10190/10190/471 10191/10191/471
f 10192/10192/472 10193/10193/472 10194/10194/472
f 10195/10195/472 10196/10196/472 10197/10197/472
f 10198/10198/473 10199/10199/473 10200/10200/473
f 10201/10201/473 10202/10202/473 10203/10203/473
f 10204/10204/474 10205/10205/474 10206/10206/474
f 10207/10207/474 10208/10208/474 10209/10209/474
f 10210/10210/475 10211/10211/475 10212/10212/475
f 10213/10213/475 10214/10214/475 10215/10215/475
f 10216/10216/476 10217/10217/476 10218/10218/476
f 10219/10219/476 10220/10220/476 10221/10221/476
f 10222/10222/477 10223/10223/477 10224/10224/477
f 10225/10225/477 10226/10226/477 10227/10227/477
f 10228/10228/499 10229/10229/499 10230/10230/499
f 10231/10231/499 10232/10232/499 10233/10233/499
f 10234/10234/500 10235/10235/500 10236/10236/500
f 10237/10237/500 10238/10238/500 10239/10239/500
f 10240/10240/501 10241/10241/501 10242/10242/501
f 10243/10243/501 10244/10244/501 10245/10245/501
f 10246/10246/502 10247/10247/502 10248/10248/502
f 10249/10249/502 10250/10250/502 10251/10251/502
f 10252/10252/503 10253/10253/503 10254/10254/503
f 10255/10255/503 10256/10256/503 10257/10257/503
f 10258/10258/504 10259/10259/504 10260/10260/504
f 10261/10261/504 10262/10262/504 10263/10263/504
f 10264/10264/505 10265/10265/505 10266/10266/505
f 10267/10267/505 10268/10268/505 10269/10269/505
f 10270/10270/506 10271/10271/506 10272/10272/506
f 10273/10273/506 10274/10274/506 10275/10275/506
f 10276/10276/507 10277/10277/507 10278/10278/507
f 10279/10279/507 10280/10280/507 10281/10281/507
f 10282/10282/496 10283/10283/496 10284/10284/496
f 10285/10285/496 10286/10286/496 10287/10287/496
f 10288/10288/497 10289/10289/497 10290/10290/497
f 10291/10291/470 10292/10292/470 10293/10293/470
f 10294/10294/471 10295/10295/471 10296/10296/471
f 10297/10297/471 10298/10298/471 10299/10299/471
f 10300/10300/472 10301/10301/472 10302/10302/472
f 10303/10303/472 10304/10304/472 10305/10305/472
f 10306/10306/473 10307/10307/473 10308/10308/473
f 10309/10309/473 10310/10310/473 10311/10311/473
f 10312/10312/474 10313/10313/474 10314/10314/474
f 10315/10315/474 10316/10316/474 10317/10317/474
f 10318/10318/475 10319/10319/475 10320/10320/475
f 10321/10321/475 10322/10322/475 10323/10323/475
f 10324/10324/476 10325/10325/476 10326/10326/476
f 10327/10327/476 10328/10328/476 10329/10329/476
f 10330/10330/477 10331/10331/477 10332/10332/477
f 10333/10333/477 10334/10334/477 10335/10335/477
f 10336/10336/499 10337/10337/499 10338/10338/499
f 10339/10339/499 10340/10340/499 10341/10341/499
f 10342/10342/500 10343/10343/500 10344/10344/500
f 10345/10345/500 10346/10346/500 10347/10347/500
f 10348/10348/501 10349/10349/501 10350/10350/501
f 10351/10351/501 10352/10352/501 10353/10353/501
f 10354/10354/502 10355/10355/502 10356/10356/502
f 10357/10357/502 10358/10358/502 10359/10359/502
f 10360/10360/503 10361/10361/503 10362/10362/503
f 10363/10363/503 10364/10364/503 10365/10365/503
f 10366/10366/504 10367/10367/504 10368/10368/504
f 10369/10369/504 10370/10370/504 10371/10371/504
f 10372/10372/505 10373/10373/505 10374/10374/505
f 10375/10375/505 10376/10376/505 10377/10377/505
f 10378/10378/506 10379/10379/506 10380/10380/506
f 10381/10381/506 10382/10382/506 10383/10383/506
f 10384/10384/507 10385/10385/507 10386/10386/507
f 10387/10387/507 10388/10388/507 10389/10389/507
f 10390/10390/496 10391/10391/496 10392/10392/496
f 10393/10393/496 10394/10394/496 10395/10395/496
f 10396/10396/470 10397/10397/470 10398/10398/470
f 10399/10399/470 10400/10400/470 10401/10401/470
f 10402/10402/471 10403/10403/471 10404/10404/471
f 10405/10405/471 10406/10406/471 10407/10407/471
f 10408/10408/472 10409/10409/472 10410/10410/472
f 10411/10411/472 10412/10412/472 10413/10413/472
f 10414/10414/473 10415/10415/473 10416/10416/473
f 10417/10417/473 10418/10418/473 10419/10419/473
f 10420/10420/474 10421/10421/474 10422/10422/474
f 10423/10423/474 10424/10424/474 10425/10425/474
f 10426/10426/475 10427/10427/475 10428/10428/475
f 10429/10429/475 10430/10430/475 10431/10431/475
f 10432/10432/476 10433/10433/476 10434/10434/476
f 10435/10435/476 10436/10436/476 10437/10437/476
f 10438/10438/477 10439/10439/477 10440/10440/477
f 10441/10441/477 10442/10442/477 10443/10443/477
f 10444/10444/499 10445/10445/499 10446/10446/499
f 10447/10447/499 10448/10448/499 10449/10449/499
f 10450/10450/500 10451/10451/500 10452/10452/500
f 10453/10453/500 10454/10454/500 10455/10455/500
f 10456/10456/501 10457/10457/501 10458/10458/501
f 10459/10459/501 10460/10460/501 10461/10461/501
f 10462/10462/502 10463/10463/502 10464/10464/502
f 10465/10465/502 10466/10466/502 10467/10467/502
f 10468/10468/503 10469/10469/503 10470/10470/503
f 10471/10471/503 10472/10472/503 10473/10473/503
f 10474/10474/504 10475/10475/504 10476/10476/504
f 10477/10477/504 10478/10478/504 10479/10479/504
f 10480/10480/505 10481/10481/505 10482/10482/505
f 10483/10483/505 10484/10484/505 10485/10485/505
f 10486/10486/506 10487/10487/506 10488/10488/506
f 10489/10489/506 10490/10490/506 10491/10491/506
f 10492/10492/507 10493/10493/507 10494/10494/507
f 10495/10495/507 10496/10496/507 10497/10497/507
f 10498/10498/487 10499/10499/487 10500/10500/487
f 10501/10501/487 10502/10502/487 10503/10503/487
f 10504/10504/488 10505/10505/488 10506/10506/488
f 10507/10507/488 10508/10508/488 10509/10509/488
f 10510/10510/489 10511/10511/489 10512/10512/489
f 10513/10513/489 10514/10514/489 10515/10515/489
f 10516/10516/490 10517/10517/490 10518/10518/490
f 10519/10519/491 10520/10520/491 10521/10521/491
f 10522/10522/491 10523/10523/491 10524/10524/491
f 10525/10525/492 10526/10526/492 10527/10527/492
f 10528/10528/493 10529/10529/493 10530/10530/493
f 10531/10531/493 10532/10532/493 10533/10533/493
f 10534/10534/494 10535/10535/494 10536/10536/494
f 10537/10537/494 10538/10538/494 10539/10539/494
f 10540/10540/495 10541/10541/495 10542/10542/495
f 10543/10543/495 10544/10544/495 10545/10545/495
f 10546/10546/478 10547/10547/478 10548/10548/478
f 10549/10549/478 10550/10550/478 10551/10551/478
f 10552/10552/479 10553/10553/479 10554/10554/479
f 10555/10555/480 10556/10556/480 10557/10557/480
f 10558/10558/480 10559/10559/480 10560/10560/480
f 10561/10561/481 10562/10562/481 10563/10563/481
f 10564/10564/481 10565/10565/481 10566/10566/481
f 10567/10567/482 10568/10568/482 10569/10569/482
f 10570/10570/482 10571/10571/482 10572/10572/482
f 10573/10573/483 10574/10574/483 10575/10575/483
f 10576/10576/483 10577/10577/483 10578/10578/483
f 10579/10579/484 10580/10580/484 10581/10581/484
f 10582/10582/484 10583/10583/484 10584/10584/484
f 10585/10585/485 10586/10586/485 10587/10587/485
f 10588/10588/485 10589/10589/485 10590/10590/485
f 10591/10591/486 10592/10592/486 10593/10593/486
f 10594/10594/486 10595/10595/486 10596/10596/486
s 1
f 10597/10597/496 10598/10598/496 10599/10599/496
f 10600/10600/496 10601/10601/496 10602/10602/496
f 10603/10603/471 10604/10604/471 10605/10605/471
f 10606/10606/475 10607/10607/475 10608/10608/475
f 10609/10609/492 10610/10610/492 10611/10611/492
f 10612/10612/493 10613/10613/493 10614/10614/493
f 10615/10615/478 10616/10616/478 10617/10617/478
f 10618/10618/479 10619/10619/479 10620/10620/479
f 10621/10621/485 10622/10622/485 10623/10623/485
f 10624/10624/490 10625/10625/490 10626/10626/490
f 10627/10627/492 10628/10628/492 10629/10629/492
f 10630/10630/479 10631/10631/479 10632/10632/479
