# Blender v3.2.1 OBJ File: ''
# www.blender.org
mtllib TitleScreenBackground.mtl
o main_Plane.001
v 0.406714 0.777842 13.615124
v 0.165471 1.014849 13.615124
v 0.413277 0.151079 13.615124
v -0.409710 0.770610 13.615124
v -0.410614 0.150874 13.615125
v -0.172703 1.011853 13.615124
v 0.316450 0.739514 13.615124
v 0.128747 0.923920 13.615124
v 0.315215 0.150408 13.615124
v -0.318781 0.733886 13.615124
v -0.312550 0.151178 13.615124
v -0.134375 0.921589 13.615124
v -1.141966 0.147255 13.673801
v 1.141966 0.147255 13.673801
v -1.141966 0.147255 11.389870
v 1.141966 0.147255 11.389870
v -1.141966 0.147255 11.498628
v -1.141966 0.147255 11.607387
v -1.141966 0.147255 11.716146
v -1.141966 0.147255 11.824903
v -1.141966 0.147255 11.933662
v -1.141966 0.147255 12.042421
v -1.141966 0.147255 12.151180
v -1.141966 0.147255 12.259939
v -1.141966 0.147255 12.368697
v -1.141966 0.147255 12.477456
v -1.141966 0.147255 12.586215
v -1.141966 0.147255 12.694974
v -1.141966 0.147255 12.803732
v -1.141966 0.147255 12.912491
v -1.141966 0.147255 13.021250
v -1.141966 0.147255 13.130009
v -1.141966 0.147255 13.238767
v -1.141966 0.147255 13.347526
v -1.141966 0.147255 13.456285
v -1.141966 0.147255 13.565043
v 1.141966 0.147255 13.565043
v 1.141966 0.147255 13.456285
v 1.141966 0.147255 13.347526
v 1.141966 0.147255 13.238768
v 1.141966 0.147255 13.130009
v 1.141966 0.147255 13.021250
v 1.141966 0.147255 12.912491
v 1.141966 0.147255 12.803732
v 1.141966 0.147255 12.694974
v 1.141966 0.147255 12.586215
v 1.141966 0.147255 12.477456
v 1.141966 0.147255 12.368697
v 1.141966 0.147255 12.259939
v 1.141966 0.147255 12.151180
v 1.141966 0.147255 12.042421
v 1.141966 0.147255 11.933662
v 1.141966 0.147255 11.824904
v 1.141966 0.147255 11.716146
v 1.141966 0.147255 11.607387
v 1.141966 0.147255 11.498628
v -1.033208 0.147255 13.673801
v -0.924449 0.147255 13.673801
v -0.815690 0.147255 13.673801
v -0.706932 0.147255 13.673801
v -0.598173 0.147255 13.673801
v -0.489414 0.147255 13.673801
v -0.380655 0.147255 13.673801
v -0.271897 0.147255 13.673801
v -0.163138 0.147255 13.673801
v -0.054379 0.147255 13.673801
v 0.054379 0.147255 13.673801
v 0.163138 0.147255 13.673801
v 0.271897 0.147255 13.673801
v 0.380655 0.147255 13.673801
v 0.489414 0.147255 13.673801
v 0.598173 0.147255 13.673801
v 0.706932 0.147255 13.673801
v 0.815690 0.147255 13.673801
v 0.924449 0.147255 13.673801
v 1.033208 0.147255 13.673801
v 1.033208 0.147255 11.389870
v 0.924449 0.147255 11.389870
v 0.815690 0.147255 11.389870
v 0.706932 0.147255 11.389870
v 0.598173 0.147255 11.389870
v 0.489414 0.147255 11.389870
v 0.380655 0.147255 11.389870
v 0.271897 0.147255 11.389870
v 0.163138 0.147255 11.389870
v 0.054379 0.147255 11.389870
v -0.054379 0.147255 11.389870
v -0.163138 0.147255 11.389870
v -0.271897 0.147255 11.389870
v -0.380655 0.147255 11.389870
v -0.489414 0.147255 11.389870
v -0.598173 0.147255 11.389870
v -0.706932 0.147255 11.389870
v -0.815690 0.147255 11.389870
v -0.924449 0.147255 11.389870
v -1.033208 0.147255 11.389870
v 1.033208 0.147255 13.565043
v 0.924449 0.147255 13.565043
v 0.815690 0.147255 13.565043
v 0.706932 0.147255 13.565043
v 0.598173 0.147255 13.565043
v 0.489414 0.147255 13.565043
v 0.380655 0.147255 13.565043
v 0.271897 0.147255 13.565043
v 0.163138 0.147255 13.565043
v 0.054379 0.147255 13.565043
v -0.054379 0.147255 13.565043
v -0.163138 0.147255 13.565043
v -0.271897 0.147255 13.565043
v -0.380655 0.147255 13.565043
v -0.489414 0.147255 13.565043
v -0.598173 0.147255 13.565043
v -0.706932 0.147255 13.565043
v -0.815690 0.147255 13.565043
v -0.924449 0.147255 13.565043
v -1.033208 0.147255 13.565043
v 1.033208 0.147255 13.456285
v 0.924449 0.147255 13.456285
v 0.815690 0.147255 13.456285
v 0.706932 0.147255 13.456285
v 0.598173 0.147255 13.456285
v 0.489414 0.147255 13.456285
v 0.380655 0.147255 13.456285
v 0.271897 0.147255 13.456285
v 0.163138 0.147255 13.456285
v 0.054379 0.147255 13.456285
v -0.054379 0.147255 13.456285
v -0.163138 0.147255 13.456285
v -0.271897 0.147255 13.456285
v -0.380655 0.147255 13.456285
v -0.489414 0.147255 13.456285
v -0.598173 0.147255 13.456285
v -0.706932 0.147255 13.456285
v -0.815690 0.147255 13.456285
v -0.924449 0.147255 13.456285
v -1.033208 0.147255 13.456285
v 1.033208 0.147255 13.347526
v 0.924449 0.147255 13.347526
v 0.815690 0.147255 13.347526
v 0.706932 0.147255 13.347526
v 0.598173 0.147255 13.347526
v 0.489414 0.147255 13.347526
v 0.380655 0.147255 13.347526
v 0.271897 0.147255 13.347526
v 0.163138 0.147255 13.347526
v 0.054379 0.147255 13.347526
v -0.054379 0.147255 13.347526
v -0.163138 0.147255 13.347526
v -0.271897 0.147255 13.347526
v -0.380655 0.147255 13.347526
v -0.489414 0.147255 13.347526
v -0.598173 0.147255 13.347526
v -0.706932 0.147255 13.347526
v -0.815690 0.147255 13.347526
v -0.924449 0.147255 13.347526
v -1.033208 0.147255 13.347526
v 1.033208 0.147255 13.238768
v 0.924449 0.147255 13.238768
v 0.815690 0.147255 13.238768
v 0.706932 0.147255 13.238768
v 0.598173 0.147255 13.238768
v 0.489414 0.147255 13.238768
v 0.380655 0.147255 13.238768
v 0.271897 0.147255 13.238768
v 0.163138 0.147255 13.238768
v 0.054379 0.147255 13.238768
v -0.054379 0.147255 13.238768
v -0.163138 0.147255 13.238768
v -0.271897 0.147255 13.238768
v -0.380655 0.147255 13.238768
v -0.489414 0.147255 13.238768
v -0.598173 0.147255 13.238768
v -0.706932 0.147255 13.238768
v -0.815690 0.147255 13.238768
v -0.924449 0.147255 13.238768
v -1.033208 0.147255 13.238768
v 1.033208 0.147255 13.130009
v 0.924449 0.147255 13.130009
v 0.815690 0.147255 13.130009
v 0.706932 0.147255 13.130009
v 0.924449 1.206648 13.347526
v 1.033208 1.206648 13.347526
v -0.924449 1.206648 13.456285
v -0.815690 1.206648 13.456285
v -0.706932 1.206648 13.456285
v -0.598173 1.206648 13.456285
v -0.489414 1.206648 13.456285
v -0.380655 1.206648 13.456285
v -0.271897 1.206648 13.456285
v -0.163138 1.206648 13.456285
v -0.054379 1.206648 13.456285
v 0.054379 1.206648 13.456285
v -0.706932 0.147255 13.130009
v -0.815690 0.147255 13.130009
v -0.924449 0.147255 13.130009
v -1.033208 0.147255 13.130009
v 1.033208 0.147255 13.021250
v 0.924449 0.147255 13.021250
v 0.815690 0.147255 13.021250
v 0.706932 0.147255 13.021250
v 0.163138 1.206648 13.456285
v 0.271897 1.206648 13.456285
v 0.380655 1.206648 13.456285
v 0.489414 1.206648 13.456285
v 0.598173 1.206648 13.456285
v 0.706932 1.206648 13.456285
v 0.815690 1.206648 13.456285
v 0.924449 1.206648 13.456285
v 1.033208 1.206648 13.456285
v -0.924449 1.206648 13.565043
v -0.815690 1.206648 13.565043
v -0.706932 1.206648 13.565043
v -0.706932 0.147255 13.021250
v -0.815690 0.147255 13.021250
v -0.924449 0.147255 13.021250
v -1.033208 0.147255 13.021250
v 1.033208 0.147255 12.912491
v 0.924449 0.147255 12.912491
v 0.815690 0.147255 12.912491
v 0.706932 0.147255 12.912491
v -0.598173 1.206648 13.565043
v -0.489414 1.206648 13.565043
v -0.380655 1.206648 13.565043
v -0.271897 1.206648 13.565043
v -0.163138 1.206648 13.565043
v -0.054379 1.206648 13.565043
v 0.054379 1.206648 13.565043
v 0.163138 1.206648 13.565043
v 0.271897 1.206648 13.565043
v 0.380655 1.206648 13.565043
v 0.489414 1.206648 13.565043
v 0.598173 1.206648 13.565043
v -0.706932 0.147255 12.912491
v -0.815690 0.147255 12.912491
v -0.924449 0.147255 12.912491
v -1.033208 0.147255 12.912491
v 1.033208 0.147255 12.803732
v 0.924449 0.147255 12.803732
v 0.815690 0.147255 12.803732
v 0.706932 0.147255 12.803732
v 0.706932 1.206648 13.565043
v 0.815690 1.206648 13.565043
v 0.924449 1.206648 13.565043
v 1.033208 1.206648 13.565043
v -0.995737 1.229207 11.301151
v -0.878591 1.229207 11.301151
v -0.761446 1.229207 11.301151
v -0.644300 1.229207 11.301151
v -0.527155 1.229207 11.301151
v -0.410009 1.229207 11.301151
v -0.292864 1.229207 11.301151
v -0.175718 1.229207 11.301151
v -0.706932 0.147255 12.803732
v -0.815690 0.147255 12.803732
v -0.924449 0.147255 12.803732
v -1.033208 0.147255 12.803732
v 1.033208 0.147255 12.694974
v 0.924449 0.147255 12.694974
v 0.815690 0.147255 12.694974
v 0.706932 0.147255 12.694974
v -0.058573 1.229207 11.301151
v 0.058573 1.229207 11.301151
v 0.175718 1.229207 11.301151
v 0.292864 1.229207 11.301151
v 0.410009 1.229207 11.301151
v 0.527155 1.229207 11.301151
v 0.644300 1.229207 11.301151
v 0.761446 1.229207 11.301151
v 0.878592 1.229207 11.301151
v 0.995737 1.229207 11.301151
v 1.112883 1.229207 11.301151
v 0.995737 1.229208 13.761208
v -0.706932 0.147255 12.694974
v -0.815690 0.147255 12.694974
v -0.924449 0.147255 12.694974
v -1.033208 0.147255 12.694974
v 1.033208 0.147255 12.586215
v 0.924449 0.147255 12.586215
v 0.815690 0.147255 12.586215
v 0.706932 0.147255 12.586215
v 0.878591 1.229208 13.761208
v 0.761446 1.229208 13.761208
v 0.644300 1.229208 13.761208
v 0.527155 1.229208 13.761208
v 0.410009 1.229208 13.761208
v 0.292864 1.229208 13.761208
v 0.175718 1.229208 13.761208
v 0.058573 1.229208 13.761208
v -0.058573 1.229208 13.761208
v -0.175718 1.229208 13.761208
v -0.292864 1.229208 13.761208
v -0.410009 1.229208 13.761208
v -0.706932 0.147255 12.586215
v -0.815690 0.147255 12.586215
v -0.924449 0.147255 12.586215
v -1.033208 0.147255 12.586215
v 1.033208 0.147255 12.477456
v 0.924449 0.147255 12.477456
v 0.815690 0.147255 12.477456
v 0.706932 0.147255 12.477456
v -0.527155 1.229208 13.761208
v -0.644300 1.229208 13.761208
v -0.761446 1.229208 13.761208
v -0.878592 1.229208 13.761208
v -0.995737 1.229208 13.761208
v -1.112883 1.229208 13.761208
v -1.033208 1.206648 11.498628
v -1.033208 1.206648 11.607387
v -1.033208 1.206648 11.716146
v -1.033208 1.206648 11.824903
v -1.033208 1.206648 11.933662
v -1.033208 1.206648 12.042421
v -0.706932 0.147255 12.477456
v -0.815690 0.147255 12.477456
v -0.924449 0.147255 12.477456
v -1.033208 0.147255 12.477456
v 1.033208 0.147255 12.368697
v 0.924449 0.147255 12.368697
v 0.815690 0.147255 12.368697
v 0.706932 0.147255 12.368697
v -1.033208 1.206648 12.151180
v -1.033208 1.206648 12.259938
v -1.033208 1.206648 12.368697
v -1.033208 1.206648 12.477456
v -1.033208 1.206648 12.586215
v -1.033208 1.206648 12.694973
v -1.033208 1.206648 12.803732
v -1.033208 1.206648 12.912491
v -1.033208 1.206648 13.021250
v -1.033208 1.206648 13.130009
v -1.033208 1.206648 13.238767
v -1.033208 1.206648 13.347526
v -0.706932 0.147255 12.368697
v -0.815690 0.147255 12.368697
v -0.924449 0.147255 12.368697
v -1.033208 0.147255 12.368697
v 1.033208 0.147255 12.259939
v 0.924449 0.147255 12.259939
v 0.815690 0.147255 12.259939
v 0.706932 0.147255 12.259939
v -1.033208 1.206648 13.456285
v -1.033208 1.206648 13.565043
v 1.230028 1.229207 11.535442
v 1.230028 1.229207 11.652588
v 1.230028 1.229207 11.769733
v 1.230028 1.229207 11.886879
v 1.230028 1.229207 12.004025
v 1.230028 1.229207 12.121170
v 1.230028 1.229208 12.238316
v 1.230028 1.229208 12.355461
v 1.230028 1.229208 12.472607
v 1.230028 1.229208 12.589752
v -0.706932 0.147255 12.259939
v -0.815690 0.147255 12.259939
v -0.924449 0.147255 12.259939
v -1.033208 0.147255 12.259939
v 1.033208 0.147255 12.151180
v 0.924449 0.147255 12.151180
v 0.815690 0.147255 12.151180
v 0.706932 0.147255 12.151180
v 1.230028 1.229208 12.706898
v 1.230028 1.229208 12.824043
v 1.230028 1.229208 12.941189
v 1.230028 1.229208 13.058334
v 1.230028 1.229208 13.175480
v 1.230028 1.229208 13.292625
v 1.230028 1.229208 13.409771
v 1.230028 1.229208 13.526917
v 1.230028 1.229208 13.644062
v -1.230028 1.229208 13.526917
v -1.230028 1.229208 13.409771
v -1.230028 1.229208 13.292625
v -0.706932 0.147255 12.151180
v -0.815690 0.147255 12.151180
v -0.924449 0.147255 12.151180
v -1.033208 0.147255 12.151180
v 1.033208 0.147255 12.042421
v 0.924449 0.147255 12.042421
v 0.815690 0.147255 12.042421
v 0.706932 0.147255 12.042421
v -1.230028 1.229208 13.175480
v -1.230028 1.229208 13.058334
v -1.230028 1.229208 12.941189
v -1.230028 1.229208 12.824043
v -1.230028 1.229208 12.706898
v -1.230028 1.229208 12.589752
v -1.230028 1.229208 12.472607
v -1.230028 1.229208 12.355461
v -1.230028 1.229208 12.238316
v -1.230028 1.229207 12.121170
v -1.230028 1.229207 12.004025
v -1.230028 1.229207 11.886879
v -0.706932 0.147255 12.042421
v -0.815690 0.147255 12.042421
v -0.924449 0.147255 12.042421
v -1.033208 0.147255 12.042421
v 1.033208 0.147255 11.933662
v 0.924449 0.147255 11.933662
v 0.815690 0.147255 11.933662
v 0.706932 0.147255 11.933662
v -1.230028 1.229207 11.769733
v -1.230028 1.229207 11.652588
v -1.230028 1.229207 11.535442
v -1.230028 1.229207 11.418297
v -1.230028 1.229207 11.301151
v -1.112883 1.229207 11.301151
v 1.230028 1.229207 11.301151
v 1.230028 1.229207 11.418297
v 1.230028 1.229208 13.761208
v 1.112883 1.229208 13.761208
v -1.230028 1.229208 13.761208
v -1.230028 1.229208 13.644062
v -0.706932 0.147255 11.933662
v -0.815690 0.147255 11.933662
v -0.924449 0.147255 11.933662
v -1.033208 0.147255 11.933662
v 1.033208 0.147255 11.824904
v 0.924449 0.147255 11.824904
v 0.815690 0.147255 11.824904
v 0.706932 0.147255 11.824904
v 0.598173 0.147255 11.824904
v 0.489414 0.147255 11.824904
v 0.380655 0.147255 11.824904
v 0.271897 0.147255 11.824904
v 0.163138 0.147255 11.824904
v 0.054379 0.147255 11.824904
v -0.054379 0.147255 11.824904
v -0.163138 0.147255 11.824904
v -0.271897 0.147255 11.824904
v -0.380655 0.147255 11.824904
v -0.489414 0.147255 11.824904
v -0.598173 0.147255 11.824904
v -0.706932 0.147255 11.824904
v -0.815690 0.147255 11.824904
v -0.924449 0.147255 11.824904
v -1.033208 0.147255 11.824903
v 1.033208 0.147255 11.716146
v 0.924449 0.147255 11.716146
v 0.815690 0.147255 11.716146
v 0.706932 0.147255 11.716146
v 0.598173 0.147255 11.716146
v 0.489414 0.147255 11.716146
v 0.380655 0.147255 11.716146
v 0.271897 0.147255 11.716146
v 0.163138 0.147255 11.716146
v 0.054379 0.147255 11.716146
v -0.054379 0.147255 11.716146
v -0.163138 0.147255 11.716146
v -0.271897 0.147255 11.716146
v -0.380655 0.147255 11.716146
v -0.489414 0.147255 11.716146
v -0.598173 0.147255 11.716146
v -0.706932 0.147255 11.716146
v -0.815690 0.147255 11.716146
v -0.924449 0.147255 11.716146
v -1.033208 0.147255 11.716146
v 1.033208 0.147255 11.607387
v 0.924449 0.147255 11.607387
v 0.815690 0.147255 11.607387
v 0.706932 0.147255 11.607387
v 0.598173 0.147255 11.607387
v 0.489414 0.147255 11.607387
v 0.380655 0.147255 11.607387
v 0.271897 0.147255 11.607387
v 0.163138 0.147255 11.607387
v 0.054379 0.147255 11.607387
v -0.054379 0.147255 11.607387
v -0.163138 0.147255 11.607387
v -0.271897 0.147255 11.607387
v -0.380655 0.147255 11.607387
v -0.489414 0.147255 11.607387
v -0.598173 0.147255 11.607387
v -0.706932 0.147255 11.607387
v -0.815690 0.147255 11.607387
v -0.924449 0.147255 11.607387
v -1.033208 0.147255 11.607387
v 1.033208 0.147255 11.498628
v 0.924449 0.147255 11.498628
v 0.815690 0.147255 11.498628
v 0.706932 0.147255 11.498628
v 0.598173 0.147255 11.498628
v 0.489414 0.147255 11.498628
v 0.380655 0.147255 11.498628
v 0.271897 0.147255 11.498628
v 0.163138 0.147255 11.498628
v 0.054379 0.147255 11.498628
v -0.054379 0.147255 11.498628
v -0.163138 0.147255 11.498628
v -0.271897 0.147255 11.498628
v -0.380655 0.147255 11.498628
v -0.489414 0.147255 11.498628
v -0.598173 0.147255 11.498628
v -0.706932 0.147255 11.498628
v -0.815690 0.147255 11.498628
v -0.924449 0.147255 11.498628
v -1.033208 0.147255 11.498628
v 0.815690 1.206648 13.347526
v 0.706932 1.206648 13.347526
v 0.598173 1.206648 13.347526
v 0.489414 1.206648 13.347526
v 0.380655 1.206648 13.347526
v 0.271897 1.206648 13.347526
v 0.163138 1.206648 13.347526
v 0.054379 1.206648 13.347526
v -0.054379 1.206648 13.347526
v -0.163138 1.206648 13.347526
v -0.271897 1.206648 13.347526
v -0.380655 1.206648 13.347526
v -0.489414 1.206648 13.347526
v -0.598173 1.206648 13.347526
v -0.706932 1.206648 13.347526
v -0.815690 1.206648 13.347526
v -0.924449 1.206648 13.347526
v 1.033208 1.206648 13.238767
v 0.924449 1.206648 13.238767
v 0.815690 1.206648 13.238767
v 0.706932 1.206648 13.238767
v 0.598173 1.206648 13.238767
v 0.489414 1.206648 13.238767
v 0.380655 1.206648 13.238767
v 0.271897 1.206648 13.238767
v 0.163138 1.206648 13.238767
v 0.054379 1.206648 13.238767
v -0.054379 1.206648 13.238767
v -0.163138 1.206648 13.238767
v -0.271897 1.206648 13.238767
v -0.380655 1.206648 13.238767
v -0.489414 1.206648 13.238767
v -0.598173 1.206648 13.238767
v -0.706932 1.206648 13.238767
v -0.815690 1.206648 13.238767
v -0.924449 1.206648 13.238767
v 1.033208 1.206648 13.130009
v 0.924449 1.206648 13.130009
v 0.815690 1.206648 13.130009
v 0.706932 1.206648 13.130009
v -0.706932 1.206648 13.130009
v -0.815690 1.206648 13.130009
v -0.924449 1.206648 13.130009
v 1.033208 1.206648 13.021250
v 0.924449 1.206648 13.021250
v 0.815690 1.206648 13.021250
v 0.706932 1.206648 13.021250
v -0.706932 1.206648 13.021250
v -0.815690 1.206648 13.021250
v -0.924449 1.206648 13.021250
v 1.033208 1.206648 12.912491
v 0.924449 1.206648 12.912491
v 0.815690 1.206648 12.912491
v 0.706932 1.206648 12.912491
v -0.706932 1.206648 12.912491
v -0.815690 1.206648 12.912491
v -0.924449 1.206648 12.912491
v 1.033208 1.206648 12.803732
v 0.924449 1.206648 12.803732
v 0.815690 1.206648 12.803732
v 0.706932 1.206648 12.803732
v -0.706932 1.206648 12.803732
v -0.815690 1.206648 12.803732
v -0.924449 1.206648 12.803732
v 1.033208 1.206648 12.694973
v 0.924449 1.206648 12.694973
v 0.815690 1.206648 12.694973
v 0.706932 1.206648 12.694973
v -0.706932 1.206648 12.694973
v -0.815690 1.206648 12.694973
v -0.924449 1.206648 12.694973
v 1.033208 1.206648 12.586215
v 0.924449 1.206648 12.586215
v 0.815690 1.206648 12.586215
v 0.706932 1.206648 12.586215
v -0.706932 1.206648 12.586215
v -0.815690 1.206648 12.586215
v -0.924449 1.206648 12.586215
v 1.033208 1.206648 12.477456
v 0.924449 1.206648 12.477456
v 0.815690 1.206648 12.477456
v 0.706932 1.206648 12.477456
v -0.706932 1.206648 12.477456
v -0.815690 1.206648 12.477456
v -0.924449 1.206648 12.477456
v 1.033208 1.206648 12.368697
v 0.924449 1.206648 12.368697
v 0.815690 1.206648 12.368697
v 0.706932 1.206648 12.368697
v -0.706932 1.206648 12.368697
v -0.815690 1.206648 12.368697
v -0.924449 1.206648 12.368697
v 1.033208 1.206648 12.259938
v 0.924449 1.206648 12.259938
v 0.815690 1.206648 12.259938
v 0.706932 1.206648 12.259938
v -0.706932 1.206648 12.259938
v -0.815690 1.206648 12.259938
v -0.924449 1.206648 12.259938
v 1.033208 1.206648 12.151180
v 0.924449 1.206648 12.151180
v 0.815690 1.206648 12.151180
v 0.706932 1.206648 12.151180
v -0.706932 1.206648 12.151180
v -0.815690 1.206648 12.151180
v -0.924449 1.206648 12.151180
v 1.033208 1.206648 12.042421
v 0.924449 1.206648 12.042421
v 0.815690 1.206648 12.042421
v 0.706932 1.206648 12.042421
v -0.706932 1.206648 12.042421
v -0.815690 1.206648 12.042421
v -0.924449 1.206648 12.042421
v 1.033208 1.206648 11.933662
v 0.924449 1.206648 11.933662
v 0.815690 1.206648 11.933662
v 0.706932 1.206648 11.933662
v -0.706932 1.206648 11.933662
v -0.815690 1.206648 11.933662
v -0.924449 1.206648 11.933662
v 1.033208 1.206648 11.824903
v 0.924449 1.206648 11.824903
v 0.815690 1.206648 11.824903
v 0.706932 1.206648 11.824903
v 0.598173 1.206648 11.824903
v 0.489414 1.206648 11.824903
v 0.380655 1.206648 11.824903
v 0.271897 1.206648 11.824903
v 0.163138 1.206648 11.824903
v 0.054379 1.206648 11.824903
v -0.054379 1.206648 11.824903
v -0.163138 1.206648 11.824903
v -0.271897 1.206648 11.824903
v -0.380655 1.206648 11.824903
v -0.489414 1.206648 11.824903
v -0.598173 1.206648 11.824903
v -0.706932 1.206648 11.824903
v -0.815690 1.206648 11.824903
v -0.924449 1.206648 11.824903
v 1.033208 1.206648 11.716146
v 0.924449 1.206648 11.716146
v 0.815690 1.206648 11.716146
v 0.706932 1.206648 11.716146
v 0.598173 1.206648 11.716146
v 0.489414 1.206648 11.716146
v 0.380655 1.206648 11.716146
v 0.271897 1.206648 11.716146
v 0.163138 1.206648 11.716146
v 0.054379 1.206648 11.716146
v -0.054379 1.206648 11.716146
v -0.163138 1.206648 11.716146
v -0.271897 1.206648 11.716146
v -0.380655 1.206648 11.716146
v -0.489414 1.206648 11.716146
v -0.598173 1.206648 11.716146
v -0.706932 1.206648 11.716146
v -0.815690 1.206648 11.716146
v -0.924449 1.206648 11.716146
v 1.033208 1.206648 11.607387
v 0.924449 1.206648 11.607387
v 0.815690 1.206648 11.607387
v 0.706932 1.206648 11.607387
v 0.598173 1.206648 11.607387
v 0.489414 1.206648 11.607387
v 0.380655 1.206648 11.607387
v 0.271897 1.206648 11.607387
v 0.163138 1.206648 11.607387
v 0.054379 1.206648 11.607387
v -0.054379 1.206648 11.607387
v -0.163138 1.206648 11.607387
v -0.271897 1.206648 11.607387
v -0.380655 1.206648 11.607387
v -0.489414 1.206648 11.607387
v -0.598173 1.206648 11.607387
v -0.706932 1.206648 11.607387
v -0.815690 1.206648 11.607387
v -0.924449 1.206648 11.607387
v 1.033208 1.206648 11.498628
v 0.924449 1.206648 11.498628
v 0.815690 1.206648 11.498628
v 0.706932 1.206648 11.498628
v 0.598173 1.206648 11.498628
v 0.489414 1.206648 11.498628
v 0.380655 1.206648 11.498628
v 0.271897 1.206648 11.498628
v 0.163138 1.206648 11.498628
v 0.054379 1.206648 11.498628
v -0.054379 1.206648 11.498628
v -0.163138 1.206648 11.498628
v -0.271897 1.206648 11.498628
v -0.380655 1.206648 11.498628
v -0.489414 1.206648 11.498628
v -0.598173 1.206648 11.498628
v -0.706932 1.206648 11.498628
v -0.815690 1.206648 11.498628
v -0.924449 1.206648 11.498628
v -1.141966 0.815744 12.368697
v -1.141966 0.815744 12.259938
v -1.033208 0.815744 13.673801
v -1.141966 0.815744 13.673801
v -1.141966 0.815744 12.477456
v -0.924449 0.815744 13.673801
v -1.141966 0.815744 12.586215
v -0.815690 0.815744 13.673801
v -1.141966 0.815744 12.694974
v -0.706932 0.815744 13.673801
v -1.141966 0.815744 12.803732
v -0.598173 0.815744 13.673801
v -1.141966 0.815744 12.912491
v -0.489414 0.815744 13.673801
v -1.141966 0.815744 13.021250
v -0.380655 0.815744 13.673801
v -1.141966 0.815744 13.130009
v -1.141966 0.815744 13.238767
v -0.163138 0.815744 13.673801
v -1.141966 0.815744 13.347526
v -0.054379 0.815744 13.673801
v -1.141966 0.815744 13.456285
v 0.054379 0.815744 13.673801
v -1.141966 0.815744 13.565043
v 0.163138 0.815744 13.673801
v 1.141966 0.815744 13.565043
v 1.141966 0.815744 13.673801
v 1.141966 0.815744 13.456285
v 0.380655 0.815744 13.673801
v 1.141966 0.815744 13.347526
v 0.489414 0.815744 13.673801
v 1.141966 0.815744 13.238767
v 0.598173 0.815744 13.673801
v 1.141966 0.815744 13.130009
v 0.706932 0.815744 13.673801
v 1.141966 0.815744 13.021250
v 0.815690 0.815744 13.673801
v 1.141966 0.815744 12.912491
v 0.924449 0.815744 13.673801
v 1.141966 0.815744 12.803732
v 1.033208 0.815744 13.673801
v 1.141966 0.815744 12.694974
v 1.033208 0.815744 11.389869
v 1.141966 0.815744 11.389869
v 1.141966 0.815744 12.586215
v 0.924449 0.815744 11.389869
v 1.141966 0.815744 12.477456
v 0.815690 0.815744 11.389869
v 1.141966 0.815744 12.368697
v 0.706932 0.815744 11.389869
v 1.141966 0.815744 12.259939
v 0.598173 0.815744 11.389869
v 1.141966 0.815744 12.151180
v 0.489414 0.815744 11.389869
v 1.141966 0.815744 12.042421
v 0.380655 0.815744 11.389869
v 1.141966 0.815744 11.933662
v 0.271897 0.815744 11.389869
v 1.141966 0.815744 11.824903
v 0.163138 0.815744 11.389869
v 1.141966 0.815744 11.716146
v 0.054379 0.815744 11.389869
v 1.141966 0.815744 11.607387
v -0.054379 0.815744 11.389869
v 1.141966 0.815744 11.498628
v -0.163138 0.815744 11.389869
v -0.271897 0.815744 11.389869
v -0.380655 0.815744 11.389869
v -0.489414 0.815744 11.389869
v -0.598173 0.815744 11.389869
v -0.706932 0.815744 11.389869
v -0.815690 0.815744 11.389869
v -0.924449 0.815744 11.389869
v -1.033208 0.815744 11.389869
v -1.141966 0.815744 11.389869
v -1.141966 0.815744 11.498628
v -1.141966 0.815744 11.607387
v -1.141966 0.815744 11.716146
v -1.141966 0.815744 11.824903
v -1.141966 0.815744 11.933662
v -1.141966 0.815744 12.042421
v -1.141966 0.815744 12.151180
v -1.141966 0.863554 12.368697
v -1.033208 0.863554 13.673801
v -1.141966 0.863554 12.477456
v -0.924449 0.863554 13.673801
v -1.141966 0.863554 12.586215
v -0.815690 0.863554 13.673801
v -1.141966 0.863554 12.694973
v -0.706932 0.863554 13.673801
v -1.141966 0.863554 12.803732
v -0.598173 0.863554 13.673801
v -1.141966 0.863554 12.912491
v -0.489414 0.863554 13.673801
v -1.141966 0.863554 13.021250
v -0.380655 0.863554 13.673801
v -1.141966 0.863554 13.130009
v -1.141966 0.863554 13.238767
v -0.163138 0.863554 13.673801
v -1.141966 0.863554 13.347526
v -0.054379 0.863554 13.673801
v -1.141966 0.863554 13.456285
v 0.054379 0.863554 13.673801
v -1.141966 0.863554 13.565043
v 0.163138 0.863554 13.673801
v 1.141966 0.863554 13.565043
v 1.141966 0.863554 13.456285
v 0.380655 0.863554 13.673801
v 1.141966 0.863554 13.347526
v 0.489414 0.863554 13.673801
v 1.141966 0.863554 13.238767
v 0.598173 0.863554 13.673801
v 1.141966 0.863554 13.130009
v 0.706932 0.863554 13.673801
v 1.141966 0.863554 13.021250
v 0.815690 0.863554 13.673801
v 1.141966 0.863554 12.912491
v 0.924449 0.863554 13.673801
v 1.141966 0.863554 12.803732
v 1.033208 0.863554 13.673801
v 1.141966 0.863554 12.694974
v 1.033208 0.863554 11.389869
v 1.141966 0.863554 12.586215
v 0.924449 0.863554 11.389869
v 1.141966 0.863554 12.477456
v 0.815690 0.863554 11.389869
v 1.141966 0.863554 12.368697
v 0.706932 0.863554 11.389869
v 1.141966 0.863554 12.259939
v 0.598173 0.863554 11.389869
v 1.141966 0.863554 12.151180
v 0.489414 0.863554 11.389869
v 1.141966 0.863554 12.042421
v 0.380655 0.863554 11.389869
v 1.141966 0.863554 11.933662
v 0.271897 0.863554 11.389869
v 1.141966 0.863554 11.824903
v 0.163138 0.863554 11.389869
v 1.141966 0.863554 11.716146
v 0.054379 0.863554 11.389869
v 1.141966 0.863554 11.607387
v -0.054379 0.863554 11.389869
v 1.141966 0.863554 11.498628
v -0.163138 0.863554 11.389869
v -0.271897 0.863554 11.389869
v -0.380655 0.863554 11.389869
v -0.489414 0.863554 11.389869
v -0.598173 0.863554 11.389869
v -0.706932 0.863554 11.389869
v -0.815690 0.863554 11.389869
v -0.924449 0.863554 11.389869
v -1.033208 0.863554 11.389869
v -1.141966 0.863554 11.389869
v -1.141966 0.863554 11.498628
v -1.141966 0.863554 11.607387
v -1.141966 0.863554 11.716146
v -1.141966 0.863554 11.824903
v -1.141966 0.863554 11.933662
v -1.141966 0.863554 12.042421
v -1.141966 0.863554 12.151180
v -1.141966 0.863554 12.259938
v -1.141966 0.863554 13.673801
v 1.141966 0.863554 13.673801
v 1.141966 0.863554 11.389869
v -1.141966 1.060957 12.368697
v -1.033208 1.060957 13.673801
v -1.141966 1.060957 12.477456
v -0.924449 1.060957 13.673801
v -1.141966 1.060957 12.586215
v -0.815690 1.060957 13.673801
v -1.141966 1.060957 12.694973
v -0.706932 1.060957 13.673801
v -1.141966 1.060957 12.803732
v -0.598173 1.060957 13.673801
v -1.141966 1.060957 12.912491
v -0.489414 1.060957 13.673801
v -1.141966 1.060957 13.021250
v -0.380655 1.060957 13.673801
v -1.141966 1.060957 13.130009
v -0.271897 1.060957 13.673801
v -1.141966 1.060957 13.238767
v -0.163138 1.060957 13.673801
v -1.141966 1.060957 13.347526
v -0.054379 1.060957 13.673801
v -1.141966 1.060957 13.456285
v 0.054379 1.060957 13.673801
v -1.141966 1.060957 13.565043
v 0.163138 1.060957 13.673801
v 1.141966 1.060957 13.565043
v 0.271897 1.060957 13.673801
v 1.141966 1.060957 13.456285
v 0.380655 1.060957 13.673801
v 1.141966 1.060957 13.347526
v 0.489414 1.060957 13.673801
v 1.141966 1.060957 13.238767
v 0.598173 1.060957 13.673801
v 1.141966 1.060957 13.130009
v 0.706932 1.060957 13.673801
v 1.141966 1.060957 13.021250
v 0.815690 1.060957 13.673801
v 1.141966 1.060957 12.912491
v 0.924449 1.060957 13.673801
v 1.141966 1.060957 12.803732
v 1.033208 1.060957 13.673801
v 1.141966 1.060957 12.694974
v 1.033208 1.060956 11.389869
v 1.141966 1.060957 12.586215
v 0.924449 1.060956 11.389869
v 1.141966 1.060957 12.477456
v 0.815690 1.060956 11.389869
v 1.141966 1.060957 12.368697
v 0.706932 1.060956 11.389869
v 1.141966 1.060957 12.259938
v 0.598173 1.060956 11.389869
v 1.141966 1.060957 12.151180
v 0.489414 1.060956 11.389869
v 1.141966 1.060957 12.042421
v 0.380655 1.060956 11.389869
v 1.141966 1.060957 11.933662
v 0.271897 1.060956 11.389869
v 1.141966 1.060957 11.824903
v 0.163138 1.060956 11.389869
v 1.141966 1.060957 11.716146
v 0.054379 1.060956 11.389869
v 1.141966 1.060956 11.607387
v -0.054379 1.060956 11.389869
v 1.141966 1.060956 11.498628
v -0.163138 1.060956 11.389869
v -0.271897 1.060956 11.389869
v -0.380655 1.060956 11.389869
v -0.489414 1.060956 11.389869
v -0.598173 1.060956 11.389869
v -0.706932 1.060956 11.389869
v -0.815690 1.060956 11.389869
v -0.924449 1.060956 11.389869
v -1.033208 1.060956 11.389869
v -1.141966 1.060956 11.389869
v -1.141966 1.060956 11.498628
v -1.141966 1.060956 11.607387
v -1.141966 1.060957 11.716146
v -1.141966 1.060957 11.824903
v -1.141966 1.060957 11.933662
v -1.141966 1.060957 12.042421
v -1.141966 1.060957 12.151180
v -1.141966 1.060957 12.259938
v -1.141966 1.060957 13.673801
v 1.141966 1.060957 13.673801
v 1.141966 1.060956 11.389869
v -1.141966 1.138975 12.368697
v -1.033208 1.138975 13.673801
v -1.141966 1.138975 12.477456
v -0.924449 1.138975 13.673801
v -1.141966 1.138975 12.586215
v -0.815690 1.138975 13.673801
v -1.141966 1.138975 12.694973
v -0.706932 1.138975 13.673801
v -1.141966 1.138975 12.803732
v -0.598173 1.138975 13.673801
v -1.141966 1.138975 12.912491
v -0.489414 1.138975 13.673801
v -1.141966 1.138975 13.021250
v -0.380655 1.138975 13.673801
v -1.141966 1.138975 13.130008
v -0.271897 1.138975 13.673801
v -1.141966 1.138975 13.238767
v -0.163138 1.138975 13.673801
v -1.141966 1.138975 13.347526
v -0.054379 1.138975 13.673801
v -1.141966 1.138975 13.456285
v 0.054379 1.138975 13.673801
v -1.141966 1.138975 13.565043
v 0.163138 1.138975 13.673801
v 1.141966 1.138975 13.565043
v 0.271897 1.138975 13.673801
v 1.141966 1.138975 13.456285
v 0.380655 1.138975 13.673801
v 1.141966 1.138975 13.347526
v 0.489414 1.138975 13.673801
v 1.141966 1.138975 13.238767
v 0.598173 1.138975 13.673801
v 1.141966 1.138975 13.130009
v 0.706932 1.138975 13.673801
v 1.141966 1.138975 13.021250
v 0.815690 1.138975 13.673801
v 1.141966 1.138975 12.912491
v 0.924449 1.138975 13.673801
v 1.141966 1.138975 12.803732
v 1.033208 1.138975 13.673801
v 1.141966 1.138975 12.694973
v 1.033208 1.138974 11.389869
v 1.141966 1.138975 12.586215
v 0.924449 1.138974 11.389869
v 1.141966 1.138975 12.477456
v 0.815690 1.138974 11.389869
v 1.141966 1.138975 12.368697
v 0.706932 1.138974 11.389869
v 1.141966 1.138975 12.259938
v 0.598173 1.138974 11.389869
v 1.141966 1.138975 12.151180
v 0.489414 1.138974 11.389869
v 1.141966 1.138975 12.042421
v 0.380655 1.138974 11.389869
v 1.141966 1.138975 11.933662
v 0.271897 1.138974 11.389869
v 1.141966 1.138975 11.824903
v 0.163138 1.138974 11.389869
v 1.141966 1.138975 11.716146
v 0.054379 1.138974 11.389869
v 1.141966 1.138974 11.607387
v -0.054379 1.138974 11.389869
v 1.141966 1.138974 11.498628
v -0.163138 1.138974 11.389869
v -0.271897 1.138974 11.389869
v -0.380655 1.138974 11.389869
v -0.489414 1.138974 11.389869
v -0.598173 1.138974 11.389869
v -0.706932 1.138974 11.389869
v -0.815690 1.138974 11.389869
v -0.924449 1.138974 11.389869
v -1.033208 1.138974 11.389869
v -1.141966 1.138974 11.389869
v -1.141966 1.138974 11.498628
v -1.141966 1.138974 11.607387
v -1.141966 1.138975 11.716146
v -1.141966 1.138975 11.824903
v -1.141966 1.138975 11.933662
v -1.141966 1.138975 12.042421
v -1.141966 1.138975 12.151180
v -1.141966 1.138975 12.259938
v -1.141966 1.138975 13.673801
v 1.141966 1.138975 13.673801
v 1.141966 1.138974 11.389869
v -0.000000 0.147255 13.673801
v 0.000000 0.147255 13.565043
v 0.000000 0.147255 13.456285
v 0.000000 0.147255 13.347526
v 0.000000 0.147255 13.238768
v 0.000000 1.206648 13.238767
v 0.000000 1.206648 13.347526
v 0.000000 1.206648 13.456285
v 0.000000 1.206648 13.565043
v -0.000000 1.229208 13.761208
v -0.000000 0.815744 13.673801
v -0.000000 0.863554 13.673801
v -0.000000 1.060957 13.673801
v -0.000000 1.138975 13.673801
v 1.230028 1.369645 11.535442
v 1.112883 1.369645 11.535442
v -0.706932 1.337031 11.716146
v -0.815690 1.337031 11.716146
v -0.598173 1.337031 11.716146
v -0.489414 1.337031 11.716146
v -0.380655 1.337031 11.716146
v -0.271897 1.337031 11.716146
v -0.163138 1.337031 11.716146
v -0.054379 1.337031 11.716146
v 0.054379 1.337031 11.716146
v 0.163138 1.337031 11.716146
v 0.271897 1.337031 11.716146
v 0.380655 1.337031 11.716146
v 0.489414 1.337031 11.716146
v 0.598173 1.337031 11.716146
v 0.706932 1.337031 11.716146
v 0.815690 1.337031 11.716146
v 1.230028 1.369645 11.652588
v 1.112883 1.369645 11.652588
v -0.706932 1.337031 11.824903
v -0.815690 1.337031 11.824903
v -0.598173 1.337031 11.824903
v -0.489414 1.337031 11.824903
v -0.380655 1.337031 11.824903
v -0.271897 1.337031 11.824903
v -0.163138 1.337031 11.824903
v -0.054379 1.337031 11.824903
v 0.054379 1.337031 11.824903
v 0.163138 1.337031 11.824903
v 0.271897 1.337031 11.824903
v 0.380655 1.337031 11.824903
v 0.489414 1.337031 11.824903
v 0.598173 1.337031 11.824903
v 0.706932 1.337031 11.824903
v 0.815690 1.337031 11.824903
v 1.230028 1.369645 11.769733
v 1.112883 1.369645 11.769733
v -0.706932 1.337031 11.933662
v -0.815690 1.337031 11.933662
v 0.815690 1.337031 11.933662
v 0.706932 1.337031 11.933662
v 1.230028 1.369645 11.886879
v 1.112883 1.369645 11.886879
v -0.706932 1.337031 12.042421
v -0.815690 1.337031 12.042421
v 0.815690 1.337031 12.042421
v 0.706932 1.337031 12.042421
v 1.230028 1.369645 12.004025
v 1.112883 1.369645 12.004025
v -0.706932 1.337031 12.151180
v -0.815690 1.337031 12.151180
v 0.815690 1.337031 12.151180
v 0.706932 1.337031 12.151180
v 1.230028 1.369645 12.121170
v 1.112883 1.369645 12.121170
v -0.706932 1.337031 12.259938
v -0.815690 1.337031 12.259938
v 0.815690 1.337031 12.259938
v 0.706932 1.337031 12.259938
v 1.230028 1.369645 12.238316
v 1.112883 1.369645 12.238316
v -0.706932 1.337031 12.368697
v -0.815690 1.337031 12.368697
v 0.815690 1.337031 12.368697
v 0.706932 1.337031 12.368697
v 1.230028 1.369645 12.355461
v 1.112883 1.369645 12.355461
v -0.706932 1.337031 12.477456
v -0.815690 1.337031 12.477456
v 0.815690 1.337031 12.477456
v 0.706932 1.337031 12.477456
v 1.230028 1.369645 12.472607
v 1.112883 1.369645 12.472607
v -0.706932 1.337031 12.586215
v -0.815690 1.337031 12.586215
v 0.815690 1.337031 12.586215
v 0.706932 1.337031 12.586215
v 1.230028 1.369645 12.589752
v 1.112883 1.369645 12.589752
v -0.706932 1.337031 12.694973
v -0.815690 1.337031 12.694973
v 0.815690 1.337031 12.694973
v 0.706932 1.337031 12.694973
v 1.230028 1.369645 12.706898
v 1.112883 1.369645 12.706898
v -0.706932 1.337031 12.803732
v -0.815690 1.337031 12.803732
v 0.815690 1.337031 12.803732
v 0.706932 1.337031 12.803732
v 1.230028 1.369645 12.824043
v 1.112883 1.369645 12.824043
v -0.706932 1.337031 12.912491
v -0.815690 1.337031 12.912491
v 0.815690 1.337031 12.912491
v 0.706932 1.337031 12.912491
v 1.230028 1.369645 12.941189
v 1.112883 1.369645 12.941189
v -0.706932 1.337031 13.021250
v -0.815690 1.337031 13.021250
v 0.815690 1.337031 13.021250
v 0.706932 1.337031 13.021250
v 1.230028 1.369645 13.058334
v 1.112883 1.369645 13.058334
v -0.706932 1.337031 13.130009
v -0.815690 1.337031 13.130009
v 0.815690 1.337031 13.130009
v 0.706932 1.337031 13.130009
v 1.230028 1.369645 13.175480
v 1.112883 1.369645 13.175480
v -0.706932 1.337031 13.238767
v -0.815690 1.337031 13.238767
v -0.598173 1.337031 13.238767
v -0.489414 1.337031 13.238767
v -0.380655 1.337031 13.238767
v -0.271897 1.337031 13.238767
v -0.163138 1.337031 13.238767
v -0.054379 1.337031 13.238767
v 0.000000 1.337031 13.238767
v 0.163138 1.337031 13.238767
v 0.054379 1.337031 13.238767
v 0.271897 1.337031 13.238767
v 0.380655 1.337031 13.238767
v 0.489414 1.337031 13.238767
v 0.598173 1.337031 13.238767
v 0.706932 1.337031 13.238767
v 0.815690 1.337031 13.238767
v 1.230028 1.369645 13.292625
v 1.112883 1.369645 13.292625
v -0.706932 1.337031 13.347526
v -0.815690 1.337031 13.347526
v -0.598173 1.337031 13.347526
v -0.489414 1.337031 13.347526
v -0.380655 1.337031 13.347526
v -0.271897 1.337031 13.347526
v -0.163138 1.337031 13.347526
v -0.054379 1.337031 13.347526
v 0.000000 1.337031 13.347526
v 0.163138 1.337031 13.347526
v 0.054379 1.337031 13.347526
v 0.271897 1.337031 13.347526
v 0.380655 1.337031 13.347526
v 0.489414 1.337031 13.347526
v 0.598173 1.337031 13.347526
v 0.706932 1.337031 13.347526
v 0.815690 1.337031 13.347526
v 1.230028 1.369645 13.409771
v 1.112883 1.369645 13.409771
v 1.230028 1.369645 13.526917
v 1.112883 1.369645 13.526917
v -0.995737 1.369645 13.644062
v -1.112883 1.369645 13.644062
v -0.878591 1.369645 13.644062
v -0.761446 1.369645 13.644062
v -0.644300 1.369645 13.644062
v -0.527155 1.369645 13.644062
v -0.410009 1.369645 13.644062
v -0.292864 1.369645 13.644062
v -0.175718 1.369645 13.644062
v -0.058573 1.369645 13.644062
v 0.000000 1.369645 13.644062
v 0.175718 1.369645 13.644062
v 0.058573 1.369645 13.644062
v 0.292864 1.369645 13.644062
v 0.410009 1.369645 13.644062
v 0.527155 1.369645 13.644062
v 0.644300 1.369645 13.644062
v 0.761446 1.369645 13.644062
v 0.878592 1.369645 13.644062
v 0.995737 1.369645 13.644062
v 1.112883 1.369645 13.644062
v 1.230028 1.369645 13.644062
v -0.995737 1.369645 11.301151
v -1.112883 1.369645 11.301151
v -0.878591 1.369645 11.301151
v -0.761446 1.369645 11.301151
v -0.644300 1.369645 11.301151
v -0.527155 1.369645 11.301151
v -0.410009 1.369645 11.301151
v -0.292864 1.369645 11.301151
v -0.175718 1.369645 11.301151
v -0.058573 1.369645 11.301151
v 0.058573 1.369645 11.301151
v 0.175718 1.369645 11.301151
v 0.292864 1.369645 11.301151
v 0.410009 1.369645 11.301151
v 0.527155 1.369645 11.301151
v 0.644300 1.369645 11.301151
v 0.761446 1.369645 11.301151
v 0.878592 1.369645 11.301151
v 0.995737 1.369645 11.301151
v 1.112883 1.369645 11.301151
v 1.230028 1.369645 11.301151
v 0.995737 1.369645 13.761208
v 1.112883 1.369645 13.761208
v 0.878591 1.369645 13.761208
v 0.761446 1.369645 13.761208
v 0.644300 1.369645 13.761208
v 0.527155 1.369645 13.761208
v 0.410009 1.369645 13.761208
v 0.292864 1.369645 13.761208
v 0.175718 1.369645 13.761208
v 0.058573 1.369645 13.761208
v -0.000000 1.369645 13.761208
v -0.175718 1.369645 13.761208
v -0.058573 1.369645 13.761208
v -0.292864 1.369645 13.761208
v -0.410009 1.369645 13.761208
v -0.527155 1.369645 13.761208
v -0.644300 1.369645 13.761208
v -0.761446 1.369645 13.761208
v -0.878592 1.369645 13.761208
v -0.995737 1.369645 13.761208
v -1.112883 1.369645 13.761208
v -1.230028 1.369645 13.761208
v -1.112883 1.369645 11.418297
v -1.230028 1.369645 11.418297
v -1.112883 1.369645 11.535442
v -1.230028 1.369645 11.535442
v -1.112883 1.369645 11.652588
v -1.230028 1.369645 11.652588
v -1.112883 1.369645 11.769733
v -1.230028 1.369645 11.769733
v -1.112883 1.369645 11.886879
v -1.230028 1.369645 11.886879
v -1.112883 1.369645 12.004025
v -1.230028 1.369645 12.004025
v -1.112883 1.369645 12.121170
v -1.230028 1.369645 12.121170
v -1.112883 1.369645 12.238316
v -1.230028 1.369645 12.238316
v -1.112883 1.369645 12.355461
v -1.230028 1.369645 12.355461
v -1.112883 1.369645 12.472607
v -1.230028 1.369645 12.472607
v -1.112883 1.369645 12.589752
v -1.230028 1.369645 12.589752
v -1.112883 1.369645 12.706898
v -1.230028 1.369645 12.706898
v -1.112883 1.369645 12.824043
v -1.230028 1.369645 12.824043
v -1.112883 1.369645 12.941189
v -1.230028 1.369645 12.941189
v -1.112883 1.369645 13.058334
v -1.230028 1.369645 13.058334
v -1.112883 1.369645 13.175480
v -1.230028 1.369645 13.175480
v -1.112883 1.369645 13.292625
v -1.230028 1.369645 13.292625
v -1.112883 1.369645 13.409771
v -1.230028 1.369645 13.409771
v -1.112883 1.369645 13.526917
v -1.230028 1.369645 13.526917
v -1.230028 1.369645 13.644062
v 1.230028 1.369645 11.418297
v 1.230028 1.369645 13.761208
v -1.230028 1.369645 11.301151
v 1.112883 1.369645 11.418297
v 0.995737 1.369645 11.418297
v 0.878592 1.369645 11.418297
v 0.761446 1.369645 11.418297
v 0.644300 1.369645 11.418297
v 0.527155 1.369645 11.418297
v 0.410009 1.369645 11.418297
v 0.292864 1.369645 11.418297
v 0.175718 1.369645 11.418297
v 0.058573 1.369645 11.418297
v -0.058573 1.369645 11.418297
v -0.175718 1.369645 11.418297
v -0.292864 1.369645 11.418297
v -0.410009 1.369645 11.418297
v -0.527155 1.369645 11.418297
v -0.644300 1.369645 11.418297
v -0.761446 1.369645 11.418297
v -0.878591 1.369645 11.418297
v -0.995737 1.369645 11.418297
v -0.500311 1.458342 11.727042
v -0.587276 1.458342 11.727042
v -0.282794 1.458342 11.727042
v -0.369758 1.458342 11.727042
v -0.065276 1.458342 11.727042
v -0.152241 1.458342 11.727042
v 0.152241 1.458342 11.727042
v 0.065276 1.458342 11.727042
v 0.369758 1.458342 11.727042
v 0.282794 1.458342 11.727042
v 0.587276 1.458342 11.727042
v 0.500311 1.458342 11.727042
v -0.500311 1.458342 11.814007
v -0.587276 1.458342 11.814007
v -0.282794 1.458342 11.814007
v -0.369758 1.458342 11.814007
v -0.065276 1.458342 11.814007
v -0.152241 1.458342 11.814007
v 0.152241 1.458342 11.814007
v 0.065276 1.458342 11.814007
v 0.369758 1.458342 11.814007
v 0.282794 1.458342 11.814007
v 0.587276 1.458342 11.814007
v 0.500311 1.458342 11.814007
v -0.717829 1.458342 11.944560
v -0.804793 1.458342 11.944560
v 0.804793 1.458342 11.944560
v 0.717829 1.458342 11.944560
v 1.218291 1.500311 11.898616
v 1.124620 1.500311 11.898616
v -0.717829 1.458342 12.031524
v -0.804793 1.458342 12.031524
v 0.804793 1.458342 12.031524
v 0.717829 1.458342 12.031524
v 1.218291 1.500311 11.992287
v 1.124620 1.500311 11.992287
v -0.717829 1.458342 12.162077
v -0.804793 1.458342 12.162077
v 0.804793 1.458342 12.162077
v 0.717829 1.458342 12.162077
v 1.218291 1.500311 12.132907
v 1.124620 1.500311 12.132907
v -0.717829 1.458342 12.249042
v -0.804793 1.458342 12.249042
v 0.804793 1.458342 12.249042
v 0.717829 1.458342 12.249042
v 1.218291 1.500311 12.226578
v 1.124620 1.500311 12.226578
v -0.717829 1.458342 12.379595
v -0.804793 1.458342 12.379595
v 0.804793 1.458342 12.379595
v 0.717829 1.458342 12.379595
v 1.218291 1.500311 12.367198
v 1.124620 1.500311 12.367198
v -0.717829 1.458342 12.466558
v -0.804793 1.458342 12.466558
v 0.804793 1.458342 12.466558
v 0.717829 1.458342 12.466558
v 1.218291 1.500311 12.460869
v 1.124620 1.500311 12.460869
v -0.717829 1.458342 12.597112
v -0.804793 1.458342 12.597112
v 0.804793 1.458342 12.597112
v 0.717829 1.458342 12.597112
v 1.218291 1.500311 12.601489
v 1.124620 1.500311 12.601489
v -0.717829 1.458342 12.684076
v -0.804793 1.458342 12.684076
v 0.804793 1.458342 12.684076
v 0.717829 1.458342 12.684076
v 1.218291 1.500311 12.695160
v 1.124620 1.500311 12.695160
v -0.717829 1.458342 12.814630
v -0.804793 1.458342 12.814630
v 0.804793 1.458342 12.814630
v 0.717829 1.458342 12.814630
v 1.218291 1.500311 12.835780
v 1.124620 1.500311 12.835780
v -0.717829 1.458342 12.901594
v -0.804793 1.458342 12.901594
v 0.804793 1.458342 12.901594
v 0.717829 1.458342 12.901594
v 1.218291 1.500311 12.929451
v 1.124620 1.500311 12.929451
v -0.717829 1.458342 13.032146
v -0.804793 1.458342 13.032146
v 0.804793 1.458342 13.032146
v 0.717829 1.458342 13.032146
v 1.218291 1.500311 13.070071
v 1.124620 1.500311 13.070071
v -0.717829 1.458342 13.119111
v -0.804793 1.458342 13.119111
v 0.804793 1.458342 13.119111
v 0.717829 1.458342 13.119111
v 1.218291 1.500311 13.163742
v 1.124620 1.500311 13.163742
v -0.500311 1.458342 13.249664
v -0.587276 1.458342 13.249664
v -0.282794 1.458342 13.249664
v -0.369758 1.458342 13.249664
v -0.065276 1.458342 13.249664
v -0.152241 1.458342 13.249664
v 0.152241 1.458342 13.249664
v 0.065276 1.458342 13.249664
v 0.369758 1.458342 13.249664
v 0.282794 1.458342 13.249664
v 0.587276 1.458342 13.249664
v 0.500311 1.458342 13.249664
v -0.500311 1.458342 13.336629
v -0.587276 1.458342 13.336629
v -0.282794 1.458342 13.336629
v -0.369758 1.458342 13.336629
v -0.065276 1.458342 13.336629
v -0.152241 1.458342 13.336629
v 0.152241 1.458342 13.336629
v 0.065276 1.458342 13.336629
v 0.369758 1.458342 13.336629
v 0.282794 1.458342 13.336629
v 0.587276 1.458342 13.336629
v 0.500311 1.458342 13.336629
v -0.538892 1.500311 13.655799
v -0.632563 1.500311 13.655799
v -0.304601 1.500311 13.655799
v -0.398272 1.500311 13.655799
v -0.070310 1.500311 13.655799
v -0.163981 1.500311 13.655799
v 0.163981 1.500311 13.655799
v 0.070310 1.500311 13.655799
v 0.398272 1.500311 13.655799
v 0.304601 1.500311 13.655799
v 0.632563 1.500311 13.655799
v 0.538892 1.500311 13.655799
v -0.538892 1.500310 11.312888
v -0.632563 1.500310 11.312888
v -0.304601 1.500310 11.312888
v -0.398272 1.500310 11.312888
v -0.070310 1.500310 11.312888
v -0.163981 1.500310 11.312888
v 0.163981 1.500310 11.312888
v 0.070310 1.500310 11.312888
v 0.398272 1.500310 11.312888
v 0.304601 1.500310 11.312888
v 0.632563 1.500310 11.312888
v 0.538892 1.500310 11.312888
v 0.538892 1.500311 13.749470
v 0.632563 1.500311 13.749470
v 0.304601 1.500311 13.749470
v 0.398272 1.500311 13.749470
v 0.070310 1.500311 13.749470
v 0.163981 1.500311 13.749470
v -0.163981 1.500311 13.749470
v -0.070310 1.500311 13.749470
v -0.398272 1.500311 13.749470
v -0.304601 1.500311 13.749470
v -0.632563 1.500311 13.749470
v -0.538892 1.500311 13.749470
v -1.124620 1.500311 11.898616
v -1.218291 1.500311 11.898616
v -1.124620 1.500311 11.992287
v -1.218291 1.500311 11.992287
v -1.124620 1.500311 12.132907
v -1.218291 1.500311 12.132907
v -1.124620 1.500311 12.226578
v -1.218291 1.500311 12.226578
v -1.124620 1.500311 12.367198
v -1.218291 1.500311 12.367198
v -1.124620 1.500311 12.460869
v -1.218291 1.500311 12.460869
v -1.124620 1.500311 12.601489
v -1.218291 1.500311 12.601489
v -1.124620 1.500311 12.695160
v -1.218291 1.500311 12.695160
v -1.124620 1.500311 12.835780
v -1.218291 1.500311 12.835780
v -1.124620 1.500311 12.929451
v -1.218291 1.500311 12.929451
v -1.124620 1.500311 13.070071
v -1.218291 1.500311 13.070071
v -1.124620 1.500311 13.163742
v -1.218291 1.500311 13.163742
v 0.632563 1.500310 11.406559
v 0.538892 1.500310 11.406559
v 0.398272 1.500310 11.406559
v 0.304601 1.500310 11.406559
v 0.163981 1.500310 11.406559
v 0.070310 1.500310 11.406559
v -0.070310 1.500310 11.406559
v -0.163981 1.500310 11.406559
v -0.304601 1.500310 11.406559
v -0.398272 1.500310 11.406559
v -0.538892 1.500310 11.406559
v -0.632563 1.500310 11.406559
v -1.141966 0.206444 12.259939
v -1.141966 0.206445 13.673801
v 1.141966 0.206445 13.673801
v 1.141966 0.206444 11.389870
v -1.141966 0.206444 12.368697
v -1.033208 0.206445 13.673801
v -1.141966 0.206444 12.477456
v -0.924449 0.206445 13.673801
v -1.141966 0.206444 12.586215
v -0.815690 0.206445 13.673801
v -1.141966 0.206444 12.694974
v -0.706932 0.206445 13.673801
v -1.141966 0.206444 12.803732
v -0.598173 0.206445 13.673801
v -1.141966 0.206444 12.912491
v -0.489414 0.206445 13.673801
v -1.141966 0.206444 13.021250
v -1.141966 0.206445 13.130009
v -0.271897 0.206445 13.673801
v -1.141966 0.206445 13.238767
v -0.163138 0.206445 13.673801
v -1.141966 0.206445 13.347526
v -0.054379 0.206445 13.673801
v -1.141966 0.206445 13.456285
v 0.054379 0.206445 13.673801
v -1.141966 0.206445 13.565043
v 0.163138 0.206445 13.673801
v 1.141966 0.206445 13.565043
v 0.271897 0.206445 13.673801
v 1.141966 0.206445 13.456285
v 1.141966 0.206445 13.347526
v 0.489414 0.206445 13.673801
v 1.141966 0.206445 13.238768
v 0.598173 0.206445 13.673801
v 1.141966 0.206445 13.130009
v 0.706932 0.206445 13.673801
v 1.141966 0.206444 13.021250
v 0.815690 0.206445 13.673801
v 1.141966 0.206444 12.912491
v 0.924449 0.206445 13.673801
v 1.141966 0.206444 12.803732
v 1.033208 0.206445 13.673801
v 1.141966 0.206444 12.694974
v 1.033208 0.206444 11.389870
v 1.141966 0.206444 12.586215
v 0.924449 0.206444 11.389870
v 1.141966 0.206444 12.477456
v 0.815690 0.206444 11.389870
v 1.141966 0.206444 12.368697
v 0.706932 0.206444 11.389870
v 1.141966 0.206444 12.259939
v 0.598173 0.206444 11.389870
v 1.141966 0.206444 12.151180
v 0.489414 0.206444 11.389870
v 1.141966 0.206444 12.042421
v 0.380655 0.206444 11.389870
v 1.141966 0.206444 11.933662
v 0.271897 0.206444 11.389870
v 1.141966 0.206444 11.824904
v 0.163138 0.206444 11.389870
v 1.141966 0.206444 11.716146
v 0.054379 0.206444 11.389870
v 1.141966 0.206444 11.607387
v -0.054379 0.206444 11.389870
v 1.141966 0.206444 11.498628
v -0.163138 0.206444 11.389870
v -0.271897 0.206444 11.389870
v -0.380655 0.206444 11.389870
v -0.489414 0.206444 11.389870
v -0.598173 0.206444 11.389870
v -0.706932 0.206444 11.389870
v -0.815690 0.206444 11.389870
v -0.924449 0.206444 11.389870
v -1.033208 0.206444 11.389870
v -1.141966 0.206444 11.389870
v -1.141966 0.206444 11.498628
v -1.141966 0.206444 11.607387
v -1.141966 0.206444 11.716146
v -1.141966 0.206444 11.824903
v -1.141966 0.206444 11.933662
v -1.141966 0.206444 12.042421
v -1.141966 0.206444 12.151180
v -0.000000 0.206445 13.673801
v -1.204376 0.145638 13.620775
v -1.204376 0.145638 13.735477
v 1.089674 0.145638 13.735477
v 1.204376 0.145638 13.735477
v 1.204376 0.145638 11.441427
v 1.204376 0.145638 11.326725
v -1.089674 0.145638 11.326725
v -1.204376 0.145638 11.326725
v -1.204376 0.145638 11.441427
v -1.204376 0.145638 11.556130
v -1.204376 0.145638 11.670833
v -1.204376 0.145638 11.785535
v -1.204376 0.145638 11.900238
v -1.204376 0.145638 12.014940
v -1.204376 0.145638 12.129642
v -1.204376 0.145638 12.244345
v -1.204376 0.145638 12.359048
v -1.204376 0.145638 12.473750
v -1.204376 0.145638 12.588452
v -1.204376 0.145638 12.703156
v -1.204376 0.145638 12.817858
v -1.204376 0.145638 12.932560
v -1.204376 0.145638 13.047262
v -1.204376 0.145638 13.161965
v -1.204376 0.145638 13.276668
v -1.204376 0.145638 13.391370
v -1.204376 0.145638 13.506072
v 1.204376 0.145638 13.620775
v 1.204376 0.145638 13.506073
v 1.204376 0.145638 13.391370
v 1.204376 0.145638 13.276668
v 1.204376 0.145638 13.161965
v 1.204376 0.145638 13.047262
v 1.204376 0.145638 12.932560
v 1.204376 0.145638 12.817858
v 1.204376 0.145638 12.703156
v 1.204376 0.145638 12.588452
v 1.204376 0.145638 12.473750
v 1.204376 0.145638 12.359048
v 1.204376 0.145638 12.244345
v 1.204376 0.145638 12.129642
v 1.204376 0.145638 12.014940
v 1.204376 0.145638 11.900238
v 1.204376 0.145638 11.785535
v 1.204376 0.145638 11.670833
v 1.204376 0.145638 11.556130
v -1.089674 0.145638 13.735477
v -0.974971 0.145638 13.735477
v -0.860269 0.145638 13.735477
v -0.745566 0.145638 13.735477
v -0.630864 0.145638 13.735477
v -0.516161 0.145638 13.735477
v -0.401459 0.145638 13.735477
v -0.286756 0.145638 13.735477
v -0.172054 0.145638 13.735477
v -0.057351 0.145638 13.735477
v -0.000000 0.145638 13.735477
v 0.057351 0.145638 13.735477
v 0.172054 0.145638 13.735477
v 0.286756 0.145638 13.735477
v 0.401459 0.145638 13.735477
v 0.516161 0.145638 13.735477
v 0.630864 0.145638 13.735477
v 0.745566 0.145638 13.735477
v 0.860269 0.145638 13.735477
v 0.974971 0.145638 13.735477
v 1.089674 0.145638 11.326725
v 0.974971 0.145638 11.326725
v 0.860269 0.145638 11.326725
v 0.745566 0.145638 11.326725
v 0.630864 0.145638 11.326725
v 0.516161 0.145638 11.326725
v 0.401459 0.145638 11.326725
v 0.286756 0.145638 11.326725
v 0.172054 0.145638 11.326725
v 0.057351 0.145638 11.326725
v -0.057351 0.145638 11.326725
v -0.172054 0.145638 11.326725
v -0.286756 0.145638 11.326725
v -0.401459 0.145638 11.326725
v -0.516161 0.145638 11.326725
v -0.630864 0.145638 11.326725
v -0.745566 0.145638 11.326725
v -0.860269 0.145638 11.326725
v -0.974971 0.145638 11.326725
v -1.204376 0.208062 12.244345
v -1.204376 0.208062 13.735477
v 1.204376 0.208062 13.735477
v 1.204376 0.208062 11.326725
v -1.204376 0.208062 12.359048
v -1.089674 0.208062 13.735477
v -1.204376 0.208062 12.473750
v -0.974971 0.208062 13.735477
v -1.204376 0.208062 12.588452
v -0.860269 0.208062 13.735477
v -1.204376 0.208062 12.703156
v -0.745566 0.208062 13.735477
v -1.204376 0.208062 12.817858
v -0.630864 0.208062 13.735477
v -1.204376 0.208062 12.932560
v -0.516161 0.208062 13.735477
v -1.204376 0.208062 13.047262
v -1.204376 0.208062 13.161965
v -0.286756 0.208062 13.735477
v -1.204376 0.208062 13.276668
v -0.172054 0.208062 13.735477
v -1.204376 0.208062 13.391370
v -0.057351 0.208062 13.735477
v -1.204376 0.208062 13.506072
v 0.057351 0.208062 13.735477
v -1.204376 0.208062 13.620775
v 0.172054 0.208062 13.735477
v 1.204376 0.208062 13.620775
v 0.286756 0.208062 13.735477
v 1.204376 0.208062 13.506073
v 1.204376 0.208062 13.391370
v 0.516161 0.208062 13.735477
v 1.204376 0.208062 13.276668
v 0.630864 0.208062 13.735477
v 1.204376 0.208062 13.161965
v 0.745566 0.208062 13.735477
v 1.204376 0.208062 13.047262
v 0.860269 0.208062 13.735477
v 1.204376 0.208062 12.932560
v 0.974971 0.208062 13.735477
v 1.204376 0.208062 12.817858
v 1.089674 0.208062 13.735477
v 1.204376 0.208062 12.703156
v 1.089674 0.208062 11.326725
v 1.204376 0.208062 12.588452
v 0.974971 0.208062 11.326725
v 1.204376 0.208062 12.473750
v 0.860269 0.208062 11.326725
v 1.204376 0.208062 12.359048
v 0.745566 0.208062 11.326725
v 1.204376 0.208062 12.244345
v 0.630864 0.208062 11.326725
v 1.204376 0.208062 12.129642
v 0.516161 0.208062 11.326725
v 1.204376 0.208062 12.014940
v 0.401459 0.208062 11.326725
v 1.204376 0.208062 11.900238
v 0.286756 0.208062 11.326725
v 1.204376 0.208062 11.785535
v 0.172054 0.208062 11.326725
v 1.204376 0.208062 11.670833
v 0.057351 0.208062 11.326725
v 1.204376 0.208062 11.556130
v -0.057351 0.208062 11.326725
v 1.204376 0.208062 11.441427
v -0.172054 0.208062 11.326725
v -0.286756 0.208062 11.326725
v -0.401459 0.208062 11.326725
v -0.516161 0.208062 11.326725
v -0.630864 0.208062 11.326725
v -0.745566 0.208062 11.326725
v -0.860269 0.208062 11.326725
v -0.974971 0.208062 11.326725
v -1.089674 0.208062 11.326725
v -1.204376 0.208062 11.326725
v -1.204376 0.208062 11.441427
v -1.204376 0.208062 11.556130
v -1.204376 0.208062 11.670833
v -1.204376 0.208062 11.785535
v -1.204376 0.208062 11.900238
v -1.204376 0.208062 12.014940
v -1.204376 0.208062 12.129642
v -0.000000 0.208062 13.735477
v -0.000000 1.013383 13.673801
v -0.163138 1.011938 13.673801
v -0.054379 1.012901 13.673801
v -0.172703 1.011853 13.673801
v 0.271897 0.910292 13.673801
v 0.165471 1.014849 13.673801
v 0.319470 0.863554 13.673801
v 0.368134 0.815744 13.673801
v 0.380655 0.803443 13.673801
v 0.406714 0.777842 13.673801
v 0.163138 1.014828 13.673801
v 0.054379 1.013865 13.673801
v -0.318397 0.863554 13.673801
v -0.365368 0.815744 13.673801
v -0.409710 0.770610 13.673801
v -0.380655 0.800183 13.673801
v -0.271897 0.910886 13.673801
v 0.271897 0.783285 13.673801
v 0.316450 0.739514 13.673801
v 0.238857 0.815744 13.673801
v 0.190192 0.863554 13.673801
v 0.163138 0.890133 13.673801
v 0.128747 0.923920 13.673801
v -0.000000 0.922780 13.673801
v 0.054379 0.923261 13.673801
v -0.134375 0.921589 13.673801
v -0.054379 0.922298 13.673801
v 0.412697 0.206445 13.673801
v 0.412680 0.208062 13.735477
v 0.413276 0.151079 13.735477
v -0.238361 0.815744 13.673801
v -0.271897 0.781609 13.673801
v -0.318781 0.733886 13.673801
v -0.163138 0.892312 13.673801
v -0.191391 0.863554 13.673801
v 0.315336 0.208062 13.735477
v 0.315332 0.206445 13.673801
v 0.315215 0.150408 13.735477
v -0.410531 0.208062 13.735477
v -0.410533 0.206445 13.673801
v -0.410614 0.150874 13.735477
v 0.401459 0.150998 13.735477
v -0.313141 0.206445 13.673801
v -0.313159 0.208062 13.735477
v -0.312550 0.151178 13.735477
v -0.401459 0.150903 13.735477
v -0.007044 0.147255 13.565043
v -0.007044 0.147255 13.456285
v -0.007044 0.147255 13.347526
v -0.007044 0.147255 13.238768
v -0.007044 1.206648 13.238767
v -0.007044 1.206648 13.347526
v -0.007044 1.206648 13.456285
v -0.007044 1.206648 13.565043
v -0.007044 0.815744 13.673801
v -0.007044 0.863554 13.673801
v -0.007044 1.060957 13.673801
v -0.007044 1.138975 13.673801
v -0.007044 0.147255 13.673801
v -0.008608 1.229208 13.761208
v -0.007044 1.337031 13.238767
v -0.007044 1.337031 13.347526
v -0.008608 1.369645 13.644062
v -0.008608 1.369645 13.761208
v -0.007044 0.206445 13.673801
v -0.008153 0.145638 13.735477
v -0.008153 0.208062 13.735477
v -0.007044 1.013203 13.673801
v -0.007044 0.922600 13.673801
v 0.007261 0.147255 13.673801
v 0.008645 1.229208 13.761208
v 0.007261 0.147255 13.565043
v 0.007261 0.147255 13.456285
v 0.007261 0.147255 13.347526
v 0.007261 0.147255 13.238768
v 0.007261 1.206648 13.238767
v 0.007261 1.206648 13.347526
v 0.007261 1.206648 13.456285
v 0.007261 1.206648 13.565043
v 0.007261 0.815744 13.673801
v 0.007261 0.863554 13.673801
v 0.007261 1.060957 13.673801
v 0.007261 1.138975 13.673801
v 0.008645 1.369645 13.761208
v 0.007261 1.337031 13.238767
v 0.007261 1.337031 13.347526
v 0.008645 1.369645 13.644062
v 0.007261 0.206445 13.673801
v 0.008242 0.145638 13.735477
v 0.008242 0.208062 13.735477
v 0.007261 1.013542 13.673801
v 0.007261 0.922939 13.673801
vt 0.952381 1.000000
vt 1.000000 0.952381
vt 0.952381 0.952381
vt 0.952381 0.047619
vt 1.000000 0.000000
vt 0.952381 0.000000
vt 0.952381 0.095238
vt 1.000000 0.047619
vt 0.952381 0.142857
vt 1.000000 0.095238
vt 0.952381 0.190476
vt 1.000000 0.142857
vt 0.952381 0.238095
vt 1.000000 0.190476
vt 0.952381 0.285714
vt 1.000000 0.238095
vt 0.952381 0.333333
vt 1.000000 0.285714
vt 0.952381 0.380952
vt 1.000000 0.333333
vt 0.952381 0.428571
vt 1.000000 0.380952
vt 0.952381 0.476191
vt 1.000000 0.428571
vt 0.952381 0.523810
vt 1.000000 0.476190
vt 0.952381 0.571429
vt 1.000000 0.523810
vt 0.952381 0.619048
vt 1.000000 0.571429
vt 0.952381 0.666667
vt 1.000000 0.619048
vt 0.952381 0.714286
vt 1.000000 0.666667
vt 0.952381 0.761905
vt 1.000000 0.714286
vt 0.952381 0.809524
vt 1.000000 0.761905
vt 0.952381 0.857143
vt 1.000000 0.809524
vt 0.952381 0.904762
vt 1.000000 0.857143
vt 1.000000 0.904762
vt 0.000000 0.952381
vt 0.047619 0.904762
vt 0.000000 0.904762
vt 0.047619 0.952381
vt 0.095238 0.904762
vt 0.095238 0.952381
vt 0.142857 0.904762
vt 0.142857 0.952381
vt 0.190476 0.904762
vt 0.190476 0.952381
vt 0.238095 0.904762
vt 0.238095 0.952381
vt 0.285714 0.904762
vt 0.285714 0.952381
vt 0.333333 0.904762
vt 0.333333 0.952381
vt 0.380952 0.904762
vt 0.380952 0.952381
vt 0.428571 0.904762
vt 0.428571 0.952381
vt 0.476190 0.904762
vt 0.476190 0.952381
vt 0.523810 0.904762
vt 0.523810 0.952381
vt 0.571429 0.904762
vt 0.571429 0.952381
vt 0.619048 0.904762
vt 0.619048 0.952381
vt 0.666667 0.904762
vt 0.666667 0.952381
vt 0.714286 0.904762
vt 0.714286 0.952381
vt 0.761905 0.904762
vt 0.761905 0.952381
vt 0.809524 0.904762
vt 0.809524 0.952381
vt 0.857143 0.904762
vt 0.857143 0.952381
vt 0.904762 0.904762
vt 0.904762 0.952381
vt 0.047619 0.857143
vt 0.000000 0.857143
vt 0.095238 0.857143
vt 0.142857 0.857143
vt 0.190476 0.857143
vt 0.238095 0.857143
vt 0.285714 0.857143
vt 0.333333 0.857143
vt 0.380952 0.857143
vt 0.428571 0.857143
vt 0.476190 0.857143
vt 0.523810 0.857143
vt 0.571429 0.857143
vt 0.619048 0.857143
vt 0.666667 0.857143
vt 0.714286 0.857143
vt 0.761905 0.857143
vt 0.809524 0.857143
vt 0.857143 0.857143
vt 0.904762 0.857143
vt 0.047619 0.809524
vt 0.000000 0.809524
vt 0.095238 0.809524
vt 0.142857 0.809524
vt 0.190476 0.809524
vt 0.238095 0.809524
vt 0.285714 0.809524
vt 0.333333 0.809524
vt 0.380952 0.809524
vt 0.428571 0.809524
vt 0.476190 0.809524
vt 0.523810 0.809524
vt 0.571429 0.809524
vt 0.619048 0.809524
vt 0.666667 0.809524
vt 0.714286 0.809524
vt 0.761905 0.809524
vt 0.809524 0.809524
vt 0.857143 0.809524
vt 0.904762 0.809524
vt 0.047619 0.761905
vt 0.000000 0.761905
vt 0.095238 0.761905
vt 0.142857 0.761905
vt 0.190476 0.761905
vt 0.857143 0.761905
vt 0.809524 0.761905
vt 0.904762 0.761905
vt 0.047619 0.714286
vt 0.000000 0.714286
vt 0.095238 0.714286
vt 0.142857 0.714286
vt 0.190476 0.714286
vt 0.857143 0.714286
vt 0.809524 0.714286
vt 0.904762 0.714286
vt 0.047619 0.666667
vt 0.000000 0.666667
vt 0.095238 0.666667
vt 0.142857 0.666667
vt 0.190476 0.666667
vt 0.857143 0.666667
vt 0.809524 0.666667
vt 0.904762 0.666667
vt 0.000000 0.619048
vt 0.047619 0.619048
vt 0.095238 0.619048
vt 0.142857 0.619048
vt 0.190476 0.619048
vt 0.857143 0.619048
vt 0.809524 0.619048
vt 0.904762 0.619048
vt 0.047619 0.571429
vt 0.000000 0.571429
vt 0.095238 0.571429
vt 0.142857 0.571429
vt 0.190476 0.571429
vt 0.857143 0.571429
vt 0.809524 0.571429
vt 0.904762 0.571429
vt 0.047619 0.523810
vt 0.000000 0.523810
vt 0.095238 0.523810
vt 0.142857 0.523810
vt 0.190476 0.523810
vt 0.857143 0.523810
vt 0.809524 0.523810
vt 0.904762 0.523810
vt 0.047619 0.476190
vt 0.000000 0.476190
vt 0.095238 0.476190
vt 0.142857 0.476190
vt 0.190476 0.476190
vt 0.857143 0.476191
vt 0.809524 0.476190
vt 0.904762 0.476191
vt 0.047619 0.428571
vt 0.000000 0.428571
vt 0.095238 0.428571
vt 0.142857 0.428571
vt 0.190476 0.428571
vt 0.857143 0.428571
vt 0.809524 0.428571
vt 0.904762 0.428571
vt 0.047619 0.380952
vt 0.000000 0.380952
vt 0.095238 0.380952
vt 0.142857 0.380952
vt 0.190476 0.380952
vt 0.857143 0.380952
vt 0.809524 0.380952
vt 0.904762 0.380952
vt 0.047619 0.333333
vt 0.000000 0.333333
vt 0.095238 0.333333
vt 0.142857 0.333333
vt 0.190476 0.333333
vt 0.857143 0.333333
vt 0.809524 0.333333
vt 0.904762 0.333333
vt 0.047619 0.285714
vt 0.000000 0.285714
vt 0.095238 0.285714
vt 0.142857 0.285714
vt 0.190476 0.285714
vt 0.857143 0.285714
vt 0.809524 0.285714
vt 0.904762 0.285714
vt 0.000000 0.238095
vt 0.047619 0.238095
vt 0.095238 0.238095
vt 0.142857 0.238095
vt 0.190476 0.238095
vt 0.857143 0.238095
vt 0.809524 0.238095
vt 0.904762 0.238095
vt 0.000000 0.190476
vt 0.047619 0.190476
vt 0.095238 0.190476
vt 0.142857 0.190476
vt 0.190476 0.190476
vt 0.857143 0.190476
vt 0.809524 0.190476
vt 0.904762 0.190476
vt 0.000000 0.142857
vt 0.047619 0.142857
vt 0.095238 0.142857
vt 0.142857 0.142857
vt 0.190476 0.142857
vt 0.238095 0.142857
vt 0.238095 0.190476
vt 0.285714 0.142857
vt 0.285714 0.190476
vt 0.333333 0.142857
vt 0.333333 0.190476
vt 0.380952 0.142857
vt 0.380952 0.190476
vt 0.428571 0.142857
vt 0.428571 0.190476
vt 0.476190 0.142857
vt 0.507856 0.190476
vt 0.523810 0.142857
vt 0.507856 0.142857
vt 0.523810 0.190476
vt 0.571429 0.142857
vt 0.571429 0.190476
vt 0.619048 0.142857
vt 0.619048 0.190476
vt 0.666667 0.142857
vt 0.666667 0.190476
vt 0.714286 0.142857
vt 0.714286 0.190476
vt 0.761905 0.142857
vt 0.761905 0.190476
vt 0.809524 0.142857
vt 0.857143 0.142857
vt 0.904762 0.142857
vt 0.000000 0.095238
vt 0.047619 0.095238
vt 0.095238 0.095238
vt 0.142857 0.095238
vt 0.190476 0.095238
vt 0.238095 0.095238
vt 0.285714 0.095238
vt 0.333333 0.095238
vt 0.380952 0.095238
vt 0.428571 0.095238
vt 0.476190 0.095238
vt 0.523810 0.095238
vt 0.507856 0.095238
vt 0.571429 0.095238
vt 0.619048 0.095238
vt 0.666667 0.095238
vt 0.714286 0.095238
vt 0.761905 0.095238
vt 0.809524 0.095238
vt 0.857143 0.095238
vt 0.904762 0.095238
vt 0.000000 0.047619
vt 0.047619 0.047619
vt 0.095238 0.047619
vt 0.142857 0.047619
vt 0.190476 0.047619
vt 0.238095 0.047619
vt 0.285714 0.047619
vt 0.333333 0.047619
vt 0.380952 0.047619
vt 0.428571 0.047619
vt 0.476190 0.047619
vt 0.523810 0.047619
vt 0.507856 0.047619
vt 0.571429 0.047619
vt 0.619048 0.047619
vt 0.666667 0.047619
vt 0.714286 0.047619
vt 0.761905 0.047619
vt 0.809524 0.047619
vt 0.857143 0.047619
vt 0.904762 0.047619
vt 0.047619 0.000000
vt 0.000000 0.000000
vt 0.095238 0.000000
vt 0.142857 0.000000
vt 0.190476 0.000000
vt 0.238095 0.000000
vt 0.285714 0.000000
vt 0.333333 0.000000
vt 0.380952 0.000000
vt 0.428571 0.000000
vt 0.476190 0.000000
vt 0.523810 0.000000
vt 0.507856 0.000000
vt 0.571429 0.000000
vt 0.619048 0.000000
vt 0.666667 0.000000
vt 0.714286 0.000000
vt 0.761905 0.000000
vt 0.809524 0.000000
vt 0.857143 0.000000
vt 0.904762 0.000000
vt 0.000000 1.000000
vt 0.047619 1.000000
vt 0.095238 1.000000
vt 0.142857 1.000000
vt 0.190476 1.000000
vt 0.238095 1.000000
vt 0.285714 1.000000
vt 0.333333 1.000000
vt 0.380952 1.000000
vt 0.428571 1.000000
vt 0.476190 1.000000
vt 0.523810 1.000000
vt 0.571429 1.000000
vt 0.619048 1.000000
vt 0.666667 1.000000
vt 0.714286 1.000000
vt 0.761905 1.000000
vt 0.809524 1.000000
vt 0.857143 1.000000
vt 0.904762 1.000000
vt 0.047619 0.000000
vt 0.000000 0.000000
vt 0.000000 0.000000
vt 0.000000 0.047619
vt 0.000000 0.047619
vt 0.095238 0.000000
vt 0.047619 0.000000
vt 1.000000 0.000000
vt 0.952381 0.000000
vt 0.952381 0.000000
vt 0.142857 0.000000
vt 0.095238 0.000000
vt 1.000000 1.000000
vt 1.000000 0.952381
vt 1.000000 0.952381
vt 0.190476 0.000000
vt 0.142857 0.000000
vt 0.000000 1.000000
vt 0.047619 1.000000
vt 0.047619 1.000000
vt 0.500000 0.000000
vt 0.491117 0.000000
vt 0.491117 0.000000
vt 0.238095 0.000000
vt 0.190476 0.000000
vt 0.000000 0.952381
vt 0.000000 1.000000
vt 0.285714 0.000000
vt 0.238095 0.000000
vt 0.000000 0.904762
vt 0.000000 0.952381
vt 0.333333 0.000000
vt 0.285714 0.000000
vt 0.000000 0.857143
vt 0.000000 0.904762
vt 0.380952 0.000000
vt 0.333333 0.000000
vt 0.000000 0.809524
vt 0.000000 0.857143
vt 0.000000 0.761905
vt 0.000000 0.809524
vt 0.000000 0.714286
vt 0.000000 0.761905
vt 0.000000 0.666667
vt 0.000000 0.714286
vt 0.000000 0.619048
vt 0.000000 0.666667
vt 0.000000 0.619048
vt 0.000000 0.571429
vt 0.000000 0.000000
vt 0.000000 0.571429
vt 0.000000 0.523810
vt 0.047619 0.000000
vt 0.000000 0.523810
vt 0.000000 0.476190
vt 0.095238 0.000000
vt 0.000000 0.428571
vt 0.000000 0.476191
vt 0.142857 0.000000
vt 0.000000 0.380952
vt 0.000000 0.428571
vt 0.190476 0.000000
vt 0.000000 0.333333
vt 0.000000 0.380952
vt 0.238095 0.000000
vt 0.000000 0.285714
vt 0.000000 0.333333
vt 0.285714 0.000000
vt 0.000000 0.238095
vt 0.000000 0.285714
vt 0.333333 0.000000
vt 0.000000 0.190476
vt 0.000000 0.238095
vt 0.380952 0.000000
vt 0.428571 0.000000
vt 0.000000 0.142857
vt 0.000000 0.190476
vt 0.428571 0.000000
vt 0.476190 0.000000
vt 0.000000 0.095238
vt 0.000000 0.142857
vt 0.523810 0.000000
vt 0.507856 0.000000
vt 0.507856 0.000000
vt 0.000000 0.047619
vt 0.000000 0.095238
vt 0.571429 0.000000
vt 0.523810 0.000000
vt 1.000000 0.000000
vt 1.000000 0.047619
vt 0.619048 0.000000
vt 0.571429 0.000000
vt 1.000000 0.047619
vt 1.000000 0.095238
vt 0.666667 0.000000
vt 0.619048 0.000000
vt 1.000000 0.095238
vt 1.000000 0.142857
vt 0.714286 0.000000
vt 0.666667 0.000000
vt 1.000000 0.142857
vt 1.000000 0.190476
vt 0.761905 0.000000
vt 0.714286 0.000000
vt 1.000000 0.190476
vt 1.000000 0.238095
vt 0.809524 0.000000
vt 0.761905 0.000000
vt 1.000000 0.238095
vt 1.000000 0.285714
vt 0.857143 0.000000
vt 0.809524 0.000000
vt 1.000000 0.285714
vt 1.000000 0.333333
vt 0.904762 0.000000
vt 0.857143 0.000000
vt 1.000000 0.333333
vt 1.000000 0.380952
vt 0.952381 0.000000
vt 0.904762 0.000000
vt 1.000000 0.380952
vt 1.000000 0.428571
vt 1.000000 1.000000
vt 0.952381 1.000000
vt 1.000000 0.428571
vt 1.000000 0.476190
vt 0.952381 1.000000
vt 0.904762 1.000000
vt 1.000000 0.523810
vt 1.000000 0.476191
vt 0.904762 1.000000
vt 0.857143 1.000000
vt 1.000000 0.571429
vt 1.000000 0.523810
vt 0.857143 1.000000
vt 0.809524 1.000000
vt 1.000000 0.619048
vt 1.000000 0.571429
vt 0.809524 1.000000
vt 0.761905 1.000000
vt 1.000000 0.666667
vt 1.000000 0.619048
vt 0.761905 1.000000
vt 0.714286 1.000000
vt 1.000000 0.714286
vt 1.000000 0.666667
vt 0.714286 1.000000
vt 0.666667 1.000000
vt 1.000000 0.761905
vt 1.000000 0.714286
vt 0.666667 1.000000
vt 0.619048 1.000000
vt 1.000000 0.809524
vt 1.000000 0.761905
vt 0.619048 1.000000
vt 0.571429 1.000000
vt 1.000000 0.857143
vt 1.000000 0.809524
vt 0.571429 1.000000
vt 0.523810 1.000000
vt 1.000000 0.904762
vt 1.000000 0.857143
vt 0.476191 1.000000
vt 0.523810 1.000000
vt 1.000000 0.952381
vt 1.000000 0.904762
vt 0.428571 1.000000
vt 0.476190 1.000000
vt 0.380952 1.000000
vt 0.428571 1.000000
vt 0.333333 1.000000
vt 0.380952 1.000000
vt 0.285714 1.000000
vt 0.333333 1.000000
vt 0.238095 1.000000
vt 0.285714 1.000000
vt 0.190476 1.000000
vt 0.238095 1.000000
vt 0.142857 1.000000
vt 0.190476 1.000000
vt 0.095238 1.000000
vt 0.142857 1.000000
vt 0.047619 1.000000
vt 0.095238 1.000000
vt 0.000000 1.000000
vt 0.000000 0.952381
vt 0.000000 0.904762
vt 0.000000 0.857143
vt 0.000000 0.809524
vt 0.000000 0.761905
vt 0.000000 0.714286
vt 0.000000 0.666667
vt 0.000000 0.619048
vt 0.000000 0.666667
vt 0.000000 0.666667
vt 0.000000 0.714286
vt 0.000000 0.714286
vt 0.000000 0.761905
vt 0.000000 0.761905
vt 0.000000 0.809524
vt 0.000000 0.809524
vt 0.000000 0.857143
vt 0.000000 0.857143
vt 0.000000 0.904762
vt 0.000000 0.904762
vt 0.000000 0.952381
vt 0.000000 0.952381
vt 0.000000 1.000000
vt 0.000000 1.000000
vt 0.047619 1.000000
vt 0.047619 1.000000
vt 1.000000 1.000000
vt 1.000000 0.952381
vt 1.000000 0.952381
vt 1.000000 0.000000
vt 0.952381 0.000000
vt 0.952381 0.000000
vt 0.095238 1.000000
vt 0.095238 1.000000
vt 0.000000 0.000000
vt 0.000000 0.047619
vt 0.000000 0.047619
vt 0.142857 1.000000
vt 0.142857 1.000000
vt 0.190476 1.000000
vt 0.190476 1.000000
vt 0.238095 1.000000
vt 0.238095 1.000000
vt 0.285714 1.000000
vt 0.285714 1.000000
vt 0.333333 1.000000
vt 0.333333 1.000000
vt 0.380952 1.000000
vt 0.380952 1.000000
vt 0.428571 1.000000
vt 0.428571 1.000000
vt 0.476191 1.000000
vt 0.476191 1.000000
vt 1.000000 0.904762
vt 1.000000 0.904762
vt 0.523810 1.000000
vt 0.523810 1.000000
vt 1.000000 0.857143
vt 1.000000 0.857143
vt 0.571429 1.000000
vt 0.571429 1.000000
vt 1.000000 0.809524
vt 1.000000 0.809524
vt 0.619048 1.000000
vt 0.619048 1.000000
vt 1.000000 0.761905
vt 1.000000 0.761905
vt 0.666667 1.000000
vt 0.666667 1.000000
vt 1.000000 0.714286
vt 1.000000 0.714286
vt 0.714286 1.000000
vt 0.714286 1.000000
vt 1.000000 0.666667
vt 1.000000 0.666667
vt 0.761905 1.000000
vt 0.761905 1.000000
vt 1.000000 0.619048
vt 1.000000 0.619048
vt 0.809524 1.000000
vt 0.809524 1.000000
vt 1.000000 0.571429
vt 1.000000 0.571429
vt 0.857143 1.000000
vt 0.857143 1.000000
vt 1.000000 0.523810
vt 1.000000 0.523810
vt 0.904762 1.000000
vt 0.904762 1.000000
vt 1.000000 0.476191
vt 1.000000 0.476191
vt 0.952381 1.000000
vt 0.952381 1.000000
vt 1.000000 0.428571
vt 1.000000 0.428571
vt 1.000000 1.000000
vt 1.000000 0.380952
vt 1.000000 0.380952
vt 0.904762 0.000000
vt 0.904762 0.000000
vt 1.000000 0.333333
vt 1.000000 0.333333
vt 0.857143 0.000000
vt 0.857143 0.000000
vt 1.000000 0.285714
vt 1.000000 0.285714
vt 0.809524 0.000000
vt 0.809524 0.000000
vt 1.000000 0.238095
vt 1.000000 0.238095
vt 0.761905 0.000000
vt 0.761905 0.000000
vt 1.000000 0.190476
vt 1.000000 0.190476
vt 0.714286 0.000000
vt 0.714286 0.000000
vt 1.000000 0.142857
vt 1.000000 0.142857
vt 1.000000 0.095238
vt 1.000000 0.095238
vt 1.000000 0.047619
vt 1.000000 0.047619
vt 1.000000 0.000000
vt 0.000000 0.095238
vt 0.000000 0.095238
vt 0.000000 0.142857
vt 0.000000 0.142857
vt 0.000000 0.190476
vt 0.000000 0.190476
vt 0.000000 0.238095
vt 0.000000 0.238095
vt 0.000000 0.285714
vt 0.000000 0.285714
vt 0.320612 0.000000
vt 0.333333 0.000000
vt 0.285714 0.000000
vt 0.000000 0.333333
vt 0.000000 0.333333
vt 0.285714 0.000000
vt 0.238095 0.000000
vt 0.238095 0.000000
vt 0.000000 0.380952
vt 0.000000 0.380952
vt 0.190476 0.000000
vt 0.190476 0.000000
vt 0.000000 0.428571
vt 0.000000 0.428571
vt 0.142857 0.000000
vt 0.142857 0.000000
vt 0.000000 0.476191
vt 0.000000 0.476191
vt 0.095238 0.000000
vt 0.095238 0.000000
vt 0.000000 0.523810
vt 0.000000 0.523810
vt 0.047619 0.000000
vt 0.047619 0.000000
vt 0.000000 0.571429
vt 0.000000 0.571429
vt 0.000000 0.000000
vt 0.000000 0.619048
vt 0.491117 0.000000
vt 0.380952 0.000000
vt 0.491117 0.047619
vt 0.500000 0.000000
vt 0.491117 0.000000
vt 0.491117 0.095238
vt 0.500000 0.047619
vt 0.491117 0.142857
vt 0.500000 0.095238
vt 0.491117 0.190476
vt 0.500000 0.142857
vt 0.190476 0.190476
vt 0.142857 0.238095
vt 0.142857 0.190476
vt 0.000000 0.190476
vt 0.047619 0.238095
vt 0.000000 0.238095
vt 0.952381 0.285714
vt 1.000000 0.285714
vt 1.000000 0.285714
vt 0.047619 0.333333
vt 0.047619 0.380952
vt 0.047619 0.333333
vt 0.761905 0.047619
vt 0.714286 0.047619
vt 0.761905 0.047619
vt 0.857143 0.285714
vt 0.809524 0.333333
vt 0.809524 0.285714
vt 0.190476 0.285714
vt 0.142857 0.333333
vt 0.142857 0.285714
vt 0.047619 0.285714
vt 0.000000 0.333333
vt 0.000000 0.285714
vt 0.285714 0.047619
vt 0.285714 0.000000
vt 0.714286 0.857143
vt 0.761905 0.857143
vt 0.761905 0.857143
vt 0.047619 0.714286
vt 0.000000 0.714286
vt 0.857143 0.380952
vt 0.809524 0.428571
vt 0.809524 0.380952
vt 0.190476 0.380952
vt 0.142857 0.428571
vt 0.142857 0.380952
vt 0.047619 0.380952
vt 0.000000 0.428571
vt 0.000000 0.380952
vt 0.857143 0.285714
vt 0.238095 0.047619
vt 0.238095 0.000000
vt 0.238095 0.047619
vt 0.047619 0.761905
vt 0.047619 0.761905
vt 0.857143 0.476191
vt 0.809524 0.523810
vt 0.809524 0.476190
vt 0.190476 0.476190
vt 0.142857 0.523810
vt 0.142857 0.476190
vt 0.047619 0.476190
vt 0.000000 0.523810
vt 0.000000 0.476190
vt 0.190476 0.285714
vt 0.619048 0.047619
vt 0.666667 0.047619
vt 0.666667 0.047619
vt 0.619048 0.857143
vt 0.666667 0.857143
vt 0.666667 0.857143
vt 0.857143 0.571429
vt 0.809524 0.619048
vt 0.809524 0.571429
vt 0.142857 0.571429
vt 0.190476 0.619048
vt 0.142857 0.619048
vt 0.000000 0.571429
vt 0.047619 0.619048
vt 0.000000 0.619048
vt 1.000000 0.333333
vt 0.952381 0.333333
vt 0.952381 0.333333
vt 0.000000 0.761905
vt 0.857143 0.333333
vt 0.809524 0.333333
vt 0.857143 0.666667
vt 0.809524 0.714286
vt 0.809524 0.666667
vt 0.190476 0.666667
vt 0.142857 0.714286
vt 0.142857 0.666667
vt 0.047619 0.666667
vt 0.523810 0.047619
vt 0.571429 0.047619
vt 0.571429 0.047619
vt 0.523810 0.857143
vt 0.571429 0.857143
vt 0.571429 0.857143
vt 0.190476 0.333333
vt 0.142857 0.333333
vt 0.857143 0.761905
vt 0.809524 0.809524
vt 0.809524 0.761905
vt 0.190476 0.761905
vt 0.142857 0.809524
vt 0.142857 0.761905
vt 0.857143 0.809524
vt 0.809524 0.857143
vt 0.761905 0.809524
vt 0.000000 0.666667
vt 0.714286 0.809524
vt 0.666667 0.809524
vt 0.952381 0.380952
vt 1.000000 0.380952
vt 1.000000 0.380952
vt 0.619048 0.809524
vt 0.571429 0.809524
vt 0.428571 0.047619
vt 0.476190 0.047619
vt 0.476190 0.047619
vt 0.523810 0.809524
vt 0.476190 0.857143
vt 0.476190 0.809524
vt 0.428571 0.857143
vt 0.476190 0.857143
vt 0.428571 0.809524
vt 0.380952 0.857143
vt 0.380952 0.809524
vt 0.761905 0.809524
vt 0.333333 0.809524
vt 0.285714 0.857143
vt 0.285714 0.809524
vt 0.857143 0.380952
vt 0.238095 0.809524
vt 0.190476 0.857143
vt 0.190476 0.809524
vt 0.142857 0.857143
vt 0.047619 0.809524
vt 0.047619 0.857143
vt 0.047619 0.904762
vt 1.000000 0.904762
vt 0.952381 0.952381
vt 0.952381 0.904762
vt 1.000000 0.857143
vt 0.952381 0.857143
vt 1.000000 0.809524
vt 0.952381 0.809524
vt 1.000000 0.761905
vt 0.952381 0.761905
vt 0.952381 0.428571
vt 0.952381 0.476191
vt 0.952381 0.476191
vt 1.000000 0.666667
vt 0.952381 0.714286
vt 0.952381 0.666667
vt 0.000000 0.571429
vt 1.000000 0.571429
vt 0.952381 0.619048
vt 0.952381 0.571429
vt 0.714286 0.857143
vt 1.000000 0.476190
vt 0.952381 0.523810
vt 0.190476 0.380952
vt 0.857143 0.428571
vt 0.857143 0.428571
vt 0.380952 0.047619
vt 0.333333 0.047619
vt 0.380952 0.047619
vt 1.000000 0.190476
vt 0.952381 0.238095
vt 0.952381 0.190476
vt 1.000000 0.142857
vt 0.952381 0.142857
vt 1.000000 0.095238
vt 0.952381 0.095238
vt 1.000000 0.047619
vt 0.952381 0.047619
vt 1.000000 0.000000
vt 0.952381 1.000000
vt 0.857143 0.190476
vt 0.809524 0.238095
vt 0.809524 0.190476
vt 0.000000 0.142857
vt 0.047619 0.190476
vt 0.190476 0.142857
vt 0.142857 0.142857
vt 0.238095 0.142857
vt 0.333333 0.857143
vt 0.380952 0.857143
vt 0.333333 0.142857
vt 0.285714 0.190476
vt 0.285714 0.142857
vt 0.666667 0.809524
vt 0.428571 0.142857
vt 0.380952 0.190476
vt 0.380952 0.142857
vt 1.000000 0.428571
vt 0.952381 0.428571
vt 0.523810 0.142857
vt 0.507856 0.190476
vt 0.507856 0.142857
vt 0.809524 0.476190
vt 0.619048 0.142857
vt 0.571429 0.190476
vt 0.571429 0.142857
vt 0.000000 0.476190
vt 0.714286 0.142857
vt 0.666667 0.190476
vt 0.666667 0.142857
vt 0.619048 0.857143
vt 0.809524 0.142857
vt 0.761905 0.190476
vt 0.761905 0.142857
vt 0.857143 0.142857
vt 0.000000 0.095238
vt 0.047619 0.142857
vt 0.047619 0.095238
vt 0.047619 0.047619
vt 0.095238 0.047619
vt 0.142857 0.047619
vt 0.190476 0.047619
vt 0.809524 0.428571
vt 0.190476 0.428571
vt 0.190476 0.428571
vt 0.428571 0.000000
vt 0.285714 0.047619
vt 0.523810 0.000000
vt 0.507856 0.047619
vt 0.507856 0.000000
vt 0.238095 0.857143
vt 0.285714 0.857143
vt 0.619048 0.000000
vt 0.571429 0.000000
vt 0.571429 0.809524
vt 0.714286 0.000000
vt 0.666667 0.000000
vt 0.142857 0.428571
vt 0.809524 0.000000
vt 0.761905 0.000000
vt 0.857143 0.000000
vt 0.809524 0.047619
vt 0.904762 0.000000
vt 0.857143 0.047619
vt 0.904762 0.047619
vt 0.047619 0.952381
vt 0.095238 0.952381
vt 0.142857 0.952381
vt 0.095238 1.000000
vt 0.190476 0.952381
vt 0.142857 1.000000
vt 0.238095 0.952381
vt 0.190476 1.000000
vt 0.142857 0.476190
vt 0.333333 0.952381
vt 0.285714 1.000000
vt 0.285714 0.952381
vt 0.000000 0.380952
vt 0.428571 0.952381
vt 0.380952 1.000000
vt 0.380952 0.952381
vt 0.523810 0.857143
vt 0.523810 0.952381
vt 0.476190 1.000000
vt 0.476190 0.952381
vt 0.619048 0.952381
vt 0.571429 1.000000
vt 0.571429 0.952381
vt 1.000000 0.476190
vt 0.714286 0.952381
vt 0.666667 1.000000
vt 0.666667 0.952381
vt 0.047619 0.428571
vt 0.047619 0.428571
vt 0.809524 0.952381
vt 0.761905 1.000000
vt 0.761905 0.952381
vt 0.857143 0.952381
vt 0.809524 1.000000
vt 0.904762 0.952381
vt 0.857143 1.000000
vt 0.904762 1.000000
vt 0.500000 0.047619
vt 0.491117 0.047619
vt 0.500000 0.142857
vt 0.491117 0.190476
vt 0.491117 0.142857
vt 1.000000 0.714286
vt 1.000000 0.619048
vt 0.238095 1.000000
vt 0.333333 1.000000
vt 0.428571 1.000000
vt 1.000000 0.523810
vt 0.523810 1.000000
vt 1.000000 0.238095
vt 0.619048 1.000000
vt 0.714286 1.000000
vt 1.000000 1.000000
vt 0.857143 0.238095
vt 0.809524 0.285714
vt 0.809524 0.238095
vt 0.190476 0.238095
vt 0.142857 0.285714
vt 0.142857 0.238095
vt 0.000000 0.238095
vt 0.047619 0.285714
vt 0.000000 0.285714
vt 0.857143 0.333333
vt 0.809524 0.380952
vt 0.190476 0.333333
vt 0.142857 0.380952
vt 0.000000 0.333333
vt 0.000000 0.428571
vt 0.857143 0.523810
vt 0.809524 0.571429
vt 0.809524 0.523810
vt 0.190476 0.523810
vt 0.142857 0.571429
vt 0.142857 0.523810
vt 0.047619 0.523810
vt 0.000000 0.523810
vt 0.857143 0.619048
vt 0.809524 0.666667
vt 0.809524 0.619048
vt 0.142857 0.619048
vt 0.190476 0.666667
vt 0.142857 0.666667
vt 0.047619 0.619048
vt 0.000000 0.619048
vt 0.857143 0.714286
vt 0.809524 0.761905
vt 0.809524 0.714286
vt 0.190476 0.714286
vt 0.142857 0.761905
vt 0.142857 0.714286
vt 0.047619 0.714286
vt 0.714286 0.809524
vt 0.619048 0.809524
vt 0.523810 0.809524
vt 0.476190 0.809524
vt 0.428571 0.857143
vt 0.428571 0.809524
vt 0.380952 0.809524
vt 0.333333 0.857143
vt 0.333333 0.809524
vt 0.285714 0.809524
vt 0.238095 0.857143
vt 0.238095 0.809524
vt 1.000000 0.714286
vt 0.952381 0.761905
vt 0.952381 0.714286
vt 1.000000 0.619048
vt 0.952381 0.666667
vt 0.952381 0.619048
vt 1.000000 0.523810
vt 0.952381 0.571429
vt 0.952381 0.523810
vt 1.000000 0.428571
vt 1.000000 0.333333
vt 0.952381 0.380952
vt 1.000000 0.238095
vt 0.952381 0.285714
vt 0.952381 0.238095
vt 0.285714 0.142857
vt 0.238095 0.190476
vt 0.238095 0.142857
vt 0.380952 0.142857
vt 0.333333 0.190476
vt 0.333333 0.142857
vt 0.476190 0.142857
vt 0.428571 0.190476
vt 0.428571 0.142857
vt 0.571429 0.142857
vt 0.523810 0.190476
vt 0.523810 0.142857
vt 0.666667 0.142857
vt 0.619048 0.190476
vt 0.619048 0.142857
vt 0.761905 0.142857
vt 0.714286 0.190476
vt 0.714286 0.142857
vt 0.380952 0.000000
vt 0.333333 0.000000
vt 0.476190 0.000000
vt 0.428571 0.047619
vt 0.428571 0.000000
vt 0.571429 0.000000
vt 0.523810 0.047619
vt 0.523810 0.000000
vt 0.666667 0.000000
vt 0.619048 0.047619
vt 0.619048 0.000000
vt 0.761905 0.000000
vt 0.714286 0.000000
vt 0.285714 0.952381
vt 0.238095 1.000000
vt 0.238095 0.952381
vt 0.380952 0.952381
vt 0.333333 1.000000
vt 0.333333 0.952381
vt 0.476190 0.952381
vt 0.428571 1.000000
vt 0.428571 0.952381
vt 0.571429 0.952381
vt 0.523810 1.000000
vt 0.523810 0.952381
vt 0.666667 0.952381
vt 0.619048 1.000000
vt 0.619048 0.952381
vt 0.761905 0.952381
vt 0.714286 1.000000
vt 0.714286 0.952381
vt 0.047619 0.666667
vt 0.333333 0.047619
vt 0.190476 0.238095
vt 0.857143 0.238095
vt 0.047619 0.571429
vt 0.047619 0.571429
vt 0.047619 0.523810
vt 0.476190 0.000000
vt 0.047619 0.476190
vt 0.190476 0.714286
vt 0.238095 0.190476
vt 0.285714 0.190476
vt 0.857143 0.714286
vt 0.333333 0.190476
vt 0.380952 0.190476
vt 0.714286 0.047619
vt 0.285714 1.000000
vt 0.428571 0.190476
vt 0.476190 0.190476
vt 0.476190 0.190476
vt 0.380952 1.000000
vt 0.047619 0.238095
vt 0.523810 0.190476
vt 0.571429 0.190476
vt 0.476190 1.000000
vt 0.619048 0.190476
vt 0.666667 0.190476
vt 0.571429 1.000000
vt 0.714286 0.190476
vt 0.761905 0.190476
vt 0.190476 0.619048
vt 0.666667 1.000000
vt 0.857143 0.619048
vt 0.190476 0.761905
vt 0.761905 1.000000
vt 1.000000 0.666667
vt 0.857143 0.761905
vt 1.000000 0.761905
vt 1.000000 0.571429
vt 0.476190 0.142857
vt 0.857143 0.666667
vt 0.190476 0.571429
vt 0.190476 0.523810
vt 0.857143 0.523810
vt 0.190476 0.571429
vt 0.857143 0.571429
vt 0.190476 0.476190
vt 0.857143 0.476191
vt 0.761905 1.000000
vt 0.809524 1.000000
vt 1.000000 0.571429
vt 0.857143 1.000000
vt 1.000000 0.523810
vt 0.904762 1.000000
vt 1.000000 0.476190
vt 0.952381 1.000000
vt 1.000000 0.428571
vt 1.000000 1.000000
vt 1.000000 1.000000
vt 1.000000 0.380952
vt 0.904762 0.000000
vt 1.000000 0.333333
vt 0.857143 0.000000
vt 1.000000 0.285714
vt 0.809524 0.000000
vt 1.000000 0.238095
vt 0.761905 0.000000
vt 1.000000 0.190476
vt 0.714286 0.000000
vt 1.000000 0.142857
vt 0.666667 0.000000
vt 1.000000 0.095238
vt 0.619048 0.000000
vt 1.000000 0.047619
vt 0.571429 0.000000
vt 1.000000 0.000000
vt 0.523810 0.000000
vt 0.000000 0.095238
vt 0.507856 0.000000
vt 0.000000 0.142857
vt 0.476190 0.000000
vt 0.428571 0.000000
vt 0.000000 0.190476
vt 0.380952 0.000000
vt 0.000000 0.238095
vt 0.333333 0.000000
vt 0.000000 0.285714
vt 0.285714 0.000000
vt 0.000000 0.333333
vt 0.238095 0.000000
vt 0.000000 0.380952
vt 0.190476 0.000000
vt 0.000000 0.428571
vt 0.142857 0.000000
vt 0.000000 0.476190
vt 0.095238 0.000000
vt 0.000000 0.523810
vt 0.047619 0.000000
vt 0.000000 0.571429
vt 0.000000 0.000000
vt 0.000000 0.619048
vt 0.500000 0.000000
vt 0.491117 0.000000
vt 1.000000 0.619048
vt 0.714286 1.000000
vt 1.000000 0.666667
vt 0.666667 1.000000
vt 1.000000 0.714286
vt 0.619048 1.000000
vt 1.000000 0.761905
vt 0.571429 1.000000
vt 1.000000 0.809524
vt 0.523810 1.000000
vt 1.000000 0.857143
vt 1.000000 0.904762
vt 0.476190 1.000000
vt 0.428571 1.000000
vt 0.380952 1.000000
vt 0.333333 1.000000
vt 0.285714 1.000000
vt 0.238095 1.000000
vt 0.190476 1.000000
vt 0.142857 1.000000
vt 0.000000 0.047619
vt 0.095238 1.000000
vt 0.952381 0.000000
vt 1.000000 0.952381
vt 0.047619 1.000000
vt 0.000000 0.952381
vt 0.000000 1.000000
vt 0.000000 0.904762
vt 0.000000 0.857143
vt 0.000000 0.809524
vt 0.000000 0.761905
vt 0.000000 0.714286
vt 0.000000 0.666667
vt 0.333333 0.000000
vt 0.340027 0.000000
vt 0.678076 0.000000
vt 0.661184 0.000000
vt 0.666667 0.000000
vt 0.666667 0.000000
vt 0.476190 0.190476
vt 0.476191 0.000000
vt 0.500000 0.000000
vt 0.500000 0.190476
vt 0.500000 0.000000
vt 0.500000 0.190476
vt 0.000000 0.000000
vt 0.000000 0.000000
vt 0.000000 0.000000
vt 0.320252 0.000000
vt 0.857143 0.857143
vt 0.680696 0.000000
vt 0.000000 0.000000
vt 0.000000 0.000000
vt 0.000000 0.000000
vt 0.000000 0.000000
vt 0.000000 0.000000
vt 0.000000 0.000000
vt 0.000000 0.000000
vt 0.000000 0.000000
vt 0.000000 0.000000
vt 0.000000 0.000000
vt 0.000000 0.000000
vt 0.000000 0.000000
vt 0.000000 0.000000
vt 0.000000 0.000000
vt 0.000000 0.000000
vt 0.000000 0.000000
vt 0.000000 0.000000
vt 0.000000 0.000000
vt 0.000000 0.000000
vt 0.000000 0.000000
vt 0.000000 0.000000
vt 0.000000 0.000000
vt 0.000000 0.000000
vt 0.000000 0.000000
vt 0.000000 0.000000
vt 0.000000 0.000000
vt 0.000000 0.000000
vt 0.000000 0.000000
vt 0.000000 0.000000
vt 0.000000 0.000000
vt 0.000000 0.000000
vt 0.000000 0.000000
vt 0.000000 0.000000
vt 0.000000 0.000000
vt 0.000000 0.000000
vt 0.000000 0.000000
vt 0.000000 0.000000
vt 0.000000 0.000000
vt 0.000000 0.000000
vt 0.000000 0.000000
vt 0.000000 0.000000
vt 0.000000 0.000000
vt 0.000000 0.000000
vt 0.000000 0.000000
vt 0.000000 0.000000
vt 0.000000 0.000000
vt 0.000000 0.000000
vt 0.000000 0.000000
vt 0.000000 0.000000
vt 0.000000 0.000000
vt 0.000000 0.000000
vt 0.000000 0.000000
vt 0.000000 0.666667
vt 0.000000 0.714286
vt 0.000000 0.761905
vt 0.000000 0.809524
vt 0.000000 0.857143
vt 0.000000 0.904762
vt 0.000000 0.952381
vt 0.000000 1.000000
vt 0.047619 1.000000
vt 1.000000 0.952381
vt 0.952381 0.000000
vt 0.095238 1.000000
vt 0.000000 0.047619
vt 0.142857 1.000000
vt 0.190476 1.000000
vt 0.238095 1.000000
vt 0.285714 1.000000
vt 0.333333 1.000000
vt 0.380952 1.000000
vt 0.428571 1.000000
vt 0.476191 1.000000
vt 1.000000 0.904762
vt 0.523810 1.000000
vt 1.000000 0.857143
vt 0.571429 1.000000
vt 1.000000 0.809524
vt 0.619048 1.000000
vt 1.000000 0.761905
vt 0.666667 1.000000
vt 1.000000 0.714286
vt 0.714286 1.000000
vt 1.000000 0.666667
vt 0.761905 1.000000
vt 1.000000 0.619048
vt 0.809524 1.000000
vt 1.000000 0.571429
vt 0.857143 1.000000
vt 1.000000 0.523810
vt 0.904762 1.000000
vt 1.000000 0.476191
vt 0.952381 1.000000
vt 1.000000 0.428571
vt 1.000000 1.000000
vt 1.000000 0.380952
vt 0.904762 0.000000
vt 1.000000 0.333333
vt 0.857143 0.000000
vt 1.000000 0.285714
vt 0.809524 0.000000
vt 1.000000 0.238095
vt 0.761905 0.000000
vt 1.000000 0.190476
vt 0.714286 0.000000
vt 1.000000 0.142857
vt 0.666667 0.000000
vt 1.000000 0.095238
vt 1.000000 0.047619
vt 1.000000 0.000000
vt 0.000000 0.095238
vt 0.000000 0.142857
vt 0.000000 0.190476
vt 0.000000 0.238095
vt 0.333333 0.000000
vt 0.000000 0.285714
vt 0.285714 0.000000
vt 0.000000 0.333333
vt 0.238095 0.000000
vt 0.000000 0.380952
vt 0.190476 0.000000
vt 0.000000 0.428571
vt 0.142857 0.000000
vt 0.000000 0.476191
vt 0.095238 0.000000
vt 0.000000 0.523810
vt 0.047619 0.000000
vt 0.000000 0.571429
vt 0.000000 0.000000
vt 0.000000 0.619048
vt 0.000000 0.619048
vt 0.000000 0.666667
vt 0.000000 0.714286
vt 0.000000 0.761905
vt 0.000000 0.809524
vt 0.000000 0.857143
vt 0.000000 0.904762
vt 0.000000 0.952381
vt 0.000000 1.000000
vt 0.047619 1.000000
vt 1.000000 1.000000
vt 1.000000 0.952381
vt 1.000000 0.000000
vt 0.952381 0.000000
vt 0.095238 1.000000
vt 0.000000 0.000000
vt 0.000000 0.047619
vt 0.142857 1.000000
vt 0.190476 1.000000
vt 0.238095 1.000000
vt 0.285714 1.000000
vt 0.333333 1.000000
vt 0.380952 1.000000
vt 0.428571 1.000000
vt 0.476191 1.000000
vt 1.000000 0.904762
vt 0.523810 1.000000
vt 1.000000 0.857143
vt 0.571429 1.000000
vt 1.000000 0.809524
vt 0.619048 1.000000
vt 1.000000 0.761905
vt 0.666667 1.000000
vt 1.000000 0.714286
vt 0.714286 1.000000
vt 1.000000 0.666667
vt 0.761905 1.000000
vt 1.000000 0.619048
vt 0.809524 1.000000
vt 1.000000 0.571429
vt 0.857143 1.000000
vt 1.000000 0.523810
vt 0.904762 1.000000
vt 1.000000 0.476191
vt 0.952381 1.000000
vt 1.000000 0.428571
vt 1.000000 0.380952
vt 0.904762 0.000000
vt 1.000000 0.333333
vt 0.857143 0.000000
vt 1.000000 0.285714
vt 0.809524 0.000000
vt 1.000000 0.238095
vt 0.761905 0.000000
vt 1.000000 0.190476
vt 0.714286 0.000000
vt 1.000000 0.142857
vt 0.666667 0.000000
vt 1.000000 0.095238
vt 0.619048 0.000000
vt 1.000000 0.047619
vt 0.571429 0.000000
vt 0.523810 0.000000
vt 0.000000 0.095238
vt 0.507856 0.000000
vt 0.000000 0.142857
vt 0.476191 0.000000
vt 0.428571 0.000000
vt 0.000000 0.190476
vt 0.380952 0.000000
vt 0.000000 0.238095
vt 0.333333 0.000000
vt 0.000000 0.285714
vt 0.285714 0.000000
vt 0.000000 0.333333
vt 0.238095 0.000000
vt 0.000000 0.380952
vt 0.190476 0.000000
vt 0.000000 0.428571
vt 0.142857 0.000000
vt 0.000000 0.476191
vt 0.095238 0.000000
vt 0.000000 0.523810
vt 0.047619 0.000000
vt 0.000000 0.571429
vt 0.500000 0.000000
vt 0.491117 0.000000
vt 0.500000 0.000000
vt 0.491117 0.000000
vt 0.491117 0.000000
vt 0.500000 0.000000
vt 0.491117 0.000000
vt 0.500000 0.000000
vt 0.491117 0.000000
vt 0.639877 0.000000
vt 0.507856 0.000000
vt 0.500000 0.000000
vt 0.507856 0.000000
vt 0.507856 0.000000
vt 0.360592 0.000000
vt 0.507856 0.000000
vt 0.380952 0.000000
vt 0.491117 0.000000
vt 0.000000 0.619048
vt 0.000000 0.000000
vt 0.000000 0.571429
vt 0.047619 0.000000
vt 0.000000 0.523810
vt 0.095238 0.000000
vt 0.000000 0.476191
vt 0.142857 0.000000
vt 0.000000 0.428571
vt 0.190476 0.000000
vt 0.000000 0.380952
vt 0.238095 0.000000
vt 0.000000 0.333333
vt 0.329532 0.000000
vt 0.329567 0.000000
vt 0.285714 0.000000
vt 0.000000 0.285714
vt 0.380952 0.000000
vt 0.369991 0.000000
vt 0.370244 0.000000
vt 0.000000 0.238095
vt 0.000000 0.190476
vt 0.428571 0.000000
vt 0.000000 0.142857
vt 0.507856 0.000000
vt 0.000000 0.095238
vt 0.523810 0.000000
vt 1.000000 0.000000
vt 0.571429 0.000000
vt 1.000000 0.047619
vt 0.630862 0.000000
vt 0.619048 0.000000
vt 1.000000 0.095238
vt 0.714286 0.000000
vt 0.671325 0.000000
vt 0.671573 0.000000
vt 1.000000 0.142857
vt 1.000000 0.190476
vt 0.761905 0.000000
vt 1.000000 0.238095
vt 0.809524 0.000000
vt 1.000000 0.285714
vt 0.857143 0.000000
vt 1.000000 0.333333
vt 0.904762 0.000000
vt 1.000000 0.380952
vt 1.000000 1.000000
vt 1.000000 0.428571
vt 0.952381 1.000000
vt 1.000000 0.476191
vt 0.904762 1.000000
vt 1.000000 0.523810
vt 0.857143 1.000000
vt 1.000000 0.571429
vt 0.809524 1.000000
vt 1.000000 0.619048
vt 0.761905 1.000000
vt 1.000000 0.666667
vt 0.714286 1.000000
vt 1.000000 0.714286
vt 0.666667 1.000000
vt 1.000000 0.761905
vt 0.619048 1.000000
vt 1.000000 0.809524
vt 0.571429 1.000000
vt 1.000000 0.857143
vt 0.523810 1.000000
vt 1.000000 0.904762
vt 0.476191 1.000000
vt 0.428571 1.000000
vt 0.380952 1.000000
vt 0.333333 1.000000
vt 0.285714 1.000000
vt 0.238095 1.000000
vt 0.190476 1.000000
vt 0.142857 1.000000
vt 0.000000 0.047619
vt 0.095238 1.000000
vt 0.952381 0.000000
vt 1.000000 0.952381
vt 0.047619 1.000000
vt 0.000000 1.000000
vt 0.000000 0.952381
vt 0.000000 0.904762
vt 0.000000 0.857143
vt 0.000000 0.809524
vt 0.000000 0.761905
vt 0.000000 0.714286
vt 0.000000 0.666667
vt 0.424383 0.000000
vt 0.619048 0.000000
vt 0.476191 0.000000
vt 0.428571 0.000000
vt 0.571429 0.000000
vt 0.523810 0.000000
vt 0.507856 0.000000
vt 0.572450 0.000000
vt 0.500000 0.000000
vt 0.491117 0.000000
vt 0.476191 0.000000
vt 0.500000 0.000000
vt 0.333333 0.000000
vt 0.666667 0.000000
vt 0.630912 0.000000
vt 0.250000 0.490000
vt 0.382042 0.382042
vt 0.250000 0.436736
vt 0.490000 0.250000
vt 0.436736 0.250000
vt 0.080294 0.080294
vt 0.063264 0.250000
vt 0.117958 0.117958
vt 0.010000 0.250000
vt 0.117958 0.382042
vt 0.080294 0.419706
vt 0.190476 0.952381
vt 0.142857 0.190476
vt 0.095238 0.238095
vt 0.095238 0.190476
vt 0.047619 0.238095
vt 0.047619 0.190476
vt 0.047619 0.571429
vt 0.047619 0.523810
vt 0.952381 0.238095
vt 0.904762 0.285714
vt 0.904762 0.238095
vt 0.857143 0.285714
vt 0.857143 0.238095
vt 0.047619 0.047619
vt 0.238095 0.952381
vt 0.142857 0.285714
vt 0.095238 0.285714
vt 0.047619 0.285714
vt 0.952381 0.619048
vt 0.952381 0.285714
vt 0.904762 0.333333
vt 0.857143 0.333333
vt 0.952381 0.095238
vt 0.952381 0.142857
vt 0.285714 0.952381
vt 0.142857 0.333333
vt 0.095238 0.333333
vt 0.047619 0.333333
vt 0.333333 0.952381
vt 0.952381 0.333333
vt 0.904762 0.380952
vt 0.857143 0.380952
vt 0.857143 0.619048
vt 0.857143 0.571429
vt 0.380952 0.952381
vt 0.142857 0.380952
vt 0.095238 0.380952
vt 0.047619 0.380952
vt 0.809524 0.571429
vt 0.809524 0.619048
vt 0.952381 0.380952
vt 0.904762 0.428571
vt 0.857143 0.428571
vt 0.809524 0.047619
vt 0.428571 0.952381
vt 0.095238 0.428571
vt 0.047619 0.428571
vt 0.190476 0.619048
vt 0.190476 0.571429
vt 0.952381 0.428571
vt 0.904762 0.476191
vt 0.857143 0.476191
vt 0.761905 0.047619
vt 0.523810 0.952381
vt 0.476190 0.952381
vt 0.142857 0.476190
vt 0.095238 0.476190
vt 0.047619 0.476190
vt 0.142857 0.571429
vt 0.142857 0.619048
vt 0.952381 0.476191
vt 0.904762 0.523810
vt 0.857143 0.523810
vt 0.714286 0.047619
vt 0.571429 0.952381
vt 0.095238 0.523810
vt 0.666667 0.047619
vt 0.952381 0.523810
vt 0.904762 0.571429
vt 0.619048 0.952381
vt 0.047619 0.619048
vt 0.142857 0.523810
vt 0.095238 0.571429
vt 0.619048 0.047619
vt 0.952381 0.571429
vt 0.904762 0.619048
vt 0.666667 0.952381
vt 0.952381 0.666667
vt 0.095238 0.619048
vt 0.571429 0.047619
vt 0.904762 0.666667
vt 0.857143 0.666667
vt 0.714286 0.952381
vt 0.476190 0.047619
vt 0.491117 0.047619
vt 0.142857 0.666667
vt 0.095238 0.666667
vt 0.047619 0.666667
vt 0.761905 0.952381
vt 0.904762 0.714286
vt 0.857143 0.714286
vt 0.428571 0.047619
vt 0.142857 0.714286
vt 0.095238 0.714286
vt 0.047619 0.714286
vt 0.809524 0.857143
vt 0.857143 0.857143
vt 0.952381 0.714286
vt 0.904762 0.761905
vt 0.857143 0.761905
vt 0.809524 0.952381
vt 0.809524 0.666667
vt 0.142857 0.761905
vt 0.095238 0.761905
vt 0.047619 0.761905
vt 0.380952 0.047619
vt 0.952381 0.761905
vt 0.904762 0.809524
vt 0.857143 0.809524
vt 0.761905 0.857143
vt 0.857143 0.952381
vt 0.095238 0.809524
vt 0.047619 0.809524
vt 0.190476 0.666667
vt 0.952381 0.809524
vt 0.904762 0.857143
vt 0.333333 0.047619
vt 0.714286 0.857143
vt 0.904762 0.952381
vt 0.285714 0.047619
vt 0.666667 0.857143
vt 0.428571 0.142857
vt 0.380952 0.142857
vt 0.952381 0.952381
vt 0.238095 0.047619
vt 0.619048 0.857143
vt 0.333333 0.142857
vt 0.571429 0.857143
vt 0.285714 0.142857
vt 0.142857 0.809524
vt 0.095238 0.857143
vt 0.047619 0.857143
vt 0.523810 0.857143
vt 0.952381 0.857143
vt 0.904762 0.904762
vt 0.857143 0.904762
vt 0.809524 0.904762
vt 0.761905 0.904762
vt 0.714286 0.904762
vt 0.666667 0.904762
vt 0.619048 0.904762
vt 0.571429 0.904762
vt 0.523810 0.904762
vt 0.476190 0.904762
vt 0.476190 0.857143
vt 0.428571 0.904762
vt 0.428571 0.857143
vt 0.380952 0.904762
vt 0.380952 0.857143
vt 0.333333 0.904762
vt 0.333333 0.857143
vt 0.285714 0.904762
vt 0.285714 0.857143
vt 0.238095 0.904762
vt 0.238095 0.857143
vt 0.190476 0.904762
vt 0.190476 0.857143
vt 0.142857 0.904762
vt 0.142857 0.857143
vt 0.095238 0.904762
vt 0.047619 0.904762
vt 0.238095 0.142857
vt 0.952381 0.904762
vt 0.142857 0.952381
vt 0.095238 0.952381
vt 0.047619 0.952381
vt 0.190476 0.142857
vt 0.142857 0.142857
vt 0.809524 0.714286
vt 0.047619 0.095238
vt 0.190476 0.714286
vt 0.952381 0.190476
vt 0.857143 0.190476
vt 0.857143 0.142857
vt 0.190476 0.047619
vt 0.142857 0.047619
vt 0.095238 0.047619
vt 0.761905 0.190476
vt 0.809524 0.190476
vt 0.809524 0.761905
vt 0.190476 0.761905
vt 0.904762 0.190476
vt 0.095238 0.142857
vt 0.047619 0.142857
vt 0.714286 0.190476
vt 0.904762 0.142857
vt 0.095238 0.095238
vt 0.142857 0.095238
vt 0.190476 0.095238
vt 0.238095 0.095238
vt 0.285714 0.095238
vt 0.333333 0.095238
vt 0.380952 0.095238
vt 0.428571 0.095238
vt 0.476190 0.095238
vt 0.523810 0.095238
vt 0.507856 0.142857
vt 0.507856 0.095238
vt 0.571429 0.095238
vt 0.523810 0.142857
vt 0.619048 0.095238
vt 0.571429 0.142857
vt 0.666667 0.095238
vt 0.619048 0.142857
vt 0.714286 0.095238
vt 0.666667 0.142857
vt 0.761905 0.095238
vt 0.714286 0.142857
vt 0.809524 0.095238
vt 0.761905 0.142857
vt 0.857143 0.095238
vt 0.809524 0.142857
vt 0.904762 0.095238
vt 0.666667 0.190476
vt 0.523810 0.047619
vt 0.507856 0.047619
vt 0.857143 0.047619
vt 0.904762 0.047619
vt 0.952381 0.047619
vt 0.809524 0.809524
vt 0.619048 0.190476
vt 0.190476 0.809524
vt 0.571429 0.190476
vt 0.523810 0.190476
vt 0.476190 0.190476
vt 0.491117 0.190476
vt 0.500000 0.190476
vt 0.507856 0.190476
vt 0.428571 0.190476
vt 0.380952 0.190476
vt 0.333333 0.190476
vt 0.285714 0.190476
vt 0.809524 0.238095
vt 0.238095 0.190476
vt 0.190476 0.238095
vt 0.190476 0.190476
vt 0.142857 0.238095
vt 0.761905 0.809524
vt 0.714286 0.809524
vt 0.190476 0.476190
vt 0.666667 0.809524
vt 0.619048 0.809524
vt 0.809524 0.428571
vt 0.571429 0.809524
vt 0.523810 0.809524
vt 0.476190 0.809524
vt 0.428571 0.809524
vt 0.380952 0.809524
vt 0.333333 0.809524
vt 0.285714 0.809524
vt 0.190476 0.333333
vt 0.238095 0.809524
vt 0.809524 0.285714
vt 0.809524 0.523810
vt 0.190476 0.428571
vt 0.809524 0.380952
vt 0.190476 0.285714
vt 0.190476 0.523810
vt 0.809524 0.476190
vt 0.190476 0.380952
vt 0.809524 0.333333
vt 0.500000 0.047619
vt 0.491117 0.095238
vt 0.500000 0.095238
vt 0.491117 0.142857
vt 0.142857 0.428571
vt 0.476190 0.142857
vt 0.500000 0.142857
vt 0.476191 0.000000
vt 0.362894 0.000000
vt 0.380952 0.000000
vt 0.428571 0.000000
vt 0.571429 0.000000
vt 0.619048 0.000000
vt 0.073991 0.095512
vt 0.175209 0.405757
vt 0.158102 0.398670
vt 0.063264 0.250000
vt 0.112770 0.130481
vt 0.419706 0.419706
vt 0.358333 0.445127
vt 0.392566 0.430947
vt 0.638065 0.000000
vt 0.419706 0.419706
vt 0.483791 0.264991
vt 0.431533 0.262560
vt 0.117958 0.117958
vt 0.083811 0.083811
vt 0.087116 0.307584
vt 0.077170 0.283571
vt 0.490000 0.250000
vt 0.483581 0.250000
vt 0.175966 0.459334
vt 0.194251 0.466908
vt 0.037083 0.315383
vt 0.050874 0.348679
vt 0.293224 0.418832
vt 0.274193 0.426715
vt 0.523810 0.000000
vt 0.010000 0.250000
vt 0.080294 0.080294
vt 0.073808 0.095954
vt 0.117958 0.382042
vt 0.185391 0.409974
vt 0.250000 0.436736
vt 0.212680 0.421277
vt 0.194395 0.413703
vt 0.112619 0.130848
vt 0.401374 0.427299
vt 0.324867 0.458989
vt 0.250000 0.490000
vt 0.483609 0.265429
vt 0.382042 0.382042
vt 0.436736 0.250000
vt 0.431383 0.262923
vt 0.109427 0.361446
vt 0.101047 0.341217
vt 0.248829 0.489515
vt 0.166962 0.455604
vt 0.080294 0.419706
vt 0.085094 0.421694
vt 0.139673 0.444301
vt 0.156780 0.451387
vt 0.018617 0.270804
vt 0.023151 0.281750
vt 0.327458 0.404652
vt 0.350700 0.395024
vt 0.638555 0.000000
vt 0.619048 0.000000
vt 0.604582 0.000000
vt 0.571429 0.000000
vt 0.523810 0.000000
vt 0.428571 0.000000
vt 0.395636 0.000000
vt 0.380952 0.000000
vt 0.583274 0.000000
vt 0.571429 0.000000
vt 0.523810 0.000000
vt 0.476191 0.000000
vt 0.428571 0.000000
vt 0.571429 0.000000
vt 0.556371 0.000000
vt 0.476191 0.000000
vt 0.476191 0.000000
vt 0.441165 0.000000
vt 0.428571 0.000000
vt 0.416201 0.000000
vt 0.360424 0.000000
vt 0.523810 0.000000
vn 0.0000 -1.0000 0.0000
vn 0.0000 0.0000 1.0000
vn -1.0000 0.0000 0.0000
vn 1.0000 0.0000 0.0000
vn 0.0000 0.0000 -1.0000
vn -0.7157 -0.6984 0.0000
vn 0.0000 -0.6958 0.7183
vn 0.7157 -0.6984 0.0000
vn 0.0000 -0.7011 -0.7131
vn 0.0000 1.0000 0.0000
vn 0.0000 0.0895 -0.9960
vn 0.9960 0.0895 -0.0000
vn 0.0000 0.0895 0.9960
vn -0.9960 0.0895 -0.0000
vn 0.0000 -0.9997 0.0256
vn -0.0259 -0.9997 0.0000
vn 0.0000 -0.9997 -0.0262
vn 0.0259 -0.9997 0.0000
vn 0.0001 0.0000 1.0000
vn -0.0001 0.0000 1.0000
vn 0.0002 0.0000 1.0000
vn 0.0000 0.4421 0.8970
vn 0.8984 0.4392 0.0000
vn -0.8984 0.4392 0.0000
vn 0.0000 0.4362 -0.8998
vn 0.8984 0.4391 -0.0000
vn -0.8984 0.4391 -0.0000
vn 0.0000 0.9997 -0.0262
vn -0.0259 0.9997 -0.0000
vn 0.0259 0.9997 -0.0000
vn 0.0000 0.9997 0.0256
vn -1.0000 0.0015 -0.0000
vn 0.0229 -0.9992 -0.0324
vn 0.0069 -1.0000 0.0027
vn 0.0088 -1.0000 -0.0001
vn 0.9999 0.0107 0.0000
vn 0.7008 0.7133 -0.0000
vn 0.9999 0.0105 0.0000
vn -1.0000 0.0021 0.0000
vn 0.0031 -1.0000 0.0000
vn 0.7133 -0.7008 -0.0000
vn 0.7134 -0.7008 0.0000
vn 0.0068 -1.0000 0.0000
vn -0.0202 0.9993 -0.0320
vn -0.0072 1.0000 0.0032
vn -0.0088 1.0000 -0.0000
vn -0.7133 0.7008 0.0000
vn -0.7008 -0.7133 -0.0000
vn 0.0089 -1.0000 0.0000
vn 0.0088 -1.0000 0.0001
vn 0.0128 -0.9999 -0.0011
vn 0.0073 -1.0000 -0.0020
vn 0.0197 -0.9995 0.0241
vn 0.7008 0.7134 0.0000
vn -0.0120 0.9999 0.0011
vn -0.0089 1.0000 0.0000
vn -0.0067 1.0000 -0.0043
vn -0.0234 0.9988 0.0431
usemtl mat_grey01
s 1
f 77/1/1 56/2/1 477/3/1
f 97/4/1 14/5/1 76/6/1
f 117/7/1 37/8/1 97/4/1
f 137/9/1 38/10/1 117/7/1
f 157/11/1 39/12/1 137/9/1
f 177/13/1 40/14/1 157/11/1
f 197/15/1 41/16/1 177/13/1
f 217/17/1 42/18/1 197/15/1
f 237/19/1 43/20/1 217/17/1
f 257/21/1 44/22/1 237/19/1
f 277/23/1 45/24/1 257/21/1
f 297/25/1 46/26/1 277/23/1
f 317/27/1 47/28/1 297/25/1
f 337/29/1 48/30/1 317/27/1
f 357/31/1 49/32/1 337/29/1
f 377/33/1 50/34/1 357/31/1
f 397/35/1 51/36/1 377/33/1
f 417/37/1 52/38/1 397/35/1
f 437/39/1 53/40/1 417/37/1
f 457/41/1 54/42/1 437/39/1
f 477/3/1 55/43/1 457/41/1
f 17/44/1 476/45/1 18/46/1
f 496/47/1 475/48/1 476/45/1
f 495/49/1 474/50/1 475/48/1
f 494/51/1 473/52/1 474/50/1
f 493/53/1 472/54/1 473/52/1
f 492/55/1 471/56/1 472/54/1
f 491/57/1 470/58/1 471/56/1
f 490/59/1 469/60/1 470/58/1
f 489/61/1 468/62/1 469/60/1
f 488/63/1 467/64/1 468/62/1
f 487/65/1 466/66/1 467/64/1
f 486/67/1 465/68/1 466/66/1
f 485/69/1 464/70/1 465/68/1
f 484/71/1 463/72/1 464/70/1
f 483/73/1 462/74/1 463/72/1
f 482/75/1 461/76/1 462/74/1
f 481/77/1 460/78/1 461/76/1
f 480/79/1 459/80/1 460/78/1
f 479/81/1 458/82/1 459/80/1
f 478/83/1 457/41/1 458/82/1
f 18/46/1 456/84/1 19/85/1
f 456/84/1 475/48/1 455/86/1
f 475/48/1 454/87/1 455/86/1
f 474/50/1 453/88/1 454/87/1
f 473/52/1 452/89/1 453/88/1
f 472/54/1 451/90/1 452/89/1
f 471/56/1 450/91/1 451/90/1
f 470/58/1 449/92/1 450/91/1
f 469/60/1 448/93/1 449/92/1
f 468/62/1 447/94/1 448/93/1
f 467/64/1 446/95/1 447/94/1
f 466/66/1 445/96/1 446/95/1
f 465/68/1 444/97/1 445/96/1
f 464/70/1 443/98/1 444/97/1
f 463/72/1 442/99/1 443/98/1
f 462/74/1 441/100/1 442/99/1
f 461/76/1 440/101/1 441/100/1
f 460/78/1 439/102/1 440/101/1
f 459/80/1 438/103/1 439/102/1
f 458/82/1 437/39/1 438/103/1
f 19/85/1 436/104/1 20/105/1
f 436/104/1 455/86/1 435/106/1
f 455/86/1 434/107/1 435/106/1
f 454/87/1 433/108/1 434/107/1
f 453/88/1 432/109/1 433/108/1
f 452/89/1 431/110/1 432/109/1
f 451/90/1 430/111/1 431/110/1
f 450/91/1 429/112/1 430/111/1
f 449/92/1 428/113/1 429/112/1
f 448/93/1 427/114/1 428/113/1
f 447/94/1 426/115/1 427/114/1
f 446/95/1 425/116/1 426/115/1
f 445/96/1 424/117/1 425/116/1
f 444/97/1 423/118/1 424/117/1
f 443/98/1 422/119/1 423/118/1
f 442/99/1 421/120/1 422/119/1
f 441/100/1 420/121/1 421/120/1
f 440/101/1 419/122/1 420/121/1
f 439/102/1 418/123/1 419/122/1
f 438/103/1 417/37/1 418/123/1
f 20/105/1 416/124/1 21/125/1
f 416/124/1 435/106/1 415/126/1
f 435/106/1 414/127/1 415/126/1
f 434/107/1 413/128/1 414/127/1
f 420/121/1 399/129/1 400/130/1
f 419/122/1 398/131/1 399/129/1
f 418/123/1 397/35/1 398/131/1
f 21/125/1 396/132/1 22/133/1
f 396/132/1 415/126/1 395/134/1
f 395/134/1 414/127/1 394/135/1
f 414/127/1 393/136/1 394/135/1
f 400/130/1 379/137/1 380/138/1
f 399/129/1 378/139/1 379/137/1
f 398/131/1 377/33/1 378/139/1
f 22/133/1 376/140/1 23/141/1
f 376/140/1 395/134/1 375/142/1
f 375/142/1 394/135/1 374/143/1
f 394/135/1 373/144/1 374/143/1
f 380/138/1 359/145/1 360/146/1
f 379/137/1 358/147/1 359/145/1
f 378/139/1 357/31/1 358/147/1
f 24/148/1 376/140/1 356/149/1
f 356/149/1 375/142/1 355/150/1
f 355/150/1 374/143/1 354/151/1
f 354/151/1 373/144/1 353/152/1
f 360/146/1 339/153/1 340/154/1
f 359/145/1 338/155/1 339/153/1
f 358/147/1 337/29/1 338/155/1
f 24/148/1 336/156/1 25/157/1
f 336/156/1 355/150/1 335/158/1
f 335/158/1 354/151/1 334/159/1
f 334/159/1 353/152/1 333/160/1
f 340/154/1 319/161/1 320/162/1
f 339/153/1 318/163/1 319/161/1
f 338/155/1 317/27/1 318/163/1
f 25/157/1 316/164/1 26/165/1
f 316/164/1 335/158/1 315/166/1
f 335/158/1 314/167/1 315/166/1
f 334/159/1 313/168/1 314/167/1
f 320/162/1 299/169/1 300/170/1
f 319/161/1 298/171/1 299/169/1
f 318/163/1 297/25/1 298/171/1
f 26/165/1 296/172/1 27/173/1
f 316/164/1 295/174/1 296/172/1
f 315/166/1 294/175/1 295/174/1
f 314/167/1 293/176/1 294/175/1
f 300/170/1 279/177/1 280/178/1
f 299/169/1 278/179/1 279/177/1
f 298/171/1 277/23/1 278/179/1
f 27/173/1 276/180/1 28/181/1
f 276/180/1 295/174/1 275/182/1
f 275/182/1 294/175/1 274/183/1
f 294/175/1 273/184/1 274/183/1
f 280/178/1 259/185/1 260/186/1
f 279/177/1 258/187/1 259/185/1
f 278/179/1 257/21/1 258/187/1
f 28/181/1 256/188/1 29/189/1
f 256/188/1 275/182/1 255/190/1
f 275/182/1 254/191/1 255/190/1
f 274/183/1 253/192/1 254/191/1
f 260/186/1 239/193/1 240/194/1
f 259/185/1 238/195/1 239/193/1
f 258/187/1 237/19/1 238/195/1
f 29/189/1 236/196/1 30/197/1
f 236/196/1 255/190/1 235/198/1
f 235/198/1 254/191/1 234/199/1
f 254/191/1 233/200/1 234/199/1
f 240/194/1 219/201/1 220/202/1
f 239/193/1 218/203/1 219/201/1
f 238/195/1 217/17/1 218/203/1
f 30/197/1 216/204/1 31/205/1
f 216/204/1 235/198/1 215/206/1
f 215/206/1 234/199/1 214/207/1
f 234/199/1 213/208/1 214/207/1
f 220/202/1 199/209/1 200/210/1
f 219/201/1 198/211/1 199/209/1
f 218/203/1 197/15/1 198/211/1
f 32/212/1 216/204/1 196/213/1
f 196/213/1 215/206/1 195/214/1
f 195/214/1 214/207/1 194/215/1
f 214/207/1 193/216/1 194/215/1
f 200/210/1 179/217/1 180/218/1
f 199/209/1 178/219/1 179/217/1
f 198/211/1 177/13/1 178/219/1
f 33/220/1 196/213/1 176/221/1
f 196/213/1 175/222/1 176/221/1
f 195/214/1 174/223/1 175/222/1
f 194/215/1 173/224/1 174/223/1
f 180/218/1 159/225/1 160/226/1
f 179/217/1 158/227/1 159/225/1
f 178/219/1 157/11/1 158/227/1
f 34/228/1 176/221/1 156/229/1
f 176/221/1 155/230/1 156/229/1
f 175/222/1 154/231/1 155/230/1
f 174/223/1 153/232/1 154/231/1
f 173/224/1 152/233/1 153/232/1
f 172/234/1 151/235/1 152/233/1
f 171/236/1 150/237/1 151/235/1
f 170/238/1 149/239/1 150/237/1
f 169/240/1 148/241/1 149/239/1
f 168/242/1 147/243/1 148/241/1
f 1832/244/1 146/245/1 1831/246/1
f 166/247/1 145/248/1 146/245/1
f 165/249/1 144/250/1 145/248/1
f 164/251/1 143/252/1 144/250/1
f 163/253/1 142/254/1 143/252/1
f 162/255/1 141/256/1 142/254/1
f 161/257/1 140/258/1 141/256/1
f 160/226/1 139/259/1 140/258/1
f 159/225/1 138/260/1 139/259/1
f 158/227/1 137/9/1 138/260/1
f 35/261/1 156/229/1 136/262/1
f 156/229/1 135/263/1 136/262/1
f 155/230/1 134/264/1 135/263/1
f 154/231/1 133/265/1 134/264/1
f 153/232/1 132/266/1 133/265/1
f 152/233/1 131/267/1 132/266/1
f 151/235/1 130/268/1 131/267/1
f 150/237/1 129/269/1 130/268/1
f 149/239/1 128/270/1 129/269/1
f 148/241/1 127/271/1 128/270/1
f 1831/246/1 126/272/1 1830/273/1
f 146/245/1 125/274/1 126/272/1
f 145/248/1 124/275/1 125/274/1
f 144/250/1 123/276/1 124/275/1
f 143/252/1 122/277/1 123/276/1
f 142/254/1 121/278/1 122/277/1
f 141/256/1 120/279/1 121/278/1
f 140/258/1 119/280/1 120/279/1
f 139/259/1 118/281/1 119/280/1
f 138/260/1 117/7/1 118/281/1
f 36/282/1 136/262/1 116/283/1
f 136/262/1 115/284/1 116/283/1
f 135/263/1 114/285/1 115/284/1
f 134/264/1 113/286/1 114/285/1
f 133/265/1 112/287/1 113/286/1
f 132/266/1 111/288/1 112/287/1
f 131/267/1 110/289/1 111/288/1
f 130/268/1 109/290/1 110/289/1
f 129/269/1 108/291/1 109/290/1
f 128/270/1 107/292/1 108/291/1
f 1830/273/1 106/293/1 1829/294/1
f 126/272/1 105/295/1 106/293/1
f 125/274/1 104/296/1 105/295/1
f 124/275/1 103/297/1 104/296/1
f 123/276/1 102/298/1 103/297/1
f 122/277/1 101/299/1 102/298/1
f 121/278/1 100/300/1 101/299/1
f 120/279/1 99/301/1 100/300/1
f 119/280/1 98/302/1 99/301/1
f 118/281/1 97/4/1 98/302/1
f 36/282/1 57/303/1 13/304/1
f 116/283/1 58/305/1 57/303/1
f 115/284/1 59/306/1 58/305/1
f 114/285/1 60/307/1 59/306/1
f 113/286/1 61/308/1 60/307/1
f 112/287/1 62/309/1 61/308/1
f 111/288/1 63/310/1 62/309/1
f 110/289/1 64/311/1 63/310/1
f 109/290/1 65/312/1 64/311/1
f 108/291/1 66/313/1 65/312/1
f 1829/294/1 67/314/1 1827/315/1
f 106/293/1 68/316/1 67/314/1
f 105/295/1 69/317/1 68/316/1
f 104/296/1 70/318/1 69/317/1
f 103/297/1 71/319/1 70/318/1
f 102/298/1 72/320/1 71/319/1
f 101/299/1 73/321/1 72/320/1
f 100/300/1 74/322/1 73/321/1
f 99/301/1 75/323/1 74/322/1
f 98/302/1 76/6/1 75/323/1
f 15/324/1 496/47/1 17/44/1
f 96/325/1 495/49/1 496/47/1
f 95/326/1 494/51/1 495/49/1
f 94/327/1 493/53/1 494/51/1
f 93/328/1 492/55/1 493/53/1
f 92/329/1 491/57/1 492/55/1
f 91/330/1 490/59/1 491/57/1
f 90/331/1 489/61/1 490/59/1
f 89/332/1 488/63/1 489/61/1
f 88/333/1 487/65/1 488/63/1
f 87/334/1 486/67/1 487/65/1
f 86/335/1 485/69/1 486/67/1
f 85/336/1 484/71/1 485/69/1
f 84/337/1 483/73/1 484/71/1
f 83/338/1 482/75/1 483/73/1
f 82/339/1 481/77/1 482/75/1
f 81/340/1 480/79/1 481/77/1
f 80/341/1 479/81/1 480/79/1
f 79/342/1 478/83/1 479/81/1
f 78/343/1 477/3/1 478/83/1
f 306/344/2 1253/345/2 411/346/2
f 411/346/3 1292/347/3 412/348/3
f 305/349/2 1252/350/2 306/344/2
f 409/351/2 1233/352/2 410/353/2
f 304/354/2 1251/355/2 305/349/2
f 407/356/4 1293/357/4 408/358/4
f 303/359/2 1250/360/2 304/354/2
f 405/361/5 1212/362/5 406/363/5
f 1034/364/2 1821/365/2 1817/366/2
f 302/367/2 1249/368/2 303/359/2
f 404/369/3 1295/370/3 405/361/3
f 301/371/2 1248/372/2 302/367/2
f 403/373/3 1255/374/3 404/369/3
f 292/375/2 1247/376/2 301/371/2
f 402/377/3 1257/378/3 403/373/3
f 291/379/2 1246/380/2 292/375/2
f 401/381/3 1259/382/3 402/377/3
f 392/383/3 1261/384/3 401/381/3
f 391/385/3 1263/386/3 392/383/3
f 390/387/3 1265/388/3 391/385/3
f 389/389/3 1267/390/3 390/387/3
f 1021/391/6 388/392/6 389/389/6
f 1022/393/7 306/344/7 411/346/7
f 941/394/6 387/395/6 388/392/6
f 942/396/7 305/349/7 306/344/7
f 943/397/6 386/398/6 387/395/6
f 944/399/7 304/354/7 305/349/7
f 947/400/6 386/398/6 945/401/6
f 946/402/7 303/359/7 304/354/7
f 949/403/6 385/404/6 947/400/6
f 948/405/7 302/367/7 303/359/7
f 951/406/6 384/407/6 949/403/6
f 950/408/7 301/371/7 302/367/7
f 953/409/6 383/410/6 951/406/6
f 952/411/7 292/375/7 301/371/7
f 955/412/6 382/413/6 953/409/6
f 954/414/7 291/379/7 292/375/7
f 957/415/6 381/416/6 955/412/6
f 956/417/7 290/418/7 291/379/7
f 959/419/6 372/420/6 957/415/6
f 958/421/7 289/422/7 290/418/7
f 961/423/6 371/424/6 959/419/6
f 962/425/7 1828/426/7 1840/427/7
f 963/428/6 370/429/6 961/423/6
f 964/430/7 288/431/7 962/425/7
f 1023/432/8 369/433/8 409/351/8
f 966/434/7 287/435/7 964/430/7
f 965/436/8 368/437/8 369/433/8
f 968/438/7 286/439/7 966/434/7
f 967/440/8 367/441/8 368/437/8
f 970/442/7 285/443/7 968/438/7
f 969/444/8 366/445/8 367/441/8
f 972/446/7 284/447/7 970/442/7
f 971/448/8 365/449/8 366/445/8
f 974/450/7 283/451/7 972/446/7
f 973/452/8 364/453/8 365/449/8
f 976/454/7 282/455/7 974/450/7
f 975/456/8 363/457/8 364/453/8
f 978/458/7 281/459/7 976/454/7
f 977/460/8 362/461/8 363/457/8
f 980/462/7 272/463/7 978/458/7
f 979/464/8 361/465/8 362/461/8
f 1024/466/9 271/467/9 407/356/9
f 981/468/8 352/469/8 361/465/8
f 982/470/9 270/471/9 271/467/9
f 985/472/8 352/469/8 983/473/8
f 984/474/9 269/475/9 270/471/9
f 987/476/8 351/477/8 985/472/8
f 986/478/9 268/479/9 269/475/9
f 989/480/8 350/481/8 987/476/8
f 988/482/9 267/483/9 268/479/9
f 991/484/8 349/485/8 989/480/8
f 990/486/9 266/487/9 267/483/9
f 993/488/8 348/489/8 991/484/8
f 992/490/9 265/491/9 266/487/9
f 995/492/8 347/493/8 993/488/8
f 994/494/9 264/495/9 265/491/9
f 997/496/8 346/497/8 995/492/8
f 996/498/9 263/499/9 264/495/9
f 999/500/8 345/501/8 997/496/8
f 998/502/9 262/503/9 263/499/9
f 1001/504/8 344/505/8 999/500/8
f 1002/506/9 262/503/9 1000/507/9
f 1003/508/8 343/509/8 1001/504/8
f 1004/510/9 261/511/9 1002/506/9
f 1005/512/9 252/513/9 1004/510/9
f 1006/514/9 251/515/9 1005/512/9
f 1007/516/9 250/517/9 1006/514/9
f 1008/518/9 249/519/9 1007/516/9
f 1009/520/9 248/521/9 1008/518/9
f 1010/522/9 247/523/9 1009/520/9
f 1011/524/9 246/525/9 1010/522/9
f 1022/393/6 412/348/6 963/428/6
f 1012/526/9 245/527/9 1011/524/9
f 1023/432/7 410/353/7 980/462/7
f 1024/466/8 408/358/8 1003/508/8
f 1013/528/9 406/363/9 1012/526/9
f 1013/528/6 404/369/6 405/361/6
f 1014/529/6 403/373/6 404/369/6
f 1015/530/6 402/377/6 403/373/6
f 1016/531/6 401/381/6 402/377/6
f 1017/532/6 392/383/6 401/381/6
f 1018/533/6 391/385/6 392/383/6
f 1019/534/6 390/387/6 391/385/6
f 1020/535/6 389/389/6 390/387/6
f 1507/536/3 774/537/3 1588/538/3
f 1588/538/3 773/539/3 1587/540/3
f 1587/540/3 772/541/3 1586/542/3
f 1586/542/3 771/543/3 1585/544/3
f 1585/544/3 770/545/3 1584/546/3
f 1584/546/3 769/547/3 1583/548/3
f 1583/548/3 768/549/3 1582/550/3
f 1582/550/3 767/551/3 1581/552/3
f 1581/552/5 766/553/5 1580/554/5
f 1510/555/4 757/556/4 1571/557/4
f 1509/558/2 733/559/2 1548/560/2
f 1580/554/5 765/561/5 1579/562/5
f 1508/563/3 716/564/3 1532/565/3
f 1579/562/5 764/566/5 1578/567/5
f 1578/567/5 763/568/5 1577/569/5
f 1577/569/5 762/570/5 1576/571/5
f 1576/571/5 761/572/5 1575/573/5
f 1575/573/5 760/574/5 1574/575/5
f 1574/575/5 759/576/5 1573/577/5
f 1573/577/5 758/578/5 1572/579/5
f 1572/579/5 756/580/5 1570/581/5
f 1571/557/4 755/582/4 1569/583/4
f 1570/581/5 754/584/5 1568/585/5
f 1569/583/4 753/586/4 1567/587/4
f 1568/585/5 752/588/5 1566/589/5
f 1567/587/4 751/590/4 1565/591/4
f 1566/589/5 750/592/5 1564/593/5
f 1565/591/4 749/594/4 1563/595/4
f 1564/593/5 748/596/5 1562/597/5
f 1563/595/4 747/598/4 1561/599/4
f 1562/597/5 746/600/5 1560/601/5
f 1561/599/4 745/602/4 1559/603/4
f 1560/601/5 744/604/5 1558/605/5
f 1559/603/4 743/606/4 1557/607/4
f 1558/605/5 742/608/5 1556/609/5
f 1557/607/4 741/610/4 1555/611/4
f 1556/609/5 740/612/5 1554/613/5
f 1555/611/4 739/614/4 1553/615/4
f 1554/613/5 738/616/5 1552/617/5
f 1553/615/4 737/618/4 1551/619/4
f 1552/617/5 735/620/5 1550/621/5
f 1551/619/4 734/622/4 1549/623/4
f 1550/621/5 736/624/5 1510/555/5
f 1549/623/4 732/625/4 1547/626/4
f 1548/560/2 731/627/2 1546/628/2
f 1547/626/4 730/629/4 1545/630/4
f 1546/628/2 729/631/2 1544/632/2
f 1545/630/4 728/633/4 1543/634/4
f 1544/632/2 727/635/2 1542/636/2
f 1543/634/4 726/637/4 1541/638/4
f 1542/636/2 725/639/2 1540/640/2
f 1541/638/4 724/641/4 1539/642/4
f 1540/640/2 723/643/2 1538/644/2
f 1539/642/4 722/645/4 1537/646/4
f 1537/646/4 720/647/4 1536/648/4
f 1536/648/4 718/649/4 1534/650/4
f 1534/650/4 719/651/4 1509/558/4
f 1532/565/3 714/652/3 1530/653/3
f 1530/653/3 712/654/3 1528/655/3
f 1528/655/3 710/656/3 1526/657/3
f 1526/657/3 709/658/3 1524/659/3
f 1524/659/3 707/660/3 1523/661/3
f 1772/662/2 708/663/2 706/664/2
f 1523/661/3 705/665/3 1521/666/3
f 1522/667/2 704/668/2 1520/669/2
f 1521/666/3 703/670/3 1519/671/3
f 1520/669/2 702/672/2 1518/673/2
f 1519/671/3 701/674/3 1517/675/3
f 1518/673/2 700/676/2 1516/677/2
f 1517/675/3 699/678/3 1515/679/3
f 1516/677/2 698/680/2 1514/681/2
f 1515/679/3 697/682/3 1513/683/3
f 1514/681/2 695/684/2 1512/685/2
f 1513/683/3 693/686/3 1511/687/3
f 1512/685/2 696/688/2 1508/563/2
f 1511/687/3 694/689/3 1507/536/3
f 1815/690/7 1034/364/7 1817/366/7
f 290/418/2 1245/691/2 291/379/2
f 1804/692/1 1025/693/1 1816/694/1
f 1805/695/1 1026/696/1 1804/692/1
f 1806/697/1 1027/698/1 1805/695/1
f 1807/699/1 1028/700/1 1806/697/1
f 1149/701/10 1144/702/10 1150/703/10
f 1287/704/10 1284/705/10 1285/706/10
f 1142/707/11 1403/708/11 1141/709/11
f 1280/710/12 1487/711/12 1489/712/12
f 1205/713/11 1446/714/11 1445/715/11
f 1139/716/10 1134/717/10 1140/718/10
f 1137/719/10 1132/720/10 1138/721/10
f 1282/722/10 1281/723/10 1283/724/10
f 1194/725/12 1470/726/12 1247/376/12
f 1053/727/11 1325/728/11 1054/729/11
f 1264/730/13 1474/731/13 1265/388/13
f 1127/732/10 1122/733/10 1128/734/10
f 1125/735/10 1120/736/10 1126/737/10
f 1278/738/10 1277/739/10 1279/740/10
f 1140/718/11 1401/741/11 1139/716/11
f 1193/742/14 1469/743/14 1436/744/14
f 1263/386/11 1471/745/11 1262/746/11
f 1115/747/10 1110/748/10 1116/749/10
f 1113/750/10 1108/751/10 1114/752/10
f 1274/753/10 1273/754/10 1275/755/10
f 1138/721/11 1399/756/11 1137/719/11
f 1202/757/11 1443/758/11 1203/759/11
f 1051/760/11 1323/761/11 1052/762/11
f 1103/763/10 1098/764/10 1104/765/10
f 1102/766/10 1095/767/10 1096/768/10
f 1271/769/10 1268/770/10 1269/771/10
f 1135/772/13 1398/773/13 1136/774/13
f 1265/388/14 1472/775/14 1263/386/14
f 1133/776/13 1396/777/13 1134/717/13
f 1091/778/10 1086/779/10 1092/780/10
f 1089/781/10 1084/782/10 1090/783/10
f 1266/784/10 1265/388/10 1267/390/10
f 1201/785/11 1441/786/11 1200/787/11
f 1049/788/11 1321/789/11 1050/790/11
f 1131/791/13 1394/792/13 1132/720/13
f 1079/793/10 1073/794/10 1080/795/10
f 1077/796/10 1060/797/10 1078/798/10
f 1262/746/10 1261/384/10 1263/386/10
f 1074/799/10 1055/800/10 1073/794/10
f 1073/794/10 1054/729/10 1072/801/10
f 1269/771/14 1476/802/14 1267/390/14
f 1071/803/10 1052/762/10 1070/804/10
f 1130/805/11 1391/806/11 1129/807/11
f 1069/808/10 1050/790/10 1068/809/10
f 1197/810/11 1439/811/11 1198/812/11
f 1067/813/10 1048/814/10 1066/815/10
f 1047/816/11 1319/817/11 1048/814/11
f 1065/818/10 1046/819/10 1064/820/10
f 1054/729/12 1337/821/12 1072/801/12
f 1063/822/10 1044/823/10 1062/824/10
f 1128/734/11 1389/825/11 1127/732/11
f 1061/826/10 1041/827/10 1059/828/10
f 1059/828/10 1042/829/10 1060/797/10
f 1260/830/10 1259/382/10 1261/384/10
f 1258/831/10 1257/378/10 1259/382/10
f 1256/832/10 1255/374/10 1257/378/10
f 1039/833/10 1296/834/10 1040/835/10
f 1057/836/10 1040/835/10 1058/837/10
f 1075/838/10 1058/837/10 1076/839/10
f 1081/840/10 1076/839/10 1082/841/10
f 1124/842/14 1380/843/14 1118/844/14
f 1093/845/10 1088/846/10 1094/847/10
f 1273/754/14 1480/848/14 1271/769/14
f 1105/849/10 1100/850/10 1106/851/10
f 1071/803/14 1326/852/14 1053/727/14
f 1117/853/10 1112/854/10 1118/844/10
f 1126/737/11 1387/855/11 1125/735/11
f 1129/807/10 1124/842/10 1130/805/10
f 1115/747/12 1383/856/12 1121/857/12
f 1141/709/10 1136/774/10 1142/707/10
f 1196/858/11 1438/859/11 1437/860/11
f 1166/861/10 1148/862/10 1167/863/10
f 1185/864/10 1167/863/10 1186/865/10
f 1187/866/10 1186/865/10 1188/867/10
f 1210/868/10 1188/867/10 1209/869/10
f 1294/870/10 1209/869/10 1233/352/10
f 1293/357/10 1230/871/10 1296/834/10
f 1165/872/10 1146/873/10 1164/874/10
f 1289/875/10 1286/876/10 1287/704/10
f 1168/877/10 1150/703/10 1169/878/10
f 1170/879/10 1149/701/10 1168/877/10
f 1045/880/11 1317/881/11 1046/819/11
f 1172/882/10 1152/883/10 1171/884/10
f 1052/762/12 1335/885/12 1070/804/12
f 1174/886/10 1154/887/10 1173/888/10
f 1123/889/13 1386/890/13 1124/842/13
f 1178/891/10 1842/892/10 1843/893/10
f 1122/733/14 1378/894/14 1116/749/14
f 1179/895/10 1158/896/10 1177/897/10
f 1277/739/14 1484/898/14 1275/755/14
f 1181/899/10 1161/900/10 1180/901/10
f 1069/808/14 1324/902/14 1051/760/14
f 1183/903/10 1163/904/10 1182/905/10
f 1184/906/10 1164/874/10 1183/903/10
f 1291/907/10 1288/908/10 1289/875/10
f 1292/347/10 1290/909/10 1291/907/10
f 1252/350/10 1292/347/10 1253/345/10
f 1251/355/10 1190/910/10 1252/350/10
f 1250/360/10 1189/911/10 1251/355/10
f 1249/368/10 1191/912/10 1250/360/10
f 1248/372/10 1192/913/10 1249/368/10
f 1121/857/13 1384/914/13 1122/733/13
f 1246/380/10 1194/725/10 1247/376/10
f 1113/750/12 1381/915/12 1119/916/12
f 1243/917/10 1196/858/10 1245/691/10
f 1193/742/11 1435/918/11 1194/725/11
f 1241/919/10 1844/920/10 1841/921/10
f 1043/922/11 1315/923/11 1044/823/11
f 1239/924/10 1200/787/10 1240/925/10
f 1050/790/12 1333/926/12 1068/809/12
f 1237/927/10 1203/759/10 1238/928/10
f 1119/916/13 1382/929/13 1120/736/13
f 1235/930/10 1205/713/10 1236/931/10
f 1234/932/10 1206/933/10 1235/930/10
f 1232/934/10 1207/935/10 1234/932/10
f 1233/352/10 1208/936/10 1232/934/10
f 1254/937/10 1295/370/10 1255/374/10
f 1314/938/10 1212/362/10 1254/937/10
f 1313/939/10 1211/940/10 1314/938/10
f 1312/941/10 1213/942/10 1313/939/10
f 1311/943/10 1214/944/10 1312/941/10
f 1120/736/14 1376/945/14 1114/752/14
f 1309/946/10 1216/947/10 1310/948/10
f 1281/723/14 1488/949/14 1279/740/14
f 1307/950/10 1218/951/10 1308/952/10
f 1067/813/14 1322/953/14 1049/788/14
f 1305/954/10 1220/955/10 1306/956/10
f 1248/372/13 1470/726/13 1469/743/13
f 1303/957/10 1222/958/10 1304/959/10
f 1118/844/11 1379/960/11 1117/853/11
f 1301/961/10 1224/962/10 1302/963/10
f 1274/753/12 1485/964/12 1276/965/12
f 1299/966/10 1226/967/10 1300/968/10
f 1298/969/10 1227/970/10 1299/966/10
f 1297/971/10 1228/972/10 1298/969/10
f 1296/834/10 1229/973/10 1297/971/10
f 1821/365/10 1199/974/10 1820/975/10
f 1176/976/10 1818/977/10 1819/978/10
f 408/358/4 1039/833/4 343/509/4
f 343/509/4 1057/836/4 344/505/4
f 344/505/4 1075/838/4 345/501/4
f 345/501/4 1081/840/4 346/497/4
f 346/497/4 1087/979/4 347/493/4
f 406/363/5 1211/940/5 245/527/5
f 347/493/4 1093/845/4 348/489/4
f 245/527/5 1213/942/5 246/525/5
f 348/489/4 1099/980/4 349/485/4
f 246/525/5 1214/944/5 247/523/5
f 349/485/4 1105/849/4 350/481/4
f 247/523/5 1215/981/5 248/521/5
f 248/521/5 1216/947/5 249/519/5
f 249/519/5 1217/982/5 250/517/5
f 250/517/5 1218/951/5 251/515/5
f 251/515/5 1219/983/5 252/513/5
f 350/481/4 1111/984/4 351/477/4
f 351/477/4 1117/853/4 352/469/4
f 352/469/4 1123/889/4 361/465/4
f 361/465/4 1129/807/4 362/461/4
f 362/461/4 1135/772/4 363/457/4
f 252/513/5 1220/955/5 261/511/5
f 363/457/4 1141/709/4 364/453/4
f 261/511/5 1221/985/5 262/503/5
f 364/453/4 1147/986/4 365/449/4
f 262/503/5 1222/958/5 263/499/5
f 365/449/4 1166/861/4 366/445/4
f 263/499/5 1223/987/5 264/495/5
f 366/445/4 1185/864/4 367/441/4
f 264/495/5 1224/962/5 265/491/5
f 367/441/4 1187/866/4 368/437/4
f 265/491/5 1225/988/5 266/487/5
f 368/437/4 1210/868/4 369/433/4
f 266/487/5 1226/967/5 267/483/5
f 369/433/4 1294/870/4 409/351/4
f 267/483/5 1227/970/5 268/479/5
f 268/479/5 1228/972/5 269/475/5
f 269/475/5 1229/973/5 270/471/5
f 270/471/5 1230/871/5 271/467/5
f 271/467/5 1231/989/5 407/356/5
f 412/348/3 1291/907/3 370/429/3
f 370/429/3 1289/875/3 371/424/3
f 371/424/3 1287/704/3 372/420/3
f 372/420/3 1285/706/3 381/416/3
f 381/416/3 1283/724/3 382/413/3
f 410/353/2 1232/934/2 272/463/2
f 382/413/3 1281/723/3 383/410/3
f 272/463/2 1234/932/2 281/459/2
f 383/410/3 1279/740/3 384/407/3
f 281/459/2 1235/930/2 282/455/2
f 384/407/3 1277/739/3 385/404/3
f 282/455/2 1236/931/2 283/451/2
f 385/404/3 1275/755/3 386/398/3
f 283/451/2 1237/927/2 284/447/2
f 386/398/3 1273/754/3 387/395/3
f 284/447/2 1238/928/2 285/443/2
f 387/395/3 1271/769/3 388/392/3
f 285/443/2 1239/924/2 286/439/2
f 388/392/3 1269/771/3 389/389/3
f 286/439/2 1240/925/2 287/435/2
f 287/435/2 1241/919/2 288/431/2
f 288/431/2 1841/921/2 1828/426/2
f 289/422/2 1243/917/2 290/418/2
f 1407/990/10 1402/991/10 1408/992/10
f 1405/993/10 1400/994/10 1406/995/10
f 1494/996/10 1491/997/10 1492/998/10
f 1395/999/10 1390/1000/10 1396/777/10
f 1393/1001/10 1388/1002/10 1394/792/10
f 1489/712/10 1488/949/10 1490/1003/10
f 1383/856/10 1378/894/10 1384/914/10
f 1381/915/10 1376/945/10 1382/929/10
f 1485/964/10 1484/898/10 1486/1004/10
f 1371/1005/10 1366/1006/10 1372/1007/10
f 1369/1008/10 1364/1009/10 1370/1010/10
f 1481/1011/10 1480/848/10 1482/1012/10
f 1359/1013/10 1354/1014/10 1360/1015/10
f 1358/1016/10 1351/1017/10 1352/1018/10
f 1477/1019/10 1476/802/10 1478/1020/10
f 1347/1021/10 1342/1022/10 1348/1023/10
f 1345/1024/10 1340/1025/10 1346/1026/10
f 1473/1027/10 1472/775/10 1474/731/10
f 1337/821/10 1326/852/10 1338/1028/10
f 1335/885/10 1324/902/10 1336/1029/10
f 1333/926/10 1322/953/10 1334/1030/10
f 1331/1031/10 1320/1032/10 1332/1033/10
f 1329/1034/10 1318/1035/10 1330/1036/10
f 1327/1037/10 1316/1038/10 1328/1039/10
f 1349/1040/10 1344/1041/10 1350/1042/10
f 1361/1043/10 1356/1044/10 1362/1045/10
f 1373/1046/10 1368/1047/10 1374/1048/10
f 1385/1049/10 1380/843/10 1386/890/10
f 1397/1050/10 1392/1051/10 1398/773/10
f 1409/1052/10 1404/1053/10 1410/1054/10
f 1423/1055/10 1412/1056/10 1424/1057/10
f 1425/1058/10 1414/1059/10 1426/1060/10
f 1427/1061/10 1416/1062/10 1428/1063/10
f 1429/1064/10 1418/1065/10 1430/1066/10
f 1431/1067/10 1420/1068/10 1432/1069/10
f 1433/1070/10 1422/1071/10 1434/1072/10
f 1470/726/10 1436/744/10 1469/743/10
f 1468/1073/10 1438/859/10 1467/1074/10
f 1466/1075/10 1440/1076/10 1465/1077/10
f 1464/1078/10 1442/1079/10 1463/1080/10
f 1462/1081/10 1444/1082/10 1461/1083/10
f 1460/1084/10 1446/714/10 1459/1085/10
f 1505/1086/10 1448/1087/10 1506/1088/10
f 1503/1089/10 1450/1090/10 1504/1091/10
f 1501/1092/10 1452/1093/10 1502/1094/10
f 1499/1095/10 1454/1096/10 1500/1097/10
f 1497/1098/10 1456/1099/10 1498/1100/10
f 1495/1101/10 1458/1102/10 1496/1103/10
f 1267/390/11 1475/1104/11 1266/784/11
f 1195/1105/14 1467/1074/14 1438/859/14
f 1132/720/14 1388/1002/14 1126/737/14
f 1143/1106/13 1406/995/13 1144/702/13
f 1268/770/13 1478/1020/13 1269/771/13
f 1196/858/12 1468/1073/12 1245/691/12
f 1125/735/12 1393/1001/12 1131/791/12
f 1145/1107/13 1408/992/13 1146/873/13
f 1271/769/11 1479/1108/11 1270/1109/11
f 1197/810/14 1465/1077/14 1440/1076/14
f 1134/717/14 1390/1000/14 1128/734/14
f 1147/986/13 1410/1054/13 1148/862/13
f 1272/1110/13 1482/1012/13 1273/754/13
f 1262/746/12 1473/1027/12 1264/730/12
f 1198/812/12 1466/1075/12 1244/1111/12
f 1127/732/12 1395/999/12 1133/776/12
f 1275/755/11 1483/1112/11 1274/753/11
f 1084/782/14 1340/1025/14 1078/798/14
f 1201/785/14 1463/1080/14 1442/1079/14
f 1136/774/14 1392/1051/14 1130/805/14
f 1276/965/13 1486/1004/13 1277/739/13
f 1077/796/12 1345/1024/12 1083/1113/12
f 1062/824/13 1328/1039/13 1061/826/13
f 1200/787/12 1464/1078/12 1240/925/12
f 1151/1114/11 1411/1115/11 1152/883/11
f 1279/740/11 1487/711/11 1278/738/11
f 1086/779/14 1342/1022/14 1080/795/14
f 1202/757/14 1461/1083/14 1444/1082/14
f 1280/710/13 1490/1003/13 1281/723/13
f 1079/793/12 1347/1021/12 1085/1116/12
f 1064/820/13 1330/1036/13 1063/822/13
f 1203/759/12 1462/1081/12 1238/928/12
f 1153/1117/11 1413/1118/11 1154/887/11
f 1283/724/11 1491/997/11 1282/722/11
f 1088/846/14 1344/1041/14 1082/841/14
f 1204/1119/14 1459/1085/14 1446/714/14
f 1284/705/13 1494/996/13 1285/706/13
f 1066/815/13 1332/1033/13 1065/818/13
f 1205/713/12 1460/1084/12 1236/931/12
f 1215/981/11 1447/1120/11 1216/947/11
f 1155/1121/11 1415/1122/11 1156/1123/11
f 1068/809/13 1334/1030/13 1067/813/13
f 1218/951/11 1450/1090/11 1449/1124/11
f 1300/968/13 1496/1103/13 1301/961/13
f 1282/722/12 1493/1125/12 1284/705/12
f 1159/1126/11 1417/1127/11 1158/896/11
f 1144/702/14 1400/994/14 1138/721/14
f 1070/804/13 1336/1029/13 1069/808/13
f 1219/983/11 1451/1128/11 1220/955/11
f 1302/963/13 1498/1100/13 1303/957/13
f 1137/719/12 1405/993/12 1143/1106/12
f 1160/1129/11 1419/1130/11 1161/900/11
f 1146/873/14 1402/991/14 1140/718/14
f 1266/784/12 1477/1019/12 1268/770/12
f 1072/801/13 1338/1028/13 1071/803/13
f 1221/985/11 1453/1131/11 1222/958/11
f 1304/959/13 1500/1097/13 1305/954/13
f 1139/716/12 1407/990/12 1145/1107/12
f 1162/1132/11 1421/1133/11 1163/904/11
f 1096/768/14 1352/1018/14 1090/783/14
f 1148/862/14 1404/1053/14 1142/707/14
f 1089/781/12 1357/1134/12 1095/767/12
f 1223/987/11 1455/1135/11 1224/962/11
f 1307/950/13 1501/1092/13 1502/1094/13
f 1081/840/12 1349/1040/12 1087/979/12
f 1098/764/14 1354/1014/14 1092/780/14
f 1311/943/14 1448/1087/14 1215/981/14
f 1091/778/12 1359/1013/12 1097/1136/12
f 1078/798/11 1339/1137/11 1077/796/11
f 1216/947/12 1505/1086/12 1310/948/12
f 1226/967/11 1458/1102/11 1457/1138/11
f 1308/952/13 1504/1091/13 1309/946/13
f 1099/980/12 1355/1139/12 1361/1043/12
f 1100/850/14 1356/1044/14 1094/847/14
f 1080/795/11 1341/1140/11 1079/793/11
f 1309/946/14 1450/1090/14 1217/982/14
f 1082/841/11 1343/1141/11 1081/840/11
f 1218/951/12 1503/1089/12 1308/952/12
f 1310/948/13 1506/1088/13 1311/943/13
f 1171/884/13 1424/1057/13 1170/879/13
f 1111/984/12 1367/1142/12 1373/1046/12
f 1083/1113/13 1346/1026/13 1084/782/13
f 1307/950/14 1452/1093/14 1219/983/14
f 1085/1116/13 1348/1023/13 1086/779/13
f 1220/955/12 1501/1092/12 1306/956/12
f 1173/888/13 1426/1060/13 1172/882/13
f 1123/889/12 1379/960/12 1385/1049/12
f 1087/979/13 1350/1042/13 1088/846/13
f 1305/954/14 1454/1096/14 1221/985/14
f 1090/783/11 1351/1017/11 1089/781/11
f 1222/958/12 1499/1095/12 1304/959/12
f 1175/1143/13 1428/1063/13 1174/886/13
f 1135/772/12 1391/806/12 1397/1050/12
f 1092/780/11 1353/1144/11 1091/778/11
f 1303/957/14 1456/1099/14 1223/987/14
f 1170/879/14 1412/1056/14 1151/1114/14
f 1270/1109/12 1481/1011/12 1272/1110/12
f 1094/847/11 1355/1139/11 1093/845/11
f 1224/962/12 1497/1098/12 1302/963/12
f 1152/883/12 1423/1055/12 1171/884/12
f 1177/897/13 1430/1066/13 1178/891/13
f 1147/986/12 1403/708/12 1409/1052/12
f 1108/751/14 1364/1009/14 1102/766/14
f 1095/767/13 1358/1016/13 1096/768/13
f 1301/961/14 1458/1102/14 1225/988/14
f 1172/882/14 1414/1059/14 1153/1117/14
f 1101/1145/12 1369/1008/12 1107/1146/12
f 1097/1136/13 1360/1015/13 1098/764/13
f 1226/967/12 1495/1101/12 1300/968/12
f 1236/931/13 1459/1085/13 1237/927/13
f 1154/887/12 1425/1058/12 1173/888/12
f 1180/901/13 1432/1069/13 1179/895/13
f 1110/748/14 1366/1006/14 1104/765/14
f 1099/980/13 1362/1045/13 1100/850/13
f 1174/886/14 1416/1062/14 1155/1121/14
f 1103/763/12 1371/1005/12 1109/1147/12
f 1102/766/11 1363/1148/11 1101/1145/11
f 1238/928/13 1461/1083/13 1239/924/13
f 1156/1123/12 1427/1061/12 1175/1143/12
f 1182/905/13 1434/1072/13 1181/899/13
f 1112/854/14 1368/1047/14 1106/851/14
f 1104/765/11 1365/1149/11 1103/763/11
f 1178/891/14 1418/1065/14 1159/1126/14
f 1106/851/11 1367/1142/11 1105/849/11
f 1240/925/13 1463/1080/13 1241/919/13
f 1061/826/14 1316/1038/14 1043/922/14
f 1158/896/12 1429/1064/12 1177/897/12
f 1107/1146/13 1370/1010/13 1108/751/13
f 1044/823/12 1327/1037/12 1062/824/12
f 1179/895/14 1420/1068/14 1160/1129/14
f 1109/1147/13 1372/1007/13 1110/748/13
f 1244/1111/13 1465/1077/13 1243/917/13
f 1063/822/14 1318/1035/14 1045/880/14
f 1161/900/12 1431/1067/12 1180/901/12
f 1111/984/13 1374/1048/13 1112/854/13
f 1046/819/12 1329/1034/12 1064/820/12
f 1181/899/14 1422/1071/14 1162/1132/14
f 1114/752/11 1375/1150/11 1113/750/11
f 1245/691/13 1467/1074/13 1246/380/13
f 1065/818/14 1320/1032/14 1047/816/14
f 1163/904/12 1433/1070/12 1182/905/12
f 1285/706/14 1492/998/14 1283/724/14
f 1116/749/11 1377/1151/11 1115/747/11
f 1048/814/12 1331/1031/12 1066/815/12
f 80/341/15 1660/1152/15 1659/1153/15
f 49/32/16 1628/1154/16 48/30/16
f 79/342/15 1659/1153/15 1658/1155/15
f 48/30/16 1627/1156/16 47/28/16
f 78/343/15 1658/1155/15 1657/1157/15
f 47/28/16 1626/1158/16 46/26/16
f 77/1/15 1657/1157/15 1656/1159/15
f 45/24/16 1626/1158/16 1625/1160/16
f 16/1161/15 1656/1159/15 1595/1162/15
f 44/22/16 1625/1160/16 1624/1163/16
f 76/6/17 1655/1164/17 75/323/17
f 43/20/16 1624/1163/16 1623/1165/16
f 75/323/17 1654/1166/17 74/322/17
f 42/18/16 1623/1165/16 1622/1167/16
f 74/322/17 1653/1168/17 73/321/17
f 41/16/16 1622/1167/16 1621/1169/16
f 73/321/17 1652/1170/17 72/320/17
f 40/14/16 1621/1169/16 1620/1171/16
f 72/320/17 1651/1172/17 71/319/17
f 39/12/16 1620/1171/16 1619/1173/16
f 71/319/17 1650/1174/17 70/318/17
f 38/10/16 1619/1173/16 1618/1175/16
f 70/318/17 1649/1176/17 69/317/17
f 37/8/16 1618/1175/16 1617/1177/16
f 69/317/17 1648/1178/17 68/316/17
f 14/5/16 1617/1177/16 1593/1179/16
f 68/316/17 1647/1180/17 67/314/17
f 36/282/18 1616/1181/18 35/261/18
f 67/314/17 1846/1182/17 1827/315/17
f 35/261/18 1615/1183/18 34/228/18
f 65/312/17 1645/1184/17 1644/1185/17
f 34/228/18 1614/1186/18 33/220/18
f 64/311/17 1644/1185/17 1643/1187/17
f 33/220/18 1613/1188/18 32/212/18
f 63/310/17 1643/1187/17 1642/1189/17
f 32/212/18 1612/1190/18 31/205/18
f 62/309/17 1642/1189/17 1641/1191/17
f 31/205/18 1611/1192/18 30/197/18
f 61/308/17 1641/1191/17 1640/1193/17
f 30/197/18 1610/1194/18 29/189/18
f 60/307/17 1640/1193/17 1639/1195/17
f 29/189/18 1609/1196/18 28/181/18
f 59/306/17 1639/1195/17 1638/1197/17
f 28/181/18 1608/1198/18 27/173/18
f 58/305/17 1638/1197/17 1637/1199/17
f 26/165/18 1608/1198/18 1607/1200/18
f 57/303/17 1637/1199/17 1636/1201/17
f 25/157/18 1607/1200/18 1606/1202/18
f 13/304/17 1636/1201/17 1591/1203/17
f 24/148/18 1606/1202/18 1605/1204/18
f 1816/694/17 1646/1205/17 1823/1206/17
f 50/34/16 1629/1207/16 49/32/16
f 81/340/15 1661/1208/15 1660/1152/15
f 51/36/16 1630/1209/16 50/34/16
f 82/339/15 1662/1210/15 1661/1208/15
f 52/38/16 1631/1211/16 51/36/16
f 83/338/15 1663/1212/15 1662/1210/15
f 53/40/16 1632/1213/16 52/38/16
f 84/337/15 1664/1214/15 1663/1212/15
f 54/42/16 1633/1215/16 53/40/16
f 85/336/15 1665/1216/15 1664/1214/15
f 55/43/16 1634/1217/16 54/42/16
f 87/334/15 1665/1216/15 86/335/15
f 56/2/16 1635/1218/16 55/43/16
f 88/333/15 1666/1219/15 87/334/15
f 89/332/15 1667/1220/15 88/333/15
f 90/331/15 1668/1221/15 89/332/15
f 91/330/15 1669/1222/15 90/331/15
f 92/329/15 1670/1223/15 91/330/15
f 93/328/15 1671/1224/15 92/329/15
f 94/327/15 1672/1225/15 93/328/15
f 95/326/15 1673/1226/15 94/327/15
f 13/304/18 1590/1227/18 36/282/18
f 96/325/15 1674/1228/15 95/326/15
f 14/5/17 1592/1229/17 76/6/17
f 16/1161/16 1594/1230/16 56/2/16
f 15/324/15 1596/1231/15 96/325/15
f 15/324/18 1598/1232/18 1597/1233/18
f 17/44/18 1599/1234/18 1598/1232/18
f 18/46/18 1600/1235/18 1599/1234/18
f 19/85/18 1601/1236/18 1600/1235/18
f 20/105/18 1602/1237/18 1601/1236/18
f 21/125/18 1603/1238/18 1602/1237/18
f 22/133/18 1604/1239/18 1603/1238/18
f 23/141/18 1605/1204/18 1604/1239/18
f 1773/1240/2 1771/1241/2 708/663/2
f 1767/1242/2 1538/644/2 723/643/2
f 1765/1243/2 1766/1244/2 721/1245/2
f 66/313/17 1823/1206/17 1645/1184/17
f 1819/978/10 1156/1123/10 1175/1143/10
f 1821/365/10 1198/812/10 1244/1111/10
f 167/1246/1 1806/697/1 147/243/1
f 147/243/1 1805/695/1 127/271/1
f 127/271/1 1804/692/1 107/292/1
f 107/292/1 1816/694/1 66/313/1
f 960/1247/7 1817/366/7 289/422/7
f 1817/366/2 1244/1111/2 289/422/2
f 1827/315/17 1646/1205/17 1025/693/17
f 1828/426/2 1242/1248/2 1034/364/2
f 1841/921/10 1199/974/10 1242/1248/10
f 1843/893/10 1157/1249/10 1176/976/10
f 1840/427/7 1034/364/7 1038/1250/7
f 1026/696/1 1827/315/1 1025/693/1
f 1027/698/1 1829/294/1 1026/696/1
f 1028/700/1 1830/273/1 1027/698/1
f 1029/1251/1 1831/246/1 1028/700/1
f 431/1252/10 413/1253/10 393/1254/10
f 77/1/1 16/1161/1 56/2/1
f 97/4/1 37/8/1 14/5/1
f 117/7/1 38/10/1 37/8/1
f 137/9/1 39/12/1 38/10/1
f 157/11/1 40/14/1 39/12/1
f 177/13/1 41/16/1 40/14/1
f 197/15/1 42/18/1 41/16/1
f 217/17/1 43/20/1 42/18/1
f 237/19/1 44/22/1 43/20/1
f 257/21/1 45/24/1 44/22/1
f 277/23/1 46/26/1 45/24/1
f 297/25/1 47/28/1 46/26/1
f 317/27/1 48/30/1 47/28/1
f 337/29/1 49/32/1 48/30/1
f 357/31/1 50/34/1 49/32/1
f 377/33/1 51/36/1 50/34/1
f 397/35/1 52/38/1 51/36/1
f 417/37/1 53/40/1 52/38/1
f 437/39/1 54/42/1 53/40/1
f 457/41/1 55/43/1 54/42/1
f 477/3/1 56/2/1 55/43/1
f 17/44/1 496/47/1 476/45/1
f 496/47/1 495/49/1 475/48/1
f 495/49/1 494/51/1 474/50/1
f 494/51/1 493/53/1 473/52/1
f 493/53/1 492/55/1 472/54/1
f 492/55/1 491/57/1 471/56/1
f 491/57/1 490/59/1 470/58/1
f 490/59/1 489/61/1 469/60/1
f 489/61/1 488/63/1 468/62/1
f 488/63/1 487/65/1 467/64/1
f 487/65/1 486/67/1 466/66/1
f 486/67/1 485/69/1 465/68/1
f 485/69/1 484/71/1 464/70/1
f 484/71/1 483/73/1 463/72/1
f 483/73/1 482/75/1 462/74/1
f 482/75/1 481/77/1 461/76/1
f 481/77/1 480/79/1 460/78/1
f 480/79/1 479/81/1 459/80/1
f 479/81/1 478/83/1 458/82/1
f 478/83/1 477/3/1 457/41/1
f 18/46/1 476/45/1 456/84/1
f 456/84/1 476/45/1 475/48/1
f 475/48/1 474/50/1 454/87/1
f 474/50/1 473/52/1 453/88/1
f 473/52/1 472/54/1 452/89/1
f 472/54/1 471/56/1 451/90/1
f 471/56/1 470/58/1 450/91/1
f 470/58/1 469/60/1 449/92/1
f 469/60/1 468/62/1 448/93/1
f 468/62/1 467/64/1 447/94/1
f 467/64/1 466/66/1 446/95/1
f 466/66/1 465/68/1 445/96/1
f 465/68/1 464/70/1 444/97/1
f 464/70/1 463/72/1 443/98/1
f 463/72/1 462/74/1 442/99/1
f 462/74/1 461/76/1 441/100/1
f 461/76/1 460/78/1 440/101/1
f 460/78/1 459/80/1 439/102/1
f 459/80/1 458/82/1 438/103/1
f 458/82/1 457/41/1 437/39/1
f 19/85/1 456/84/1 436/104/1
f 436/104/1 456/84/1 455/86/1
f 455/86/1 454/87/1 434/107/1
f 454/87/1 453/88/1 433/108/1
f 453/88/1 452/89/1 432/109/1
f 452/89/1 451/90/1 431/110/1
f 451/90/1 450/91/1 430/111/1
f 450/91/1 449/92/1 429/112/1
f 449/92/1 448/93/1 428/113/1
f 448/93/1 447/94/1 427/114/1
f 447/94/1 446/95/1 426/115/1
f 446/95/1 445/96/1 425/116/1
f 445/96/1 444/97/1 424/117/1
f 444/97/1 443/98/1 423/118/1
f 443/98/1 442/99/1 422/119/1
f 442/99/1 441/100/1 421/120/1
f 441/100/1 440/101/1 420/121/1
f 440/101/1 439/102/1 419/122/1
f 439/102/1 438/103/1 418/123/1
f 438/103/1 437/39/1 417/37/1
f 20/105/1 436/104/1 416/124/1
f 416/124/1 436/104/1 435/106/1
f 435/106/1 434/107/1 414/127/1
f 434/107/1 433/108/1 413/128/1
f 420/121/1 419/122/1 399/129/1
f 419/122/1 418/123/1 398/131/1
f 418/123/1 417/37/1 397/35/1
f 21/125/1 416/124/1 396/132/1
f 396/132/1 416/124/1 415/126/1
f 395/134/1 415/126/1 414/127/1
f 414/127/1 413/128/1 393/136/1
f 400/130/1 399/129/1 379/137/1
f 399/129/1 398/131/1 378/139/1
f 398/131/1 397/35/1 377/33/1
f 22/133/1 396/132/1 376/140/1
f 376/140/1 396/132/1 395/134/1
f 375/142/1 395/134/1 394/135/1
f 394/135/1 393/136/1 373/144/1
f 380/138/1 379/137/1 359/145/1
f 379/137/1 378/139/1 358/147/1
f 378/139/1 377/33/1 357/31/1
f 24/148/1 23/141/1 376/140/1
f 356/149/1 376/140/1 375/142/1
f 355/150/1 375/142/1 374/143/1
f 354/151/1 374/143/1 373/144/1
f 360/146/1 359/145/1 339/153/1
f 359/145/1 358/147/1 338/155/1
f 358/147/1 357/31/1 337/29/1
f 24/148/1 356/149/1 336/156/1
f 336/156/1 356/149/1 355/150/1
f 335/158/1 355/150/1 354/151/1
f 334/159/1 354/151/1 353/152/1
f 340/154/1 339/153/1 319/161/1
f 339/153/1 338/155/1 318/163/1
f 338/155/1 337/29/1 317/27/1
f 25/157/1 336/156/1 316/164/1
f 316/164/1 336/156/1 335/158/1
f 335/158/1 334/159/1 314/167/1
f 334/159/1 333/160/1 313/168/1
f 320/162/1 319/161/1 299/169/1
f 319/161/1 318/163/1 298/171/1
f 318/163/1 317/27/1 297/25/1
f 26/165/1 316/164/1 296/172/1
f 316/164/1 315/166/1 295/174/1
f 315/166/1 314/167/1 294/175/1
f 314/167/1 313/168/1 293/176/1
f 300/170/1 299/169/1 279/177/1
f 299/169/1 298/171/1 278/179/1
f 298/171/1 297/25/1 277/23/1
f 27/173/1 296/172/1 276/180/1
f 276/180/1 296/172/1 295/174/1
f 275/182/1 295/174/1 294/175/1
f 294/175/1 293/176/1 273/184/1
f 280/178/1 279/177/1 259/185/1
f 279/177/1 278/179/1 258/187/1
f 278/179/1 277/23/1 257/21/1
f 28/181/1 276/180/1 256/188/1
f 256/188/1 276/180/1 275/182/1
f 275/182/1 274/183/1 254/191/1
f 274/183/1 273/184/1 253/192/1
f 260/186/1 259/185/1 239/193/1
f 259/185/1 258/187/1 238/195/1
f 258/187/1 257/21/1 237/19/1
f 29/189/1 256/188/1 236/196/1
f 236/196/1 256/188/1 255/190/1
f 235/198/1 255/190/1 254/191/1
f 254/191/1 253/192/1 233/200/1
f 240/194/1 239/193/1 219/201/1
f 239/193/1 238/195/1 218/203/1
f 238/195/1 237/19/1 217/17/1
f 30/197/1 236/196/1 216/204/1
f 216/204/1 236/196/1 235/198/1
f 215/206/1 235/198/1 234/199/1
f 234/199/1 233/200/1 213/208/1
f 220/202/1 219/201/1 199/209/1
f 219/201/1 218/203/1 198/211/1
f 218/203/1 217/17/1 197/15/1
f 32/212/1 31/205/1 216/204/1
f 196/213/1 216/204/1 215/206/1
f 195/214/1 215/206/1 214/207/1
f 214/207/1 213/208/1 193/216/1
f 200/210/1 199/209/1 179/217/1
f 199/209/1 198/211/1 178/219/1
f 198/211/1 197/15/1 177/13/1
f 33/220/1 32/212/1 196/213/1
f 196/213/1 195/214/1 175/222/1
f 195/214/1 194/215/1 174/223/1
f 194/215/1 193/216/1 173/224/1
f 180/218/1 179/217/1 159/225/1
f 179/217/1 178/219/1 158/227/1
f 178/219/1 177/13/1 157/11/1
f 34/228/1 33/220/1 176/221/1
f 176/221/1 175/222/1 155/230/1
f 175/222/1 174/223/1 154/231/1
f 174/223/1 173/224/1 153/232/1
f 173/224/1 172/234/1 152/233/1
f 172/234/1 171/236/1 151/235/1
f 171/236/1 170/238/1 150/237/1
f 170/238/1 169/240/1 149/239/1
f 169/240/1 168/242/1 148/241/1
f 168/242/1 167/1246/1 147/243/1
f 1832/244/1 166/247/1 146/245/1
f 166/247/1 165/249/1 145/248/1
f 165/249/1 164/251/1 144/250/1
f 164/251/1 163/253/1 143/252/1
f 163/253/1 162/255/1 142/254/1
f 162/255/1 161/257/1 141/256/1
f 161/257/1 160/226/1 140/258/1
f 160/226/1 159/225/1 139/259/1
f 159/225/1 158/227/1 138/260/1
f 158/227/1 157/11/1 137/9/1
f 35/261/1 34/228/1 156/229/1
f 156/229/1 155/230/1 135/263/1
f 155/230/1 154/231/1 134/264/1
f 154/231/1 153/232/1 133/265/1
f 153/232/1 152/233/1 132/266/1
f 152/233/1 151/235/1 131/267/1
f 151/235/1 150/237/1 130/268/1
f 150/237/1 149/239/1 129/269/1
f 149/239/1 148/241/1 128/270/1
f 148/241/1 147/243/1 127/271/1
f 1831/246/1 146/245/1 126/272/1
f 146/245/1 145/248/1 125/274/1
f 145/248/1 144/250/1 124/275/1
f 144/250/1 143/252/1 123/276/1
f 143/252/1 142/254/1 122/277/1
f 142/254/1 141/256/1 121/278/1
f 141/256/1 140/258/1 120/279/1
f 140/258/1 139/259/1 119/280/1
f 139/259/1 138/260/1 118/281/1
f 138/260/1 137/9/1 117/7/1
f 36/282/1 35/261/1 136/262/1
f 136/262/1 135/263/1 115/284/1
f 135/263/1 134/264/1 114/285/1
f 134/264/1 133/265/1 113/286/1
f 133/265/1 132/266/1 112/287/1
f 132/266/1 131/267/1 111/288/1
f 131/267/1 130/268/1 110/289/1
f 130/268/1 129/269/1 109/290/1
f 129/269/1 128/270/1 108/291/1
f 128/270/1 127/271/1 107/292/1
f 1830/273/1 126/272/1 106/293/1
f 126/272/1 125/274/1 105/295/1
f 125/274/1 124/275/1 104/296/1
f 124/275/1 123/276/1 103/297/1
f 123/276/1 122/277/1 102/298/1
f 122/277/1 121/278/1 101/299/1
f 121/278/1 120/279/1 100/300/1
f 120/279/1 119/280/1 99/301/1
f 119/280/1 118/281/1 98/302/1
f 118/281/1 117/7/1 97/4/1
f 36/282/1 116/283/1 57/303/1
f 116/283/1 115/284/1 58/305/1
f 115/284/1 114/285/1 59/306/1
f 114/285/1 113/286/1 60/307/1
f 113/286/1 112/287/1 61/308/1
f 112/287/1 111/288/1 62/309/1
f 111/288/1 110/289/1 63/310/1
f 110/289/1 109/290/1 64/311/1
f 109/290/1 108/291/1 65/312/1
f 108/291/1 107/292/1 66/313/1
f 1829/294/1 106/293/1 67/314/1
f 106/293/1 105/295/1 68/316/1
f 105/295/1 104/296/1 69/317/1
f 104/296/1 103/297/1 70/318/1
f 103/297/1 102/298/1 71/319/1
f 102/298/1 101/299/1 72/320/1
f 101/299/1 100/300/1 73/321/1
f 100/300/1 99/301/1 74/322/1
f 99/301/1 98/302/1 75/323/1
f 98/302/1 97/4/1 76/6/1
f 15/324/1 96/325/1 496/47/1
f 96/325/1 95/326/1 495/49/1
f 95/326/1 94/327/1 494/51/1
f 94/327/1 93/328/1 493/53/1
f 93/328/1 92/329/1 492/55/1
f 92/329/1 91/330/1 491/57/1
f 91/330/1 90/331/1 490/59/1
f 90/331/1 89/332/1 489/61/1
f 89/332/1 88/333/1 488/63/1
f 88/333/1 87/334/1 487/65/1
f 87/334/1 86/335/1 486/67/1
f 86/335/1 85/336/1 485/69/1
f 85/336/1 84/337/1 484/71/1
f 84/337/1 83/338/1 483/73/1
f 83/338/1 82/339/1 482/75/1
f 82/339/1 81/340/1 481/77/1
f 81/340/1 80/341/1 480/79/1
f 80/341/1 79/342/1 479/81/1
f 79/342/1 78/343/1 478/83/1
f 78/343/1 77/1/1 477/3/1
f 306/344/2 1252/350/2 1253/345/2
f 411/346/3 1253/345/3 1292/347/3
f 305/349/2 1251/355/2 1252/350/2
f 409/351/2 1294/870/2 1233/352/2
f 304/354/2 1250/360/2 1251/355/2
f 407/356/4 1231/989/4 1293/357/4
f 303/359/2 1249/368/2 1250/360/2
f 405/361/5 1295/370/5 1212/362/5
f 1034/364/2 1242/1248/2 1821/365/2
f 302/367/2 1248/372/2 1249/368/2
f 404/369/3 1255/374/3 1295/370/3
f 301/371/2 1247/376/2 1248/372/2
f 403/373/3 1257/378/3 1255/374/3
f 292/375/2 1246/380/2 1247/376/2
f 402/377/3 1259/382/3 1257/378/3
f 291/379/2 1245/691/2 1246/380/2
f 401/381/3 1261/384/3 1259/382/3
f 392/383/3 1263/386/3 1261/384/3
f 391/385/3 1265/388/3 1263/386/3
f 390/387/3 1267/390/3 1265/388/3
f 389/389/3 1269/771/3 1267/390/3
f 1021/391/6 941/394/6 388/392/6
f 1022/393/7 942/396/7 306/344/7
f 941/394/6 943/397/6 387/395/6
f 942/396/7 944/399/7 305/349/7
f 943/397/6 945/401/6 386/398/6
f 944/399/7 946/402/7 304/354/7
f 947/400/6 385/404/6 386/398/6
f 946/402/7 948/405/7 303/359/7
f 949/403/6 384/407/6 385/404/6
f 948/405/7 950/408/7 302/367/7
f 951/406/6 383/410/6 384/407/6
f 950/408/7 952/411/7 301/371/7
f 953/409/6 382/413/6 383/410/6
f 952/411/7 954/414/7 292/375/7
f 955/412/6 381/416/6 382/413/6
f 954/414/7 956/417/7 291/379/7
f 957/415/6 372/420/6 381/416/6
f 956/417/7 958/421/7 290/418/7
f 959/419/6 371/424/6 372/420/6
f 958/421/7 960/1247/7 289/422/7
f 961/423/6 370/429/6 371/424/6
f 962/425/7 288/431/7 1828/426/7
f 963/428/6 412/348/6 370/429/6
f 964/430/7 287/435/7 288/431/7
f 1023/432/8 965/436/8 369/433/8
f 966/434/7 286/439/7 287/435/7
f 965/436/8 967/440/8 368/437/8
f 968/438/7 285/443/7 286/439/7
f 967/440/8 969/444/8 367/441/8
f 970/442/7 284/447/7 285/443/7
f 969/444/8 971/448/8 366/445/8
f 972/446/7 283/451/7 284/447/7
f 971/448/8 973/452/8 365/449/8
f 974/450/7 282/455/7 283/451/7
f 973/452/8 975/456/8 364/453/8
f 976/454/7 281/459/7 282/455/7
f 975/456/8 977/460/8 363/457/8
f 978/458/7 272/463/7 281/459/7
f 977/460/8 979/464/8 362/461/8
f 980/462/7 410/353/7 272/463/7
f 979/464/8 981/468/8 361/465/8
f 1024/466/9 982/470/9 271/467/9
f 981/468/8 983/473/8 352/469/8
f 982/470/9 984/474/9 270/471/9
f 985/472/8 351/477/8 352/469/8
f 984/474/9 986/478/9 269/475/9
f 987/476/8 350/481/8 351/477/8
f 986/478/9 988/482/9 268/479/9
f 989/480/8 349/485/8 350/481/8
f 988/482/9 990/486/9 267/483/9
f 991/484/8 348/489/8 349/485/8
f 990/486/9 992/490/9 266/487/9
f 993/488/8 347/493/8 348/489/8
f 992/490/9 994/494/9 265/491/9
f 995/492/8 346/497/8 347/493/8
f 994/494/9 996/498/9 264/495/9
f 997/496/8 345/501/8 346/497/8
f 996/498/9 998/502/9 263/499/9
f 999/500/8 344/505/8 345/501/8
f 998/502/9 1000/507/9 262/503/9
f 1001/504/8 343/509/8 344/505/8
f 1002/506/9 261/511/9 262/503/9
f 1003/508/8 408/358/8 343/509/8
f 1004/510/9 252/513/9 261/511/9
f 1005/512/9 251/515/9 252/513/9
f 1006/514/9 250/517/9 251/515/9
f 1007/516/9 249/519/9 250/517/9
f 1008/518/9 248/521/9 249/519/9
f 1009/520/9 247/523/9 248/521/9
f 1010/522/9 246/525/9 247/523/9
f 1011/524/9 245/527/9 246/525/9
f 1022/393/6 411/346/6 412/348/6
f 1012/526/9 406/363/9 245/527/9
f 1023/432/7 409/351/7 410/353/7
f 1024/466/8 407/356/8 408/358/8
f 1013/528/9 405/361/9 406/363/9
f 1013/528/6 1014/529/6 404/369/6
f 1014/529/6 1015/530/6 403/373/6
f 1015/530/6 1016/531/6 402/377/6
f 1016/531/6 1017/532/6 401/381/6
f 1017/532/6 1018/533/6 392/383/6
f 1018/533/6 1019/534/6 391/385/6
f 1019/534/6 1020/535/6 390/387/6
f 1020/535/6 1021/391/6 389/389/6
f 1507/536/3 694/689/3 774/537/3
f 1588/538/3 774/537/3 773/539/3
f 1587/540/3 773/539/3 772/541/3
f 1586/542/3 772/541/3 771/543/3
f 1585/544/3 771/543/3 770/545/3
f 1584/546/3 770/545/3 769/547/3
f 1583/548/3 769/547/3 768/549/3
f 1582/550/3 768/549/3 767/551/3
f 1581/552/5 767/551/5 766/553/5
f 1510/555/4 736/624/4 757/556/4
f 1509/558/2 719/651/2 733/559/2
f 1580/554/5 766/553/5 765/561/5
f 1508/563/3 696/688/3 716/564/3
f 1579/562/5 765/561/5 764/566/5
f 1578/567/5 764/566/5 763/568/5
f 1577/569/5 763/568/5 762/570/5
f 1576/571/5 762/570/5 761/572/5
f 1575/573/5 761/572/5 760/574/5
f 1574/575/5 760/574/5 759/576/5
f 1573/577/5 759/576/5 758/578/5
f 1572/579/5 758/578/5 756/580/5
f 1571/557/4 757/556/4 755/582/4
f 1570/581/5 756/580/5 754/584/5
f 1569/583/4 755/582/4 753/586/4
f 1568/585/5 754/584/5 752/588/5
f 1567/587/4 753/586/4 751/590/4
f 1566/589/5 752/588/5 750/592/5
f 1565/591/4 751/590/4 749/594/4
f 1564/593/5 750/592/5 748/596/5
f 1563/595/4 749/594/4 747/598/4
f 1562/597/5 748/596/5 746/600/5
f 1561/599/4 747/598/4 745/602/4
f 1560/601/5 746/600/5 744/604/5
f 1559/603/4 745/602/4 743/606/4
f 1558/605/5 744/604/5 742/608/5
f 1557/607/4 743/606/4 741/610/4
f 1556/609/5 742/608/5 740/612/5
f 1555/611/4 741/610/4 739/614/4
f 1554/613/5 740/612/5 738/616/5
f 1553/615/4 739/614/4 737/618/4
f 1552/617/5 738/616/5 735/620/5
f 1551/619/4 737/618/4 734/622/4
f 1550/621/5 735/620/5 736/624/5
f 1549/623/4 734/622/4 732/625/4
f 1548/560/2 733/559/2 731/627/2
f 1547/626/4 732/625/4 730/629/4
f 1546/628/2 731/627/2 729/631/2
f 1545/630/4 730/629/4 728/633/4
f 1544/632/2 729/631/2 727/635/2
f 1543/634/4 728/633/4 726/637/4
f 1542/636/2 727/635/2 725/639/2
f 1541/638/4 726/637/4 724/641/4
f 1540/640/2 725/639/2 723/643/2
f 1539/642/4 724/641/4 722/645/4
f 1537/646/4 722/645/4 720/647/4
f 1536/648/4 720/647/4 718/649/4
f 1534/650/4 718/649/4 719/651/4
f 1532/565/3 716/564/3 714/652/3
f 1530/653/3 714/652/3 712/654/3
f 1528/655/3 712/654/3 710/656/3
f 1526/657/3 710/656/3 709/658/3
f 1524/659/3 709/658/3 707/660/3
f 706/664/2 1522/667/2 1772/662/2
f 1522/667/2 1797/1255/2 1772/662/2
f 1772/662/2 1773/1240/2 708/663/2
f 1523/661/3 707/660/3 705/665/3
f 1522/667/2 706/664/2 704/668/2
f 1521/666/3 705/665/3 703/670/3
f 1520/669/2 704/668/2 702/672/2
f 1519/671/3 703/670/3 701/674/3
f 1518/673/2 702/672/2 700/676/2
f 1517/675/3 701/674/3 699/678/3
f 1516/677/2 700/676/2 698/680/2
f 1515/679/3 699/678/3 697/682/3
f 1514/681/2 698/680/2 695/684/2
f 1513/683/3 697/682/3 693/686/3
f 1512/685/2 695/684/2 696/688/2
f 1511/687/3 693/686/3 694/689/3
f 1815/690/7 1038/1250/7 1034/364/7
f 290/418/2 1243/917/2 1245/691/2
f 1804/692/1 1026/696/1 1025/693/1
f 1805/695/1 1027/698/1 1026/696/1
f 1806/697/1 1028/700/1 1027/698/1
f 1807/699/1 1029/1251/1 1028/700/1
f 1149/701/10 1143/1106/10 1144/702/10
f 1287/704/10 1286/876/10 1284/705/10
f 1142/707/11 1404/1053/11 1403/708/11
f 1280/710/12 1278/738/12 1487/711/12
f 1205/713/11 1204/1119/11 1446/714/11
f 1139/716/10 1133/776/10 1134/717/10
f 1137/719/10 1131/791/10 1132/720/10
f 1282/722/10 1280/710/10 1281/723/10
f 1194/725/12 1435/918/12 1470/726/12
f 1053/727/11 1326/852/11 1325/728/11
f 1264/730/13 1473/1027/13 1474/731/13
f 1127/732/10 1121/857/10 1122/733/10
f 1125/735/10 1119/916/10 1120/736/10
f 1278/738/10 1276/965/10 1277/739/10
f 1140/718/11 1402/991/11 1401/741/11
f 1193/742/14 1248/372/14 1469/743/14
f 1263/386/11 1472/775/11 1471/745/11
f 1115/747/10 1109/1147/10 1110/748/10
f 1113/750/10 1107/1146/10 1108/751/10
f 1274/753/10 1272/1110/10 1273/754/10
f 1138/721/11 1400/994/11 1399/756/11
f 1202/757/11 1444/1082/11 1443/758/11
f 1051/760/11 1324/902/11 1323/761/11
f 1103/763/10 1097/1136/10 1098/764/10
f 1102/766/10 1101/1145/10 1095/767/10
f 1271/769/10 1270/1109/10 1268/770/10
f 1135/772/13 1397/1050/13 1398/773/13
f 1265/388/14 1474/731/14 1472/775/14
f 1133/776/13 1395/999/13 1396/777/13
f 1091/778/10 1085/1116/10 1086/779/10
f 1089/781/10 1083/1113/10 1084/782/10
f 1266/784/10 1264/730/10 1265/388/10
f 1201/785/11 1442/1079/11 1441/786/11
f 1049/788/11 1322/953/11 1321/789/11
f 1131/791/13 1393/1001/13 1394/792/13
f 1079/793/10 1074/799/10 1073/794/10
f 1077/796/10 1059/828/10 1060/797/10
f 1262/746/10 1260/830/10 1261/384/10
f 1074/799/10 1056/1256/10 1055/800/10
f 1073/794/10 1055/800/10 1054/729/10
f 1269/771/14 1478/1020/14 1476/802/14
f 1071/803/10 1053/727/10 1052/762/10
f 1130/805/11 1392/1051/11 1391/806/11
f 1069/808/10 1051/760/10 1050/790/10
f 1197/810/11 1440/1076/11 1439/811/11
f 1067/813/10 1049/788/10 1048/814/10
f 1047/816/11 1320/1032/11 1319/817/11
f 1065/818/10 1047/816/10 1046/819/10
f 1054/729/12 1325/728/12 1337/821/12
f 1063/822/10 1045/880/10 1044/823/10
f 1128/734/11 1390/1000/11 1389/825/11
f 1061/826/10 1043/922/10 1041/827/10
f 1059/828/10 1041/827/10 1042/829/10
f 1260/830/10 1258/831/10 1259/382/10
f 1258/831/10 1256/832/10 1257/378/10
f 1256/832/10 1254/937/10 1255/374/10
f 1039/833/10 1293/357/10 1296/834/10
f 1057/836/10 1039/833/10 1040/835/10
f 1075/838/10 1057/836/10 1058/837/10
f 1081/840/10 1075/838/10 1076/839/10
f 1124/842/14 1386/890/14 1380/843/14
f 1093/845/10 1087/979/10 1088/846/10
f 1273/754/14 1482/1012/14 1480/848/14
f 1105/849/10 1099/980/10 1100/850/10
f 1071/803/14 1338/1028/14 1326/852/14
f 1117/853/10 1111/984/10 1112/854/10
f 1126/737/11 1388/1002/11 1387/855/11
f 1129/807/10 1123/889/10 1124/842/10
f 1115/747/12 1377/1151/12 1383/856/12
f 1141/709/10 1135/772/10 1136/774/10
f 1196/858/11 1195/1105/11 1438/859/11
f 1166/861/10 1147/986/10 1148/862/10
f 1185/864/10 1166/861/10 1167/863/10
f 1187/866/10 1185/864/10 1186/865/10
f 1210/868/10 1187/866/10 1188/867/10
f 1294/870/10 1210/868/10 1209/869/10
f 1293/357/10 1231/989/10 1230/871/10
f 1165/872/10 1145/1107/10 1146/873/10
f 1289/875/10 1288/908/10 1286/876/10
f 1168/877/10 1149/701/10 1150/703/10
f 1170/879/10 1151/1114/10 1149/701/10
f 1045/880/11 1318/1035/11 1317/881/11
f 1172/882/10 1153/1117/10 1152/883/10
f 1052/762/12 1323/761/12 1335/885/12
f 1174/886/10 1155/1121/10 1154/887/10
f 1123/889/13 1385/1049/13 1386/890/13
f 1178/891/10 1159/1126/10 1842/892/10
f 1122/733/14 1384/914/14 1378/894/14
f 1179/895/10 1160/1129/10 1158/896/10
f 1277/739/14 1486/1004/14 1484/898/14
f 1181/899/10 1162/1132/10 1161/900/10
f 1069/808/14 1336/1029/14 1324/902/14
f 1183/903/10 1164/874/10 1163/904/10
f 1184/906/10 1165/872/10 1164/874/10
f 1291/907/10 1290/909/10 1288/908/10
f 1292/347/10 1190/910/10 1290/909/10
f 1252/350/10 1190/910/10 1292/347/10
f 1251/355/10 1189/911/10 1190/910/10
f 1250/360/10 1191/912/10 1189/911/10
f 1249/368/10 1192/913/10 1191/912/10
f 1248/372/10 1193/742/10 1192/913/10
f 1121/857/13 1383/856/13 1384/914/13
f 1246/380/10 1195/1105/10 1194/725/10
f 1113/750/12 1375/1150/12 1381/915/12
f 1243/917/10 1197/810/10 1196/858/10
f 1193/742/11 1436/744/11 1435/918/11
f 1241/919/10 1201/785/10 1844/920/10
f 1043/922/11 1316/1038/11 1315/923/11
f 1239/924/10 1202/757/10 1200/787/10
f 1050/790/12 1321/789/12 1333/926/12
f 1237/927/10 1204/1119/10 1203/759/10
f 1119/916/13 1381/915/13 1382/929/13
f 1235/930/10 1206/933/10 1205/713/10
f 1234/932/10 1207/935/10 1206/933/10
f 1232/934/10 1208/936/10 1207/935/10
f 1233/352/10 1209/869/10 1208/936/10
f 1254/937/10 1212/362/10 1295/370/10
f 1314/938/10 1211/940/10 1212/362/10
f 1313/939/10 1213/942/10 1211/940/10
f 1312/941/10 1214/944/10 1213/942/10
f 1311/943/10 1215/981/10 1214/944/10
f 1120/736/14 1382/929/14 1376/945/14
f 1309/946/10 1217/982/10 1216/947/10
f 1281/723/14 1490/1003/14 1488/949/14
f 1307/950/10 1219/983/10 1218/951/10
f 1067/813/14 1334/1030/14 1322/953/14
f 1305/954/10 1221/985/10 1220/955/10
f 1248/372/13 1247/376/13 1470/726/13
f 1303/957/10 1223/987/10 1222/958/10
f 1118/844/11 1380/843/11 1379/960/11
f 1301/961/10 1225/988/10 1224/962/10
f 1274/753/12 1483/1112/12 1485/964/12
f 1299/966/10 1227/970/10 1226/967/10
f 1298/969/10 1228/972/10 1227/970/10
f 1297/971/10 1229/973/10 1228/972/10
f 1296/834/10 1230/871/10 1229/973/10
f 1821/365/10 1242/1248/10 1199/974/10
f 1176/976/10 1157/1249/10 1818/977/10
f 408/358/4 1293/357/4 1039/833/4
f 343/509/4 1039/833/4 1057/836/4
f 344/505/4 1057/836/4 1075/838/4
f 345/501/4 1075/838/4 1081/840/4
f 346/497/4 1081/840/4 1087/979/4
f 406/363/5 1212/362/5 1211/940/5
f 347/493/4 1087/979/4 1093/845/4
f 245/527/5 1211/940/5 1213/942/5
f 348/489/4 1093/845/4 1099/980/4
f 246/525/5 1213/942/5 1214/944/5
f 349/485/4 1099/980/4 1105/849/4
f 247/523/5 1214/944/5 1215/981/5
f 248/521/5 1215/981/5 1216/947/5
f 249/519/5 1216/947/5 1217/982/5
f 250/517/5 1217/982/5 1218/951/5
f 251/515/5 1218/951/5 1219/983/5
f 350/481/4 1105/849/4 1111/984/4
f 351/477/4 1111/984/4 1117/853/4
f 352/469/4 1117/853/4 1123/889/4
f 361/465/4 1123/889/4 1129/807/4
f 362/461/4 1129/807/4 1135/772/4
f 252/513/5 1219/983/5 1220/955/5
f 363/457/4 1135/772/4 1141/709/4
f 261/511/5 1220/955/5 1221/985/5
f 364/453/4 1141/709/4 1147/986/4
f 262/503/5 1221/985/5 1222/958/5
f 365/449/4 1147/986/4 1166/861/4
f 263/499/5 1222/958/5 1223/987/5
f 366/445/4 1166/861/4 1185/864/4
f 264/495/5 1223/987/5 1224/962/5
f 367/441/4 1185/864/4 1187/866/4
f 265/491/5 1224/962/5 1225/988/5
f 368/437/4 1187/866/4 1210/868/4
f 266/487/5 1225/988/5 1226/967/5
f 369/433/4 1210/868/4 1294/870/4
f 267/483/5 1226/967/5 1227/970/5
f 268/479/5 1227/970/5 1228/972/5
f 269/475/5 1228/972/5 1229/973/5
f 270/471/5 1229/973/5 1230/871/5
f 271/467/5 1230/871/5 1231/989/5
f 412/348/3 1292/347/3 1291/907/3
f 370/429/3 1291/907/3 1289/875/3
f 371/424/3 1289/875/3 1287/704/3
f 372/420/3 1287/704/3 1285/706/3
f 381/416/3 1285/706/3 1283/724/3
f 410/353/2 1233/352/2 1232/934/2
f 382/413/3 1283/724/3 1281/723/3
f 272/463/2 1232/934/2 1234/932/2
f 383/410/3 1281/723/3 1279/740/3
f 281/459/2 1234/932/2 1235/930/2
f 384/407/3 1279/740/3 1277/739/3
f 282/455/2 1235/930/2 1236/931/2
f 385/404/3 1277/739/3 1275/755/3
f 283/451/2 1236/931/2 1237/927/2
f 386/398/3 1275/755/3 1273/754/3
f 284/447/2 1237/927/2 1238/928/2
f 387/395/3 1273/754/3 1271/769/3
f 285/443/2 1238/928/2 1239/924/2
f 388/392/3 1271/769/3 1269/771/3
f 286/439/2 1239/924/2 1240/925/2
f 287/435/2 1240/925/2 1241/919/2
f 288/431/2 1241/919/2 1841/921/2
f 289/422/2 1244/1111/2 1243/917/2
f 1407/990/10 1401/741/10 1402/991/10
f 1405/993/10 1399/756/10 1400/994/10
f 1494/996/10 1493/1125/10 1491/997/10
f 1395/999/10 1389/825/10 1390/1000/10
f 1393/1001/10 1387/855/10 1388/1002/10
f 1489/712/10 1487/711/10 1488/949/10
f 1383/856/10 1377/1151/10 1378/894/10
f 1381/915/10 1375/1150/10 1376/945/10
f 1485/964/10 1483/1112/10 1484/898/10
f 1371/1005/10 1365/1149/10 1366/1006/10
f 1369/1008/10 1363/1148/10 1364/1009/10
f 1481/1011/10 1479/1108/10 1480/848/10
f 1359/1013/10 1353/1144/10 1354/1014/10
f 1358/1016/10 1357/1134/10 1351/1017/10
f 1477/1019/10 1475/1104/10 1476/802/10
f 1347/1021/10 1341/1140/10 1342/1022/10
f 1345/1024/10 1339/1137/10 1340/1025/10
f 1473/1027/10 1471/745/10 1472/775/10
f 1337/821/10 1325/728/10 1326/852/10
f 1335/885/10 1323/761/10 1324/902/10
f 1333/926/10 1321/789/10 1322/953/10
f 1331/1031/10 1319/817/10 1320/1032/10
f 1329/1034/10 1317/881/10 1318/1035/10
f 1327/1037/10 1315/923/10 1316/1038/10
f 1349/1040/10 1343/1141/10 1344/1041/10
f 1361/1043/10 1355/1139/10 1356/1044/10
f 1373/1046/10 1367/1142/10 1368/1047/10
f 1385/1049/10 1379/960/10 1380/843/10
f 1397/1050/10 1391/806/10 1392/1051/10
f 1409/1052/10 1403/708/10 1404/1053/10
f 1423/1055/10 1411/1115/10 1412/1056/10
f 1425/1058/10 1413/1118/10 1414/1059/10
f 1427/1061/10 1415/1122/10 1416/1062/10
f 1429/1064/10 1417/1127/10 1418/1065/10
f 1431/1067/10 1419/1130/10 1420/1068/10
f 1433/1070/10 1421/1133/10 1422/1071/10
f 1470/726/10 1435/918/10 1436/744/10
f 1468/1073/10 1437/860/10 1438/859/10
f 1466/1075/10 1439/811/10 1440/1076/10
f 1464/1078/10 1441/786/10 1442/1079/10
f 1462/1081/10 1443/758/10 1444/1082/10
f 1460/1084/10 1445/715/10 1446/714/10
f 1505/1086/10 1447/1120/10 1448/1087/10
f 1503/1089/10 1449/1124/10 1450/1090/10
f 1501/1092/10 1451/1128/10 1452/1093/10
f 1499/1095/10 1453/1131/10 1454/1096/10
f 1497/1098/10 1455/1135/10 1456/1099/10
f 1495/1101/10 1457/1138/10 1458/1102/10
f 1267/390/11 1476/802/11 1475/1104/11
f 1195/1105/14 1246/380/14 1467/1074/14
f 1132/720/14 1394/792/14 1388/1002/14
f 1143/1106/13 1405/993/13 1406/995/13
f 1268/770/13 1477/1019/13 1478/1020/13
f 1196/858/12 1437/860/12 1468/1073/12
f 1125/735/12 1387/855/12 1393/1001/12
f 1145/1107/13 1407/990/13 1408/992/13
f 1271/769/11 1480/848/11 1479/1108/11
f 1197/810/14 1243/917/14 1465/1077/14
f 1134/717/14 1396/777/14 1390/1000/14
f 1147/986/13 1409/1052/13 1410/1054/13
f 1272/1110/13 1481/1011/13 1482/1012/13
f 1262/746/12 1471/745/12 1473/1027/12
f 1198/812/12 1439/811/12 1466/1075/12
f 1127/732/12 1389/825/12 1395/999/12
f 1275/755/11 1484/898/11 1483/1112/11
f 1084/782/14 1346/1026/14 1340/1025/14
f 1201/785/14 1241/919/14 1463/1080/14
f 1136/774/14 1398/773/14 1392/1051/14
f 1276/965/13 1485/964/13 1486/1004/13
f 1077/796/12 1339/1137/12 1345/1024/12
f 1062/824/13 1327/1037/13 1328/1039/13
f 1200/787/12 1441/786/12 1464/1078/12
f 1151/1114/11 1412/1056/11 1411/1115/11
f 1279/740/11 1488/949/11 1487/711/11
f 1086/779/14 1348/1023/14 1342/1022/14
f 1202/757/14 1239/924/14 1461/1083/14
f 1280/710/13 1489/712/13 1490/1003/13
f 1079/793/12 1341/1140/12 1347/1021/12
f 1064/820/13 1329/1034/13 1330/1036/13
f 1203/759/12 1443/758/12 1462/1081/12
f 1153/1117/11 1414/1059/11 1413/1118/11
f 1283/724/11 1492/998/11 1491/997/11
f 1088/846/14 1350/1042/14 1344/1041/14
f 1204/1119/14 1237/927/14 1459/1085/14
f 1284/705/13 1493/1125/13 1494/996/13
f 1066/815/13 1331/1031/13 1332/1033/13
f 1205/713/12 1445/715/12 1460/1084/12
f 1215/981/11 1448/1087/11 1447/1120/11
f 1155/1121/11 1416/1062/11 1415/1122/11
f 1068/809/13 1333/926/13 1334/1030/13
f 1218/951/11 1217/982/11 1450/1090/11
f 1300/968/13 1495/1101/13 1496/1103/13
f 1282/722/12 1491/997/12 1493/1125/12
f 1159/1126/11 1418/1065/11 1417/1127/11
f 1144/702/14 1406/995/14 1400/994/14
f 1070/804/13 1335/885/13 1336/1029/13
f 1219/983/11 1452/1093/11 1451/1128/11
f 1302/963/13 1497/1098/13 1498/1100/13
f 1137/719/12 1399/756/12 1405/993/12
f 1160/1129/11 1420/1068/11 1419/1130/11
f 1146/873/14 1408/992/14 1402/991/14
f 1266/784/12 1475/1104/12 1477/1019/12
f 1072/801/13 1337/821/13 1338/1028/13
f 1221/985/11 1454/1096/11 1453/1131/11
f 1304/959/13 1499/1095/13 1500/1097/13
f 1139/716/12 1401/741/12 1407/990/12
f 1162/1132/11 1422/1071/11 1421/1133/11
f 1096/768/14 1358/1016/14 1352/1018/14
f 1148/862/14 1410/1054/14 1404/1053/14
f 1089/781/12 1351/1017/12 1357/1134/12
f 1223/987/11 1456/1099/11 1455/1135/11
f 1307/950/13 1306/956/13 1501/1092/13
f 1081/840/12 1343/1141/12 1349/1040/12
f 1098/764/14 1360/1015/14 1354/1014/14
f 1311/943/14 1506/1088/14 1448/1087/14
f 1091/778/12 1353/1144/12 1359/1013/12
f 1078/798/11 1340/1025/11 1339/1137/11
f 1216/947/12 1447/1120/12 1505/1086/12
f 1226/967/11 1225/988/11 1458/1102/11
f 1308/952/13 1503/1089/13 1504/1091/13
f 1099/980/12 1093/845/12 1355/1139/12
f 1100/850/14 1362/1045/14 1356/1044/14
f 1080/795/11 1342/1022/11 1341/1140/11
f 1309/946/14 1504/1091/14 1450/1090/14
f 1082/841/11 1344/1041/11 1343/1141/11
f 1218/951/12 1449/1124/12 1503/1089/12
f 1310/948/13 1505/1086/13 1506/1088/13
f 1171/884/13 1423/1055/13 1424/1057/13
f 1111/984/12 1105/849/12 1367/1142/12
f 1083/1113/13 1345/1024/13 1346/1026/13
f 1307/950/14 1502/1094/14 1452/1093/14
f 1085/1116/13 1347/1021/13 1348/1023/13
f 1220/955/12 1451/1128/12 1501/1092/12
f 1173/888/13 1425/1058/13 1426/1060/13
f 1123/889/12 1117/853/12 1379/960/12
f 1087/979/13 1349/1040/13 1350/1042/13
f 1305/954/14 1500/1097/14 1454/1096/14
f 1090/783/11 1352/1018/11 1351/1017/11
f 1222/958/12 1453/1131/12 1499/1095/12
f 1175/1143/13 1427/1061/13 1428/1063/13
f 1135/772/12 1129/807/12 1391/806/12
f 1092/780/11 1354/1014/11 1353/1144/11
f 1303/957/14 1498/1100/14 1456/1099/14
f 1170/879/14 1424/1057/14 1412/1056/14
f 1270/1109/12 1479/1108/12 1481/1011/12
f 1094/847/11 1356/1044/11 1355/1139/11
f 1224/962/12 1455/1135/12 1497/1098/12
f 1152/883/12 1411/1115/12 1423/1055/12
f 1177/897/13 1429/1064/13 1430/1066/13
f 1147/986/12 1141/709/12 1403/708/12
f 1108/751/14 1370/1010/14 1364/1009/14
f 1095/767/13 1357/1134/13 1358/1016/13
f 1301/961/14 1496/1103/14 1458/1102/14
f 1172/882/14 1426/1060/14 1414/1059/14
f 1101/1145/12 1363/1148/12 1369/1008/12
f 1097/1136/13 1359/1013/13 1360/1015/13
f 1226/967/12 1457/1138/12 1495/1101/12
f 1236/931/13 1460/1084/13 1459/1085/13
f 1154/887/12 1413/1118/12 1425/1058/12
f 1180/901/13 1431/1067/13 1432/1069/13
f 1110/748/14 1372/1007/14 1366/1006/14
f 1099/980/13 1361/1043/13 1362/1045/13
f 1174/886/14 1428/1063/14 1416/1062/14
f 1103/763/12 1365/1149/12 1371/1005/12
f 1102/766/11 1364/1009/11 1363/1148/11
f 1238/928/13 1462/1081/13 1461/1083/13
f 1156/1123/12 1415/1122/12 1427/1061/12
f 1182/905/13 1433/1070/13 1434/1072/13
f 1112/854/14 1374/1048/14 1368/1047/14
f 1104/765/11 1366/1006/11 1365/1149/11
f 1178/891/14 1430/1066/14 1418/1065/14
f 1106/851/11 1368/1047/11 1367/1142/11
f 1240/925/13 1464/1078/13 1463/1080/13
f 1061/826/14 1328/1039/14 1316/1038/14
f 1158/896/12 1417/1127/12 1429/1064/12
f 1107/1146/13 1369/1008/13 1370/1010/13
f 1044/823/12 1315/923/12 1327/1037/12
f 1179/895/14 1432/1069/14 1420/1068/14
f 1109/1147/13 1371/1005/13 1372/1007/13
f 1244/1111/13 1466/1075/13 1465/1077/13
f 1063/822/14 1330/1036/14 1318/1035/14
f 1161/900/12 1419/1130/12 1431/1067/12
f 1111/984/13 1373/1046/13 1374/1048/13
f 1046/819/12 1317/881/12 1329/1034/12
f 1181/899/14 1434/1072/14 1422/1071/14
f 1114/752/11 1376/945/11 1375/1150/11
f 1245/691/13 1468/1073/13 1467/1074/13
f 1065/818/14 1332/1033/14 1320/1032/14
f 1163/904/12 1421/1133/12 1433/1070/12
f 1285/706/14 1494/996/14 1492/998/14
f 1116/749/11 1378/894/11 1377/1151/11
f 1048/814/12 1319/817/12 1331/1031/12
f 80/341/15 81/340/15 1660/1152/15
f 49/32/16 1629/1207/16 1628/1154/16
f 79/342/15 80/341/15 1659/1153/15
f 48/30/16 1628/1154/16 1627/1156/16
f 78/343/15 79/342/15 1658/1155/15
f 47/28/16 1627/1156/16 1626/1158/16
f 77/1/15 78/343/15 1657/1157/15
f 45/24/16 46/26/16 1626/1158/16
f 16/1161/15 77/1/15 1656/1159/15
f 44/22/16 45/24/16 1625/1160/16
f 76/6/17 1592/1229/17 1655/1164/17
f 43/20/16 44/22/16 1624/1163/16
f 75/323/17 1655/1164/17 1654/1166/17
f 42/18/16 43/20/16 1623/1165/16
f 74/322/17 1654/1166/17 1653/1168/17
f 41/16/16 42/18/16 1622/1167/16
f 73/321/17 1653/1168/17 1652/1170/17
f 40/14/16 41/16/16 1621/1169/16
f 72/320/17 1652/1170/17 1651/1172/17
f 39/12/16 40/14/16 1620/1171/16
f 71/319/17 1651/1172/17 1650/1174/17
f 38/10/16 39/12/16 1619/1173/16
f 70/318/17 1650/1174/17 1649/1176/17
f 37/8/16 38/10/16 1618/1175/16
f 69/317/17 1649/1176/17 1648/1178/17
f 14/5/16 37/8/16 1617/1177/16
f 68/316/17 1648/1178/17 1647/1180/17
f 36/282/18 1590/1227/18 1616/1181/18
f 67/314/17 1647/1180/17 1846/1182/17
f 35/261/18 1616/1181/18 1615/1183/18
f 65/312/17 66/313/17 1645/1184/17
f 34/228/18 1615/1183/18 1614/1186/18
f 64/311/17 65/312/17 1644/1185/17
f 33/220/18 1614/1186/18 1613/1188/18
f 63/310/17 64/311/17 1643/1187/17
f 32/212/18 1613/1188/18 1612/1190/18
f 62/309/17 63/310/17 1642/1189/17
f 31/205/18 1612/1190/18 1611/1192/18
f 61/308/17 62/309/17 1641/1191/17
f 30/197/18 1611/1192/18 1610/1194/18
f 60/307/17 61/308/17 1640/1193/17
f 29/189/18 1610/1194/18 1609/1196/18
f 59/306/17 60/307/17 1639/1195/17
f 28/181/18 1609/1196/18 1608/1198/18
f 58/305/17 59/306/17 1638/1197/17
f 26/165/18 27/173/18 1608/1198/18
f 57/303/17 58/305/17 1637/1199/17
f 25/157/18 26/165/18 1607/1200/18
f 13/304/17 57/303/17 1636/1201/17
f 24/148/18 25/157/18 1606/1202/18
f 1816/694/17 1025/693/17 1646/1205/17
f 50/34/16 1630/1209/16 1629/1207/16
f 81/340/15 82/339/15 1661/1208/15
f 51/36/16 1631/1211/16 1630/1209/16
f 82/339/15 83/338/15 1662/1210/15
f 52/38/16 1632/1213/16 1631/1211/16
f 83/338/15 84/337/15 1663/1212/15
f 53/40/16 1633/1215/16 1632/1213/16
f 84/337/15 85/336/15 1664/1214/15
f 54/42/16 1634/1217/16 1633/1215/16
f 85/336/15 86/335/15 1665/1216/15
f 55/43/16 1635/1218/16 1634/1217/16
f 87/334/15 1666/1219/15 1665/1216/15
f 56/2/16 1594/1230/16 1635/1218/16
f 88/333/15 1667/1220/15 1666/1219/15
f 89/332/15 1668/1221/15 1667/1220/15
f 90/331/15 1669/1222/15 1668/1221/15
f 91/330/15 1670/1223/15 1669/1222/15
f 92/329/15 1671/1224/15 1670/1223/15
f 93/328/15 1672/1225/15 1671/1224/15
f 94/327/15 1673/1226/15 1672/1225/15
f 95/326/15 1674/1228/15 1673/1226/15
f 13/304/18 1591/1203/18 1590/1227/18
f 96/325/15 1596/1231/15 1674/1228/15
f 14/5/17 1593/1179/17 1592/1229/17
f 16/1161/16 1595/1162/16 1594/1230/16
f 15/324/15 1597/1233/15 1596/1231/15
f 15/324/18 17/44/18 1598/1232/18
f 17/44/18 18/46/18 1599/1234/18
f 18/46/18 19/85/18 1600/1235/18
f 19/85/18 20/105/18 1601/1236/18
f 20/105/18 21/125/18 1602/1237/18
f 21/125/18 22/133/18 1603/1238/18
f 22/133/18 23/141/18 1604/1239/18
f 23/141/18 24/148/18 1605/1204/18
f 721/1245/2 1766/1244/2 1767/1242/2
f 1767/1242/2 1785/1257/2 1538/644/2
f 723/643/2 721/1245/2 1767/1242/2
f 66/313/17 1816/694/17 1823/1206/17
f 1819/978/10 1818/977/10 1156/1123/10
f 1821/365/10 1820/975/10 1198/812/10
f 167/1246/1 1807/699/1 1806/697/1
f 147/243/1 1806/697/1 1805/695/1
f 127/271/1 1805/695/1 1804/692/1
f 107/292/1 1804/692/1 1816/694/1
f 960/1247/7 1815/690/7 1817/366/7
f 1817/366/2 1821/365/2 1244/1111/2
f 1827/315/17 1846/1182/17 1646/1205/17
f 1828/426/2 1841/921/2 1242/1248/2
f 1841/921/10 1844/920/10 1199/974/10
f 1843/893/10 1842/892/10 1157/1249/10
f 1840/427/7 1828/426/7 1034/364/7
f 1026/696/1 1829/294/1 1827/315/1
f 1027/698/1 1830/273/1 1829/294/1
f 1028/700/1 1831/246/1 1830/273/1
f 1029/1251/1 1832/244/1 1831/246/1
f 161/1258/10 160/1259/10 180/1260/10
f 200/1261/10 220/1262/10 162/1263/10
f 220/1262/10 240/1264/10 163/1265/10
f 162/1263/10 220/1262/10 163/1265/10
f 161/1258/10 180/1260/10 200/1261/10
f 164/1266/10 163/1265/10 240/1264/10
f 162/1263/10 161/1258/10 200/1261/10
f 240/1264/10 260/1267/10 164/1266/10
f 260/1267/10 280/1268/10 165/1269/10
f 164/1266/10 260/1267/10 165/1269/10
f 166/1270/10 165/1269/10 280/1268/10
f 280/1268/10 300/1271/10 1832/1272/10
f 300/1271/10 320/1273/10 425/1274/10
f 280/1268/10 1832/1272/10 166/1270/10
f 1029/1275/10 1832/1272/10 300/1271/10
f 1029/1275/10 300/1271/10 426/1276/10
f 320/1273/10 340/1277/10 425/1274/10
f 340/1277/10 360/1278/10 424/1279/10
f 167/1280/10 1807/1281/10 293/1282/10
f 1807/1281/10 1029/1275/10 313/1283/10
f 426/1276/10 300/1271/10 425/1274/10
f 360/1278/10 380/1284/10 423/1285/10
f 380/1284/10 400/1286/10 422/1287/10
f 293/1282/10 1807/1281/10 313/1283/10
f 425/1274/10 340/1277/10 424/1279/10
f 169/1288/10 168/1289/10 253/1290/10
f 168/1289/10 167/1280/10 273/1291/10
f 273/1291/10 167/1280/10 293/1282/10
f 400/1286/10 420/1292/10 421/1293/10
f 1029/1275/10 426/1276/10 427/1294/10
f 171/1295/10 170/1296/10 213/1297/10
f 170/1296/10 169/1288/10 233/1298/10
f 233/1298/10 169/1288/10 253/1290/10
f 253/1290/10 168/1289/10 273/1291/10
f 400/1286/10 421/1293/10 422/1287/10
f 423/1285/10 424/1279/10 360/1278/10
f 423/1285/10 380/1284/10 422/1287/10
f 213/1297/10 170/1296/10 233/1298/10
f 193/1299/10 173/1300/10 172/1301/10
f 172/1301/10 171/1295/10 193/1299/10
f 193/1299/10 171/1295/10 213/1297/10
f 427/1294/10 428/1302/10 333/1303/10
f 427/1294/10 313/1283/10 1029/1275/10
f 313/1283/10 427/1294/10 333/1303/10
f 429/1304/10 430/1305/10 373/1306/10
f 430/1305/10 431/1252/10 393/1254/10
f 429/1304/10 373/1306/10 353/1307/10
f 428/1302/10 429/1304/10 353/1307/10
f 428/1302/10 353/1307/10 333/1303/10
f 432/1308/10 433/1309/10 413/1253/10
f 430/1305/10 393/1254/10 373/1306/10
f 431/1252/10 432/1308/10 413/1253/10
usemtl mat_brown01
f 694/689/3 852/1310/3 774/537/3
f 774/537/3 851/1311/3 773/539/3
f 773/539/3 850/1312/3 772/541/3
f 772/541/3 849/1313/3 771/543/3
f 771/543/3 848/1314/3 770/545/3
f 770/545/3 847/1315/3 769/547/3
f 769/547/3 846/1316/3 768/549/3
f 768/549/3 845/1317/3 767/551/3
f 767/551/5 844/1318/5 766/553/5
f 736/624/4 835/1319/4 757/556/4
f 719/651/2 812/1320/2 733/559/2
f 766/553/5 843/1321/5 765/561/5
f 696/688/3 796/1322/3 716/564/3
f 765/561/5 842/1323/5 764/566/5
f 764/566/5 841/1324/5 763/568/5
f 763/568/5 840/1325/5 762/570/5
f 762/570/5 839/1326/5 761/572/5
f 761/572/5 838/1327/5 760/574/5
f 760/574/5 837/1328/5 759/576/5
f 759/576/5 836/1329/5 758/578/5
f 758/578/5 834/1330/5 756/580/5
f 757/556/4 833/1331/4 755/582/4
f 756/580/5 832/1332/5 754/584/5
f 755/582/4 831/1333/4 753/586/4
f 754/584/5 830/1334/5 752/588/5
f 753/586/4 829/1335/4 751/590/4
f 752/588/5 828/1336/5 750/592/5
f 751/590/4 827/1337/4 749/594/4
f 750/592/5 826/1338/5 748/596/5
f 749/594/4 825/1339/4 747/598/4
f 748/596/5 824/1340/5 746/600/5
f 747/598/4 823/1341/4 745/602/4
f 746/600/5 822/1342/5 744/604/5
f 745/602/4 821/1343/4 743/606/4
f 744/604/5 820/1344/5 742/608/5
f 743/606/4 819/1345/4 741/610/4
f 742/608/5 818/1346/5 740/612/5
f 741/610/4 817/1347/4 739/614/4
f 740/612/5 816/1348/5 738/616/5
f 739/614/4 815/1349/4 737/618/4
f 738/616/5 814/1350/5 735/620/5
f 737/618/4 813/1351/4 734/622/4
f 735/620/5 856/1352/5 736/624/5
f 734/622/4 811/1353/4 732/625/4
f 733/559/2 810/1354/2 731/627/2
f 732/625/4 809/1355/4 730/629/4
f 731/627/2 808/1356/2 729/631/2
f 730/629/4 807/1357/4 728/633/4
f 729/631/2 806/1358/2 727/635/2
f 728/633/4 805/1359/4 726/637/4
f 727/635/2 804/1360/2 725/639/2
f 726/637/4 803/1361/4 724/641/4
f 725/639/2 802/1362/2 723/643/2
f 724/641/4 801/1363/4 722/645/4
f 723/643/2 800/1364/2 721/1245/2
f 722/645/4 799/1365/4 720/647/4
f 720/647/4 798/1366/4 718/649/4
f 718/649/4 855/1367/4 719/651/4
f 716/564/3 794/1368/3 714/652/3
f 714/652/3 792/1369/3 712/654/3
f 712/654/3 790/1370/3 710/656/3
f 710/656/3 789/1371/3 709/658/3
f 1771/1241/2 788/1372/2 708/663/2
f 709/658/3 787/1373/3 707/660/3
f 708/663/2 786/1374/2 706/664/2
f 707/660/3 785/1375/3 705/665/3
f 706/664/2 784/1376/2 704/668/2
f 705/665/3 783/1377/3 703/670/3
f 704/668/2 782/1378/2 702/672/2
f 703/670/3 781/1379/3 701/674/3
f 702/672/2 780/1380/2 700/676/2
f 701/674/3 779/1381/3 699/678/3
f 700/676/2 778/1382/2 698/680/2
f 699/678/3 777/1383/3 697/682/3
f 698/680/2 776/1384/2 695/684/2
f 697/682/3 775/1385/3 693/686/3
f 695/684/2 854/1386/2 696/688/2
f 693/686/3 853/1387/3 694/689/3
f 937/1388/3 1020/535/3 936/1389/3
f 936/1389/3 1019/534/3 935/1390/3
f 935/1390/3 1018/533/3 934/1391/3
f 934/1391/3 1017/532/3 933/1392/3
f 933/1392/3 1016/531/3 932/1393/3
f 932/1393/3 1015/530/3 931/1394/3
f 931/1394/3 1014/529/3 930/1395/3
f 930/1395/3 1013/528/3 929/1396/3
f 929/1396/5 1012/526/5 928/1397/5
f 940/1398/4 1003/508/4 919/1399/4
f 939/1400/2 980/462/2 896/1401/2
f 928/1397/5 1011/524/5 927/1402/5
f 938/1403/3 963/428/3 879/1404/3
f 927/1402/5 1010/522/5 926/1405/5
f 926/1405/5 1009/520/5 925/1406/5
f 925/1406/5 1008/518/5 924/1407/5
f 924/1407/5 1007/516/5 923/1408/5
f 923/1408/5 1006/514/5 922/1409/5
f 922/1409/5 1005/512/5 921/1410/5
f 921/1410/5 1004/510/5 920/1411/5
f 920/1411/5 1002/506/5 918/1412/5
f 919/1399/4 1001/504/4 917/1413/4
f 918/1412/5 1000/507/5 916/1414/5
f 917/1413/4 999/500/4 915/1415/4
f 916/1414/5 998/502/5 914/1416/5
f 915/1415/4 997/496/4 913/1417/4
f 914/1416/5 996/498/5 912/1418/5
f 913/1417/4 995/492/4 911/1419/4
f 912/1418/5 994/494/5 910/1420/5
f 911/1419/4 993/488/4 909/1421/4
f 910/1420/5 992/490/5 908/1422/5
f 909/1421/4 991/484/4 907/1423/4
f 908/1422/5 990/486/5 906/1424/5
f 907/1423/4 989/480/4 905/1425/4
f 906/1424/5 988/482/5 904/1426/5
f 905/1425/4 987/476/4 903/1427/4
f 904/1426/5 986/478/5 902/1428/5
f 903/1427/4 985/472/4 901/1429/4
f 902/1428/5 984/474/5 900/1430/5
f 901/1429/4 983/473/4 899/1431/4
f 900/1430/5 982/470/5 898/1432/5
f 899/1431/4 981/468/4 897/1433/4
f 898/1432/5 1024/466/5 940/1398/5
f 897/1433/4 979/464/4 895/1434/4
f 896/1401/2 978/458/2 894/1435/2
f 895/1434/4 977/460/4 893/1436/4
f 894/1435/2 976/454/2 892/1437/2
f 893/1436/4 975/456/4 891/1438/4
f 892/1437/2 974/450/2 890/1439/2
f 891/1438/4 973/452/4 889/1440/4
f 890/1439/2 972/446/2 888/1441/2
f 889/1440/4 971/448/4 887/1442/4
f 888/1441/2 970/442/2 886/1443/2
f 887/1442/4 969/444/4 885/1444/4
f 886/1443/2 968/438/2 884/1445/2
f 885/1444/4 967/440/4 883/1446/4
f 884/1445/2 966/434/2 882/1447/2
f 883/1446/4 965/436/4 881/1448/4
f 882/1447/2 964/430/2 880/1449/2
f 881/1448/4 1023/432/4 939/1400/4
f 880/1449/2 962/425/2 878/1450/2
f 879/1404/3 961/423/3 877/1451/3
f 878/1450/2 1840/427/2 1839/1452/2
f 877/1451/3 959/419/3 875/1453/3
f 876/1454/2 958/421/2 874/1455/2
f 875/1453/3 957/415/3 873/1456/3
f 874/1455/2 956/417/2 872/1457/2
f 873/1456/3 955/412/3 871/1458/3
f 872/1457/2 954/414/2 870/1459/2
f 871/1458/3 953/409/3 869/1460/3
f 870/1459/2 952/411/2 868/1461/2
f 869/1460/3 951/406/3 867/1462/3
f 868/1461/2 950/408/2 866/1463/2
f 867/1462/3 949/403/3 865/1464/3
f 866/1463/2 948/405/2 864/1465/2
f 865/1464/3 947/400/3 863/1466/3
f 864/1465/2 946/402/2 862/1467/2
f 863/1466/3 945/401/3 861/1468/3
f 862/1467/2 944/399/2 860/1469/2
f 861/1468/3 943/397/3 859/1470/3
f 860/1469/2 942/396/2 858/1471/2
f 859/1470/3 941/394/3 857/1472/3
f 858/1471/2 1022/393/2 938/1403/2
f 857/1472/3 1021/391/3 937/1388/3
f 1037/1473/2 1815/690/2 1814/1474/2
f 1036/1475/2 1826/1476/2 1813/1477/2
f 1035/1478/2 1813/1477/2 1812/1479/2
f 1589/1480/2 1812/1479/2 1822/1481/2
f 1765/1243/2 800/1364/2 1764/1482/2
f 1814/1474/2 960/1247/2 876/1454/2
f 1839/1452/2 1038/1250/2 1037/1473/2
f 1838/1483/2 1781/1484/19 1036/1475/2
f 1837/1485/2 1036/1475/2 1035/1478/2
f 1845/1486/2 1035/1478/2 1589/1480/2
f 694/689/3 853/1387/3 852/1310/3
f 774/537/3 852/1310/3 851/1311/3
f 773/539/3 851/1311/3 850/1312/3
f 772/541/3 850/1312/3 849/1313/3
f 771/543/3 849/1313/3 848/1314/3
f 770/545/3 848/1314/3 847/1315/3
f 769/547/3 847/1315/3 846/1316/3
f 768/549/3 846/1316/3 845/1317/3
f 767/551/5 845/1317/5 844/1318/5
f 736/624/4 856/1352/4 835/1319/4
f 719/651/2 855/1367/2 812/1320/2
f 766/553/5 844/1318/5 843/1321/5
f 696/688/3 854/1386/3 796/1322/3
f 765/561/5 843/1321/5 842/1323/5
f 764/566/5 842/1323/5 841/1324/5
f 763/568/5 841/1324/5 840/1325/5
f 762/570/5 840/1325/5 839/1326/5
f 761/572/5 839/1326/5 838/1327/5
f 760/574/5 838/1327/5 837/1328/5
f 759/576/5 837/1328/5 836/1329/5
f 758/578/5 836/1329/5 834/1330/5
f 757/556/4 835/1319/4 833/1331/4
f 756/580/5 834/1330/5 832/1332/5
f 755/582/4 833/1331/4 831/1333/4
f 754/584/5 832/1332/5 830/1334/5
f 753/586/4 831/1333/4 829/1335/4
f 752/588/5 830/1334/5 828/1336/5
f 751/590/4 829/1335/4 827/1337/4
f 750/592/5 828/1336/5 826/1338/5
f 749/594/4 827/1337/4 825/1339/4
f 748/596/5 826/1338/5 824/1340/5
f 747/598/4 825/1339/4 823/1341/4
f 746/600/5 824/1340/5 822/1342/5
f 745/602/4 823/1341/4 821/1343/4
f 744/604/5 822/1342/5 820/1344/5
f 743/606/4 821/1343/4 819/1345/4
f 742/608/5 820/1344/5 818/1346/5
f 741/610/4 819/1345/4 817/1347/4
f 740/612/5 818/1346/5 816/1348/5
f 739/614/4 817/1347/4 815/1349/4
f 738/616/5 816/1348/5 814/1350/5
f 737/618/4 815/1349/4 813/1351/4
f 735/620/5 814/1350/5 856/1352/5
f 734/622/4 813/1351/4 811/1353/4
f 733/559/2 812/1320/2 810/1354/2
f 732/625/4 811/1353/4 809/1355/4
f 731/627/2 810/1354/2 808/1356/2
f 730/629/4 809/1355/4 807/1357/4
f 729/631/2 808/1356/2 806/1358/2
f 728/633/4 807/1357/4 805/1359/4
f 727/635/2 806/1358/2 804/1360/2
f 726/637/4 805/1359/4 803/1361/4
f 725/639/2 804/1360/2 802/1362/2
f 724/641/4 803/1361/4 801/1363/4
f 723/643/2 802/1362/2 800/1364/2
f 722/645/4 801/1363/4 799/1365/4
f 720/647/4 799/1365/4 798/1366/4
f 718/649/4 798/1366/4 855/1367/4
f 716/564/3 796/1322/3 794/1368/3
f 714/652/3 794/1368/3 792/1369/3
f 712/654/3 792/1369/3 790/1370/3
f 710/656/3 790/1370/3 789/1371/3
f 1771/1241/2 1770/1487/2 788/1372/2
f 709/658/3 789/1371/3 787/1373/3
f 708/663/2 788/1372/2 786/1374/2
f 707/660/3 787/1373/3 785/1375/3
f 706/664/2 786/1374/2 784/1376/2
f 705/665/3 785/1375/3 783/1377/3
f 704/668/2 784/1376/2 782/1378/2
f 703/670/3 783/1377/3 781/1379/3
f 702/672/2 782/1378/2 780/1380/2
f 701/674/3 781/1379/3 779/1381/3
f 700/676/2 780/1380/2 778/1382/2
f 699/678/3 779/1381/3 777/1383/3
f 698/680/2 778/1382/2 776/1384/2
f 697/682/3 777/1383/3 775/1385/3
f 695/684/2 776/1384/2 854/1386/2
f 693/686/3 775/1385/3 853/1387/3
f 937/1388/3 1021/391/3 1020/535/3
f 936/1389/3 1020/535/3 1019/534/3
f 935/1390/3 1019/534/3 1018/533/3
f 934/1391/3 1018/533/3 1017/532/3
f 933/1392/3 1017/532/3 1016/531/3
f 932/1393/3 1016/531/3 1015/530/3
f 931/1394/3 1015/530/3 1014/529/3
f 930/1395/3 1014/529/3 1013/528/3
f 929/1396/5 1013/528/5 1012/526/5
f 940/1398/4 1024/466/4 1003/508/4
f 939/1400/2 1023/432/2 980/462/2
f 928/1397/5 1012/526/5 1011/524/5
f 938/1403/3 1022/393/3 963/428/3
f 927/1402/5 1011/524/5 1010/522/5
f 926/1405/5 1010/522/5 1009/520/5
f 925/1406/5 1009/520/5 1008/518/5
f 924/1407/5 1008/518/5 1007/516/5
f 923/1408/5 1007/516/5 1006/514/5
f 922/1409/5 1006/514/5 1005/512/5
f 921/1410/5 1005/512/5 1004/510/5
f 920/1411/5 1004/510/5 1002/506/5
f 919/1399/4 1003/508/4 1001/504/4
f 918/1412/5 1002/506/5 1000/507/5
f 917/1413/4 1001/504/4 999/500/4
f 916/1414/5 1000/507/5 998/502/5
f 915/1415/4 999/500/4 997/496/4
f 914/1416/5 998/502/5 996/498/5
f 913/1417/4 997/496/4 995/492/4
f 912/1418/5 996/498/5 994/494/5
f 911/1419/4 995/492/4 993/488/4
f 910/1420/5 994/494/5 992/490/5
f 909/1421/4 993/488/4 991/484/4
f 908/1422/5 992/490/5 990/486/5
f 907/1423/4 991/484/4 989/480/4
f 906/1424/5 990/486/5 988/482/5
f 905/1425/4 989/480/4 987/476/4
f 904/1426/5 988/482/5 986/478/5
f 903/1427/4 987/476/4 985/472/4
f 902/1428/5 986/478/5 984/474/5
f 901/1429/4 985/472/4 983/473/4
f 900/1430/5 984/474/5 982/470/5
f 899/1431/4 983/473/4 981/468/4
f 898/1432/5 982/470/5 1024/466/5
f 897/1433/4 981/468/4 979/464/4
f 896/1401/2 980/462/2 978/458/2
f 895/1434/4 979/464/4 977/460/4
f 894/1435/2 978/458/2 976/454/2
f 893/1436/4 977/460/4 975/456/4
f 892/1437/2 976/454/2 974/450/2
f 891/1438/4 975/456/4 973/452/4
f 890/1439/2 974/450/2 972/446/2
f 889/1440/4 973/452/4 971/448/4
f 888/1441/2 972/446/2 970/442/2
f 887/1442/4 971/448/4 969/444/4
f 886/1443/2 970/442/2 968/438/2
f 885/1444/4 969/444/4 967/440/4
f 884/1445/2 968/438/2 966/434/2
f 883/1446/4 967/440/4 965/436/4
f 882/1447/2 966/434/2 964/430/2
f 881/1448/4 965/436/4 1023/432/4
f 880/1449/2 964/430/2 962/425/2
f 879/1404/3 963/428/3 961/423/3
f 878/1450/2 962/425/2 1840/427/2
f 877/1451/3 961/423/3 959/419/3
f 876/1454/2 960/1247/2 958/421/2
f 875/1453/3 959/419/3 957/415/3
f 874/1455/2 958/421/2 956/417/2
f 873/1456/3 957/415/3 955/412/3
f 872/1457/2 956/417/2 954/414/2
f 871/1458/3 955/412/3 953/409/3
f 870/1459/2 954/414/2 952/411/2
f 869/1460/3 953/409/3 951/406/3
f 868/1461/2 952/411/2 950/408/2
f 867/1462/3 951/406/3 949/403/3
f 866/1463/2 950/408/2 948/405/2
f 865/1464/3 949/403/3 947/400/3
f 864/1465/2 948/405/2 946/402/2
f 863/1466/3 947/400/3 945/401/3
f 862/1467/2 946/402/2 944/399/2
f 861/1468/3 945/401/3 943/397/3
f 860/1469/2 944/399/2 942/396/2
f 859/1470/3 943/397/3 941/394/3
f 858/1471/2 942/396/2 1022/393/2
f 857/1472/3 941/394/3 1021/391/3
f 1037/1473/2 1038/1250/2 1815/690/2
f 1036/1475/2 1781/1484/19 1826/1476/2
f 1035/1478/2 1036/1475/2 1813/1477/2
f 1589/1480/2 1035/1478/2 1812/1479/2
f 1765/1243/2 721/1245/2 800/1364/2
f 1814/1474/2 1815/690/2 960/1247/2
f 1839/1452/2 1840/427/2 1038/1250/2
f 1838/1483/2 1849/1488/2 1781/1484/19
f 1837/1485/2 1838/1483/2 1036/1475/2
f 1845/1486/2 1837/1485/2 1035/1478/2
usemtl mat_grey02
f 853/1387/3 936/1389/3 852/1310/3
f 852/1310/3 935/1390/3 851/1311/3
f 851/1311/3 934/1391/3 850/1312/3
f 850/1312/3 933/1392/3 849/1313/3
f 849/1313/3 932/1393/3 848/1314/3
f 848/1314/3 931/1394/3 847/1315/3
f 847/1315/3 930/1395/3 846/1316/3
f 846/1316/3 929/1396/3 845/1317/3
f 845/1317/5 928/1397/5 844/1318/5
f 856/1352/4 919/1399/4 835/1319/4
f 855/1367/2 896/1401/2 812/1320/2
f 844/1318/5 927/1402/5 843/1321/5
f 854/1386/3 879/1404/3 796/1322/3
f 843/1321/5 926/1405/5 842/1323/5
f 842/1323/5 925/1406/5 841/1324/5
f 841/1324/5 924/1407/5 840/1325/5
f 840/1325/5 923/1408/5 839/1326/5
f 839/1326/5 922/1409/5 838/1327/5
f 838/1327/5 921/1410/5 837/1328/5
f 837/1328/5 920/1411/5 836/1329/5
f 836/1329/5 918/1412/5 834/1330/5
f 835/1319/4 917/1413/4 833/1331/4
f 834/1330/5 916/1414/5 832/1332/5
f 833/1331/4 915/1415/4 831/1333/4
f 832/1332/5 914/1416/5 830/1334/5
f 831/1333/4 913/1417/4 829/1335/4
f 830/1334/5 912/1418/5 828/1336/5
f 829/1335/4 911/1419/4 827/1337/4
f 828/1336/5 910/1420/5 826/1338/5
f 827/1337/4 909/1421/4 825/1339/4
f 826/1338/5 908/1422/5 824/1340/5
f 825/1339/4 907/1423/4 823/1341/4
f 824/1340/5 906/1424/5 822/1342/5
f 823/1341/4 905/1425/4 821/1343/4
f 822/1342/5 904/1426/5 820/1344/5
f 821/1343/4 903/1427/4 819/1345/4
f 820/1344/5 902/1428/5 818/1346/5
f 819/1345/4 901/1429/4 817/1347/4
f 818/1346/5 900/1430/5 816/1348/5
f 817/1347/4 899/1431/4 815/1349/4
f 816/1348/5 898/1432/5 814/1350/5
f 815/1349/4 897/1433/4 813/1351/4
f 814/1350/5 940/1398/5 856/1352/5
f 813/1351/4 895/1434/4 811/1353/4
f 812/1320/2 894/1435/2 810/1354/2
f 811/1353/4 893/1436/4 809/1355/4
f 810/1354/2 892/1437/2 808/1356/2
f 809/1355/4 891/1438/4 807/1357/4
f 808/1356/2 890/1439/2 806/1358/2
f 807/1357/4 889/1440/4 805/1359/4
f 806/1358/2 888/1441/2 804/1360/2
f 805/1359/4 887/1442/4 803/1361/4
f 804/1360/2 886/1443/2 802/1362/2
f 803/1361/4 885/1444/4 801/1363/4
f 802/1362/2 884/1445/2 800/1364/2
f 801/1363/4 883/1446/4 799/1365/4
f 799/1365/4 881/1448/4 798/1366/4
f 798/1366/4 939/1400/4 855/1367/4
f 796/1322/3 877/1451/3 794/1368/3
f 794/1368/3 875/1453/3 792/1369/3
f 792/1369/3 873/1456/3 790/1370/3
f 790/1370/3 871/1458/3 789/1371/3
f 1774/1489/2 872/1457/2 870/1459/2
f 789/1371/3 869/1460/3 787/1373/3
f 788/1372/2 868/1461/2 786/1374/2
f 787/1373/3 867/1462/3 785/1375/3
f 786/1374/2 866/1463/2 784/1376/2
f 785/1375/3 865/1464/3 783/1377/3
f 784/1376/2 864/1465/2 782/1378/2
f 783/1377/3 863/1466/3 781/1379/3
f 782/1378/2 862/1467/2 780/1380/2
f 781/1379/3 861/1468/3 779/1381/3
f 780/1380/2 860/1469/2 778/1382/2
f 779/1381/3 859/1470/3 777/1383/3
f 778/1382/2 858/1471/2 776/1384/2
f 777/1383/3 857/1472/3 775/1385/3
f 776/1384/2 938/1403/2 854/1386/2
f 775/1385/3 937/1388/3 853/1387/3
f 1646/1205/2 1824/1490/2 1823/1206/2
f 1606/1202/3 1675/1491/3 1605/1204/3
f 1636/1201/2 1676/1492/2 1591/1203/2
f 1607/1200/3 1679/1493/3 1606/1202/3
f 1637/1199/2 1680/1494/2 1636/1201/2
f 1608/1198/3 1681/1495/3 1607/1200/3
f 1638/1197/2 1682/1496/2 1637/1199/2
f 1609/1196/3 1683/1497/3 1608/1198/3
f 1639/1195/2 1684/1498/2 1638/1197/2
f 1610/1194/3 1685/1499/3 1609/1196/3
f 1640/1193/2 1686/1500/2 1639/1195/2
f 1611/1192/3 1687/1501/3 1610/1194/3
f 1641/1191/2 1688/1502/2 1640/1193/2
f 1612/1190/3 1689/1503/3 1611/1192/3
f 1798/1504/2 1796/1505/2 1690/1506/2
f 1613/1188/3 1691/1507/3 1612/1190/3
f 1693/1508/2 1801/1509/2 1802/1510/2
f 1614/1186/3 1692/1511/3 1613/1188/3
f 1644/1185/2 1693/1508/2 1643/1187/2
f 1615/1183/3 1694/1512/3 1614/1186/3
f 1645/1184/2 1695/1513/2 1644/1185/2
f 1616/1181/3 1696/1514/3 1615/1183/3
f 1647/1180/2 1847/1515/2 1846/1182/2
f 1590/1227/3 1698/1516/3 1616/1181/3
f 1648/1178/2 1699/1517/2 1647/1180/2
f 1617/1177/4 1677/1518/4 1593/1179/4
f 1649/1176/2 1701/1519/2 1648/1178/2
f 1618/1175/4 1702/1520/4 1617/1177/4
f 1649/1176/2 1795/1521/2 1703/1522/2
f 1619/1173/4 1704/1523/4 1618/1175/4
f 1706/1524/2 1786/1525/2 1787/1526/2
f 1620/1171/4 1705/1527/4 1619/1173/4
f 1652/1170/2 1706/1524/2 1651/1172/2
f 1621/1169/4 1707/1528/4 1620/1171/4
f 1653/1168/2 1708/1529/2 1652/1170/2
f 1622/1167/4 1709/1530/4 1621/1169/4
f 1654/1166/2 1710/1531/2 1653/1168/2
f 1623/1165/4 1711/1532/4 1622/1167/4
f 1655/1164/2 1712/1533/2 1654/1166/2
f 1624/1163/4 1713/1534/4 1623/1165/4
f 1592/1229/2 1714/1535/2 1655/1164/2
f 1625/1160/4 1715/1536/4 1624/1163/4
f 1656/1159/5 1678/1537/5 1595/1162/5
f 1626/1158/4 1717/1538/4 1625/1160/4
f 1657/1157/5 1718/1539/5 1656/1159/5
f 1627/1156/4 1719/1540/4 1626/1158/4
f 1658/1155/5 1720/1541/5 1657/1157/5
f 1628/1154/4 1721/1542/4 1627/1156/4
f 1659/1153/5 1722/1543/5 1658/1155/5
f 1629/1207/4 1723/1544/4 1628/1154/4
f 1660/1152/5 1724/1545/5 1659/1153/5
f 1630/1209/4 1725/1546/4 1629/1207/4
f 1661/1208/5 1726/1547/5 1660/1152/5
f 1631/1211/4 1727/1548/4 1630/1209/4
f 1662/1210/5 1728/1549/5 1661/1208/5
f 1632/1213/4 1729/1550/4 1631/1211/4
f 1663/1212/5 1730/1551/5 1662/1210/5
f 1633/1215/4 1731/1552/4 1632/1213/4
f 1664/1214/5 1732/1553/5 1663/1212/5
f 1634/1217/4 1733/1554/4 1633/1215/4
f 1665/1216/5 1734/1555/5 1664/1214/5
f 1635/1218/4 1735/1556/4 1634/1217/4
f 1666/1219/5 1736/1557/5 1665/1216/5
f 1594/1230/4 1737/1558/4 1635/1218/4
f 1667/1220/5 1738/1559/5 1666/1219/5
f 1668/1221/5 1740/1560/5 1667/1220/5
f 1669/1222/5 1741/1561/5 1668/1221/5
f 1670/1223/5 1742/1562/5 1669/1222/5
f 1671/1224/5 1743/1563/5 1670/1223/5
f 1672/1225/5 1744/1564/5 1671/1224/5
f 1673/1226/5 1745/1565/5 1672/1225/5
f 1674/1228/5 1746/1566/5 1673/1226/5
f 1591/1203/3 1700/1567/3 1590/1227/3
f 1596/1231/5 1747/1568/5 1674/1228/5
f 1593/1179/2 1716/1569/2 1592/1229/2
f 1595/1162/4 1739/1570/4 1594/1230/4
f 1597/1233/5 1748/1571/5 1596/1231/5
f 1598/1232/3 1749/1572/3 1597/1233/3
f 1599/1234/3 1750/1573/3 1598/1232/3
f 1600/1235/3 1751/1574/3 1599/1234/3
f 1601/1236/3 1752/1575/3 1600/1235/3
f 1602/1237/3 1753/1576/3 1601/1236/3
f 1603/1238/3 1754/1577/3 1602/1237/3
f 1604/1239/3 1755/1578/3 1603/1238/3
f 1605/1204/3 1756/1579/3 1604/1239/3
f 1761/1580/20 874/1455/2 872/1457/2
f 884/1445/2 1762/1581/2 800/1364/2
f 1760/1582/2 874/1455/2 1759/1583/20
f 1768/1584/20 878/1450/2 1769/1585/2
f 1769/1585/2 1839/1452/2 1848/1586/2
f 1763/1587/20 882/1447/2 880/1449/2
f 1758/1588/21 1814/1474/2 1825/1589/21
f 1825/1589/21 876/1454/2 1760/1582/2
f 1823/1206/2 1697/1590/2 1645/1184/2
f 1848/1586/2 1037/1473/2 1758/1588/21
f 1846/1182/2 1757/1591/2 1646/1205/2
f 853/1387/3 937/1388/3 936/1389/3
f 852/1310/3 936/1389/3 935/1390/3
f 851/1311/3 935/1390/3 934/1391/3
f 850/1312/3 934/1391/3 933/1392/3
f 849/1313/3 933/1392/3 932/1393/3
f 848/1314/3 932/1393/3 931/1394/3
f 847/1315/3 931/1394/3 930/1395/3
f 846/1316/3 930/1395/3 929/1396/3
f 845/1317/5 929/1396/5 928/1397/5
f 856/1352/4 940/1398/4 919/1399/4
f 855/1367/2 939/1400/2 896/1401/2
f 844/1318/5 928/1397/5 927/1402/5
f 854/1386/3 938/1403/3 879/1404/3
f 843/1321/5 927/1402/5 926/1405/5
f 842/1323/5 926/1405/5 925/1406/5
f 841/1324/5 925/1406/5 924/1407/5
f 840/1325/5 924/1407/5 923/1408/5
f 839/1326/5 923/1408/5 922/1409/5
f 838/1327/5 922/1409/5 921/1410/5
f 837/1328/5 921/1410/5 920/1411/5
f 836/1329/5 920/1411/5 918/1412/5
f 835/1319/4 919/1399/4 917/1413/4
f 834/1330/5 918/1412/5 916/1414/5
f 833/1331/4 917/1413/4 915/1415/4
f 832/1332/5 916/1414/5 914/1416/5
f 831/1333/4 915/1415/4 913/1417/4
f 830/1334/5 914/1416/5 912/1418/5
f 829/1335/4 913/1417/4 911/1419/4
f 828/1336/5 912/1418/5 910/1420/5
f 827/1337/4 911/1419/4 909/1421/4
f 826/1338/5 910/1420/5 908/1422/5
f 825/1339/4 909/1421/4 907/1423/4
f 824/1340/5 908/1422/5 906/1424/5
f 823/1341/4 907/1423/4 905/1425/4
f 822/1342/5 906/1424/5 904/1426/5
f 821/1343/4 905/1425/4 903/1427/4
f 820/1344/5 904/1426/5 902/1428/5
f 819/1345/4 903/1427/4 901/1429/4
f 818/1346/5 902/1428/5 900/1430/5
f 817/1347/4 901/1429/4 899/1431/4
f 816/1348/5 900/1430/5 898/1432/5
f 815/1349/4 899/1431/4 897/1433/4
f 814/1350/5 898/1432/5 940/1398/5
f 813/1351/4 897/1433/4 895/1434/4
f 812/1320/2 896/1401/2 894/1435/2
f 811/1353/4 895/1434/4 893/1436/4
f 810/1354/2 894/1435/2 892/1437/2
f 809/1355/4 893/1436/4 891/1438/4
f 808/1356/2 892/1437/2 890/1439/2
f 807/1357/4 891/1438/4 889/1440/4
f 806/1358/2 890/1439/2 888/1441/2
f 805/1359/4 889/1440/4 887/1442/4
f 804/1360/2 888/1441/2 886/1443/2
f 803/1361/4 887/1442/4 885/1444/4
f 802/1362/2 886/1443/2 884/1445/2
f 801/1363/4 885/1444/4 883/1446/4
f 799/1365/4 883/1446/4 881/1448/4
f 798/1366/4 881/1448/4 939/1400/4
f 796/1322/3 879/1404/3 877/1451/3
f 794/1368/3 877/1451/3 875/1453/3
f 792/1369/3 875/1453/3 873/1456/3
f 790/1370/3 873/1456/3 871/1458/3
f 870/1459/2 788/1372/2 1774/1489/2
f 788/1372/2 1770/1487/2 1774/1489/2
f 789/1371/3 871/1458/3 869/1460/3
f 788/1372/2 870/1459/2 868/1461/2
f 787/1373/3 869/1460/3 867/1462/3
f 786/1374/2 868/1461/2 866/1463/2
f 785/1375/3 867/1462/3 865/1464/3
f 784/1376/2 866/1463/2 864/1465/2
f 783/1377/3 865/1464/3 863/1466/3
f 782/1378/2 864/1465/2 862/1467/2
f 781/1379/3 863/1466/3 861/1468/3
f 780/1380/2 862/1467/2 860/1469/2
f 779/1381/3 861/1468/3 859/1470/3
f 778/1382/2 860/1469/2 858/1471/2
f 777/1383/3 859/1470/3 857/1472/3
f 776/1384/2 858/1471/2 938/1403/2
f 775/1385/3 857/1472/3 937/1388/3
f 1646/1205/2 1757/1591/2 1824/1490/2
f 1606/1202/3 1679/1493/3 1675/1491/3
f 1636/1201/2 1680/1494/2 1676/1492/2
f 1607/1200/3 1681/1495/3 1679/1493/3
f 1637/1199/2 1682/1496/2 1680/1494/2
f 1608/1198/3 1683/1497/3 1681/1495/3
f 1638/1197/2 1684/1498/2 1682/1496/2
f 1609/1196/3 1685/1499/3 1683/1497/3
f 1639/1195/2 1686/1500/2 1684/1498/2
f 1610/1194/3 1687/1501/3 1685/1499/3
f 1640/1193/2 1688/1502/2 1686/1500/2
f 1611/1192/3 1689/1503/3 1687/1501/3
f 1641/1191/2 1690/1506/2 1688/1502/2
f 1612/1190/3 1691/1507/3 1689/1503/3
f 1690/1506/2 1641/1191/2 1798/1504/2
f 1641/1191/2 1642/1189/2 1798/1504/2
f 1642/1189/2 1803/1592/2 1798/1504/2
f 1613/1188/3 1692/1511/3 1691/1507/3
f 1803/1592/2 1642/1189/2 1802/1510/2
f 1642/1189/2 1643/1187/2 1802/1510/2
f 1643/1187/2 1693/1508/2 1802/1510/2
f 1614/1186/3 1694/1512/3 1692/1511/3
f 1644/1185/2 1695/1513/2 1693/1508/2
f 1615/1183/3 1696/1514/3 1694/1512/3
f 1645/1184/2 1697/1590/2 1695/1513/2
f 1616/1181/3 1698/1516/3 1696/1514/3
f 1647/1180/2 1699/1517/2 1847/1515/2
f 1590/1227/3 1700/1567/3 1698/1516/3
f 1648/1178/2 1701/1519/2 1699/1517/2
f 1617/1177/4 1702/1520/4 1677/1518/4
f 1649/1176/2 1703/1522/2 1701/1519/2
f 1618/1175/4 1704/1523/4 1702/1520/4
f 1649/1176/2 1650/1174/2 1795/1521/2
f 1650/1174/2 1799/1593/2 1795/1521/2
f 1795/1521/2 1793/1594/2 1703/1522/2
f 1619/1173/4 1705/1527/4 1704/1523/4
f 1799/1593/2 1650/1174/2 1787/1526/2
f 1650/1174/2 1651/1172/2 1787/1526/2
f 1651/1172/2 1706/1524/2 1787/1526/2
f 1620/1171/4 1707/1528/4 1705/1527/4
f 1652/1170/2 1708/1529/2 1706/1524/2
f 1621/1169/4 1709/1530/4 1707/1528/4
f 1653/1168/2 1710/1531/2 1708/1529/2
f 1622/1167/4 1711/1532/4 1709/1530/4
f 1654/1166/2 1712/1533/2 1710/1531/2
f 1623/1165/4 1713/1534/4 1711/1532/4
f 1655/1164/2 1714/1535/2 1712/1533/2
f 1624/1163/4 1715/1536/4 1713/1534/4
f 1592/1229/2 1716/1569/2 1714/1535/2
f 1625/1160/4 1717/1538/4 1715/1536/4
f 1656/1159/5 1718/1539/5 1678/1537/5
f 1626/1158/4 1719/1540/4 1717/1538/4
f 1657/1157/5 1720/1541/5 1718/1539/5
f 1627/1156/4 1721/1542/4 1719/1540/4
f 1658/1155/5 1722/1543/5 1720/1541/5
f 1628/1154/4 1723/1544/4 1721/1542/4
f 1659/1153/5 1724/1545/5 1722/1543/5
f 1629/1207/4 1725/1546/4 1723/1544/4
f 1660/1152/5 1726/1547/5 1724/1545/5
f 1630/1209/4 1727/1548/4 1725/1546/4
f 1661/1208/5 1728/1549/5 1726/1547/5
f 1631/1211/4 1729/1550/4 1727/1548/4
f 1662/1210/5 1730/1551/5 1728/1549/5
f 1632/1213/4 1731/1552/4 1729/1550/4
f 1663/1212/5 1732/1553/5 1730/1551/5
f 1633/1215/4 1733/1554/4 1731/1552/4
f 1664/1214/5 1734/1555/5 1732/1553/5
f 1634/1217/4 1735/1556/4 1733/1554/4
f 1665/1216/5 1736/1557/5 1734/1555/5
f 1635/1218/4 1737/1558/4 1735/1556/4
f 1666/1219/5 1738/1559/5 1736/1557/5
f 1594/1230/4 1739/1570/4 1737/1558/4
f 1667/1220/5 1740/1560/5 1738/1559/5
f 1668/1221/5 1741/1561/5 1740/1560/5
f 1669/1222/5 1742/1562/5 1741/1561/5
f 1670/1223/5 1743/1563/5 1742/1562/5
f 1671/1224/5 1744/1564/5 1743/1563/5
f 1672/1225/5 1745/1565/5 1744/1564/5
f 1673/1226/5 1746/1566/5 1745/1565/5
f 1674/1228/5 1747/1568/5 1746/1566/5
f 1591/1203/3 1676/1492/3 1700/1567/3
f 1596/1231/5 1748/1571/5 1747/1568/5
f 1593/1179/2 1677/1518/2 1716/1569/2
f 1595/1162/4 1678/1537/4 1739/1570/4
f 1597/1233/5 1749/1572/5 1748/1571/5
f 1598/1232/3 1750/1573/3 1749/1572/3
f 1599/1234/3 1751/1574/3 1750/1573/3
f 1600/1235/3 1752/1575/3 1751/1574/3
f 1601/1236/3 1753/1576/3 1752/1575/3
f 1602/1237/3 1754/1577/3 1753/1576/3
f 1603/1238/3 1755/1578/3 1754/1577/3
f 1604/1239/3 1756/1579/3 1755/1578/3
f 1605/1204/3 1675/1491/3 1756/1579/3
f 872/1457/2 1774/1489/2 1761/1580/20
f 1761/1580/20 1759/1583/20 874/1455/2
f 882/1447/2 1762/1581/2 884/1445/2
f 1762/1581/2 1764/1482/2 800/1364/2
f 1760/1582/2 876/1454/2 874/1455/2
f 1768/1584/20 880/1449/2 878/1450/2
f 1769/1585/2 878/1450/2 1839/1452/2
f 880/1449/2 1768/1584/20 1763/1587/20
f 1763/1587/20 1762/1581/2 882/1447/2
f 1758/1588/21 1037/1473/2 1814/1474/2
f 1825/1589/21 1814/1474/2 876/1454/2
f 1823/1206/2 1824/1490/2 1697/1590/2
f 1848/1586/2 1839/1452/2 1037/1473/2
f 1846/1182/2 1847/1515/2 1757/1591/2
usemtl mat_grey03
f 2/1595/5 7/1596/5 8/1597/5
f 7/1596/5 3/1598/5 9/1599/5
f 5/1600/5 10/1601/5 11/1602/5
f 4/1603/5 12/1604/5 10/1601/5
f 6/1605/5 8/1597/5 12/1604/5
f 690/1606/22 1311/943/22 1312/941/22
f 531/1607/10 539/1608/10 532/1609/10
f 532/1609/10 330/1610/10 331/1611/10
f 323/1612/23 1272/1110/23 324/1613/23
f 533/1614/10 541/1615/10 534/1616/10
f 534/1616/10 542/1617/10 535/1618/10
f 342/1619/23 1290/909/23 1190/910/23
f 689/1620/22 1310/948/22 1311/943/22
f 539/1608/10 545/1621/10 546/1622/10
f 330/1610/10 546/1622/10 329/1623/10
f 589/1624/24 1106/851/24 1100/850/24
f 540/1625/10 548/1626/10 541/1615/10
f 541/1615/10 549/1627/10 542/1617/10
f 209/1628/24 1186/865/24 182/1629/24
f 688/1630/22 1309/946/22 1310/948/22
f 546/1622/10 552/1631/10 553/1632/10
f 329/1623/10 553/1632/10 328/1633/10
f 687/1634/22 1308/952/22 1309/946/22
f 547/1635/10 555/1636/10 548/1626/10
f 548/1626/10 556/1637/10 549/1627/10
f 591/1638/4 1103/763/4 584/1639/4
f 686/1640/22 1307/950/22 1308/952/22
f 553/1632/10 559/1641/10 560/1642/10
f 328/1633/10 560/1642/10 327/1643/10
f 585/1644/3 1098/764/3 592/1645/3
f 554/1646/10 562/1647/10 555/1636/10
f 555/1636/10 563/1648/10 556/1637/10
f 241/1649/25 1205/713/25 1206/933/25
f 685/1650/22 1306/956/22 1307/950/22
f 559/1641/10 567/1651/10 560/1642/10
f 327/1643/10 567/1651/10 326/1652/10
f 593/1653/4 1101/1145/4 586/1654/4
f 561/1655/10 569/1656/10 562/1647/10
f 562/1647/10 570/1657/10 563/1648/10
f 232/1658/25 1204/1119/25 1205/713/25
f 683/1659/22 1306/956/22 684/1660/22
f 567/1651/10 573/1661/10 574/1662/10
f 326/1652/10 574/1662/10 325/1663/10
f 587/1664/3 1096/768/3 594/1665/3
f 568/1666/10 576/1667/10 569/1656/10
f 569/1656/10 577/1668/10 570/1657/10
f 231/1669/25 1203/759/25 1204/1119/25
f 682/1670/22 1305/954/22 683/1659/22
f 573/1661/10 581/1671/10 574/1662/10
f 574/1662/10 324/1613/10 325/1663/10
f 230/1672/25 1202/757/25 1203/759/25
f 575/1673/10 583/1674/10 576/1667/10
f 576/1667/10 584/1639/10 577/1668/10
f 681/1675/22 1304/959/22 682/1670/22
f 322/1676/23 1270/1109/23 323/1612/23
f 580/1677/10 588/1678/10 581/1671/10
f 324/1613/10 588/1678/10 323/1612/10
f 229/1679/25 1200/787/25 1202/757/25
f 582/1680/10 590/1681/10 583/1674/10
f 583/1674/10 591/1638/10 584/1639/10
f 680/1682/22 1303/957/22 681/1675/22
f 596/1683/24 1100/850/24 1094/847/24
f 588/1678/10 594/1665/10 595/1684/10
f 323/1612/10 595/1684/10 322/1676/10
f 228/1685/25 1201/785/25 1200/787/25
f 589/1624/10 597/1686/10 590/1681/10
f 590/1681/10 598/1687/10 591/1638/10
f 679/1688/22 1302/963/22 680/1682/22
f 226/1689/25 1820/975/25 1811/1690/25
f 595/1684/10 601/1691/10 602/1692/10
f 322/1676/10 602/1692/10 321/1693/10
f 678/1694/22 1301/961/22 679/1688/22
f 596/1683/10 604/1695/10 597/1686/10
f 597/1686/10 605/1696/10 598/1687/10
f 598/1687/4 1097/1136/4 591/1638/4
f 225/1697/25 1198/812/25 226/1689/25
f 602/1692/10 608/1698/10 609/1699/10
f 321/1693/10 609/1699/10 312/1700/10
f 639/1701/5 1056/1256/5 638/1702/5
f 603/1703/10 611/1704/10 604/1695/10
f 604/1695/10 612/1705/10 605/1696/10
f 677/1706/22 1300/968/22 678/1694/22
f 592/1645/3 1092/780/3 599/1707/3
f 609/1699/10 615/1708/10 616/1709/10
f 312/1700/10 616/1709/10 311/1710/10
f 224/1711/25 1197/810/25 225/1697/25
f 610/1712/10 618/1713/10 611/1704/10
f 611/1704/10 619/1714/10 612/1705/10
f 640/1715/5 1055/800/5 639/1701/5
f 676/1716/22 1299/966/22 677/1706/22
f 615/1708/10 635/1717/10 616/1709/10
f 311/1710/10 635/1717/10 310/1718/10
f 600/1719/4 1095/767/4 593/1653/4
f 617/1720/10 637/1721/10 618/1713/10
f 618/1713/10 638/1702/10 619/1714/10
f 223/1722/25 1196/858/25 224/1711/25
f 641/1723/5 1054/729/5 640/1715/5
f 675/1724/22 1298/969/22 676/1716/22
f 594/1665/3 1090/783/3 601/1691/3
f 222/1725/25 1195/1105/25 223/1722/25
f 642/1726/5 1053/727/5 641/1723/5
f 506/1727/2 1173/888/2 507/1728/2
f 674/1729/22 1297/971/22 675/1724/22
f 221/1730/25 1194/725/25 222/1725/25
f 643/1731/5 1052/762/5 642/1726/5
f 507/1728/2 1172/882/2 508/1732/2
f 321/1693/23 1268/770/23 322/1676/23
f 644/1733/5 1051/760/5 643/1731/5
f 508/1732/2 1171/884/2 509/1734/2
f 603/1703/24 1094/847/24 1088/846/24
f 634/1735/10 654/1736/10 635/1717/10
f 310/1718/10 654/1736/10 309/1737/10
f 645/1738/5 1050/790/5 644/1733/5
f 636/1739/10 656/1740/10 637/1721/10
f 637/1721/10 657/1741/10 638/1702/10
f 638/1702/10 658/1742/10 639/1701/10
f 639/1701/10 659/1743/10 640/1715/10
f 640/1715/10 660/1744/10 641/1723/10
f 641/1723/10 661/1745/10 642/1726/10
f 642/1726/10 662/1746/10 643/1731/10
f 643/1731/10 663/1747/10 644/1733/10
f 644/1733/10 664/1748/10 645/1738/10
f 645/1738/10 665/1749/10 646/1750/10
f 646/1750/10 666/1751/10 647/1752/10
f 647/1752/10 667/1753/10 648/1754/10
f 648/1754/10 668/1755/10 649/1756/10
f 649/1756/10 669/1757/10 650/1758/10
f 650/1758/10 670/1759/10 651/1760/10
f 651/1760/10 671/1761/10 652/1762/10
f 652/1762/10 672/1763/10 653/1764/10
f 653/1764/10 673/1765/10 654/1736/10
f 309/1737/10 673/1765/10 308/1766/10
f 509/1734/2 1170/879/2 510/1767/2
f 655/1768/10 675/1724/10 656/1740/10
f 656/1740/10 676/1716/10 657/1741/10
f 657/1741/10 677/1706/10 658/1742/10
f 658/1742/10 678/1694/10 659/1743/10
f 659/1743/10 679/1688/10 660/1744/10
f 660/1744/10 680/1682/10 661/1745/10
f 661/1745/10 681/1675/10 662/1746/10
f 662/1746/10 682/1670/10 663/1747/10
f 663/1747/10 683/1659/10 664/1748/10
f 664/1748/10 684/1660/10 665/1749/10
f 665/1749/10 685/1650/10 666/1751/10
f 666/1751/10 686/1640/10 667/1753/10
f 667/1753/10 687/1634/10 668/1755/10
f 668/1755/10 688/1630/10 669/1757/10
f 669/1757/10 689/1620/10 670/1759/10
f 670/1759/10 690/1606/10 671/1761/10
f 671/1761/10 691/1769/10 672/1763/10
f 672/1763/10 692/1770/10 673/1765/10
f 673/1765/10 307/1771/10 308/1766/10
f 646/1750/5 1049/788/5 645/1738/5
f 510/1767/2 1168/877/2 511/1772/2
f 605/1696/4 1091/778/4 598/1687/4
f 511/1772/2 1169/878/2 512/1773/2
f 599/1707/3 1086/779/3 606/1774/3
f 341/1775/23 1288/908/23 1290/909/23
f 607/1776/4 1089/781/4 600/1719/4
f 182/1629/24 1167/863/24 514/1777/24
f 601/1691/3 1084/782/3 608/1698/3
f 516/1778/4 1184/906/4 497/1779/4
f 312/1700/23 1266/784/23 321/1693/23
f 212/1780/25 1193/742/25 221/1730/25
f 610/1712/24 1088/846/24 1082/841/24
f 211/1781/25 1192/913/25 212/1780/25
f 210/1782/25 1191/912/25 211/1781/25
f 647/1752/5 1048/814/5 646/1750/5
f 518/1783/5 1164/874/5 517/1784/5
f 612/1705/4 1085/1116/4 605/1696/4
f 342/1619/25 1189/911/25 210/1782/25
f 648/1754/5 1047/816/5 647/1752/5
f 606/1774/3 1080/795/3 613/1785/3
f 649/1756/5 1046/819/5 648/1754/5
f 614/1786/4 1083/1113/4 607/1776/4
f 515/1787/10 535/1618/10 516/1778/10
f 514/1777/10 534/1616/10 515/1787/10
f 650/1758/5 1045/880/5 649/1756/5
f 513/1788/10 331/1611/10 332/1789/10
f 512/1773/10 532/1609/10 513/1788/10
f 608/1698/3 1078/798/3 615/1708/3
f 651/1760/5 1044/823/5 650/1758/5
f 652/1762/5 1043/922/5 651/1760/5
f 311/1710/23 1264/730/23 312/1700/23
f 653/1764/5 1041/827/5 652/1762/5
f 617/1720/24 1082/841/24 1076/839/24
f 519/1790/5 1163/904/5 518/1783/5
f 619/1714/4 1079/793/4 612/1705/4
f 181/1791/10 516/1778/10 497/1779/10
f 182/1629/10 515/1787/10 181/1791/10
f 183/1792/10 332/1789/10 341/1775/10
f 184/1793/10 513/1788/10 183/1792/10
f 185/1794/10 512/1773/10 184/1793/10
f 186/1795/10 511/1772/10 185/1794/10
f 187/1796/10 510/1767/10 186/1795/10
f 188/1797/10 509/1734/10 187/1796/10
f 189/1798/10 508/1732/10 188/1797/10
f 190/1799/10 507/1728/10 189/1798/10
f 191/1800/10 506/1727/10 190/1799/10
f 192/1801/10 1834/1802/10 1835/1803/10
f 201/1804/10 504/1805/10 192/1801/10
f 202/1806/10 503/1807/10 201/1804/10
f 203/1808/10 502/1809/10 202/1806/10
f 204/1810/10 501/1811/10 203/1808/10
f 205/1812/10 500/1813/10 204/1810/10
f 206/1814/10 499/1815/10 205/1812/10
f 207/1816/10 498/1817/10 206/1814/10
f 208/1818/10 497/1779/10 207/1816/10
f 209/1628/10 181/1791/10 208/1818/10
f 520/1819/5 1162/1132/5 519/1790/5
f 210/1782/10 341/1775/10 342/1619/10
f 211/1781/10 183/1792/10 210/1782/10
f 212/1780/10 184/1793/10 211/1781/10
f 221/1730/10 185/1794/10 212/1780/10
f 222/1725/10 186/1795/10 221/1730/10
f 223/1722/10 187/1796/10 222/1725/10
f 224/1711/10 188/1797/10 223/1722/10
f 225/1697/10 189/1798/10 224/1711/10
f 226/1689/10 190/1799/10 225/1697/10
f 227/1820/10 1835/1803/10 1836/1821/10
f 228/1685/10 192/1801/10 227/1820/10
f 229/1679/10 201/1804/10 228/1685/10
f 230/1672/10 202/1806/10 229/1679/10
f 231/1669/10 203/1808/10 230/1672/10
f 232/1658/10 204/1810/10 231/1669/10
f 241/1649/10 205/1812/10 232/1658/10
f 242/1822/10 206/1814/10 241/1649/10
f 243/1823/10 207/1816/10 242/1822/10
f 244/1824/10 208/1818/10 243/1823/10
f 613/1785/3 1073/794/3 620/1825/3
f 521/1826/5 1161/900/5 520/1819/5
f 633/1827/4 1077/796/4 614/1786/4
f 1836/1821/25 1199/974/25 1844/920/25
f 522/1828/5 1160/1129/5 521/1826/5
f 615/1708/3 1060/797/3 634/1735/3
f 512/1773/3 1150/703/3 531/1607/3
f 523/1829/5 1158/896/5 522/1828/5
f 504/1805/2 1843/893/2 1834/1802/2
f 524/1830/5 1818/977/5 1808/1831/5
f 310/1718/23 1262/746/23 311/1710/23
f 332/1789/23 1286/876/23 1288/908/23
f 1030/1832/5 1842/892/5 1833/1833/5
f 525/1834/5 1156/1123/5 524/1830/5
f 636/1739/24 1076/839/24 1058/837/24
f 514/1777/24 1148/862/24 533/1614/24
f 526/1835/5 1155/1121/5 525/1834/5
f 527/1836/5 1154/887/5 526/1835/5
f 638/1702/4 1074/799/4 619/1714/4
f 535/1618/4 1165/872/4 516/1778/4
f 528/1837/5 1153/1117/5 527/1836/5
f 517/1784/3 1146/873/3 536/1838/3
f 529/1839/5 1152/883/5 528/1837/5
f 537/1840/4 1149/701/4 530/1841/4
f 530/1841/5 1151/1114/5 529/1839/5
f 531/1607/3 1144/702/3 538/1842/3
f 331/1611/23 1284/705/23 1286/876/23
f 161/257/5 517/1784/5 160/226/5
f 400/130/3 620/1825/3 420/121/3
f 162/255/5 518/1783/5 161/257/5
f 163/253/5 519/1790/5 162/255/5
f 213/208/4 537/1840/4 193/216/4
f 164/251/5 520/1819/5 163/253/5
f 420/121/2 621/1843/2 421/120/2
f 165/249/5 521/1826/5 164/251/5
f 421/120/2 622/1844/2 422/119/2
f 313/168/4 572/1845/4 293/176/4
f 422/119/2 623/1846/2 423/118/2
f 166/247/5 522/1828/5 165/249/5
f 423/118/2 624/1847/2 424/117/2
f 167/1246/5 1808/1831/5 1807/699/5
f 240/194/3 564/1848/3 260/186/3
f 424/117/2 625/1849/2 425/116/2
f 168/242/5 524/1830/5 167/1246/5
f 413/128/4 607/1776/4 393/136/4
f 425/116/2 626/1850/2 426/115/2
f 169/240/5 525/1834/5 168/242/5
f 426/115/2 627/1851/2 427/114/2
f 170/238/5 526/1835/5 169/240/5
f 340/154/3 599/1707/3 360/146/3
f 427/114/2 628/1852/2 428/113/2
f 171/236/5 527/1836/5 170/238/5
f 428/113/2 629/1853/2 429/112/2
f 172/234/5 528/1837/5 171/236/5
f 429/112/2 630/1854/2 430/111/2
f 173/224/5 529/1839/5 172/234/5
f 430/111/2 631/1855/2 431/110/2
f 253/192/4 551/1856/4 233/200/4
f 431/110/2 632/1857/2 432/109/2
f 432/109/2 633/1827/2 433/108/2
f 180/218/3 543/1858/3 200/210/3
f 353/152/4 586/1654/4 333/160/4
f 280/178/3 578/1859/3 300/170/3
f 380/138/3 613/1785/3 400/130/3
f 193/216/4 530/1841/4 173/224/4
f 293/176/4 565/1860/4 273/184/4
f 220/202/3 557/1861/3 240/194/3
f 393/136/4 600/1719/4 373/144/4
f 320/162/3 592/1645/3 340/154/3
f 233/200/4 544/1862/4 213/208/4
f 160/226/3 536/1838/3 180/218/3
f 333/160/4 579/1863/4 313/168/4
f 260/186/3 571/1864/3 280/178/3
f 433/108/4 614/1786/4 413/128/4
f 360/146/3 606/1774/3 380/138/3
f 273/184/4 558/1865/4 253/192/4
f 200/210/3 550/1866/3 220/202/3
f 373/144/4 593/1653/4 353/152/4
f 300/170/3 585/1644/3 320/162/3
f 1029/1251/5 1833/1833/5 1832/244/5
f 1033/1867/10 1810/1868/10 1811/1690/10
f 1032/1869/10 1809/1870/10 1810/1868/10
f 533/1614/24 1142/707/24 540/1625/24
f 691/1769/22 1312/941/22 1313/939/22
f 580/1677/3 1102/766/3 587/1664/3
f 692/1770/22 1313/939/22 1314/938/22
f 632/1857/2 1059/828/2 633/1827/2
f 586/1654/4 1107/1146/4 579/1863/4
f 307/1771/22 1314/938/22 1254/937/22
f 631/1855/2 1061/826/2 632/1857/2
f 578/1859/3 1104/765/3 585/1644/3
f 307/1771/26 1256/832/23 308/1766/23
f 630/1854/2 1062/824/2 631/1855/2
f 242/1822/25 1206/933/25 1207/935/25
f 584/1639/4 1109/1147/4 577/1668/4
f 629/1853/2 1063/822/2 630/1854/2
f 243/1823/25 1207/935/25 1208/936/25
f 628/1852/2 1064/820/2 629/1853/2
f 244/1824/25 1208/936/25 1209/869/25
f 582/1680/24 1112/854/24 1106/851/24
f 627/1851/2 1065/818/2 628/1852/2
f 324/1613/23 1274/753/23 325/1663/23
f 626/1850/2 1066/815/2 627/1851/2
f 625/1849/2 1067/813/2 626/1850/2
f 573/1661/3 1108/751/3 580/1677/3
f 624/1847/2 1068/809/2 625/1849/2
f 579/1863/4 1113/750/4 572/1845/4
f 623/1846/2 1069/808/2 624/1847/2
f 571/1864/3 1110/748/3 578/1859/3
f 622/1844/2 1070/804/2 623/1846/2
f 577/1668/4 1115/747/4 570/1657/4
f 621/1843/2 1071/803/2 622/1844/2
f 575/1673/24 1118/844/24 1112/854/24
f 326/1652/23 1274/753/23 1276/965/23
f 566/1871/3 1114/752/3 573/1661/3
f 244/1824/24 1188/867/24 209/1628/24
f 572/1845/4 1119/916/4 565/1860/4
f 564/1848/3 1116/749/3 571/1864/3
f 570/1657/4 1121/857/4 563/1648/4
f 620/1825/2 1072/801/2 621/1843/2
f 561/1655/24 1118/844/24 568/1666/24
f 674/1729/27 1040/835/24 1296/834/24
f 327/1643/23 1276/965/23 1278/738/23
f 308/1766/23 1258/831/23 309/1737/23
f 559/1641/3 1120/736/3 566/1871/3
f 565/1860/4 1125/735/4 558/1865/4
f 557/1861/3 1122/733/3 564/1848/3
f 563/1648/4 1127/732/4 556/1637/4
f 505/1872/2 1174/886/2 506/1727/2
f 1031/1873/2 1819/978/2 1809/1870/2
f 554/1646/24 1124/842/24 561/1655/24
f 503/1807/2 1178/891/2 504/1805/2
f 328/1633/23 1278/738/23 1280/710/23
f 502/1809/2 1177/897/2 503/1807/2
f 501/1811/2 1179/895/2 502/1809/2
f 552/1631/3 1126/737/3 559/1641/3
f 500/1813/2 1180/901/2 501/1811/2
f 558/1865/4 1131/791/4 551/1856/4
f 499/1815/2 1181/899/2 500/1813/2
f 550/1866/3 1128/734/3 557/1861/3
f 498/1817/2 1182/905/2 499/1815/2
f 556/1637/4 1133/776/4 549/1627/4
f 497/1779/2 1183/903/2 498/1817/2
f 547/1635/24 1130/805/24 554/1646/24
f 329/1623/23 1280/710/23 1282/722/23
f 545/1621/3 1132/720/3 552/1631/3
f 551/1856/4 1137/719/4 544/1862/4
f 655/1768/24 1058/837/24 1040/835/24
f 543/1858/3 1134/717/3 550/1866/3
f 309/1737/23 1260/830/23 310/1718/23
f 549/1627/4 1139/716/4 542/1617/4
f 634/1735/3 1042/829/3 653/1764/3
f 540/1625/24 1136/774/24 547/1635/24
f 330/1610/23 1282/722/23 1284/705/23
f 538/1842/3 1138/721/3 545/1621/3
f 544/1862/4 1143/1106/4 537/1840/4
f 536/1838/3 1140/718/3 543/1858/3
f 542/1617/4 1145/1107/4 535/1618/4
f 1512/685/28 1682/1496/28 1514/681/28
f 1563/595/29 1729/1550/29 1731/1552/29
f 1511/687/30 1681/1495/30 1513/683/30
f 1560/601/31 1730/1551/31 1562/597/31
f 1508/563/28 1680/1494/28 1512/685/28
f 1561/599/29 1727/1548/29 1729/1550/29
f 1507/536/30 1679/1493/30 1511/687/30
f 1558/605/31 1728/1549/31 1560/601/31
f 1529/1874/28 1824/1490/28 1822/1481/28
f 1559/603/29 1725/1546/29 1727/1548/29
f 1556/609/31 1726/1547/31 1558/605/31
f 1557/607/29 1723/1544/29 1725/1546/29
f 1554/613/31 1724/1545/31 1556/609/31
f 1555/611/29 1721/1542/29 1723/1544/29
f 1552/617/31 1722/1543/31 1554/613/31
f 1553/615/29 1719/1540/29 1721/1542/29
f 1550/621/31 1720/1541/31 1552/617/31
f 1549/623/29 1719/1540/29 1551/619/29
f 1510/555/31 1718/1539/31 1550/621/31
f 1547/626/29 1717/1538/29 1549/623/29
f 1548/560/28 1714/1535/28 1716/1569/28
f 1545/630/29 1715/1536/29 1547/626/29
f 1546/628/28 1712/1533/28 1714/1535/28
f 1543/634/29 1713/1534/29 1545/630/29
f 1544/632/28 1710/1531/28 1712/1533/28
f 1541/638/29 1711/1532/29 1543/634/29
f 1542/636/28 1708/1529/28 1710/1531/28
f 1539/642/29 1709/1530/29 1541/638/29
f 1588/538/30 1675/1491/30 1507/536/30
f 1540/640/28 1706/1524/28 1708/1529/28
f 1587/540/30 1756/1579/30 1588/538/30
f 1537/646/29 1707/1528/29 1539/642/29
f 1586/542/30 1755/1578/30 1587/540/30
f 1538/644/28 1786/1525/28 1706/1524/28
f 1562/597/31 1732/1553/31 1564/593/31
f 1513/683/30 1683/1497/30 1515/679/30
f 1565/591/29 1731/1552/29 1733/1554/29
f 1514/681/28 1684/1498/28 1516/677/28
f 1564/593/31 1734/1555/31 1566/589/31
f 1517/675/30 1683/1497/30 1685/1499/30
f 1567/587/29 1733/1554/29 1735/1556/29
f 1516/677/28 1686/1500/28 1518/673/28
f 1566/589/31 1736/1557/31 1568/585/31
f 1519/671/30 1685/1499/30 1687/1501/30
f 1569/583/29 1735/1556/29 1737/1558/29
f 1518/673/28 1688/1502/28 1520/669/28
f 1570/581/31 1736/1557/31 1738/1559/31
f 1521/666/30 1687/1501/30 1689/1503/30
f 1571/557/29 1737/1558/29 1739/1570/29
f 1520/669/28 1690/1506/28 1522/667/28
f 1572/579/31 1738/1559/31 1740/1560/31
f 1523/661/30 1689/1503/30 1691/1507/30
f 1573/577/31 1740/1560/31 1741/1561/31
f 1574/575/31 1741/1561/31 1742/1562/31
f 1524/659/30 1691/1507/30 1692/1511/30
f 1575/573/31 1742/1562/31 1743/1563/31
f 1800/1875/28 1693/1508/28 1525/1876/28
f 1576/571/31 1743/1563/31 1744/1564/31
f 1526/657/30 1692/1511/30 1694/1512/30
f 1577/569/31 1744/1564/31 1745/1565/31
f 1525/1876/28 1695/1513/28 1527/1877/28
f 1578/567/31 1745/1565/31 1746/1566/31
f 1528/655/30 1694/1512/30 1696/1514/30
f 1579/562/31 1746/1566/31 1747/1568/31
f 1527/1877/28 1697/1590/28 1529/1874/28
f 1508/563/30 1700/1567/30 1676/1492/30
f 1530/653/30 1696/1514/30 1698/1516/30
f 1580/554/31 1747/1568/31 1748/1571/31
f 1845/1486/28 1757/1591/28 1847/1515/28
f 1509/558/28 1716/1569/28 1677/1518/28
f 1532/565/30 1698/1516/30 1700/1567/30
f 1510/555/29 1739/1570/29 1678/1537/29
f 1533/1878/28 1699/1517/28 1701/1519/28
f 1581/552/31 1748/1571/31 1749/1572/31
f 1509/558/29 1702/1520/29 1534/650/29
f 1581/552/30 1750/1573/30 1582/550/30
f 1535/1879/28 1701/1519/28 1703/1522/28
f 1582/550/30 1751/1574/30 1583/548/30
f 1534/650/29 1704/1523/29 1536/648/29
f 1583/548/30 1752/1575/30 1584/546/30
f 1584/546/30 1753/1576/30 1585/544/30
f 1536/648/29 1705/1527/29 1537/646/29
f 1585/544/30 1754/1577/30 1586/542/30
f 1797/1880/32 4/1603/32 5/1600/32
f 1826/1881/33 1784/1882/34 12/1604/35
f 10/1601/36 1790/1883/36 1800/1884/36
f 1/1885/37 1764/1886/37 1765/1887/37
f 1794/1888/28 1703/1522/28 1793/1594/28
f 1/1885/38 1767/1889/38 1785/1890/38
f 1794/1891/39 7/1596/39 9/1599/39
f 1796/1505/28 1522/667/28 1690/1506/28
f 11/1602/40 1802/1892/40 1803/1893/40
f 1788/1894/41 1789/1895/42 10/1601/41
f 3/1598/43 1787/1896/43 1799/1897/43
f 1848/1898/44 1769/1899/45 2/1595/46
f 1770/1900/47 1774/1901/47 4/1603/47
f 1778/1902/48 1779/1903/48 8/1597/48
f 1822/1481/28 1757/1591/28 1589/1480/28
f 1809/1870/2 1175/1143/2 505/1872/2
f 1810/1868/10 505/1872/10 191/1800/10
f 1811/1690/10 191/1800/10 226/1689/10
f 1807/699/5 1030/1832/5 1029/1251/5
f 1808/1831/5 1157/1249/5 1030/1832/5
f 1811/1690/25 1199/974/25 1033/1867/25
f 1531/1904/28 1847/1515/28 1699/1517/28
f 1832/244/5 523/1829/5 166/247/5
f 1833/1833/5 1159/1126/5 523/1829/5
f 1834/1802/2 1176/976/2 1031/1873/2
f 227/1820/25 1844/920/25 1201/785/25
f 1836/1821/10 1032/1869/10 1033/1867/10
f 1835/1803/10 1031/1873/10 1032/1869/10
f 2/1595/5 1/1885/5 7/1596/5
f 7/1596/5 1/1885/5 3/1598/5
f 5/1600/5 4/1603/5 10/1601/5
f 4/1603/5 6/1605/5 12/1604/5
f 6/1605/5 2/1595/5 8/1597/5
f 690/1606/22 689/1620/22 1311/943/22
f 531/1607/10 538/1842/10 539/1608/10
f 532/1609/10 539/1608/10 330/1610/10
f 323/1612/23 1270/1109/23 1272/1110/23
f 533/1614/10 540/1625/10 541/1615/10
f 534/1616/10 541/1615/10 542/1617/10
f 342/1619/23 341/1775/23 1290/909/23
f 689/1620/22 688/1630/22 1310/948/22
f 539/1608/10 538/1842/10 545/1621/10
f 330/1610/10 539/1608/10 546/1622/10
f 589/1624/24 582/1680/24 1106/851/24
f 540/1625/10 547/1635/10 548/1626/10
f 541/1615/10 548/1626/10 549/1627/10
f 209/1628/24 1188/867/24 1186/865/24
f 688/1630/22 687/1634/22 1309/946/22
f 546/1622/10 545/1621/10 552/1631/10
f 329/1623/10 546/1622/10 553/1632/10
f 687/1634/22 686/1640/22 1308/952/22
f 547/1635/10 554/1646/10 555/1636/10
f 548/1626/10 555/1636/10 556/1637/10
f 591/1638/4 1097/1136/4 1103/763/4
f 686/1640/22 685/1650/22 1307/950/22
f 553/1632/10 552/1631/10 559/1641/10
f 328/1633/10 553/1632/10 560/1642/10
f 585/1644/3 1104/765/3 1098/764/3
f 554/1646/10 561/1655/10 562/1647/10
f 555/1636/10 562/1647/10 563/1648/10
f 241/1649/25 232/1658/25 1205/713/25
f 685/1650/22 684/1660/22 1306/956/22
f 559/1641/10 566/1871/10 567/1651/10
f 327/1643/10 560/1642/10 567/1651/10
f 593/1653/4 1095/767/4 1101/1145/4
f 561/1655/10 568/1666/10 569/1656/10
f 562/1647/10 569/1656/10 570/1657/10
f 232/1658/25 231/1669/25 1204/1119/25
f 683/1659/22 1305/954/22 1306/956/22
f 567/1651/10 566/1871/10 573/1661/10
f 326/1652/10 567/1651/10 574/1662/10
f 587/1664/3 1102/766/3 1096/768/3
f 568/1666/10 575/1673/10 576/1667/10
f 569/1656/10 576/1667/10 577/1668/10
f 231/1669/25 230/1672/25 1203/759/25
f 682/1670/22 1304/959/22 1305/954/22
f 573/1661/10 580/1677/10 581/1671/10
f 574/1662/10 581/1671/10 324/1613/10
f 230/1672/25 229/1679/25 1202/757/25
f 575/1673/10 582/1680/10 583/1674/10
f 576/1667/10 583/1674/10 584/1639/10
f 681/1675/22 1303/957/22 1304/959/22
f 322/1676/23 1268/770/23 1270/1109/23
f 580/1677/10 587/1664/10 588/1678/10
f 324/1613/10 581/1671/10 588/1678/10
f 229/1679/25 228/1685/25 1200/787/25
f 582/1680/10 589/1624/10 590/1681/10
f 583/1674/10 590/1681/10 591/1638/10
f 680/1682/22 1302/963/22 1303/957/22
f 596/1683/24 589/1624/24 1100/850/24
f 588/1678/10 587/1664/10 594/1665/10
f 323/1612/10 588/1678/10 595/1684/10
f 228/1685/25 227/1820/25 1201/785/25
f 589/1624/10 596/1683/10 597/1686/10
f 590/1681/10 597/1686/10 598/1687/10
f 679/1688/22 1301/961/22 1302/963/22
f 226/1689/25 1198/812/25 1820/975/25
f 595/1684/10 594/1665/10 601/1691/10
f 322/1676/10 595/1684/10 602/1692/10
f 678/1694/22 1300/968/22 1301/961/22
f 596/1683/10 603/1703/10 604/1695/10
f 597/1686/10 604/1695/10 605/1696/10
f 598/1687/4 1091/778/4 1097/1136/4
f 225/1697/25 1197/810/25 1198/812/25
f 602/1692/10 601/1691/10 608/1698/10
f 321/1693/10 602/1692/10 609/1699/10
f 639/1701/5 1055/800/5 1056/1256/5
f 603/1703/10 610/1712/10 611/1704/10
f 604/1695/10 611/1704/10 612/1705/10
f 677/1706/22 1299/966/22 1300/968/22
f 592/1645/3 1098/764/3 1092/780/3
f 609/1699/10 608/1698/10 615/1708/10
f 312/1700/10 609/1699/10 616/1709/10
f 224/1711/25 1196/858/25 1197/810/25
f 610/1712/10 617/1720/10 618/1713/10
f 611/1704/10 618/1713/10 619/1714/10
f 640/1715/5 1054/729/5 1055/800/5
f 676/1716/22 1298/969/22 1299/966/22
f 615/1708/10 634/1735/10 635/1717/10
f 311/1710/10 616/1709/10 635/1717/10
f 600/1719/4 1089/781/4 1095/767/4
f 617/1720/10 636/1739/10 637/1721/10
f 618/1713/10 637/1721/10 638/1702/10
f 223/1722/25 1195/1105/25 1196/858/25
f 641/1723/5 1053/727/5 1054/729/5
f 675/1724/22 1297/971/22 1298/969/22
f 594/1665/3 1096/768/3 1090/783/3
f 222/1725/25 1194/725/25 1195/1105/25
f 642/1726/5 1052/762/5 1053/727/5
f 506/1727/2 1174/886/2 1173/888/2
f 674/1729/22 1296/834/22 1297/971/22
f 221/1730/25 1193/742/25 1194/725/25
f 643/1731/5 1051/760/5 1052/762/5
f 507/1728/2 1173/888/2 1172/882/2
f 321/1693/23 1266/784/23 1268/770/23
f 644/1733/5 1050/790/5 1051/760/5
f 508/1732/2 1172/882/2 1171/884/2
f 603/1703/24 596/1683/24 1094/847/24
f 634/1735/10 653/1764/10 654/1736/10
f 310/1718/10 635/1717/10 654/1736/10
f 645/1738/5 1049/788/5 1050/790/5
f 636/1739/10 655/1768/10 656/1740/10
f 637/1721/10 656/1740/10 657/1741/10
f 638/1702/10 657/1741/10 658/1742/10
f 639/1701/10 658/1742/10 659/1743/10
f 640/1715/10 659/1743/10 660/1744/10
f 641/1723/10 660/1744/10 661/1745/10
f 642/1726/10 661/1745/10 662/1746/10
f 643/1731/10 662/1746/10 663/1747/10
f 644/1733/10 663/1747/10 664/1748/10
f 645/1738/10 664/1748/10 665/1749/10
f 646/1750/10 665/1749/10 666/1751/10
f 647/1752/10 666/1751/10 667/1753/10
f 648/1754/10 667/1753/10 668/1755/10
f 649/1756/10 668/1755/10 669/1757/10
f 650/1758/10 669/1757/10 670/1759/10
f 651/1760/10 670/1759/10 671/1761/10
f 652/1762/10 671/1761/10 672/1763/10
f 653/1764/10 672/1763/10 673/1765/10
f 309/1737/10 654/1736/10 673/1765/10
f 509/1734/2 1171/884/2 1170/879/2
f 655/1768/10 674/1729/10 675/1724/10
f 656/1740/10 675/1724/10 676/1716/10
f 657/1741/10 676/1716/10 677/1706/10
f 658/1742/10 677/1706/10 678/1694/10
f 659/1743/10 678/1694/10 679/1688/10
f 660/1744/10 679/1688/10 680/1682/10
f 661/1745/10 680/1682/10 681/1675/10
f 662/1746/10 681/1675/10 682/1670/10
f 663/1747/10 682/1670/10 683/1659/10
f 664/1748/10 683/1659/10 684/1660/10
f 665/1749/10 684/1660/10 685/1650/10
f 666/1751/10 685/1650/10 686/1640/10
f 667/1753/10 686/1640/10 687/1634/10
f 668/1755/10 687/1634/10 688/1630/10
f 669/1757/10 688/1630/10 689/1620/10
f 670/1759/10 689/1620/10 690/1606/10
f 671/1761/10 690/1606/10 691/1769/10
f 672/1763/10 691/1769/10 692/1770/10
f 673/1765/10 692/1770/10 307/1771/10
f 646/1750/5 1048/814/5 1049/788/5
f 510/1767/2 1170/879/2 1168/877/2
f 605/1696/4 1085/1116/4 1091/778/4
f 511/1772/2 1168/877/2 1169/878/2
f 599/1707/3 1092/780/3 1086/779/3
f 341/1775/23 332/1789/23 1288/908/23
f 607/1776/4 1083/1113/4 1089/781/4
f 182/1629/24 1186/865/24 1167/863/24
f 601/1691/3 1090/783/3 1084/782/3
f 516/1778/4 1165/872/4 1184/906/4
f 312/1700/23 1264/730/23 1266/784/23
f 212/1780/25 1192/913/25 1193/742/25
f 610/1712/24 603/1703/24 1088/846/24
f 211/1781/25 1191/912/25 1192/913/25
f 210/1782/25 1189/911/25 1191/912/25
f 647/1752/5 1047/816/5 1048/814/5
f 518/1783/5 1163/904/5 1164/874/5
f 612/1705/4 1079/793/4 1085/1116/4
f 342/1619/25 1190/910/25 1189/911/25
f 648/1754/5 1046/819/5 1047/816/5
f 606/1774/3 1086/779/3 1080/795/3
f 649/1756/5 1045/880/5 1046/819/5
f 614/1786/4 1077/796/4 1083/1113/4
f 515/1787/10 534/1616/10 535/1618/10
f 514/1777/10 533/1614/10 534/1616/10
f 650/1758/5 1044/823/5 1045/880/5
f 513/1788/10 532/1609/10 331/1611/10
f 512/1773/10 531/1607/10 532/1609/10
f 608/1698/3 1084/782/3 1078/798/3
f 651/1760/5 1043/922/5 1044/823/5
f 652/1762/5 1041/827/5 1043/922/5
f 311/1710/23 1262/746/23 1264/730/23
f 653/1764/5 1042/829/5 1041/827/5
f 617/1720/24 610/1712/24 1082/841/24
f 519/1790/5 1162/1132/5 1163/904/5
f 619/1714/4 1074/799/4 1079/793/4
f 181/1791/10 515/1787/10 516/1778/10
f 182/1629/10 514/1777/10 515/1787/10
f 183/1792/10 513/1788/10 332/1789/10
f 184/1793/10 512/1773/10 513/1788/10
f 185/1794/10 511/1772/10 512/1773/10
f 186/1795/10 510/1767/10 511/1772/10
f 187/1796/10 509/1734/10 510/1767/10
f 188/1797/10 508/1732/10 509/1734/10
f 189/1798/10 507/1728/10 508/1732/10
f 190/1799/10 506/1727/10 507/1728/10
f 191/1800/10 505/1872/10 506/1727/10
f 192/1801/10 504/1805/10 1834/1802/10
f 201/1804/10 503/1807/10 504/1805/10
f 202/1806/10 502/1809/10 503/1807/10
f 203/1808/10 501/1811/10 502/1809/10
f 204/1810/10 500/1813/10 501/1811/10
f 205/1812/10 499/1815/10 500/1813/10
f 206/1814/10 498/1817/10 499/1815/10
f 207/1816/10 497/1779/10 498/1817/10
f 208/1818/10 181/1791/10 497/1779/10
f 209/1628/10 182/1629/10 181/1791/10
f 520/1819/5 1161/900/5 1162/1132/5
f 210/1782/10 183/1792/10 341/1775/10
f 211/1781/10 184/1793/10 183/1792/10
f 212/1780/10 185/1794/10 184/1793/10
f 221/1730/10 186/1795/10 185/1794/10
f 222/1725/10 187/1796/10 186/1795/10
f 223/1722/10 188/1797/10 187/1796/10
f 224/1711/10 189/1798/10 188/1797/10
f 225/1697/10 190/1799/10 189/1798/10
f 226/1689/10 191/1800/10 190/1799/10
f 227/1820/10 192/1801/10 1835/1803/10
f 228/1685/10 201/1804/10 192/1801/10
f 229/1679/10 202/1806/10 201/1804/10
f 230/1672/10 203/1808/10 202/1806/10
f 231/1669/10 204/1810/10 203/1808/10
f 232/1658/10 205/1812/10 204/1810/10
f 241/1649/10 206/1814/10 205/1812/10
f 242/1822/10 207/1816/10 206/1814/10
f 243/1823/10 208/1818/10 207/1816/10
f 244/1824/10 209/1628/10 208/1818/10
f 613/1785/3 1080/795/3 1073/794/3
f 521/1826/5 1160/1129/5 1161/900/5
f 633/1827/4 1059/828/4 1077/796/4
f 1836/1821/25 1033/1867/25 1199/974/25
f 522/1828/5 1158/896/5 1160/1129/5
f 615/1708/3 1078/798/3 1060/797/3
f 512/1773/3 1169/878/3 1150/703/3
f 523/1829/5 1159/1126/5 1158/896/5
f 504/1805/2 1178/891/2 1843/893/2
f 524/1830/5 1156/1123/5 1818/977/5
f 310/1718/23 1260/830/23 1262/746/23
f 332/1789/23 331/1611/23 1286/876/23
f 1030/1832/5 1157/1249/5 1842/892/5
f 525/1834/5 1155/1121/5 1156/1123/5
f 636/1739/24 617/1720/24 1076/839/24
f 514/1777/24 1167/863/24 1148/862/24
f 526/1835/5 1154/887/5 1155/1121/5
f 527/1836/5 1153/1117/5 1154/887/5
f 638/1702/4 1056/1256/4 1074/799/4
f 535/1618/4 1145/1107/4 1165/872/4
f 528/1837/5 1152/883/5 1153/1117/5
f 517/1784/3 1164/874/3 1146/873/3
f 529/1839/5 1151/1114/5 1152/883/5
f 537/1840/4 1143/1106/4 1149/701/4
f 530/1841/5 1149/701/5 1151/1114/5
f 531/1607/3 1150/703/3 1144/702/3
f 331/1611/23 330/1610/23 1284/705/23
f 161/257/5 518/1783/5 517/1784/5
f 400/130/3 613/1785/3 620/1825/3
f 162/255/5 519/1790/5 518/1783/5
f 163/253/5 520/1819/5 519/1790/5
f 213/208/4 544/1862/4 537/1840/4
f 164/251/5 521/1826/5 520/1819/5
f 420/121/2 620/1825/2 621/1843/2
f 165/249/5 522/1828/5 521/1826/5
f 421/120/2 621/1843/2 622/1844/2
f 313/168/4 579/1863/4 572/1845/4
f 422/119/2 622/1844/2 623/1846/2
f 166/247/5 523/1829/5 522/1828/5
f 423/118/2 623/1846/2 624/1847/2
f 167/1246/5 524/1830/5 1808/1831/5
f 240/194/3 557/1861/3 564/1848/3
f 424/117/2 624/1847/2 625/1849/2
f 168/242/5 525/1834/5 524/1830/5
f 413/128/4 614/1786/4 607/1776/4
f 425/116/2 625/1849/2 626/1850/2
f 169/240/5 526/1835/5 525/1834/5
f 426/115/2 626/1850/2 627/1851/2
f 170/238/5 527/1836/5 526/1835/5
f 340/154/3 592/1645/3 599/1707/3
f 427/114/2 627/1851/2 628/1852/2
f 171/236/5 528/1837/5 527/1836/5
f 428/113/2 628/1852/2 629/1853/2
f 172/234/5 529/1839/5 528/1837/5
f 429/112/2 629/1853/2 630/1854/2
f 173/224/5 530/1841/5 529/1839/5
f 430/111/2 630/1854/2 631/1855/2
f 253/192/4 558/1865/4 551/1856/4
f 431/110/2 631/1855/2 632/1857/2
f 432/109/2 632/1857/2 633/1827/2
f 180/218/3 536/1838/3 543/1858/3
f 353/152/4 593/1653/4 586/1654/4
f 280/178/3 571/1864/3 578/1859/3
f 380/138/3 606/1774/3 613/1785/3
f 193/216/4 537/1840/4 530/1841/4
f 293/176/4 572/1845/4 565/1860/4
f 220/202/3 550/1866/3 557/1861/3
f 393/136/4 607/1776/4 600/1719/4
f 320/162/3 585/1644/3 592/1645/3
f 233/200/4 551/1856/4 544/1862/4
f 160/226/3 517/1784/3 536/1838/3
f 333/160/4 586/1654/4 579/1863/4
f 260/186/3 564/1848/3 571/1864/3
f 433/108/4 633/1827/4 614/1786/4
f 360/146/3 599/1707/3 606/1774/3
f 273/184/4 565/1860/4 558/1865/4
f 200/210/3 543/1858/3 550/1866/3
f 373/144/4 600/1719/4 593/1653/4
f 300/170/3 578/1859/3 585/1644/3
f 1029/1251/5 1030/1832/5 1833/1833/5
f 1033/1867/10 1032/1869/10 1810/1868/10
f 1032/1869/10 1031/1873/10 1809/1870/10
f 533/1614/24 1148/862/24 1142/707/24
f 691/1769/22 690/1606/22 1312/941/22
f 580/1677/3 1108/751/3 1102/766/3
f 692/1770/22 691/1769/22 1313/939/22
f 632/1857/2 1061/826/2 1059/828/2
f 586/1654/4 1101/1145/4 1107/1146/4
f 307/1771/22 692/1770/22 1314/938/22
f 631/1855/2 1062/824/2 1061/826/2
f 578/1859/3 1110/748/3 1104/765/3
f 307/1771/26 1254/937/23 1256/832/23
f 630/1854/2 1063/822/2 1062/824/2
f 242/1822/25 241/1649/25 1206/933/25
f 584/1639/4 1103/763/4 1109/1147/4
f 629/1853/2 1064/820/2 1063/822/2
f 243/1823/25 242/1822/25 1207/935/25
f 628/1852/2 1065/818/2 1064/820/2
f 244/1824/25 243/1823/25 1208/936/25
f 582/1680/24 575/1673/24 1112/854/24
f 627/1851/2 1066/815/2 1065/818/2
f 324/1613/23 1272/1110/23 1274/753/23
f 626/1850/2 1067/813/2 1066/815/2
f 625/1849/2 1068/809/2 1067/813/2
f 573/1661/3 1114/752/3 1108/751/3
f 624/1847/2 1069/808/2 1068/809/2
f 579/1863/4 1107/1146/4 1113/750/4
f 623/1846/2 1070/804/2 1069/808/2
f 571/1864/3 1116/749/3 1110/748/3
f 622/1844/2 1071/803/2 1070/804/2
f 577/1668/4 1109/1147/4 1115/747/4
f 621/1843/2 1072/801/2 1071/803/2
f 575/1673/24 568/1666/24 1118/844/24
f 326/1652/23 325/1663/23 1274/753/23
f 566/1871/3 1120/736/3 1114/752/3
f 244/1824/24 1209/869/24 1188/867/24
f 572/1845/4 1113/750/4 1119/916/4
f 564/1848/3 1122/733/3 1116/749/3
f 570/1657/4 1115/747/4 1121/857/4
f 620/1825/2 1073/794/2 1072/801/2
f 561/1655/24 1124/842/24 1118/844/24
f 674/1729/27 655/1768/24 1040/835/24
f 327/1643/23 326/1652/23 1276/965/23
f 308/1766/23 1256/832/23 1258/831/23
f 559/1641/3 1126/737/3 1120/736/3
f 565/1860/4 1119/916/4 1125/735/4
f 557/1861/3 1128/734/3 1122/733/3
f 563/1648/4 1121/857/4 1127/732/4
f 505/1872/2 1175/1143/2 1174/886/2
f 1031/1873/2 1176/976/2 1819/978/2
f 554/1646/24 1130/805/24 1124/842/24
f 503/1807/2 1177/897/2 1178/891/2
f 328/1633/23 327/1643/23 1278/738/23
f 502/1809/2 1179/895/2 1177/897/2
f 501/1811/2 1180/901/2 1179/895/2
f 552/1631/3 1132/720/3 1126/737/3
f 500/1813/2 1181/899/2 1180/901/2
f 558/1865/4 1125/735/4 1131/791/4
f 499/1815/2 1182/905/2 1181/899/2
f 550/1866/3 1134/717/3 1128/734/3
f 498/1817/2 1183/903/2 1182/905/2
f 556/1637/4 1127/732/4 1133/776/4
f 497/1779/2 1184/906/2 1183/903/2
f 547/1635/24 1136/774/24 1130/805/24
f 329/1623/23 328/1633/23 1280/710/23
f 545/1621/3 1138/721/3 1132/720/3
f 551/1856/4 1131/791/4 1137/719/4
f 655/1768/24 636/1739/24 1058/837/24
f 543/1858/3 1140/718/3 1134/717/3
f 309/1737/23 1258/831/23 1260/830/23
f 549/1627/4 1133/776/4 1139/716/4
f 634/1735/3 1060/797/3 1042/829/3
f 540/1625/24 1142/707/24 1136/774/24
f 330/1610/23 329/1623/23 1282/722/23
f 538/1842/3 1144/702/3 1138/721/3
f 544/1862/4 1137/719/4 1143/1106/4
f 536/1838/3 1146/873/3 1140/718/3
f 542/1617/4 1139/716/4 1145/1107/4
f 1512/685/28 1680/1494/28 1682/1496/28
f 1563/595/29 1561/599/29 1729/1550/29
f 1511/687/30 1679/1493/30 1681/1495/30
f 1560/601/31 1728/1549/31 1730/1551/31
f 1508/563/28 1676/1492/28 1680/1494/28
f 1561/599/29 1559/603/29 1727/1548/29
f 1507/536/30 1675/1491/30 1679/1493/30
f 1558/605/31 1726/1547/31 1728/1549/31
f 1529/1874/28 1697/1590/28 1824/1490/28
f 1559/603/29 1557/607/29 1725/1546/29
f 1556/609/31 1724/1545/31 1726/1547/31
f 1557/607/29 1555/611/29 1723/1544/29
f 1554/613/31 1722/1543/31 1724/1545/31
f 1555/611/29 1553/615/29 1721/1542/29
f 1552/617/31 1720/1541/31 1722/1543/31
f 1553/615/29 1551/619/29 1719/1540/29
f 1550/621/31 1718/1539/31 1720/1541/31
f 1549/623/29 1717/1538/29 1719/1540/29
f 1510/555/31 1678/1537/31 1718/1539/31
f 1547/626/29 1715/1536/29 1717/1538/29
f 1548/560/28 1546/628/28 1714/1535/28
f 1545/630/29 1713/1534/29 1715/1536/29
f 1546/628/28 1544/632/28 1712/1533/28
f 1543/634/29 1711/1532/29 1713/1534/29
f 1544/632/28 1542/636/28 1710/1531/28
f 1541/638/29 1709/1530/29 1711/1532/29
f 1542/636/28 1540/640/28 1708/1529/28
f 1539/642/29 1707/1528/29 1709/1530/29
f 1588/538/30 1756/1579/30 1675/1491/30
f 1540/640/28 1538/644/28 1706/1524/28
f 1587/540/30 1755/1578/30 1756/1579/30
f 1537/646/29 1705/1527/29 1707/1528/29
f 1586/542/30 1754/1577/30 1755/1578/30
f 1538/644/28 1785/1257/28 1786/1525/28
f 1562/597/31 1730/1551/31 1732/1553/31
f 1513/683/30 1681/1495/30 1683/1497/30
f 1565/591/29 1563/595/29 1731/1552/29
f 1514/681/28 1682/1496/28 1684/1498/28
f 1564/593/31 1732/1553/31 1734/1555/31
f 1517/675/30 1515/679/30 1683/1497/30
f 1567/587/29 1565/591/29 1733/1554/29
f 1516/677/28 1684/1498/28 1686/1500/28
f 1566/589/31 1734/1555/31 1736/1557/31
f 1519/671/30 1517/675/30 1685/1499/30
f 1569/583/29 1567/587/29 1735/1556/29
f 1518/673/28 1686/1500/28 1688/1502/28
f 1570/581/31 1568/585/31 1736/1557/31
f 1521/666/30 1519/671/30 1687/1501/30
f 1571/557/29 1569/583/29 1737/1558/29
f 1520/669/28 1688/1502/28 1690/1506/28
f 1572/579/31 1570/581/31 1738/1559/31
f 1523/661/30 1521/666/30 1689/1503/30
f 1573/577/31 1572/579/31 1740/1560/31
f 1574/575/31 1573/577/31 1741/1561/31
f 1524/659/30 1523/661/30 1691/1507/30
f 1575/573/31 1574/575/31 1742/1562/31
f 1800/1875/28 1801/1509/28 1693/1508/28
f 1576/571/31 1575/573/31 1743/1563/31
f 1526/657/30 1524/659/30 1692/1511/30
f 1577/569/31 1576/571/31 1744/1564/31
f 1525/1876/28 1693/1508/28 1695/1513/28
f 1578/567/31 1577/569/31 1745/1565/31
f 1528/655/30 1526/657/30 1694/1512/30
f 1579/562/31 1578/567/31 1746/1566/31
f 1527/1877/28 1695/1513/28 1697/1590/28
f 1508/563/30 1532/565/30 1700/1567/30
f 1530/653/30 1528/655/30 1696/1514/30
f 1580/554/31 1579/562/31 1747/1568/31
f 1845/1486/28 1589/1480/28 1757/1591/28
f 1509/558/28 1548/560/28 1716/1569/28
f 1532/565/30 1530/653/30 1698/1516/30
f 1510/555/29 1571/557/29 1739/1570/29
f 1533/1878/28 1531/1904/28 1699/1517/28
f 1581/552/31 1580/554/31 1748/1571/31
f 1509/558/29 1677/1518/29 1702/1520/29
f 1581/552/30 1749/1572/30 1750/1573/30
f 1535/1879/28 1533/1878/28 1701/1519/28
f 1582/550/30 1750/1573/30 1751/1574/30
f 1534/650/29 1702/1520/29 1704/1523/29
f 1583/548/30 1751/1574/30 1752/1575/30
f 1584/546/30 1752/1575/30 1753/1576/30
f 1536/648/29 1704/1523/29 1705/1527/29
f 1585/544/30 1753/1576/30 1754/1577/30
f 1797/1880/32 1772/1905/32 4/1603/32
f 5/1600/32 1798/1906/32 1797/1880/32
f 1798/1906/32 1796/1907/32 1797/1880/32
f 1784/1882/34 1783/1908/49 12/1604/35
f 12/1604/35 8/1597/50 1781/1909/51
f 8/1597/50 1780/1910/49 1782/1911/52
f 12/1604/35 1781/1909/51 1826/1881/33
f 1782/1911/52 1849/1912/53 8/1597/50
f 1849/1912/53 1781/1909/51 8/1597/50
f 1801/1913/36 1802/1892/36 1800/1884/36
f 1802/1892/36 11/1602/36 1800/1884/36
f 11/1602/36 10/1601/36 1800/1884/36
f 1766/1914/37 1767/1889/37 1/1885/37
f 1/1885/37 2/1595/37 1762/1915/37
f 2/1595/37 1763/1916/54 1762/1915/37
f 1762/1915/37 1764/1886/37 1/1885/37
f 1765/1887/37 1766/1914/37 1/1885/37
f 1794/1888/28 1535/1879/28 1703/1522/28
f 1786/1917/38 1787/1896/38 1785/1890/38
f 1787/1896/38 3/1598/38 1785/1890/38
f 3/1598/38 1/1885/38 1785/1890/38
f 1794/1891/39 1776/1918/39 7/1596/39
f 9/1599/39 1795/1919/39 1794/1891/39
f 1795/1919/39 1793/1920/39 1794/1891/39
f 1796/1505/28 1797/1255/28 1522/667/28
f 1803/1893/40 1798/1906/40 5/1600/40
f 5/1600/40 11/1602/40 1803/1893/40
f 1789/1895/42 1790/1883/41 10/1601/41
f 10/1601/41 12/1604/41 1788/1894/41
f 12/1604/41 1783/1908/42 1791/1921/41
f 1791/1921/41 1792/1922/42 12/1604/41
f 1792/1922/42 1788/1894/41 12/1604/41
f 1799/1897/43 1795/1919/43 9/1599/43
f 9/1599/43 3/1598/43 1799/1897/43
f 1768/1923/46 1763/1916/46 2/1595/46
f 2/1595/46 6/1605/46 1758/1924/55
f 6/1605/46 1761/1925/46 1759/1926/56
f 1759/1926/56 1760/1927/57 6/1605/46
f 1760/1927/57 1825/1928/58 6/1605/46
f 1758/1924/55 6/1605/46 1825/1928/58
f 1769/1899/45 1768/1923/46 2/1595/46
f 1758/1924/55 1848/1898/44 2/1595/46
f 1774/1901/47 1761/1925/47 6/1605/47
f 6/1605/47 4/1603/47 1774/1901/47
f 4/1603/47 1772/1905/47 1773/1929/47
f 1770/1900/47 4/1603/47 1771/1930/47
f 1773/1929/47 1771/1930/47 4/1603/47
f 1779/1903/48 1780/1910/48 8/1597/48
f 8/1597/48 7/1596/48 1777/1931/48
f 7/1596/48 1776/1918/48 1775/1932/48
f 1775/1932/48 1777/1931/48 7/1596/48
f 1777/1931/48 1778/1902/48 8/1597/48
f 1822/1481/28 1824/1490/28 1757/1591/28
f 1809/1870/2 1819/978/2 1175/1143/2
f 1810/1868/10 1809/1870/10 505/1872/10
f 1811/1690/10 1810/1868/10 191/1800/10
f 1807/699/5 1808/1831/5 1030/1832/5
f 1808/1831/5 1818/977/5 1157/1249/5
f 1811/1690/25 1820/975/25 1199/974/25
f 1531/1904/28 1845/1486/28 1847/1515/28
f 1832/244/5 1833/1833/5 523/1829/5
f 1833/1833/5 1842/892/5 1159/1126/5
f 1834/1802/2 1843/893/2 1176/976/2
f 227/1820/25 1836/1821/25 1844/920/25
f 1836/1821/10 1835/1803/10 1032/1869/10
f 1835/1803/10 1834/1802/10 1031/1873/10
usemtl mat_black
f 1535/1879/2 1776/1933/2 1775/1934/2
f 1775/1934/2 1777/1935/2 717/1936/2
f 1533/1878/2 715/1937/2 1531/1904/2
f 1531/1904/2 1837/1485/2 1845/1486/2
f 1529/1874/2 711/1938/2 1527/1877/2
f 711/1938/2 1788/1939/2 1789/1940/2
f 717/1936/2 1778/1941/2 797/1942/2
f 717/1936/2 795/1943/2 715/1937/2
f 715/1937/2 1838/1483/2 1837/1485/2
f 713/1944/2 791/1945/2 711/1938/2
f 797/1942/2 1778/1941/2 1779/1946/2
f 797/1942/2 1779/1946/2 1780/1947/2
f 795/1943/2 1849/1488/2 1838/1483/2
f 793/1948/2 1784/1949/2 1783/1950/2
f 1791/1951/20 1792/1952/2 791/1945/2
f 1792/1952/2 711/1938/2 791/1945/2
f 1790/1953/2 1525/1876/2 1789/1940/2
f 1822/1481/2 713/1944/2 1529/1874/2
f 1812/1479/2 793/1948/2 713/1944/2
f 1813/1477/2 1784/1949/2 793/1948/2
f 1535/1879/2 1794/1888/2 1776/1933/2
f 717/1936/2 1533/1878/2 1775/1934/2
f 1533/1878/2 1535/1879/2 1775/1934/2
f 1533/1878/2 717/1936/2 715/1937/2
f 1531/1904/2 715/1937/2 1837/1485/2
f 1529/1874/2 713/1944/2 711/1938/2
f 1789/1940/2 1525/1876/2 1527/1877/2
f 1527/1877/2 711/1938/2 1789/1940/2
f 717/1936/2 1777/1935/2 1778/1941/2
f 717/1936/2 797/1942/2 795/1943/2
f 715/1937/2 795/1943/2 1838/1483/2
f 713/1944/2 793/1948/2 791/1945/2
f 1782/1954/2 795/1943/2 1780/1947/2
f 795/1943/2 797/1942/2 1780/1947/2
f 795/1943/2 1782/1954/2 1849/1488/2
f 1791/1951/20 791/1945/2 1783/1950/2
f 791/1945/2 793/1948/2 1783/1950/2
f 1792/1952/2 1788/1939/2 711/1938/2
f 1790/1953/2 1800/1875/2 1525/1876/2
f 1822/1481/2 1812/1479/2 713/1944/2
f 1812/1479/2 1813/1477/2 793/1948/2
f 1813/1477/2 1826/1476/2 1784/1949/2
o tower01_Cylinder
v -1.022263 0.146969 13.173715
v -1.442522 1.703088 13.311461
v -0.692841 0.146969 13.363907
v -1.442522 1.703088 13.796735
v -0.692841 0.146969 13.744290
v -1.022263 1.703088 14.039371
v -1.022263 0.146969 13.934482
v -0.602003 1.703088 13.796735
v -1.351684 0.146969 13.744290
v -0.602003 1.703088 13.311461
v -1.351684 0.146969 13.363907
v -1.328910 2.054842 13.377055
v -1.022263 1.225878 13.173715
v -0.692841 1.225878 13.363906
v -0.692841 1.225878 13.744290
v -1.022263 1.225878 13.934482
v -1.351684 1.225878 13.744289
v -1.351684 1.225878 13.363906
v -1.328910 2.054842 13.731141
v -1.022263 2.054842 13.908184
v -0.715615 2.054842 13.731141
v -1.022263 1.703088 13.068825
v -1.022263 2.054842 13.200012
v -0.715615 2.054842 13.377055
v -1.022263 1.604717 13.132516
v -0.657162 1.604717 13.343307
v -0.657162 1.287067 13.343307
v -0.657162 1.604718 13.764889
v -0.657162 1.287067 13.764889
v -1.022263 1.604718 13.975680
v -1.022263 1.287067 13.975680
v -1.387363 1.604718 13.764889
v -1.387363 1.287067 13.764889
v -1.387363 1.604717 13.343307
v -1.387363 1.287067 13.343307
v -1.022263 1.287067 13.132516
v -1.022263 2.001433 13.068825
v -1.442522 2.001433 13.311461
v -1.442522 2.001433 13.796735
v -1.022263 2.001433 14.039371
v -0.602003 2.001433 13.796735
v -0.602003 2.001433 13.311461
v -1.106314 1.703088 13.990845
v -1.190366 1.703088 13.942317
v -1.274418 1.703088 13.893789
v -1.358470 1.703088 13.845263
v -1.088147 0.146969 13.896443
v -1.154031 0.146969 13.858405
v -1.219916 0.146969 13.820367
v -1.285800 0.146969 13.782329
v -1.088147 1.225878 13.896443
v -1.154031 1.225878 13.858405
v -1.219916 1.225878 13.820367
v -1.285800 1.225878 13.782329
v -1.358470 2.001433 13.845263
v -1.274418 2.001433 13.893789
v -1.190366 2.001433 13.942317
v -1.106314 2.001433 13.990845
v -1.095283 1.287067 13.933522
v -1.168303 1.287067 13.891364
v -1.241323 1.287067 13.849206
v -1.314343 1.287067 13.807048
v -1.095283 1.604718 13.933522
v -1.168303 1.604718 13.891364
v -1.241323 1.604718 13.849206
v -1.314343 1.604718 13.807047
v -1.267581 2.054842 13.766550
v -1.206251 2.054842 13.801958
v -1.144922 2.054842 13.837367
v -1.083592 2.054842 13.872775
v -0.686055 1.703088 13.845263
v -0.770107 1.703088 13.893789
v -0.854159 1.703088 13.942317
v -0.938211 1.703088 13.990845
v -0.758725 0.146969 13.782329
v -0.824610 0.146969 13.820367
v -0.890494 0.146969 13.858405
v -0.956378 0.146969 13.896443
v -0.758725 1.225878 13.782329
v -0.824610 1.225878 13.820367
v -0.890494 1.225878 13.858405
v -0.956378 1.225878 13.896443
v -0.938211 2.001433 13.990845
v -0.854159 2.001433 13.942317
v -0.770107 2.001433 13.893789
v -0.686055 2.001433 13.845263
v -0.730182 1.287067 13.807048
v -0.803202 1.287067 13.849206
v -0.876222 1.287067 13.891364
v -0.949242 1.287067 13.933522
v -0.730182 1.604718 13.807048
v -0.803202 1.604718 13.849206
v -0.876222 1.604718 13.891364
v -0.949242 1.604718 13.933522
v -0.960933 2.054842 13.872775
v -0.899604 2.054842 13.837367
v -0.838274 2.054842 13.801958
v -0.776945 2.054842 13.766550
v -1.442522 1.703088 13.699680
v -1.442522 1.703088 13.602626
v -1.442522 1.703088 13.505570
v -1.442522 1.703088 13.408516
v -1.351684 0.146969 13.668213
v -1.351684 0.146969 13.592136
v -1.351684 0.146969 13.516060
v -1.351684 0.146969 13.439983
v -1.351684 1.225878 13.668213
v -1.351684 1.225878 13.592136
v -1.351684 1.225878 13.516060
v -1.351684 1.225878 13.439983
v -1.442522 2.001433 13.408516
v -1.442522 2.001433 13.505570
v -1.442522 2.001433 13.602625
v -1.442522 2.001433 13.699680
v -1.387363 1.287067 13.680573
v -1.387363 1.287067 13.596256
v -1.387363 1.287067 13.511940
v -1.387363 1.287067 13.427624
v -1.387363 1.604717 13.680573
v -1.387363 1.604717 13.596256
v -1.387363 1.604717 13.511940
v -1.387363 1.604717 13.427624
v -1.328910 2.054842 13.447872
v -1.328910 2.054842 13.518689
v -1.328910 2.054842 13.589506
v -1.328910 2.054842 13.660324
v -1.358470 1.703088 13.262934
v -1.274418 1.703088 13.214407
v -1.190366 1.703088 13.165879
v -1.106314 1.703088 13.117352
v -1.285800 0.146969 13.325869
v -1.219916 0.146969 13.287829
v -1.154031 0.146969 13.249791
v -1.088147 0.146969 13.211753
v -1.106314 2.001433 13.117352
v -1.190366 2.001433 13.165879
v -1.274418 2.001433 13.214406
v -1.358470 2.001433 13.262934
v -1.285800 1.225878 13.325868
v -1.219916 1.225878 13.287829
v -1.154031 1.225878 13.249791
v -1.088147 1.225878 13.211753
v -1.314343 1.287067 13.301148
v -1.241323 1.287067 13.258990
v -1.168303 1.287067 13.216832
v -1.095283 1.287067 13.174674
v -1.314343 1.604717 13.301148
v -1.241323 1.604717 13.258990
v -1.168303 1.604717 13.216832
v -1.095283 1.604717 13.174674
v -1.083592 2.054842 13.235420
v -1.144922 2.054842 13.270829
v -1.206251 2.054842 13.306238
v -1.267581 2.054842 13.341646
v -0.956378 0.146969 13.211753
v -0.890494 0.146969 13.249791
v -0.824609 0.146969 13.287829
v -0.758725 0.146969 13.325869
v -0.938211 1.703088 13.117352
v -0.854159 1.703088 13.165879
v -0.770107 1.703088 13.214406
v -0.686055 1.703088 13.262934
v -0.956378 1.225878 13.211753
v -0.890494 1.225878 13.249791
v -0.824609 1.225878 13.287829
v -0.758725 1.225878 13.325868
v -0.686055 2.001433 13.262934
v -0.770107 2.001433 13.214406
v -0.854159 2.001433 13.165879
v -0.938211 2.001433 13.117352
v -0.949242 1.287067 13.174674
v -0.876222 1.287067 13.216832
v -0.803202 1.287067 13.258990
v -0.730182 1.287067 13.301148
v -0.949242 1.604717 13.174674
v -0.876222 1.604717 13.216832
v -0.803202 1.604717 13.258990
v -0.730182 1.604717 13.301148
v -0.776945 2.054842 13.341646
v -0.838274 2.054842 13.306237
v -0.899604 2.054842 13.270829
v -0.960933 2.054842 13.235420
v -0.602003 1.703088 13.408516
v -0.602003 1.703088 13.505570
v -0.602003 1.703088 13.602626
v -0.602003 1.703088 13.699680
v -0.692841 0.146969 13.439983
v -0.692841 0.146969 13.516060
v -0.692841 0.146969 13.592136
v -0.692841 0.146969 13.668213
v -0.692841 1.225878 13.439983
v -0.692841 1.225878 13.516060
v -0.692841 1.225878 13.592136
v -0.692841 1.225878 13.668213
v -0.602003 2.001433 13.699680
v -0.602003 2.001433 13.602625
v -0.602003 2.001433 13.505570
v -0.602003 2.001433 13.408516
v -0.657162 1.287067 13.427624
v -0.657162 1.287067 13.511940
v -0.657162 1.287067 13.596256
v -0.657162 1.287067 13.680573
v -0.657162 1.604717 13.427624
v -0.657162 1.604717 13.511940
v -0.657162 1.604717 13.596256
v -0.657162 1.604717 13.680573
v -0.715615 2.054842 13.660324
v -0.715615 2.054842 13.589506
v -0.715615 2.054842 13.518689
v -0.715615 2.054842 13.447872
v -1.338956 2.187168 13.840878
v -1.274958 2.187168 13.877828
v -1.176273 2.187168 13.934803
v -1.112275 2.187168 13.971753
v -1.269752 2.187168 13.780946
v -1.223055 2.187168 13.807907
v -1.141671 2.187168 13.854894
v -1.094974 2.187168 13.881854
v -0.932250 2.187168 13.971753
v -0.868252 2.187168 13.934803
v -0.769567 2.187168 13.877828
v -0.705569 2.187168 13.840878
v -0.949551 2.187168 13.881854
v -0.902854 2.187168 13.854894
v -0.821470 2.187168 13.807907
v -0.774773 2.187168 13.780946
v -1.428969 2.187168 13.423224
v -1.428969 2.187168 13.497123
v -1.428969 2.187168 13.611073
v -1.428969 2.187168 13.684972
v -1.342463 2.187168 13.453190
v -1.342463 2.187168 13.507112
v -1.342463 2.187168 13.601085
v -1.342463 2.187168 13.655005
v -1.112275 2.187168 13.136443
v -1.176273 2.187168 13.173392
v -1.274958 2.187168 13.230368
v -1.338956 2.187168 13.267317
v -1.094974 2.187168 13.226342
v -1.141671 2.187168 13.253303
v -1.223055 2.187168 13.300289
v -1.269752 2.187168 13.327250
v -0.705569 2.187168 13.267317
v -0.769567 2.187168 13.230368
v -0.868252 2.187168 13.173392
v -0.932250 2.187168 13.136443
v -0.774773 2.187168 13.327250
v -0.821470 2.187168 13.300289
v -0.902854 2.187168 13.253303
v -0.949551 2.187168 13.226342
v -0.615557 2.187168 13.684972
v -0.615557 2.187168 13.611073
v -0.615557 2.187168 13.497123
v -0.615557 2.187168 13.423224
v -0.702062 2.187168 13.655005
v -0.702062 2.187168 13.601085
v -0.702062 2.187168 13.507112
v -0.702062 2.187168 13.453190
v -0.692841 0.208089 13.363907
v -0.692841 0.208090 13.744290
v -1.022263 0.208090 13.934482
v -1.351684 0.208090 13.744290
v -1.351684 0.208089 13.363907
v -1.022263 0.208089 13.173715
v -1.088147 0.208090 13.896443
v -1.154031 0.208090 13.858405
v -1.219916 0.208090 13.820367
v -1.285800 0.208090 13.782329
v -0.758725 0.208090 13.782329
v -0.824610 0.208090 13.820367
v -0.890494 0.208090 13.858405
v -0.956378 0.208090 13.896443
v -1.351684 0.208089 13.668213
v -1.351684 0.208089 13.592136
v -1.351684 0.208089 13.516060
v -1.351684 0.208089 13.439983
v -1.285800 0.208089 13.325869
v -1.219916 0.208089 13.287829
v -1.154031 0.208089 13.249791
v -1.088147 0.208089 13.211753
v -0.956378 0.208089 13.211753
v -0.890494 0.208089 13.249791
v -0.824609 0.208089 13.287829
v -0.758725 0.208089 13.325869
v -0.692841 0.208089 13.439983
v -0.692841 0.208089 13.516060
v -0.692841 0.208089 13.592136
v -0.692841 0.208089 13.668213
v -1.022263 0.816190 13.173715
v -0.692841 0.816190 13.363907
v -0.692841 0.816190 13.744290
v -1.022263 0.816190 13.934482
v -1.351684 0.816190 13.744290
v -1.351684 0.816190 13.363907
v -1.088147 0.816190 13.896443
v -1.154031 0.816190 13.858405
v -1.219916 0.816190 13.820367
v -1.285800 0.816190 13.782329
v -0.758725 0.816190 13.782329
v -0.824610 0.816190 13.820367
v -0.890494 0.816190 13.858405
v -0.956378 0.816190 13.896443
v -1.351684 0.816190 13.668213
v -1.351684 0.816190 13.592136
v -1.351684 0.816190 13.516060
v -1.351684 0.816190 13.439983
v -1.285800 0.816190 13.325868
v -1.219916 0.816190 13.287829
v -1.154031 0.816190 13.249791
v -1.088147 0.816190 13.211753
v -0.956378 0.816190 13.211753
v -0.890494 0.816190 13.249791
v -0.824609 0.816190 13.287829
v -0.758725 0.816190 13.325868
v -0.692841 0.816190 13.439983
v -0.692841 0.816190 13.516060
v -0.692841 0.816190 13.592136
v -0.692841 0.816190 13.668213
v -1.022263 0.864172 13.173715
v -0.692841 0.864172 13.363907
v -0.692841 0.864172 13.744290
v -1.022263 0.864172 13.934482
v -1.351684 0.864172 13.744290
v -1.351684 0.864172 13.363907
v -1.088147 0.864172 13.896443
v -1.154031 0.864172 13.858405
v -1.219916 0.864172 13.820367
v -1.285800 0.864172 13.782329
v -0.758725 0.864172 13.782329
v -0.824610 0.864172 13.820367
v -0.890494 0.864172 13.858405
v -0.956378 0.864172 13.896443
v -1.351684 0.864172 13.668213
v -1.351684 0.864172 13.592136
v -1.351684 0.864172 13.516060
v -1.351684 0.864172 13.439983
v -1.285800 0.864172 13.325868
v -1.219916 0.864172 13.287829
v -1.154031 0.864172 13.249791
v -1.088147 0.864172 13.211753
v -0.956378 0.864172 13.211753
v -0.890494 0.864172 13.249791
v -0.824609 0.864172 13.287829
v -0.758725 0.864172 13.325868
v -0.692841 0.864172 13.439983
v -0.692841 0.864172 13.516060
v -0.692841 0.864172 13.592136
v -0.692841 0.864172 13.668213
v -1.022263 1.063479 13.173715
v -0.692841 1.063479 13.363907
v -0.692841 1.063479 13.744290
v -1.022263 1.063479 13.934482
v -1.351684 1.063479 13.744289
v -1.351684 1.063479 13.363907
v -1.088147 1.063479 13.896443
v -1.154031 1.063479 13.858405
v -1.219916 1.063479 13.820367
v -1.285800 1.063479 13.782329
v -0.758725 1.063479 13.782329
v -0.824610 1.063479 13.820367
v -0.890494 1.063479 13.858405
v -0.956378 1.063479 13.896443
v -1.351684 1.063479 13.668213
v -1.351684 1.063479 13.592136
v -1.351684 1.063479 13.516060
v -1.351684 1.063479 13.439983
v -1.285800 1.063479 13.325868
v -1.219916 1.063479 13.287829
v -1.154031 1.063479 13.249791
v -1.088147 1.063479 13.211753
v -0.956378 1.063479 13.211753
v -0.890494 1.063479 13.249791
v -0.824609 1.063479 13.287829
v -0.758725 1.063479 13.325868
v -0.692841 1.063479 13.439983
v -0.692841 1.063479 13.516060
v -0.692841 1.063479 13.592136
v -0.692841 1.063479 13.668213
v -1.022263 1.139142 13.173715
v -0.692841 1.139142 13.363906
v -0.692841 1.139142 13.744290
v -1.022263 1.139142 13.934482
v -1.351684 1.139142 13.744289
v -1.351684 1.139142 13.363907
v -1.088147 1.139142 13.896443
v -1.154031 1.139142 13.858405
v -1.219916 1.139142 13.820367
v -1.285800 1.139142 13.782329
v -0.758725 1.139142 13.782329
v -0.824610 1.139142 13.820367
v -0.890494 1.139142 13.858405
v -0.956378 1.139142 13.896443
v -1.351684 1.139142 13.668213
v -1.351684 1.139142 13.592136
v -1.351684 1.139142 13.516060
v -1.351684 1.139142 13.439983
v -1.285800 1.139142 13.325868
v -1.219916 1.139142 13.287829
v -1.154031 1.139142 13.249791
v -1.088147 1.139142 13.211753
v -0.956378 1.139142 13.211753
v -0.890494 1.139142 13.249791
v -0.824609 1.139142 13.287829
v -0.758725 1.139142 13.325868
v -0.692841 1.139142 13.439983
v -0.692841 1.139142 13.516060
v -0.692841 1.139142 13.592136
v -0.692841 1.139142 13.668213
v -1.237093 0.904829 13.856064
v -1.237118 0.814037 13.856049
v -1.141838 0.814037 13.915627
v -1.141863 0.904829 13.915611
v -1.167701 0.957611 13.899455
v -1.211255 0.957611 13.872220
v -1.212970 0.783092 13.759046
v -1.212935 0.913125 13.759068
v -1.065199 0.783092 13.851446
v -1.065234 0.913125 13.851424
v -1.102159 0.988556 13.828336
v -1.176010 0.988556 13.782157
v -1.263364 0.783092 13.839637
v -1.263328 0.913125 13.839659
v -1.115592 0.783092 13.932038
v -1.115627 0.913125 13.932016
v -1.152553 0.988556 13.908927
v -1.226403 0.988556 13.862748
v -1.225571 0.814037 13.837583
v -1.225546 0.904829 13.837598
v -1.130291 0.814037 13.897161
v -1.130316 0.904829 13.897145
v -1.156154 0.957611 13.880988
v -1.199708 0.957611 13.853754
v -1.386906 0.904829 13.549894
v -1.386906 0.814037 13.549865
v -1.386906 0.814037 13.662238
v -1.386906 0.904829 13.662210
v -1.386906 0.957611 13.631736
v -1.386906 0.957611 13.580368
v -1.291856 0.783092 13.518910
v -1.291856 0.913125 13.518952
v -1.291856 0.783092 13.693192
v -1.291856 0.913125 13.693151
v -1.291856 0.988556 13.649601
v -1.291856 0.988556 13.562502
v -1.386906 0.783092 13.518910
v -1.386906 0.913125 13.518952
v -1.386906 0.783092 13.693192
v -1.386906 0.913125 13.693151
v -1.386906 0.988556 13.649601
v -1.386906 0.988556 13.562502
v -1.365126 0.814037 13.549865
v -1.365126 0.904829 13.549894
v -1.365126 0.814037 13.662238
v -1.365126 0.904829 13.662210
v -1.365126 0.957611 13.631736
v -1.365126 0.957611 13.580368
v -0.897431 0.904829 13.908551
v -0.897457 0.814037 13.908566
v -0.799864 0.814037 13.852857
v -0.799889 0.904829 13.852871
v -0.826355 0.957611 13.867979
v -0.870966 0.957611 13.893444
v -0.971460 0.783092 13.841364
v -0.971424 0.913125 13.841343
v -0.820102 0.783092 13.754964
v -0.820138 0.913125 13.754984
v -0.857960 0.988556 13.776574
v -0.933603 0.988556 13.819754
v -0.924340 0.783092 13.923912
v -0.924303 0.913125 13.923891
v -0.772981 0.783092 13.837511
v -0.773017 0.913125 13.837532
v -0.810839 0.988556 13.859121
v -0.886482 0.988556 13.902301
v -0.908254 0.814037 13.889651
v -0.908229 0.904829 13.889637
v -0.810661 0.814037 13.833942
v -0.810687 0.904829 13.833957
v -0.837152 0.957611 13.849064
v -0.881763 0.957611 13.874530
vt 0.033333 1.000000
vt -0.000000 0.910612
vt 0.033333 0.910612
vt 0.200000 1.000000
vt 0.166667 0.910612
vt 0.200000 0.910612
vt 0.366667 1.000000
vt 0.333333 0.910612
vt 0.366667 0.910612
vt 0.533333 1.000000
vt 0.500000 0.910612
vt 0.533333 0.910612
vt 0.700000 1.000000
vt 0.666667 0.910612
vt 0.700000 0.910612
vt 0.866667 0.910612
vt 0.833333 1.000000
vt 0.833333 0.910612
vt 0.957846 0.274000
vt 0.833138 0.058000
vt 0.625292 0.082000
vt 0.033333 0.829943
vt -0.000000 0.803418
vt 0.033333 0.803418
vt 0.200000 0.829943
vt 0.166667 0.803418
vt 0.200000 0.803418
vt 0.366667 0.829943
vt 0.333333 0.803418
vt 0.366667 0.803418
vt 0.533333 0.829943
vt 0.500000 0.803418
vt 0.533333 0.803418
vt 0.700000 0.829943
vt 0.666667 0.803418
vt 0.700000 0.803418
vt 0.866667 0.829943
vt 0.833333 0.803418
vt 0.866667 0.803418
vt 0.033333 0.910612
vt -0.000000 0.829943
vt 0.033333 0.829943
vt 0.200000 0.910612
vt 0.166667 0.829943
vt 0.200000 0.829943
vt 0.366667 0.910612
vt 0.333333 0.829943
vt 0.366667 0.829943
vt 0.533333 0.910612
vt 0.500000 0.829943
vt 0.533333 0.829943
vt 0.700000 0.910612
vt 0.666667 0.829943
vt 0.700000 0.829943
vt 0.866667 0.910612
vt 0.833333 0.829943
vt 0.866667 0.829943
vt 0.250000 0.425119
vt 0.208431 0.466000
vt 0.219669 0.407607
vt 0.098342 0.337559
vt 0.042154 0.322000
vt 0.098342 0.302536
vt 0.098342 0.162440
vt 0.083723 0.106000
vt 0.128674 0.144929
vt 0.250000 0.074881
vt 0.291569 0.034000
vt 0.280332 0.092393
vt 0.401658 0.162440
vt 0.457846 0.178000
vt 0.401658 0.197464
vt 0.401658 0.337559
vt 0.416277 0.394000
vt 0.371326 0.355071
vt 0.208431 0.034000
vt 0.250000 0.010000
vt 0.340995 0.372583
vt 0.340995 0.372583
vt 0.159005 0.127417
vt 0.166862 0.058000
vt 0.189337 0.109905
vt 0.733333 1.000000
vt 0.700000 1.000000
vt 0.500000 0.910612
vt 0.466667 0.829943
vt 0.466667 0.910612
vt 0.433333 0.829943
vt 0.433333 0.910612
vt 0.400000 0.829943
vt 0.400000 0.910612
vt 0.500000 0.829943
vt 0.466667 0.803418
vt 0.466667 0.829943
vt 0.433333 0.803418
vt 0.433333 0.829943
vt 0.400000 0.803418
vt 0.400000 0.829943
vt 0.466667 1.000000
vt 0.466667 0.910612
vt 0.433333 0.910612
vt 0.400000 1.000000
vt 0.400000 0.910612
vt 0.416277 0.106000
vt 0.457846 0.130000
vt 0.083723 0.106000
vt 0.128674 0.144929
vt 0.340995 0.127417
vt 0.333138 0.058000
vt 0.374708 0.082000
vt 0.066667 1.000000
vt 0.033333 1.000000
vt 0.666667 0.910612
vt 0.633333 0.829943
vt 0.633333 0.910612
vt 0.600000 0.829943
vt 0.600000 0.910612
vt 0.566667 0.829943
vt 0.566667 0.910612
vt 0.666667 0.829943
vt 0.633333 0.803418
vt 0.633333 0.829943
vt 0.600000 0.803418
vt 0.600000 0.829943
vt 0.566667 0.803418
vt 0.566667 0.829943
vt 0.666667 1.000000
vt 0.633333 0.910612
vt 0.633333 1.000000
vt 0.600000 0.910612
vt 0.600000 1.000000
vt 0.566667 0.910612
vt 0.566667 1.000000
vt 0.042154 0.178000
vt 0.042154 0.130000
vt 0.401658 0.232488
vt 0.401658 0.232488
vt 0.098342 0.267512
vt 0.042154 0.226000
vt 0.098342 0.232488
vt 0.125292 0.082000
vt 0.125292 0.082000
vt 0.333333 0.910612
vt 0.300000 0.829943
vt 0.300000 0.910612
vt 0.266667 0.829943
vt 0.266667 0.910612
vt 0.233333 0.829943
vt 0.233333 0.910612
vt 0.333333 0.829943
vt 0.300000 0.803418
vt 0.300000 0.829943
vt 0.266667 0.803418
vt 0.266667 0.829943
vt 0.233333 0.803418
vt 0.233333 0.829943
vt 0.333333 1.000000
vt 0.300000 0.910612
vt 0.300000 1.000000
vt 0.266667 0.910612
vt 0.266667 1.000000
vt 0.233333 0.910612
vt 0.233333 1.000000
vt 0.083723 0.394000
vt 0.042154 0.370000
vt 0.291569 0.034000
vt 0.280332 0.092393
vt 0.159005 0.372583
vt 0.166862 0.442000
vt 0.125292 0.418000
vt 0.166862 0.058000
vt 0.189337 0.109905
vt 0.166667 0.910612
vt 0.133333 0.829943
vt 0.133333 0.910612
vt 0.100000 0.829943
vt 0.100000 0.910612
vt 0.066667 0.829943
vt 0.066667 0.910612
vt 0.166667 0.829943
vt 0.133333 0.803418
vt 0.133333 0.829943
vt 0.100000 0.803418
vt 0.100000 0.829943
vt 0.066667 0.803418
vt 0.066667 0.829943
vt 0.166667 1.000000
vt 0.133333 0.910612
vt 0.133333 1.000000
vt 0.100000 0.910612
vt 0.100000 1.000000
vt 0.066667 0.910612
vt 0.291569 0.466000
vt 0.250000 0.490000
vt 0.433333 1.000000
vt 0.466667 1.000000
vt 0.433333 1.000000
vt 0.333138 0.442000
vt 0.310663 0.390095
vt 0.310663 0.109905
vt 0.333138 0.058000
vt 1.000000 0.910612
vt 0.966667 0.829943
vt 1.000000 0.829943
vt 0.966667 0.910612
vt 0.933333 0.829943
vt 0.933333 0.910612
vt 0.900000 0.829943
vt 0.900000 0.910612
vt 1.000000 0.829943
vt 0.966667 0.803418
vt 1.000000 0.803418
vt 0.966667 0.829943
vt 0.933333 0.803418
vt 0.933333 0.829943
vt 0.900000 0.803418
vt 0.900000 0.829943
vt 1.000000 1.000000
vt 0.966667 0.910612
vt 1.000000 0.910612
vt 0.966667 1.000000
vt 0.933333 0.910612
vt 0.933333 1.000000
vt 0.900000 0.910612
vt 0.900000 1.000000
vt 0.457846 0.322000
vt 0.457846 0.370000
vt 0.219668 0.092393
vt 0.208431 0.034000
vt 0.457846 0.274000
vt 0.401658 0.267512
vt 0.042154 0.322000
vt 0.098342 0.302536
vt 0.833333 0.910612
vt 0.800000 0.829943
vt 0.800000 0.910612
vt 0.766667 0.829943
vt 0.766667 0.910612
vt 0.733333 0.829943
vt 0.733333 0.910612
vt 0.833333 0.829943
vt 0.800000 0.803418
vt 0.800000 0.829943
vt 0.766667 0.803418
vt 0.766667 0.829943
vt 0.733333 0.803418
vt 0.733333 0.829943
vt 0.800000 0.910612
vt 0.800000 1.000000
vt 0.766667 0.910612
vt 0.766667 1.000000
vt 0.733333 0.910612
vt 0.219668 0.092393
vt 0.159005 0.127417
vt 0.371326 0.144929
vt 0.374708 0.082000
vt 0.416277 0.106000
vt 0.310663 0.109905
vt 0.098342 0.197464
vt 0.042154 0.226000
vt 0.042154 0.178000
vt 0.042154 0.274000
vt 0.098342 0.267512
vt 0.128674 0.355071
vt 0.125292 0.418000
vt 0.083723 0.394000
vt 0.219669 0.407607
vt 0.166862 0.442000
vt 0.189337 0.390095
vt 0.280332 0.407607
vt 0.333138 0.442000
vt 0.291569 0.466000
vt 0.371326 0.355071
vt 0.374708 0.418000
vt 0.401658 0.302536
vt 0.457846 0.274000
vt 0.457846 0.322000
vt 0.401658 0.197464
vt 0.457846 0.226000
vt 0.401658 0.302536
vt 0.401658 0.267512
vt 0.133333 1.000000
vt 0.100000 1.000000
vt 0.866667 1.000000
vt 0.866667 1.000000
vt 0.189337 0.390095
vt 0.800000 1.000000
vt 0.766667 1.000000
vt 0.280332 0.407607
vt 0.310663 0.390095
vt 0.457846 0.226000
vt 0.966667 1.000000
vt 0.933333 1.000000
vt 0.128674 0.355071
vt 0.159005 0.372583
vt 0.457846 0.178000
vt 0.200000 1.000000
vt 0.374708 0.418000
vt 0.098342 0.197464
vt 0.098342 0.232488
vt 0.416277 0.394000
vt 0.533333 1.000000
vt 0.300000 1.000000
vt 0.266667 1.000000
vt 0.371326 0.144929
vt 0.340995 0.127417
vt 0.208431 0.466000
vt 0.366667 1.000000
vt 0.042154 0.274000
vt 0.633333 1.000000
vt 0.600000 1.000000
vt 0.733333 0.704656
vt 0.700000 0.518691
vt 0.733333 0.518691
vt 0.766667 0.704656
vt 0.766667 0.518691
vt 0.800000 0.704656
vt 0.800000 0.518691
vt 0.833333 0.704656
vt 0.833333 0.518691
vt 0.900000 0.704656
vt 0.866667 0.518691
vt 0.900000 0.518691
vt 0.933333 0.704656
vt 0.933333 0.518691
vt 0.966667 0.704656
vt 0.966667 0.518691
vt 1.000000 0.704656
vt 1.000000 0.518691
vt 0.066667 0.704656
vt 0.033333 0.518691
vt 0.066667 0.518691
vt 0.100000 0.704656
vt 0.100000 0.518691
vt 0.133333 0.704656
vt 0.133333 0.518691
vt 0.166667 0.704656
vt 0.166667 0.518691
vt 0.233333 0.704656
vt 0.200000 0.518691
vt 0.233333 0.518691
vt 0.266667 0.704656
vt 0.266667 0.518691
vt 0.300000 0.704656
vt 0.300000 0.518691
vt 0.333333 0.704656
vt 0.333333 0.518691
vt 0.566667 0.704656
vt 0.533333 0.518691
vt 0.566667 0.518691
vt 0.600000 0.704656
vt 0.600000 0.518691
vt 0.633333 0.704656
vt 0.633333 0.518691
vt 0.666667 0.704656
vt 0.666667 0.518691
vt 0.400000 0.704656
vt 0.366667 0.518691
vt 0.400000 0.518691
vt 0.433333 0.704656
vt 0.433333 0.518691
vt 0.466667 0.704656
vt 0.466667 0.518691
vt 0.500000 0.704656
vt 0.500000 0.518691
vt 0.866667 0.704656
vt 0.700000 0.704656
vt 0.533333 0.704656
vt 0.366667 0.704656
vt 0.200000 0.704656
vt 0.033333 0.704656
vt -0.000000 0.518691
vt -0.000000 1.000000
vt 0.500000 1.000000
vt 0.708431 0.466000
vt 0.750000 0.490000
vt 0.791569 0.466000
vt 0.833138 0.442000
vt 0.666862 0.442000
vt 0.874708 0.418000
vt 0.542154 0.274000
vt 0.625292 0.418000
vt 0.583723 0.394000
vt 0.542154 0.322000
vt 0.542154 0.370000
vt 0.542154 0.178000
vt 0.542154 0.226000
vt 0.916277 0.394000
vt 0.957846 0.322000
vt 0.957846 0.370000
vt 0.583723 0.106000
vt 0.542154 0.130000
vt 0.708431 0.034000
vt 0.666862 0.058000
vt 0.791569 0.034000
vt 0.957846 0.226000
vt 0.874708 0.082000
vt 0.957846 0.178000
vt 0.916277 0.106000
vt 0.957846 0.130000
vt 0.750000 0.010000
vt -0.000000 0.829943
vt -0.000000 0.910612
vt 0.733333 1.000000
vt 0.066667 1.000000
vt 0.900000 1.000000
vt 0.233333 1.000000
vt 0.566667 1.000000
vt 0.400000 1.000000
vt -0.000000 0.704656
vt 0.733333 0.719329
vt 0.766667 0.719329
vt 0.800000 0.719329
vt 0.833333 0.719329
vt 0.900000 0.719329
vt 0.933333 0.719329
vt 0.966667 0.719329
vt 1.000000 0.719329
vt 0.066667 0.719329
vt 0.100000 0.719329
vt 0.133333 0.719329
vt 0.166667 0.719329
vt 0.233333 0.719329
vt 0.266667 0.719329
vt 0.300000 0.719329
vt 0.333333 0.719329
vt 0.566667 0.719329
vt 0.600000 0.719329
vt 0.633333 0.719329
vt 0.666667 0.719329
vt 0.400000 0.719329
vt 0.433333 0.719329
vt 0.466667 0.719329
vt 0.500000 0.719329
vt 0.866667 0.719329
vt 0.700000 0.719329
vt 0.533333 0.719329
vt 0.366667 0.719329
vt 0.200000 0.719329
vt 0.033333 0.719329
vt 0.700000 0.780280
vt 0.733333 0.780280
vt 0.766667 0.780280
vt 0.800000 0.780280
vt 0.833333 0.780280
vt 0.866667 0.780280
vt 0.900000 0.780280
vt 0.933333 0.780280
vt 0.966667 0.780280
vt 1.000000 0.780280
vt 0.033333 0.780280
vt 0.066667 0.780280
vt 0.100000 0.780280
vt 0.133333 0.780280
vt 0.166667 0.780280
vt 0.200000 0.780280
vt 0.233333 0.780280
vt 0.266667 0.780280
vt 0.300000 0.780280
vt 0.333333 0.780280
vt 0.533333 0.780280
vt 0.566667 0.780280
vt 0.600000 0.780280
vt 0.633333 0.780280
vt 0.666667 0.780280
vt 0.366667 0.780280
vt 0.400000 0.780280
vt 0.433333 0.780280
vt 0.466667 0.780280
vt 0.500000 0.780280
vt -0.000000 0.780280
vt -0.000000 0.719329
vt 0.700000 0.500000
vt 0.733333 0.500000
vt 0.766667 0.500000
vt 0.800000 0.500000
vt 0.833333 0.500000
vt 0.866667 0.500000
vt 0.900000 0.500000
vt 0.933333 0.500000
vt 0.966667 0.500000
vt 1.000000 0.500000
vt 0.033333 0.500000
vt 0.066667 0.500000
vt 0.100000 0.500000
vt 0.133333 0.500000
vt 0.166667 0.500000
vt 0.200000 0.500000
vt 0.233333 0.500000
vt 0.266667 0.500000
vt 0.300000 0.500000
vt 0.333333 0.500000
vt 0.533333 0.500000
vt 0.566667 0.500000
vt 0.600000 0.500000
vt 0.633333 0.500000
vt 0.666667 0.500000
vt 0.366667 0.500000
vt 0.400000 0.500000
vt 0.433333 0.500000
vt 0.466667 0.500000
vt 0.500000 0.500000
vt -0.000000 0.500000
vt 0.000000 0.000000
vt 0.000000 0.000000
vt 0.000000 0.000000
vt 0.000000 0.000000
vt 0.000000 0.000000
vt 0.000000 0.000000
vt 0.000000 0.000000
vt 0.000000 0.000000
vt 0.000000 0.000000
vt 0.000000 0.000000
vt 0.000000 0.000000
vt 0.000000 0.000000
vt 0.000000 0.000000
vt 0.000000 0.000000
vt 0.000000 0.000000
vt 0.000000 0.000000
vt 0.000000 0.000000
vt 0.000000 0.000000
vt 0.000000 0.000000
vt 0.000000 0.000000
vt 0.000000 0.000000
vt 0.000000 0.000000
vt 0.000000 0.000000
vt 0.000000 0.000000
vt 0.000000 0.000000
vt 0.000000 0.000000
vt 0.000000 0.000000
vt 0.000000 0.000000
vt 0.000000 0.000000
vt 0.000000 0.000000
vt 0.000000 0.000000
vt 0.000000 0.000000
vt 0.000000 0.000000
vt 0.000000 0.000000
vt 0.000000 0.000000
vt 0.000000 0.000000
vt 0.000000 0.000000
vt 0.000000 0.000000
vt 0.000000 0.000000
vt 0.000000 0.000000
vt 0.000000 0.000000
vt 0.000000 0.000000
vt 0.000000 0.000000
vt 0.000000 0.000000
vt 0.000000 0.000000
vt 0.000000 0.000000
vt 0.000000 0.000000
vt 0.000000 0.000000
vt 0.000000 0.000000
vt 0.000000 0.000000
vt 0.000000 0.000000
vt 0.000000 0.000000
vt 0.000000 0.000000
vt 0.000000 0.000000
vt 0.000000 0.000000
vt 0.000000 0.000000
vt 0.000000 0.000000
vt 0.000000 0.000000
vt 0.000000 0.000000
vt 0.000000 0.000000
vt 0.000000 0.000000
vt 0.000000 0.000000
vt 0.000000 0.000000
vt 0.000000 0.000000
vt 0.000000 0.000000
vt 0.000000 0.000000
vt 0.000000 0.000000
vt 0.000000 0.000000
vt 0.000000 0.000000
vt 0.000000 0.000000
vt 0.000000 0.000000
vt 0.000000 0.000000
vn -0.5000 0.0000 -0.8660
vn -1.0000 0.0000 0.0000
vn -0.5000 0.0000 0.8660
vn 0.5000 0.0000 0.8660
vn 1.0000 0.0000 0.0000
vn 0.5000 0.0000 -0.8660
vn 0.0000 -1.0000 0.0000
vn -0.2127 0.9050 -0.3684
vn -0.4254 0.9050 0.0000
vn -0.2127 0.9050 0.3684
vn 0.2127 0.9050 0.3684
vn 0.4254 0.9050 0.0000
vn 0.2127 0.9050 -0.3684
vn -0.4974 0.1019 0.8615
vn 0.9973 0.0728 0.0000
vn -0.6659 0.0586 -0.7437
vn -0.6614 0.0631 -0.7474
vn -0.6530 0.0713 -0.7540
vn -0.4987 0.0728 -0.8637
vn -0.9948 0.1019 0.0000
vn 0.7904 0.0609 0.6096
vn 0.7944 0.0663 0.6038
vn 0.7861 0.0552 0.6156
vn -0.9770 0.0586 0.2048
vn -0.9780 0.0631 0.1991
vn -0.9795 0.0713 0.1885
vn -0.9231 0.0609 -0.3797
vn -0.9201 0.0663 -0.3860
vn -0.9151 0.0750 -0.3962
vn -0.4987 0.0728 0.8637
vn 0.9231 0.0609 -0.3797
vn 0.9201 0.0663 -0.3860
vn 0.9262 0.0552 -0.3730
vn 0.9770 0.0586 0.2048
vn 0.9780 0.0631 0.1991
vn 0.9759 0.0531 0.2118
vn 0.3112 0.0586 -0.9486
vn 0.3166 0.0631 -0.9465
vn 0.3265 0.0713 -0.9425
vn 0.0000 1.0000 0.0000
vn -0.3112 0.0586 -0.9486
vn -0.3166 0.0631 -0.9465
vn -0.3045 0.0531 -0.9510
vn 0.4987 0.0728 -0.8637
vn 0.4974 0.1019 0.8615
vn 0.1327 0.0609 0.9893
vn 0.1257 0.0663 0.9898
vn 0.1144 0.0750 0.9906
vn -0.9770 0.0586 -0.2048
vn -0.9780 0.0631 -0.1991
vn -0.9759 0.0531 -0.2118
vn 0.9948 0.1019 0.0000
vn 0.1327 0.0609 -0.9893
vn 0.1257 0.0663 -0.9898
vn 0.1401 0.0552 -0.9886
vn 0.9231 0.0609 0.3797
vn 0.9201 0.0663 0.3860
vn 0.9151 0.0750 0.3962
vn -0.3112 0.0586 0.9486
vn -0.3166 0.0631 0.9465
vn -0.3265 0.0713 0.9425
vn -0.6659 0.0586 0.7437
vn -0.6614 0.0631 0.7474
vn -0.6714 0.0531 0.7392
vn -0.9973 0.0728 0.0000
vn -0.4974 0.1019 -0.8615
vn -0.7904 0.0609 -0.6096
vn -0.7944 0.0663 -0.6038
vn -0.7861 0.0552 -0.6156
vn 0.7904 0.0609 -0.6096
vn 0.7944 0.0663 -0.6038
vn 0.8007 0.0750 -0.5944
vn 0.6659 0.0586 0.7437
vn 0.6614 0.0631 0.7474
vn 0.6530 0.0713 0.7540
vn 0.3112 0.0586 0.9486
vn 0.3166 0.0631 0.9465
vn 0.3045 0.0531 0.9510
vn 0.4987 0.0728 0.8637
vn 0.4974 0.1019 -0.8615
vn -0.9231 0.0609 0.3797
vn -0.9201 0.0663 0.3860
vn -0.9262 0.0552 0.3730
vn -0.1327 0.0609 -0.9893
vn -0.1257 0.0663 -0.9898
vn -0.1144 0.0750 -0.9906
vn 0.9770 0.0586 -0.2048
vn 0.9780 0.0631 -0.1991
vn 0.9795 0.0713 -0.1885
vn 0.6659 0.0586 -0.7437
vn 0.6614 0.0631 -0.7474
vn 0.6714 0.0531 -0.7392
vn -0.1327 0.0609 0.9893
vn -0.1257 0.0663 0.9898
vn -0.1401 0.0552 0.9886
vn -0.7904 0.0609 0.6096
vn -0.7944 0.0663 0.6038
vn -0.8007 0.0750 0.5944
vn -0.6714 0.0531 -0.7392
vn 0.8007 0.0750 0.5944
vn -0.9759 0.0531 0.2118
vn -0.9262 0.0552 -0.3730
vn 0.9151 0.0750 -0.3962
vn 0.9795 0.0713 0.1885
vn 0.3045 0.0531 -0.9510
vn -0.3265 0.0713 -0.9425
vn 0.1401 0.0552 0.9886
vn -0.9795 0.0713 -0.1885
vn 0.1144 0.0750 -0.9906
vn 0.9262 0.0552 0.3730
vn -0.3045 0.0531 0.9510
vn -0.6530 0.0713 0.7540
vn -0.8007 0.0750 -0.5944
vn 0.7861 0.0552 -0.6156
vn 0.6714 0.0531 0.7392
vn 0.3265 0.0713 0.9425
vn -0.9151 0.0750 0.3962
vn -0.1401 0.0552 -0.9886
vn 0.9759 0.0531 -0.2118
vn 0.6530 0.0713 -0.7540
vn -0.1144 0.0750 0.9906
vn -0.7861 0.0552 0.6156
vn -0.4319 -0.5037 -0.7481
vn -0.4319 -0.5037 0.7481
vn 0.8639 -0.5037 0.0000
vn -0.8639 -0.5037 0.0000
vn 0.4319 -0.5037 0.7481
vn 0.4319 -0.5037 -0.7481
vn -0.4361 -0.4891 0.7554
vn 0.8722 -0.4891 0.0000
vn -0.8722 -0.4891 0.0000
vn 0.4361 -0.4891 0.7554
vn 0.4361 -0.4891 -0.7554
vn -0.4361 -0.4891 -0.7554
vn -0.7343 0.5000 -0.4592
vn -0.7342 0.5000 -0.4592
vn -0.5302 -0.0000 0.8479
vn -0.7343 -0.5000 -0.4591
vn -0.8479 -0.0003 -0.5302
vn 0.8479 -0.0003 0.5302
vn 0.7343 -0.5000 0.4592
vn 0.7343 -0.5000 0.4591
vn 0.5302 0.0000 -0.8479
vn 0.5301 0.0000 -0.8479
vn 0.7343 0.5000 0.4592
vn 0.7343 0.5000 0.4591
vn 0.8479 0.0003 0.5302
vn 0.8478 0.0003 0.5302
vn -0.8479 0.0003 -0.5302
vn -0.8479 0.0003 -0.5301
vn 0.0000 0.5000 -0.8660
vn 0.0000 -0.5000 -0.8660
vn 0.0000 -0.0003 -1.0000
vn 0.0000 -0.0003 1.0000
vn 0.0000 -0.5000 0.8660
vn 0.0000 0.5000 0.8660
vn 0.0000 0.0003 1.0000
vn 0.0000 0.0003 -1.0000
vn -0.7521 0.5000 0.4294
vn 0.4957 0.0000 0.8685
vn -0.7521 -0.5000 0.4293
vn -0.8685 -0.0003 0.4958
vn 0.8685 -0.0003 -0.4957
vn 0.7521 -0.5000 -0.4293
vn -0.4958 -0.0000 -0.8685
vn -0.4958 0.0000 -0.8684
vn -0.4957 0.0000 -0.8685
vn 0.7521 0.5000 -0.4293
vn 0.7521 0.5000 -0.4294
vn 0.8684 0.0003 -0.4958
vn 0.8685 0.0003 -0.4958
vn 0.8685 0.0003 -0.4957
vn -0.8685 0.0003 0.4957
vn -0.8684 0.0003 0.4958
vn -0.5301 -0.0000 0.8479
vn -0.7343 -0.5000 -0.4592
vn 0.8479 0.0003 0.5301
vn -0.8478 0.0003 -0.5302
vn 0.8685 -0.0003 -0.4958
usemtl mat_grey01
s 1
f 1984/1955/59 1871/1956/59 1979/1957/59
f 1960/1958/60 1851/1959/60 1951/1960/60
f 1904/1961/61 1853/1962/61 1895/1963/61
f 1932/1964/62 1855/1965/62 1923/1966/62
f 2044/1967/63 1857/1968/63 2035/1969/63
f 2011/1970/64 1891/1971/64 1859/1972/64
f 2037/1973/65 1926/1974/65 1898/1975/65
f 1991/1976/59 2228/1977/59 2249/1978/59
f 1959/1979/60 2233/1980/60 2245/1981/60
f 1903/1982/61 2232/1983/61 2237/1984/61
f 1931/1985/62 2231/1986/62 2241/1987/62
f 2043/1988/63 2230/1989/63 2257/1990/63
f 2015/1991/64 2229/1992/64 2253/1993/64
f 1999/1994/59 1885/1995/59 1995/1996/59
f 1971/1997/60 1884/1998/60 1967/1999/60
f 1915/2000/61 1882/2001/61 1911/2002/61
f 1943/2003/62 1880/2004/62 1939/2005/62
f 2055/2006/63 1878/2007/63 2051/2008/63
f 2027/2009/64 1876/2010/64 2023/2011/64
f 1872/2012/66 1984/2013/66 2000/2014/66
f 1861/2015/67 1960/2016/67 1972/2017/67
f 1868/2018/68 1904/2019/68 1916/2020/68
f 1869/2021/69 1932/2022/69 1944/2023/69
f 1870/2024/70 2044/2025/70 2056/2026/70
f 1873/2027/71 2016/2028/71 2028/2029/71
f 1869/2021/68 1907/2030/68 1889/2031/68
f 2028/2029/72 2097/2032/72 2029/2033/72
f 1917/2034/68 1906/2035/68 1918/2036/68
f 2045/2037/73 2100/2038/73 2044/1967/73
f 1879/2039/61 1908/2040/61 1880/2004/61
f 1912/2041/61 1909/2042/61 1908/2040/61
f 1913/2043/61 1910/2044/61 1909/2042/61
f 1914/2045/61 1911/2002/61 1910/2044/61
f 1865/2046/61 2234/2047/61 2231/1986/61
f 1900/2048/61 2235/2049/61 2234/2047/61
f 1901/2050/61 2236/2051/61 2235/2049/61
f 1902/2052/61 2237/1984/61 2236/2051/61
f 1855/1965/61 1907/2053/61 1892/2054/61
f 1907/2053/61 1893/2055/61 1892/2054/61
f 1893/2055/61 1905/2056/61 1894/2057/61
f 1905/2056/61 1895/1963/61 1894/2057/61
f 1870/2024/69 1935/2058/69 1890/2059/69
f 1916/2020/74 2060/2060/75 2064/2061/76
f 1946/2062/69 1933/2063/69 1934/2064/69
f 1985/2065/77 2084/2066/77 1984/1955/77
f 1877/2067/62 1936/2068/62 1878/2007/62
f 1940/2069/62 1937/2070/62 1936/2068/62
f 1941/2071/62 1938/2072/62 1937/2070/62
f 1942/2073/62 1939/2005/62 1938/2072/62
f 1864/2074/62 2238/2075/62 2230/1989/62
f 1928/2076/62 2239/2077/62 2238/2075/62
f 1929/2078/62 2240/2079/62 2239/2077/62
f 1930/2080/62 2241/1987/62 2240/2079/62
f 1890/2081/62 1920/2082/62 1857/1968/62
f 1935/2083/62 1921/2084/62 1920/2082/62
f 1934/2085/62 1922/2086/62 1921/2084/62
f 1933/2087/62 1923/1966/62 1922/2086/62
f 1868/2018/67 1963/2088/67 1888/2089/67
f 2056/2026/78 2105/2090/78 2057/2091/78
f 1973/2092/67 1962/2093/67 1974/2094/67
f 1917/2034/79 2061/2095/80 1905/2096/81
f 1881/2097/60 1964/2098/60 1882/2001/60
f 1968/2099/60 1965/2100/60 1964/2098/60
f 1969/2101/60 1966/2102/60 1965/2100/60
f 1970/2103/60 1967/1999/60 1966/2102/60
f 1866/2104/60 2242/2105/60 2232/1983/60
f 1956/2106/60 2243/2107/60 2242/2105/60
f 1957/2108/60 2244/2109/60 2243/2107/60
f 1958/2110/60 2245/1981/60 2244/2109/60
f 1888/2111/60 1948/2112/60 1853/1962/60
f 1963/2113/60 1949/2114/60 1948/2112/60
f 1962/2115/60 1950/2116/60 1949/2114/60
f 1961/2117/60 1951/1960/60 1950/2116/60
f 1861/2015/66 1987/2118/66 1887/2119/66
f 1944/2023/82 2068/2120/83 2072/2121/84
f 2002/2122/66 1985/2123/66 1986/2124/66
f 1918/2036/85 2062/2125/86 2066/2126/87
f 1883/2127/59 1992/2128/59 1884/1998/59
f 1996/2129/59 1993/2130/59 1992/2128/59
f 1997/2131/59 1994/2132/59 1993/2130/59
f 1998/2133/59 1995/1996/59 1994/2132/59
f 1867/2134/59 2246/2135/59 2233/1980/59
f 1988/2136/59 2247/2137/59 2246/2135/59
f 1989/2138/59 2248/2139/59 2247/2137/59
f 1990/2140/59 2249/1978/59 2248/2139/59
f 1887/2141/59 1976/2142/59 1851/1959/59
f 1987/2143/59 1977/2144/59 1976/2142/59
f 1986/2145/59 1978/2146/59 1977/2144/59
f 1985/2065/59 1979/1957/59 1978/2146/59
f 1872/2012/71 2019/2147/71 1886/2148/71
f 1906/2149/88 2063/2150/88 2062/2151/88
f 2029/2033/71 2018/2152/71 2030/2153/71
f 1945/2154/89 2069/2155/90 1933/2063/91
f 1874/2156/64 2020/2157/64 1885/2158/64
f 2024/2159/64 2021/2160/64 2020/2157/64
f 2025/2161/64 2022/2162/64 2021/2160/64
f 2026/2163/64 2023/2011/64 2022/2162/64
f 1862/2164/64 2250/2165/64 2228/2166/64
f 2012/2167/64 2251/2168/64 2250/2165/64
f 2013/2169/64 2252/2170/64 2251/2168/64
f 2014/2171/64 2253/1993/64 2252/2170/64
f 1886/2172/64 2008/2173/64 1871/2174/64
f 2019/2175/64 2009/2176/64 2008/2173/64
f 2018/2177/64 2010/2178/64 2009/2176/64
f 2017/2179/64 2011/1970/64 2010/2178/64
f 1873/2027/70 2047/2180/70 1891/2181/70
f 1919/2182/92 2063/2183/93 1907/2030/94
f 2057/2091/70 2046/2184/70 2058/2185/70
f 1972/2017/95 2076/2186/96 2080/2187/97
f 1875/2188/63 2048/2189/63 1876/2010/63
f 2052/2190/63 2049/2191/63 2048/2189/63
f 2053/2192/63 2050/2193/63 2049/2191/63
f 2054/2194/63 2051/2008/63 2050/2193/63
f 1863/2195/63 2254/2196/63 2229/1992/63
f 2040/2197/63 2255/2198/63 2254/2196/63
f 2041/2199/63 2256/2200/63 2255/2198/63
f 2042/2201/63 2257/1990/63 2256/2200/63
f 1891/1971/63 2032/2202/63 1859/1972/63
f 2047/2203/63 2033/2204/63 2032/2202/63
f 2046/2205/63 2034/2206/63 2033/2204/63
f 2045/2037/63 2035/1969/63 2034/2206/63
f 2067/2207/98 2062/2125/98 2063/2183/98
f 2064/2061/98 2061/2095/98 2065/2208/98
f 2075/2209/98 2070/2210/98 2071/2211/98
f 2072/2121/98 2069/2155/98 2073/2212/98
f 2083/2213/98 2078/2214/98 2079/2215/98
f 2080/2187/98 2077/2216/98 2081/2217/98
f 2091/2218/98 2086/2219/98 2087/2220/98
f 2088/2221/98 2085/2222/98 2089/2223/98
f 2099/2224/98 2094/2225/98 2095/2226/98
f 2096/2227/98 2093/2228/98 2097/2032/98
f 2107/2229/98 2102/2230/98 2103/2231/98
f 2104/2232/98 2101/2233/98 2105/2090/98
f 2059/2234/78 2106/2235/78 2107/2229/78
f 1986/2145/77 2087/2236/77 2086/2237/77
f 2059/2234/99 2103/2231/100 2047/2180/101
f 2017/2179/102 2092/2238/102 2016/2239/102
f 2000/2014/103 2089/2223/103 2001/2240/103
f 2046/2205/73 2103/2241/73 2102/2242/73
f 2031/2243/72 2098/2244/72 2099/2224/72
f 2058/2185/104 2102/2230/105 2106/2235/106
f 2031/2243/107 2095/2226/108 2019/2147/109
f 1972/2017/110 2081/2217/110 1973/2092/110
f 2057/2091/111 2101/2233/112 2045/2245/113
f 2018/2177/102 2095/2246/102 2094/2247/102
f 2003/2248/103 2090/2249/103 2091/2218/103
f 2030/2153/114 2094/2225/115 2098/2244/116
f 2056/2026/117 2100/2250/118 2104/2232/119
f 2003/2248/120 2087/2220/121 1987/2118/122
f 1961/2117/123 2076/2251/123 1960/1958/123
f 1944/2023/124 2073/2212/124 1945/2154/124
f 2029/2033/125 2093/2228/126 2017/2252/127
f 1975/2253/110 2082/2254/110 2083/2213/110
f 2002/2122/128 2086/2219/129 2090/2249/130
f 2028/2029/131 2092/2255/132 2096/2227/133
f 1975/2253/134 2079/2215/135 1963/2088/136
f 1933/2087/137 2068/2256/137 1932/1964/137
f 1916/2020/138 2065/2208/138 1917/2034/138
f 2001/2240/139 2085/2222/140 1985/2123/141
f 1962/2115/123 2079/2257/123 2078/2258/123
f 1947/2259/124 2074/2260/124 2075/2209/124
f 1974/2094/142 2078/2214/143 2082/2254/144
f 2000/2014/145 2084/2261/146 2088/2221/147
f 1947/2259/148 2071/2211/149 1935/2058/150
f 1905/2056/88 2060/2262/88 1904/1961/88
f 1973/2092/151 2077/2216/152 1961/2263/153
f 1934/2085/137 2071/2264/137 2070/2265/137
f 1919/2182/138 2066/2126/138 2067/2207/138
f 1946/2062/154 2070/2210/155 2074/2260/156
f 2166/2266/63 2137/2267/63 2136/2268/63
f 2165/2269/63 2136/2268/63 2135/2270/63
f 2164/2271/63 2135/2270/63 2134/2272/63
f 2139/2273/63 2134/2272/63 2108/2274/63
f 2162/2275/64 2133/2276/64 2132/2277/64
f 2161/2278/64 2132/2277/64 2131/2279/64
f 2160/2280/64 2131/2279/64 2130/2281/64
f 2138/2282/64 2130/2281/64 2113/2283/64
f 2158/2284/59 2129/2285/59 2128/2286/59
f 2157/2287/59 2128/2286/59 2127/2288/59
f 2156/2289/59 2127/2288/59 2126/2290/59
f 2143/2291/59 2126/2290/59 2112/2292/59
f 2154/2293/60 2125/2294/60 2124/2295/60
f 2153/2296/60 2124/2295/60 2123/2297/60
f 2152/2298/60 2123/2297/60 2122/2299/60
f 2142/2300/60 2122/2299/60 2111/2301/60
f 2150/2302/62 2121/2303/62 2120/2304/62
f 2149/2305/62 2120/2304/62 2119/2306/62
f 2148/2307/62 2119/2306/62 2118/2308/62
f 2140/2309/62 2118/2308/62 2109/2310/62
f 2146/2311/61 2117/2312/61 2116/2313/61
f 2145/2314/61 2116/2313/61 2115/2315/61
f 2144/2316/61 2115/2315/61 2114/2317/61
f 2141/2318/61 2114/2317/61 2110/2319/61
f 2163/2320/64 2108/2274/64 2133/2276/64
f 2167/2321/63 2109/2310/63 2137/2267/63
f 2151/2322/62 2110/2319/62 2121/2303/62
f 2147/2323/61 2111/2301/61 2117/2312/61
f 2155/2324/60 2112/2292/60 2125/2294/60
f 2159/2325/59 2113/2326/59 2129/2285/59
f 1984/1955/59 1886/2327/59 1871/1956/59
f 1960/1958/60 1887/2141/60 1851/1959/60
f 1904/1961/61 1888/2111/61 1853/1962/61
f 1932/1964/62 1889/2328/62 1855/1965/62
f 2044/1967/63 1890/2081/63 1857/1968/63
f 2011/1970/64 2016/2239/64 1891/1971/64
f 1983/2329/65 1850/2330/65 2004/2331/65
f 2004/2331/65 2005/2332/65 1982/2333/65
f 2005/2332/65 2006/2334/65 1954/2335/65
f 1981/2336/65 1954/2335/65 1980/2337/65
f 1982/2333/65 1983/2329/65 2004/2331/65
f 1981/2336/65 1982/2333/65 2005/2332/65
f 1955/2338/65 1860/2339/65 1980/2337/65
f 1952/2340/65 1953/2341/65 1898/1975/65
f 1953/2341/65 1954/2335/65 2006/2334/65
f 1954/2335/65 1955/2338/65 1980/2337/65
f 1981/2336/65 2005/2332/65 1954/2335/65
f 2006/2334/65 2007/2342/65 2036/2343/65
f 2007/2342/65 1852/2344/65 2036/2343/65
f 1899/2345/65 1858/2346/65 1952/2340/65
f 1896/2347/65 1897/2348/65 1927/2349/65
f 1897/2348/65 1898/1975/65 1926/1974/65
f 1927/2349/65 1897/2348/65 1926/1974/65
f 1898/1975/65 1899/2345/65 1952/2340/65
f 1953/2341/65 2006/2334/65 1898/1975/65
f 2037/1973/65 2038/2350/65 1925/2351/65
f 2038/2350/65 2039/2352/65 1924/2353/65
f 1924/2353/65 2039/2352/65 1854/2354/65
f 2006/2334/65 2036/2343/65 2037/1973/65
f 1856/2355/65 1896/2347/65 1927/2349/65
f 1925/2351/65 1926/1974/65 2037/1973/65
f 1898/1975/65 2006/2334/65 2037/1973/65
f 1924/2353/65 1925/2351/65 2038/2350/65
f 1991/1976/59 1862/2356/59 2228/1977/59
f 1959/1979/60 1867/2134/60 2233/1980/60
f 1903/1982/61 1866/2104/61 2232/1983/61
f 1931/1985/62 1865/2046/62 2231/1986/62
f 2043/1988/63 1864/2074/63 2230/1989/63
f 2015/1991/64 1863/2195/64 2229/1992/64
f 1999/1994/59 1874/2357/59 1885/1995/59
f 1971/1997/60 1883/2127/60 1884/1998/60
f 1915/2000/61 1881/2097/61 1882/2001/61
f 1943/2003/62 1879/2039/62 1880/2004/62
f 2055/2006/63 1877/2067/63 1878/2007/63
f 2027/2009/64 1875/2188/64 1876/2010/64
f 1872/2012/66 1886/2148/66 1984/2013/66
f 1861/2015/67 1887/2119/67 1960/2016/67
f 1868/2018/68 1888/2089/68 1904/2019/68
f 1869/2021/69 1889/2031/69 1932/2022/69
f 1870/2024/70 1890/2059/70 2044/2025/70
f 1873/2027/71 1891/2181/71 2016/2028/71
f 1869/2021/68 1919/2182/68 1907/2030/68
f 2028/2029/72 2096/2227/72 2097/2032/72
f 1917/2034/68 1905/2096/68 1906/2035/68
f 2045/2037/73 2101/2358/73 2100/2038/73
f 1879/2039/61 1912/2041/61 1908/2040/61
f 1912/2041/61 1913/2043/61 1909/2042/61
f 1913/2043/61 1914/2045/61 1910/2044/61
f 1914/2045/61 1915/2000/61 1911/2002/61
f 1865/2046/61 1900/2048/61 2234/2047/61
f 1900/2048/61 1901/2050/61 2235/2049/61
f 1901/2050/61 1902/2052/61 2236/2051/61
f 1902/2052/61 1903/1982/61 2237/1984/61
f 1855/1965/61 1889/2328/61 1907/2053/61
f 1907/2053/61 1906/2149/61 1893/2055/61
f 1893/2055/61 1906/2149/61 1905/2056/61
f 1905/2056/61 1904/1961/61 1895/1963/61
f 1870/2024/69 1947/2259/69 1935/2058/69
f 1916/2020/74 1904/2019/157 2060/2060/75
f 1946/2062/69 1945/2154/69 1933/2063/69
f 1985/2065/77 2085/2359/77 2084/2066/77
f 1877/2067/62 1940/2069/62 1936/2068/62
f 1940/2069/62 1941/2071/62 1937/2070/62
f 1941/2071/62 1942/2073/62 1938/2072/62
f 1942/2073/62 1943/2003/62 1939/2005/62
f 1864/2074/62 1928/2076/62 2238/2075/62
f 1928/2076/62 1929/2078/62 2239/2077/62
f 1929/2078/62 1930/2080/62 2240/2079/62
f 1930/2080/62 1931/1985/62 2241/1987/62
f 1890/2081/62 1935/2083/62 1920/2082/62
f 1935/2083/62 1934/2085/62 1921/2084/62
f 1934/2085/62 1933/2087/62 1922/2086/62
f 1933/2087/62 1932/1964/62 1923/1966/62
f 1868/2018/67 1975/2253/67 1963/2088/67
f 2056/2026/78 2104/2232/78 2105/2090/78
f 1973/2092/67 1961/2263/67 1962/2093/67
f 1917/2034/79 2065/2208/158 2061/2095/80
f 1881/2097/60 1968/2099/60 1964/2098/60
f 1968/2099/60 1969/2101/60 1965/2100/60
f 1969/2101/60 1970/2103/60 1966/2102/60
f 1970/2103/60 1971/1997/60 1967/1999/60
f 1866/2104/60 1956/2106/60 2242/2105/60
f 1956/2106/60 1957/2108/60 2243/2107/60
f 1957/2108/60 1958/2110/60 2244/2109/60
f 1958/2110/60 1959/1979/60 2245/1981/60
f 1888/2111/60 1963/2113/60 1948/2112/60
f 1963/2113/60 1962/2115/60 1949/2114/60
f 1962/2115/60 1961/2117/60 1950/2116/60
f 1961/2117/60 1960/1958/60 1951/1960/60
f 1861/2015/66 2003/2248/66 1987/2118/66
f 1944/2023/82 1932/2022/159 2068/2120/83
f 2002/2122/66 2001/2240/66 1985/2123/66
f 1918/2036/85 1906/2035/160 2062/2125/86
f 1883/2127/59 1996/2129/59 1992/2128/59
f 1996/2129/59 1997/2131/59 1993/2130/59
f 1997/2131/59 1998/2133/59 1994/2132/59
f 1998/2133/59 1999/1994/59 1995/1996/59
f 1867/2134/59 1988/2136/59 2246/2135/59
f 1988/2136/59 1989/2138/59 2247/2137/59
f 1989/2138/59 1990/2140/59 2248/2139/59
f 1990/2140/59 1991/1976/59 2249/1978/59
f 1887/2141/59 1987/2143/59 1976/2142/59
f 1987/2143/59 1986/2145/59 1977/2144/59
f 1986/2145/59 1985/2065/59 1978/2146/59
f 1985/2065/59 1984/1955/59 1979/1957/59
f 1872/2012/71 2031/2243/71 2019/2147/71
f 1906/2149/88 1907/2053/88 2063/2150/88
f 2029/2033/71 2017/2252/71 2018/2152/71
f 1945/2154/89 2073/2212/161 2069/2155/90
f 1874/2156/64 2024/2159/64 2020/2157/64
f 2024/2159/64 2025/2161/64 2021/2160/64
f 2025/2161/64 2026/2163/64 2022/2162/64
f 2026/2163/64 2027/2009/64 2023/2011/64
f 1862/2164/64 2012/2167/64 2250/2165/64
f 2012/2167/64 2013/2169/64 2251/2168/64
f 2013/2169/64 2014/2171/64 2252/2170/64
f 2014/2171/64 2015/1991/64 2253/1993/64
f 1886/2172/64 2019/2175/64 2008/2173/64
f 2019/2175/64 2018/2177/64 2009/2176/64
f 2018/2177/64 2017/2179/64 2010/2178/64
f 2017/2179/64 2016/2239/64 2011/1970/64
f 1873/2027/70 2059/2234/70 2047/2180/70
f 1919/2182/92 2067/2207/162 2063/2183/93
f 2057/2091/70 2045/2245/70 2046/2184/70
f 1972/2017/95 1960/2016/163 2076/2186/96
f 1875/2188/63 2052/2190/63 2048/2189/63
f 2052/2190/63 2053/2192/63 2049/2191/63
f 2053/2192/63 2054/2194/63 2050/2193/63
f 2054/2194/63 2055/2006/63 2051/2008/63
f 1863/2195/63 2040/2197/63 2254/2196/63
f 2040/2197/63 2041/2199/63 2255/2198/63
f 2041/2199/63 2042/2201/63 2256/2200/63
f 2042/2201/63 2043/1988/63 2257/1990/63
f 1891/1971/63 2047/2203/63 2032/2202/63
f 2047/2203/63 2046/2205/63 2033/2204/63
f 2046/2205/63 2045/2037/63 2034/2206/63
f 2045/2037/63 2044/1967/63 2035/1969/63
f 2067/2207/98 2066/2126/98 2062/2125/98
f 2064/2061/98 2060/2060/98 2061/2095/98
f 2075/2209/98 2074/2260/98 2070/2210/98
f 2072/2121/98 2068/2120/98 2069/2155/98
f 2083/2213/98 2082/2254/98 2078/2214/98
f 2080/2187/98 2076/2186/98 2077/2216/98
f 2091/2218/98 2090/2249/98 2086/2219/98
f 2088/2221/98 2084/2261/98 2085/2222/98
f 2099/2224/98 2098/2244/98 2094/2225/98
f 2096/2227/98 2092/2255/98 2093/2228/98
f 2107/2229/98 2106/2235/98 2102/2230/98
f 2104/2232/98 2100/2250/98 2101/2233/98
f 2059/2234/78 2058/2185/78 2106/2235/78
f 1986/2145/77 1987/2143/77 2087/2236/77
f 2059/2234/99 2107/2229/164 2103/2231/100
f 2017/2179/102 2093/2360/102 2092/2238/102
f 2000/2014/103 2088/2221/103 2089/2223/103
f 2046/2205/73 2047/2203/73 2103/2241/73
f 2031/2243/72 2030/2153/72 2098/2244/72
f 2058/2185/104 2046/2184/165 2102/2230/105
f 2031/2243/107 2099/2224/166 2095/2226/108
f 1972/2017/110 2080/2187/110 2081/2217/110
f 2057/2091/111 2105/2090/167 2101/2233/112
f 2018/2177/102 2019/2175/102 2095/2246/102
f 2003/2248/103 2002/2122/103 2090/2249/103
f 2030/2153/114 2018/2152/168 2094/2225/115
f 2056/2026/117 2044/2025/169 2100/2250/118
f 2003/2248/120 2091/2218/170 2087/2220/121
f 1961/2117/123 2077/2361/123 2076/2251/123
f 1944/2023/124 2072/2121/124 2073/2212/124
f 2029/2033/125 2097/2032/171 2093/2228/126
f 1975/2253/110 1974/2094/110 2082/2254/110
f 2002/2122/128 1986/2124/172 2086/2219/129
f 2028/2029/131 2016/2028/173 2092/2255/132
f 1975/2253/134 2083/2213/174 2079/2215/135
f 1933/2087/137 2069/2362/137 2068/2256/137
f 1916/2020/138 2064/2061/138 2065/2208/138
f 2001/2240/139 2089/2223/175 2085/2222/140
f 1962/2115/123 1963/2113/123 2079/2257/123
f 1947/2259/124 1946/2062/124 2074/2260/124
f 1974/2094/142 1962/2093/176 2078/2214/143
f 2000/2014/145 1984/2013/177 2084/2261/146
f 1947/2259/148 2075/2209/178 2071/2211/149
f 1905/2056/88 2061/2363/88 2060/2262/88
f 1973/2092/151 2081/2217/179 2077/2216/152
f 1934/2085/137 1935/2083/137 2071/2264/137
f 1919/2182/138 1918/2036/138 2066/2126/138
f 1946/2062/154 1934/2064/180 2070/2210/155
f 2166/2266/63 2167/2321/63 2137/2267/63
f 2165/2269/63 2166/2266/63 2136/2268/63
f 2164/2271/63 2165/2269/63 2135/2270/63
f 2139/2273/63 2164/2271/63 2134/2272/63
f 2162/2275/64 2163/2320/64 2133/2276/64
f 2161/2278/64 2162/2275/64 2132/2277/64
f 2160/2280/64 2161/2278/64 2131/2279/64
f 2138/2282/64 2160/2280/64 2130/2281/64
f 2158/2284/59 2159/2325/59 2129/2285/59
f 2157/2287/59 2158/2284/59 2128/2286/59
f 2156/2289/59 2157/2287/59 2127/2288/59
f 2143/2291/59 2156/2289/59 2126/2290/59
f 2154/2293/60 2155/2324/60 2125/2294/60
f 2153/2296/60 2154/2293/60 2124/2295/60
f 2152/2298/60 2153/2296/60 2123/2297/60
f 2142/2300/60 2152/2298/60 2122/2299/60
f 2150/2302/62 2151/2322/62 2121/2303/62
f 2149/2305/62 2150/2302/62 2120/2304/62
f 2148/2307/62 2149/2305/62 2119/2306/62
f 2140/2309/62 2148/2307/62 2118/2308/62
f 2146/2311/61 2147/2323/61 2117/2312/61
f 2145/2314/61 2146/2311/61 2116/2313/61
f 2144/2316/61 2145/2314/61 2115/2315/61
f 2141/2318/61 2144/2316/61 2114/2317/61
f 2163/2320/64 2139/2273/64 2108/2274/64
f 2167/2321/63 2140/2309/63 2109/2310/63
f 2151/2322/62 2141/2318/62 2110/2319/62
f 2147/2323/61 2142/2300/61 2111/2301/61
f 2155/2324/60 2143/2291/60 2112/2292/60
f 2159/2325/59 2138/2364/59 2113/2326/59
usemtl mat_brown01
f 2196/2365/63 2167/2321/63 2166/2266/63
f 2195/2366/63 2166/2266/63 2165/2269/63
f 2194/2367/63 2165/2269/63 2164/2271/63
f 2169/2368/63 2164/2271/63 2139/2273/63
f 2192/2369/64 2163/2320/64 2162/2275/64
f 2191/2370/64 2162/2275/64 2161/2278/64
f 2190/2371/64 2161/2278/64 2160/2280/64
f 2168/2372/64 2160/2280/64 2138/2282/64
f 2188/2373/59 2159/2325/59 2158/2284/59
f 2187/2374/59 2158/2284/59 2157/2287/59
f 2186/2375/59 2157/2287/59 2156/2289/59
f 2173/2376/59 2156/2289/59 2143/2291/59
f 2184/2377/60 2155/2324/60 2154/2293/60
f 2183/2378/60 2154/2293/60 2153/2296/60
f 2182/2379/60 2153/2296/60 2152/2298/60
f 2172/2380/60 2152/2298/60 2142/2300/60
f 2180/2381/62 2151/2322/62 2150/2302/62
f 2179/2382/62 2150/2302/62 2149/2305/62
f 2178/2383/62 2149/2305/62 2148/2307/62
f 2170/2384/62 2148/2307/62 2140/2309/62
f 2176/2385/61 2147/2323/61 2146/2311/61
f 2175/2386/61 2146/2311/61 2145/2314/61
f 2174/2387/61 2145/2314/61 2144/2316/61
f 2171/2388/61 2144/2316/61 2141/2318/61
f 2193/2389/64 2139/2273/64 2163/2320/64
f 2197/2390/63 2140/2309/63 2167/2321/63
f 2181/2391/62 2141/2318/62 2151/2322/62
f 2177/2392/61 2142/2300/61 2147/2323/61
f 2185/2393/60 2143/2291/60 2155/2324/60
f 2189/2394/59 2138/2364/59 2159/2325/59
f 2256/2200/63 2227/2395/63 2226/2396/63
f 2255/2198/63 2226/2396/63 2225/2397/63
f 2254/2196/63 2225/2397/63 2224/2398/63
f 2229/1992/63 2224/2398/63 2199/2399/63
f 2252/2170/64 2223/2400/64 2222/2401/64
f 2251/2168/64 2222/2401/64 2221/2402/64
f 2250/2165/64 2221/2402/64 2220/2403/64
f 2228/2166/64 2220/2403/64 2198/2404/64
f 2248/2139/59 2219/2405/59 2218/2406/59
f 2247/2137/59 2218/2406/59 2217/2407/59
f 2246/2135/59 2217/2407/59 2216/2408/59
f 2233/1980/59 2216/2408/59 2203/2409/59
f 2244/2109/60 2215/2410/60 2214/2411/60
f 2243/2107/60 2214/2411/60 2213/2412/60
f 2242/2105/60 2213/2412/60 2212/2413/60
f 2232/1983/60 2212/2413/60 2202/2414/60
f 2240/2079/62 2211/2415/62 2210/2416/62
f 2239/2077/62 2210/2416/62 2209/2417/62
f 2238/2075/62 2209/2417/62 2208/2418/62
f 2230/1989/62 2208/2418/62 2200/2419/62
f 2236/2051/61 2207/2420/61 2206/2421/61
f 2235/2049/61 2206/2421/61 2205/2422/61
f 2234/2047/61 2205/2422/61 2204/2423/61
f 2231/1986/61 2204/2423/61 2201/2424/61
f 2253/1993/64 2199/2399/64 2223/2400/64
f 2257/1990/63 2200/2419/63 2227/2395/63
f 2241/1987/62 2201/2424/62 2211/2415/62
f 2237/1984/61 2202/2414/61 2207/2420/61
f 2245/1981/60 2203/2409/60 2215/2410/60
f 2249/1978/59 2198/2425/59 2219/2405/59
f 2196/2365/63 2197/2390/63 2167/2321/63
f 2195/2366/63 2196/2365/63 2166/2266/63
f 2194/2367/63 2195/2366/63 2165/2269/63
f 2169/2368/63 2194/2367/63 2164/2271/63
f 2192/2369/64 2193/2389/64 2163/2320/64
f 2191/2370/64 2192/2369/64 2162/2275/64
f 2190/2371/64 2191/2370/64 2161/2278/64
f 2168/2372/64 2190/2371/64 2160/2280/64
f 2188/2373/59 2189/2394/59 2159/2325/59
f 2187/2374/59 2188/2373/59 2158/2284/59
f 2186/2375/59 2187/2374/59 2157/2287/59
f 2173/2376/59 2186/2375/59 2156/2289/59
f 2184/2377/60 2185/2393/60 2155/2324/60
f 2183/2378/60 2184/2377/60 2154/2293/60
f 2182/2379/60 2183/2378/60 2153/2296/60
f 2172/2380/60 2182/2379/60 2152/2298/60
f 2180/2381/62 2181/2391/62 2151/2322/62
f 2179/2382/62 2180/2381/62 2150/2302/62
f 2178/2383/62 2179/2382/62 2149/2305/62
f 2170/2384/62 2178/2383/62 2148/2307/62
f 2176/2385/61 2177/2392/61 2147/2323/61
f 2175/2386/61 2176/2385/61 2146/2311/61
f 2174/2387/61 2175/2386/61 2145/2314/61
f 2171/2388/61 2174/2387/61 2144/2316/61
f 2193/2389/64 2169/2368/64 2139/2273/64
f 2197/2390/63 2170/2384/63 2140/2309/63
f 2181/2391/62 2171/2388/62 2141/2318/62
f 2177/2392/61 2172/2380/61 2142/2300/61
f 2185/2393/60 2173/2376/60 2143/2291/60
f 2189/2394/59 2168/2426/59 2138/2364/59
f 2256/2200/63 2257/1990/63 2227/2395/63
f 2255/2198/63 2256/2200/63 2226/2396/63
f 2254/2196/63 2255/2198/63 2225/2397/63
f 2229/1992/63 2254/2196/63 2224/2398/63
f 2252/2170/64 2253/1993/64 2223/2400/64
f 2251/2168/64 2252/2170/64 2222/2401/64
f 2250/2165/64 2251/2168/64 2221/2402/64
f 2228/2166/64 2250/2165/64 2220/2403/64
f 2248/2139/59 2249/1978/59 2219/2405/59
f 2247/2137/59 2248/2139/59 2218/2406/59
f 2246/2135/59 2247/2137/59 2217/2407/59
f 2233/1980/59 2246/2135/59 2216/2408/59
f 2244/2109/60 2245/1981/60 2215/2410/60
f 2243/2107/60 2244/2109/60 2214/2411/60
f 2242/2105/60 2243/2107/60 2213/2412/60
f 2232/1983/60 2242/2105/60 2212/2413/60
f 2240/2079/62 2241/1987/62 2211/2415/62
f 2239/2077/62 2240/2079/62 2210/2416/62
f 2238/2075/62 2239/2077/62 2209/2417/62
f 2230/1989/62 2238/2075/62 2208/2418/62
f 2236/2051/61 2237/1984/61 2207/2420/61
f 2235/2049/61 2236/2051/61 2206/2421/61
f 2234/2047/61 2235/2049/61 2205/2422/61
f 2231/1986/61 2234/2047/61 2204/2423/61
f 2253/1993/64 2229/1992/64 2199/2399/64
f 2257/1990/63 2230/1989/63 2200/2419/63
f 2241/1987/62 2231/1986/62 2201/2424/62
f 2237/1984/61 2232/1983/61 2202/2414/61
f 2245/1981/60 2233/1980/60 2203/2409/60
f 2249/1978/59 2228/1977/59 2198/2425/59
usemtl mat_grey02
f 2136/2268/63 2039/2427/63 2038/2428/63
f 2135/2270/63 2038/2428/63 2037/2429/63
f 2134/2272/63 2037/2429/63 2036/2430/63
f 2108/2274/63 2036/2430/63 1852/2431/63
f 2132/2277/64 2007/2432/64 2006/2433/64
f 2131/2279/64 2006/2433/64 2005/2434/64
f 2130/2281/64 2005/2434/64 2004/2435/64
f 2113/2283/64 2004/2435/64 1850/2436/64
f 2128/2286/59 1983/2437/59 1982/2438/59
f 2127/2288/59 1982/2438/59 1981/2439/59
f 2126/2290/59 1981/2439/59 1980/2440/59
f 2112/2292/59 1980/2440/59 1860/2441/59
f 2124/2295/60 1955/2442/60 1954/2443/60
f 2123/2297/60 1954/2443/60 1953/2444/60
f 2122/2299/60 1953/2444/60 1952/2445/60
f 2111/2301/60 1952/2445/60 1858/2446/60
f 2120/2304/62 1927/2447/62 1926/2448/62
f 2119/2306/62 1926/2448/62 1925/2449/62
f 2118/2308/62 1925/2449/62 1924/2450/62
f 2109/2310/62 1924/2450/62 1854/2451/62
f 2116/2313/61 1899/2452/61 1898/2453/61
f 2115/2315/61 1898/2453/61 1897/2454/61
f 2114/2317/61 1897/2454/61 1896/2455/61
f 2110/2319/61 1896/2455/61 1856/2456/61
f 2133/2276/64 1852/2431/64 2007/2432/64
f 2137/2267/63 1854/2451/63 2039/2427/63
f 2121/2303/62 1856/2456/62 1927/2447/62
f 2117/2312/61 1858/2446/61 1899/2452/61
f 2125/2294/60 1860/2441/60 1955/2442/60
f 2129/2285/59 1850/2457/59 1983/2437/59
f 2226/2396/63 2197/2390/63 2196/2365/63
f 2225/2397/63 2196/2365/63 2195/2366/63
f 2224/2398/63 2195/2366/63 2194/2367/63
f 2199/2399/63 2194/2367/63 2169/2368/63
f 2222/2401/64 2193/2389/64 2192/2369/64
f 2221/2402/64 2192/2369/64 2191/2370/64
f 2220/2403/64 2191/2370/64 2190/2371/64
f 2198/2404/64 2190/2371/64 2168/2372/64
f 2218/2406/59 2189/2394/59 2188/2373/59
f 2217/2407/59 2188/2373/59 2187/2374/59
f 2216/2408/59 2187/2374/59 2186/2375/59
f 2203/2409/59 2186/2375/59 2173/2376/59
f 2214/2411/60 2185/2393/60 2184/2377/60
f 2213/2412/60 2184/2377/60 2183/2378/60
f 2212/2413/60 2183/2378/60 2182/2379/60
f 2202/2414/60 2182/2379/60 2172/2380/60
f 2210/2416/62 2181/2391/62 2180/2381/62
f 2209/2417/62 2180/2381/62 2179/2382/62
f 2208/2418/62 2179/2382/62 2178/2383/62
f 2200/2419/62 2178/2383/62 2170/2384/62
f 2206/2421/61 2177/2392/61 2176/2385/61
f 2205/2422/61 2176/2385/61 2175/2386/61
f 2204/2423/61 2175/2386/61 2174/2387/61
f 2201/2424/61 2174/2387/61 2171/2388/61
f 2223/2400/64 2169/2368/64 2193/2389/64
f 2227/2395/63 2170/2384/63 2197/2390/63
f 2211/2415/62 2171/2388/62 2181/2391/62
f 2207/2420/61 2172/2380/61 2177/2392/61
f 2215/2410/60 2173/2376/60 2185/2393/60
f 2219/2405/59 2168/2426/59 2189/2394/59
f 2136/2268/63 2137/2267/63 2039/2427/63
f 2135/2270/63 2136/2268/63 2038/2428/63
f 2134/2272/63 2135/2270/63 2037/2429/63
f 2108/2274/63 2134/2272/63 2036/2430/63
f 2132/2277/64 2133/2276/64 2007/2432/64
f 2131/2279/64 2132/2277/64 2006/2433/64
f 2130/2281/64 2131/2279/64 2005/2434/64
f 2113/2283/64 2130/2281/64 2004/2435/64
f 2128/2286/59 2129/2285/59 1983/2437/59
f 2127/2288/59 2128/2286/59 1982/2438/59
f 2126/2290/59 2127/2288/59 1981/2439/59
f 2112/2292/59 2126/2290/59 1980/2440/59
f 2124/2295/60 2125/2294/60 1955/2442/60
f 2123/2297/60 2124/2295/60 1954/2443/60
f 2122/2299/60 2123/2297/60 1953/2444/60
f 2111/2301/60 2122/2299/60 1952/2445/60
f 2120/2304/62 2121/2303/62 1927/2447/62
f 2119/2306/62 2120/2304/62 1926/2448/62
f 2118/2308/62 2119/2306/62 1925/2449/62
f 2109/2310/62 2118/2308/62 1924/2450/62
f 2116/2313/61 2117/2312/61 1899/2452/61
f 2115/2315/61 2116/2313/61 1898/2453/61
f 2114/2317/61 2115/2315/61 1897/2454/61
f 2110/2319/61 2114/2317/61 1896/2455/61
f 2133/2276/64 2108/2274/64 1852/2431/64
f 2137/2267/63 2109/2310/63 1854/2451/63
f 2121/2303/62 2110/2319/62 1856/2456/62
f 2117/2312/61 2111/2301/61 1858/2446/61
f 2125/2294/60 2112/2292/60 1860/2441/60
f 2129/2285/59 2113/2326/59 1850/2457/59
f 2226/2396/63 2227/2395/63 2197/2390/63
f 2225/2397/63 2226/2396/63 2196/2365/63
f 2224/2398/63 2225/2397/63 2195/2366/63
f 2199/2399/63 2224/2398/63 2194/2367/63
f 2222/2401/64 2223/2400/64 2193/2389/64
f 2221/2402/64 2222/2401/64 2192/2369/64
f 2220/2403/64 2221/2402/64 2191/2370/64
f 2198/2404/64 2220/2403/64 2190/2371/64
f 2218/2406/59 2219/2405/59 2189/2394/59
f 2217/2407/59 2218/2406/59 2188/2373/59
f 2216/2408/59 2217/2407/59 2187/2374/59
f 2203/2409/59 2216/2408/59 2186/2375/59
f 2214/2411/60 2215/2410/60 2185/2393/60
f 2213/2412/60 2214/2411/60 2184/2377/60
f 2212/2413/60 2213/2412/60 2183/2378/60
f 2202/2414/60 2212/2413/60 2182/2379/60
f 2210/2416/62 2211/2415/62 2181/2391/62
f 2209/2417/62 2210/2416/62 2180/2381/62
f 2208/2418/62 2209/2417/62 2179/2382/62
f 2200/2419/62 2208/2418/62 2178/2383/62
f 2206/2421/61 2207/2420/61 2177/2392/61
f 2205/2422/61 2206/2421/61 2176/2385/61
f 2204/2423/61 2205/2422/61 2175/2386/61
f 2201/2424/61 2204/2423/61 2174/2387/61
f 2223/2400/64 2199/2399/64 2169/2368/64
f 2227/2395/63 2200/2419/63 2170/2384/63
f 2211/2415/62 2201/2424/62 2171/2388/62
f 2207/2420/61 2202/2414/61 2172/2380/61
f 2215/2410/60 2203/2409/60 2173/2376/60
f 2219/2405/59 2198/2425/59 2168/2426/59
usemtl mat_grey03
f 1946/2062/98 1974/2094/98 1918/2036/98
f 1867/2134/181 1992/2128/181 1988/2136/181
f 1865/2046/182 1908/2040/182 1900/2048/182
f 1863/2195/183 2048/2189/183 2040/2197/183
f 1866/2104/184 1964/2098/184 1956/2106/184
f 1864/2074/185 1936/2068/185 1928/2076/185
f 1862/2164/186 2020/2157/186 2012/2167/186
f 1879/2039/187 1892/2054/187 1912/2041/187
f 1875/2188/188 2032/2202/188 2052/2190/188
f 1881/2097/189 1948/2112/189 1968/2099/189
f 1877/2067/190 1920/2082/190 1940/2069/190
f 1874/2156/191 2008/2173/191 2024/2159/191
f 1883/2127/192 1976/2142/192 1996/2129/192
f 1881/2097/187 1895/1963/187 1853/1962/187
f 1915/2000/187 1894/2057/187 1895/1963/187
f 1913/2043/187 1894/2057/187 1914/2045/187
f 1912/2041/187 1893/2055/187 1913/2043/187
f 1866/2104/182 1911/2002/182 1882/2001/182
f 1903/1982/182 1910/2044/182 1911/2002/182
f 1901/2050/182 1910/2044/182 1902/2052/182
f 1900/2048/182 1909/2042/182 1901/2050/182
f 1879/2039/190 1923/1966/190 1855/1965/190
f 1943/2003/190 1922/2086/190 1923/1966/190
f 1941/2071/190 1922/2086/190 1942/2073/190
f 1940/2069/190 1921/2084/190 1941/2071/190
f 1865/2046/185 1939/2005/185 1880/2004/185
f 1931/1985/185 1938/2072/185 1939/2005/185
f 1929/2078/185 1938/2072/185 1930/2080/185
f 1928/2076/185 1937/2070/185 1929/2078/185
f 1883/2127/189 1951/1960/189 1851/1959/189
f 1971/1997/189 1950/2116/189 1951/1960/189
f 1969/2101/189 1950/2116/189 1970/2103/189
f 1968/2099/189 1949/2114/189 1969/2101/189
f 1867/2134/184 1967/1999/184 1884/1998/184
f 1959/1979/184 1966/2102/184 1967/1999/184
f 1957/2108/184 1966/2102/184 1958/2110/184
f 1956/2106/184 1965/2100/184 1957/2108/184
f 1874/2357/192 1979/1957/192 1871/1956/192
f 1999/1994/192 1978/2146/192 1979/1957/192
f 1998/2133/192 1977/2144/192 1978/2146/192
f 1996/2129/192 1977/2144/192 1997/2131/192
f 1862/2356/181 1995/1996/181 1885/1995/181
f 1991/1976/181 1994/2132/181 1995/1996/181
f 1989/2138/181 1994/2132/181 1990/2140/181
f 1988/2136/181 1993/2130/181 1989/2138/181
f 1875/2188/191 2011/1970/191 1859/1972/191
f 2027/2009/191 2010/2178/191 2011/1970/191
f 2025/2161/191 2010/2178/191 2026/2163/191
f 2024/2159/191 2009/2176/191 2025/2161/191
f 1863/2195/186 2023/2011/186 1876/2010/186
f 2015/1991/186 2022/2162/186 2023/2011/186
f 2013/2169/186 2022/2162/186 2014/2171/186
f 2012/2167/186 2021/2160/186 2013/2169/186
f 1877/2067/188 2035/1969/188 1857/1968/188
f 2055/2006/188 2034/2206/188 2035/1969/188
f 2053/2192/188 2034/2206/188 2054/2194/188
f 2052/2190/188 2033/2204/188 2053/2192/188
f 1864/2074/183 2051/2008/183 1878/2007/183
f 2043/1988/183 2050/2193/183 2051/2008/183
f 2042/2201/183 2049/2191/183 2050/2193/183
f 2040/2197/183 2049/2191/183 2041/2199/183
f 2263/2458/193 2277/2459/194 2258/2460/194
f 2268/2461/195 2269/2462/195 2264/2463/195
f 2274/2464/196 2267/2465/196 2273/2466/196
f 2272/2467/98 2264/2463/98 2270/2468/98
f 2275/2469/65 2268/2461/65 2274/2464/65
f 2273/2466/197 2266/2470/197 2272/2467/197
f 2271/2471/198 2264/2463/198 2265/2472/198
f 2271/2471/199 2269/2462/199 2275/2469/200
f 2259/2473/201 2271/2471/201 2258/2460/201
f 2260/2474/201 2270/2468/201 2259/2473/201
f 2260/2474/201 2273/2466/201 2272/2467/201
f 2261/2475/202 2274/2464/201 2273/2466/201
f 2262/2476/201 2275/2469/201 2274/2464/201
f 2258/2460/201 2275/2469/201 2263/2458/201
f 2261/2475/203 2280/2477/204 2262/2476/204
f 2259/2473/65 2278/2478/65 2260/2474/65
f 2262/2476/98 2281/2479/98 2263/2458/98
f 2261/2475/205 2278/2478/205 2279/2480/206
f 2258/2460/207 2276/2481/207 2259/2473/208
f 2287/2482/209 2301/2483/209 2282/2484/209
f 2292/2485/60 2293/2486/60 2288/2487/60
f 2297/2488/210 2292/2485/210 2291/2489/210
f 2296/2490/98 2288/2487/98 2294/2491/98
f 2299/2492/65 2292/2485/65 2298/2493/65
f 2297/2488/211 2290/2494/211 2296/2490/211
f 2295/2495/212 2288/2487/212 2289/2496/212
f 2295/2495/213 2293/2486/213 2299/2492/213
f 2283/2497/63 2295/2495/63 2282/2484/63
f 2284/2498/63 2294/2491/63 2283/2497/63
f 2284/2498/63 2297/2488/63 2296/2490/63
f 2285/2499/63 2298/2493/63 2297/2488/63
f 2287/2482/63 2298/2493/63 2286/2500/63
f 2282/2484/63 2299/2492/63 2287/2482/63
f 2285/2499/214 2304/2501/214 2286/2500/214
f 2283/2497/65 2302/2502/65 2284/2498/65
f 2286/2500/98 2305/2503/98 2287/2482/98
f 2284/2498/215 2303/2504/215 2285/2499/215
f 2282/2484/216 2300/2505/216 2283/2497/216
f 2311/2506/217 2325/2507/217 2306/2508/217
f 2316/2509/218 2317/2510/218 2312/2511/218
f 2321/2512/219 2316/2509/219 2315/2513/219
f 2320/2514/98 2312/2511/98 2318/2515/98
f 2323/2516/65 2316/2509/65 2322/2517/65
f 2320/2514/220 2315/2513/220 2314/2518/220
f 2319/2519/221 2312/2511/221 2313/2520/221
f 2319/2519/222 2317/2510/222 2323/2516/222
f 2307/2521/223 2319/2519/224 2306/2508/224
f 2308/2522/223 2318/2515/223 2307/2521/223
f 2308/2522/223 2321/2512/225 2320/2514/225
f 2309/2523/223 2322/2517/225 2321/2512/225
f 2310/2524/223 2323/2516/223 2322/2517/225
f 2306/2508/224 2323/2516/223 2311/2506/223
f 2310/2524/226 2327/2525/226 2328/2526/227
f 2307/2521/65 2326/2527/65 2308/2522/65
f 2310/2524/98 2329/2528/98 2311/2506/98
f 2308/2522/228 2327/2525/229 2309/2523/230
f 2307/2521/231 2325/2507/232 2324/2529/231
f 2059/2234/98 1873/2027/98 2028/2029/98
f 2059/2234/98 2028/2029/98 2029/2033/98
f 2056/2026/98 2057/2091/98 1947/2259/98
f 2057/2091/98 2058/2185/98 2030/2153/98
f 2058/2185/98 2059/2234/98 2029/2033/98
f 2030/2153/98 2031/2243/98 2000/2014/98
f 2031/2243/98 1872/2012/98 2000/2014/98
f 2058/2185/98 2029/2033/98 2030/2153/98
f 1947/2259/98 1870/2024/98 2056/2026/98
f 2057/2091/98 2030/2153/98 1946/2062/98
f 1947/2259/98 2057/2091/98 1946/2062/98
f 2001/2240/98 2002/2122/98 2030/2153/98
f 2002/2122/98 2003/2248/98 1973/2092/98
f 2030/2153/98 2002/2122/98 1946/2062/98
f 2030/2153/98 2000/2014/98 2001/2240/98
f 1944/2023/98 1945/2154/98 1918/2036/98
f 1945/2154/98 1946/2062/98 1918/2036/98
f 1946/2062/98 2002/2122/98 1974/2094/98
f 2003/2248/98 1861/2015/98 1972/2017/98
f 1973/2092/98 1974/2094/98 2002/2122/98
f 1974/2094/98 1975/2253/98 1917/2034/98
f 2003/2248/98 1972/2017/98 1973/2092/98
f 1919/2182/98 1869/2021/98 1944/2023/98
f 1975/2253/98 1868/2018/98 1916/2020/98
f 1916/2020/98 1917/2034/98 1975/2253/98
f 1917/2034/98 1918/2036/98 1974/2094/98
f 1918/2036/98 1919/2182/98 1944/2023/98
f 1867/2134/181 1884/1998/181 1992/2128/181
f 1865/2046/182 1880/2004/182 1908/2040/182
f 1863/2195/183 1876/2010/183 2048/2189/183
f 1866/2104/184 1882/2001/184 1964/2098/184
f 1864/2074/185 1878/2007/185 1936/2068/185
f 1862/2164/186 1885/2158/186 2020/2157/186
f 1879/2039/187 1855/1965/187 1892/2054/187
f 1875/2188/188 1859/1972/188 2032/2202/188
f 1881/2097/189 1853/1962/189 1948/2112/189
f 1877/2067/190 1857/1968/190 1920/2082/190
f 1874/2156/191 1871/2174/191 2008/2173/191
f 1883/2127/192 1851/1959/192 1976/2142/192
f 1881/2097/187 1915/2000/187 1895/1963/187
f 1915/2000/187 1914/2045/187 1894/2057/187
f 1913/2043/187 1893/2055/187 1894/2057/187
f 1912/2041/187 1892/2054/187 1893/2055/187
f 1866/2104/182 1903/1982/182 1911/2002/182
f 1903/1982/182 1902/2052/182 1910/2044/182
f 1901/2050/182 1909/2042/182 1910/2044/182
f 1900/2048/182 1908/2040/182 1909/2042/182
f 1879/2039/190 1943/2003/190 1923/1966/190
f 1943/2003/190 1942/2073/190 1922/2086/190
f 1941/2071/190 1921/2084/190 1922/2086/190
f 1940/2069/190 1920/2082/190 1921/2084/190
f 1865/2046/185 1931/1985/185 1939/2005/185
f 1931/1985/185 1930/2080/185 1938/2072/185
f 1929/2078/185 1937/2070/185 1938/2072/185
f 1928/2076/185 1936/2068/185 1937/2070/185
f 1883/2127/189 1971/1997/189 1951/1960/189
f 1971/1997/189 1970/2103/189 1950/2116/189
f 1969/2101/189 1949/2114/189 1950/2116/189
f 1968/2099/189 1948/2112/189 1949/2114/189
f 1867/2134/184 1959/1979/184 1967/1999/184
f 1959/1979/184 1958/2110/184 1966/2102/184
f 1957/2108/184 1965/2100/184 1966/2102/184
f 1956/2106/184 1964/2098/184 1965/2100/184
f 1874/2357/192 1999/1994/192 1979/1957/192
f 1999/1994/192 1998/2133/192 1978/2146/192
f 1998/2133/192 1997/2131/192 1977/2144/192
f 1996/2129/192 1976/2142/192 1977/2144/192
f 1862/2356/181 1991/1976/181 1995/1996/181
f 1991/1976/181 1990/2140/181 1994/2132/181
f 1989/2138/181 1993/2130/181 1994/2132/181
f 1988/2136/181 1992/2128/181 1993/2130/181
f 1875/2188/191 2027/2009/191 2011/1970/191
f 2027/2009/191 2026/2163/191 2010/2178/191
f 2025/2161/191 2009/2176/191 2010/2178/191
f 2024/2159/191 2008/2173/191 2009/2176/191
f 1863/2195/186 2015/1991/186 2023/2011/186
f 2015/1991/186 2014/2171/186 2022/2162/186
f 2013/2169/186 2021/2160/186 2022/2162/186
f 2012/2167/186 2020/2157/186 2021/2160/186
f 1877/2067/188 2055/2006/188 2035/1969/188
f 2055/2006/188 2054/2194/188 2034/2206/188
f 2053/2192/188 2033/2204/188 2034/2206/188
f 2052/2190/188 2032/2202/188 2033/2204/188
f 1864/2074/183 2043/1988/183 2051/2008/183
f 2043/1988/183 2042/2201/183 2050/2193/183
f 2042/2201/183 2041/2199/183 2049/2191/183
f 2040/2197/183 2048/2189/183 2049/2191/183
f 2263/2458/193 2281/2479/193 2277/2459/194
f 2265/2472/195 2264/2463/195 2269/2462/195
f 2264/2463/195 2266/2470/195 2268/2461/195
f 2266/2470/195 2267/2465/233 2268/2461/195
f 2274/2464/196 2268/2461/234 2267/2465/196
f 2272/2467/98 2266/2470/98 2264/2463/98
f 2275/2469/65 2269/2462/65 2268/2461/65
f 2273/2466/197 2267/2465/197 2266/2470/197
f 2271/2471/198 2270/2468/198 2264/2463/198
f 2271/2471/199 2265/2472/199 2269/2462/199
f 2259/2473/201 2270/2468/201 2271/2471/201
f 2260/2474/201 2272/2467/201 2270/2468/201
f 2260/2474/201 2261/2475/202 2273/2466/201
f 2261/2475/202 2262/2476/201 2274/2464/201
f 2262/2476/201 2263/2458/201 2275/2469/201
f 2258/2460/201 2271/2471/201 2275/2469/201
f 2261/2475/203 2279/2480/203 2280/2477/204
f 2259/2473/65 2276/2481/65 2278/2478/65
f 2262/2476/98 2280/2477/98 2281/2479/98
f 2261/2475/205 2260/2474/235 2278/2478/205
f 2258/2460/207 2277/2459/236 2276/2481/207
f 2287/2482/209 2305/2503/209 2301/2483/209
f 2289/2496/60 2288/2487/60 2293/2486/60
f 2288/2487/60 2290/2494/60 2292/2485/60
f 2290/2494/60 2291/2489/60 2292/2485/60
f 2297/2488/210 2298/2493/210 2292/2485/210
f 2296/2490/98 2290/2494/98 2288/2487/98
f 2299/2492/65 2293/2486/65 2292/2485/65
f 2297/2488/211 2291/2489/211 2290/2494/211
f 2295/2495/212 2294/2491/212 2288/2487/212
f 2295/2495/213 2289/2496/213 2293/2486/213
f 2283/2497/63 2294/2491/63 2295/2495/63
f 2284/2498/63 2296/2490/63 2294/2491/63
f 2284/2498/63 2285/2499/63 2297/2488/63
f 2285/2499/63 2286/2500/63 2298/2493/63
f 2287/2482/63 2299/2492/63 2298/2493/63
f 2282/2484/63 2295/2495/63 2299/2492/63
f 2285/2499/214 2303/2504/214 2304/2501/214
f 2283/2497/65 2300/2505/65 2302/2502/65
f 2286/2500/98 2304/2501/98 2305/2503/98
f 2284/2498/215 2302/2502/215 2303/2504/215
f 2282/2484/216 2301/2483/216 2300/2505/216
f 2311/2506/217 2329/2528/217 2325/2507/217
f 2313/2520/218 2312/2511/218 2317/2510/218
f 2312/2511/218 2314/2518/218 2316/2509/218
f 2314/2518/218 2315/2513/218 2316/2509/218
f 2321/2512/219 2322/2517/219 2316/2509/219
f 2320/2514/98 2314/2518/98 2312/2511/98
f 2323/2516/65 2317/2510/65 2316/2509/65
f 2320/2514/220 2321/2512/220 2315/2513/220
f 2319/2519/221 2318/2515/237 2312/2511/221
f 2319/2519/222 2313/2520/222 2317/2510/222
f 2307/2521/223 2318/2515/223 2319/2519/224
f 2308/2522/223 2320/2514/225 2318/2515/223
f 2308/2522/223 2309/2523/223 2321/2512/225
f 2309/2523/223 2310/2524/223 2322/2517/225
f 2310/2524/223 2311/2506/223 2323/2516/223
f 2306/2508/224 2319/2519/224 2323/2516/223
f 2310/2524/226 2309/2523/226 2327/2525/226
f 2307/2521/65 2324/2529/65 2326/2527/65
f 2310/2524/98 2328/2526/98 2329/2528/98
f 2308/2522/228 2326/2527/228 2327/2525/229
f 2307/2521/231 2306/2508/232 2325/2507/232
usemtl mat_black
f 2280/2477/201 2279/2480/201 2278/2478/201
f 2304/2501/63 2303/2504/63 2302/2502/63
f 2328/2526/225 2327/2525/225 2326/2527/223
f 2278/2478/201 2276/2481/201 2280/2477/201
f 2276/2481/201 2277/2459/202 2281/2479/201
f 2280/2477/201 2276/2481/201 2281/2479/201
f 2302/2502/63 2300/2505/63 2304/2501/63
f 2300/2505/63 2301/2483/63 2305/2503/63
f 2304/2501/63 2300/2505/63 2305/2503/63
f 2326/2527/223 2324/2529/223 2328/2526/225
f 2324/2529/223 2325/2507/224 2329/2528/225
f 2328/2526/225 2324/2529/223 2329/2528/225
o tower02_Cylinder.008
v 0.692841 0.146969 13.363907
v 0.602003 1.703088 13.796735
v 1.022263 0.146969 13.173715
v 1.022263 1.703088 14.039371
v 1.351685 0.146969 13.363906
v 1.442522 1.703088 13.796735
v 1.351685 0.146969 13.744290
v 1.442522 1.703088 13.311461
v 1.022263 0.146969 13.934482
v 1.022262 1.703088 13.068824
v 0.692841 0.146969 13.744290
v 0.715615 2.054842 13.731141
v 0.692841 1.225877 13.363907
v 1.022262 1.225878 13.173715
v 1.351684 1.225878 13.363906
v 1.351684 1.225878 13.744289
v 1.022263 1.225878 13.934482
v 0.692841 1.225878 13.744290
v 1.022262 2.054842 13.908184
v 1.328910 2.054842 13.731141
v 1.328910 2.054842 13.377055
v 0.602003 1.703088 13.311461
v 0.715615 2.054842 13.377055
v 1.022262 2.054842 13.200012
v 0.657161 1.604717 13.343307
v 1.022262 1.604717 13.132516
v 1.022262 1.287067 13.132516
v 1.387363 1.604718 13.343307
v 1.387363 1.287067 13.343307
v 1.387363 1.604718 13.764889
v 1.387364 1.287067 13.764889
v 1.022263 1.604718 13.975680
v 1.022263 1.287067 13.975680
v 0.657162 1.604717 13.764890
v 0.657162 1.287067 13.764890
v 0.657161 1.287067 13.343307
v 0.602003 2.001432 13.311461
v 0.602003 2.001433 13.796735
v 1.022262 2.001433 14.039371
v 1.442522 2.001433 13.796735
v 1.442522 2.001433 13.311460
v 1.022262 2.001433 13.068824
v 1.358470 1.703088 13.845263
v 1.274418 1.703088 13.893789
v 1.190366 1.703088 13.942317
v 1.106314 1.703088 13.990845
v 1.285800 0.146969 13.782329
v 1.219916 0.146969 13.820367
v 1.154032 0.146969 13.858405
v 1.088147 0.146969 13.896443
v 1.285800 1.225878 13.782329
v 1.219916 1.225878 13.820367
v 1.154031 1.225878 13.858405
v 1.088147 1.225878 13.896443
v 1.106314 2.001433 13.990845
v 1.190366 2.001433 13.942317
v 1.274418 2.001433 13.893789
v 1.358470 2.001433 13.845263
v 1.314343 1.287067 13.807048
v 1.241323 1.287067 13.849206
v 1.168303 1.287067 13.891364
v 1.095283 1.287067 13.933522
v 1.314343 1.604718 13.807047
v 1.241323 1.604718 13.849206
v 1.168303 1.604718 13.891364
v 1.095283 1.604718 13.933522
v 1.083592 2.054842 13.872775
v 1.144921 2.054842 13.837367
v 1.206251 2.054842 13.801958
v 1.267581 2.054842 13.766550
v 1.442522 1.703088 13.408516
v 1.442522 1.703088 13.505570
v 1.442522 1.703088 13.602625
v 1.442522 1.703088 13.699680
v 1.351685 0.146969 13.439983
v 1.351685 0.146969 13.516060
v 1.351685 0.146969 13.592136
v 1.351685 0.146969 13.668213
v 1.351684 1.225878 13.439983
v 1.351684 1.225878 13.516060
v 1.351684 1.225878 13.592136
v 1.351684 1.225878 13.668213
v 1.442522 2.001433 13.699680
v 1.442522 2.001433 13.602625
v 1.442522 2.001433 13.505570
v 1.442522 2.001433 13.408516
v 1.387363 1.287067 13.427624
v 1.387363 1.287067 13.511940
v 1.387364 1.287067 13.596256
v 1.387364 1.287067 13.680573
v 1.387363 1.604718 13.427623
v 1.387363 1.604718 13.511940
v 1.387363 1.604718 13.596256
v 1.387363 1.604718 13.680573
v 1.328910 2.054842 13.660324
v 1.328910 2.054842 13.589506
v 1.328910 2.054842 13.518689
v 1.328910 2.054842 13.447872
v 0.938211 1.703088 13.990845
v 0.854159 1.703088 13.942317
v 0.770107 1.703088 13.893789
v 0.686055 1.703088 13.845263
v 0.956379 0.146969 13.896443
v 0.890494 0.146969 13.858405
v 0.824610 0.146969 13.820367
v 0.758725 0.146969 13.782329
v 0.956378 1.225878 13.896443
v 0.890494 1.225878 13.858405
v 0.824610 1.225878 13.820367
v 0.758725 1.225878 13.782329
v 0.686055 2.001433 13.845263
v 0.770107 2.001433 13.893789
v 0.854159 2.001433 13.942317
v 0.938211 2.001433 13.990845
v 0.949242 1.287067 13.933522
v 0.876222 1.287067 13.891364
v 0.803202 1.287067 13.849206
v 0.730182 1.287067 13.807048
v 0.949242 1.604718 13.933522
v 0.876222 1.604717 13.891364
v 0.803202 1.604717 13.849206
v 0.730182 1.604717 13.807048
v 0.776944 2.054842 13.766550
v 0.838274 2.054842 13.801958
v 0.899603 2.054842 13.837367
v 0.960933 2.054842 13.872776
v 0.602003 1.703088 13.699680
v 0.602003 1.703088 13.602626
v 0.602003 1.703088 13.505570
v 0.602003 1.703088 13.408516
v 0.692841 0.146969 13.668214
v 0.692841 0.146969 13.592136
v 0.692841 0.146969 13.516060
v 0.692841 0.146969 13.439983
v 0.602003 2.001432 13.408516
v 0.602003 2.001432 13.505570
v 0.602003 2.001432 13.602626
v 0.602003 2.001433 13.699680
v 0.692841 1.225878 13.668213
v 0.692841 1.225878 13.592136
v 0.692841 1.225877 13.516060
v 0.692841 1.225877 13.439983
v 0.657162 1.287067 13.680573
v 0.657162 1.287067 13.596256
v 0.657162 1.287067 13.511940
v 0.657161 1.287067 13.427624
v 0.657161 1.604717 13.680573
v 0.657161 1.604717 13.596256
v 0.657161 1.604717 13.511940
v 0.657161 1.604717 13.427624
v 0.715615 2.054842 13.447872
v 0.715615 2.054842 13.518689
v 0.715615 2.054842 13.589507
v 0.715615 2.054842 13.660324
v 0.758725 0.146969 13.325869
v 0.824610 0.146969 13.287829
v 0.890494 0.146969 13.249791
v 0.956378 0.146969 13.211753
v 0.686055 1.703088 13.262934
v 0.770107 1.703088 13.214407
v 0.854158 1.703088 13.165879
v 0.938210 1.703088 13.117352
v 0.758725 1.225877 13.325868
v 0.824609 1.225877 13.287829
v 0.890494 1.225878 13.249791
v 0.956378 1.225878 13.211753
v 0.938210 2.001433 13.117352
v 0.854158 2.001432 13.165879
v 0.770107 2.001432 13.214406
v 0.686055 2.001432 13.262934
v 0.730182 1.287067 13.301148
v 0.803202 1.287067 13.258990
v 0.876222 1.287067 13.216832
v 0.949242 1.287067 13.174674
v 0.730182 1.604717 13.301148
v 0.803202 1.604717 13.258990
v 0.876222 1.604717 13.216832
v 0.949242 1.604717 13.174674
v 0.960933 2.054842 13.235420
v 0.899603 2.054842 13.270829
v 0.838274 2.054842 13.306238
v 0.776944 2.054842 13.341646
v 1.106314 1.703088 13.117352
v 1.190366 1.703088 13.165879
v 1.274418 1.703088 13.214406
v 1.358470 1.703088 13.262934
v 1.088147 0.146969 13.211753
v 1.154032 0.146969 13.249791
v 1.219916 0.146969 13.287829
v 1.285800 0.146969 13.325868
v 1.088147 1.225878 13.211753
v 1.154031 1.225878 13.249791
v 1.219916 1.225878 13.287829
v 1.285800 1.225878 13.325868
v 1.358470 2.001433 13.262934
v 1.274418 2.001433 13.214406
v 1.190366 2.001433 13.165879
v 1.106314 2.001433 13.117352
v 1.095283 1.287067 13.174674
v 1.168303 1.287067 13.216832
v 1.241323 1.287067 13.258990
v 1.314343 1.287067 13.301148
v 1.095283 1.604717 13.174674
v 1.168303 1.604717 13.216832
v 1.241323 1.604717 13.258990
v 1.314343 1.604718 13.301148
v 1.267580 2.054842 13.341646
v 1.206251 2.054842 13.306237
v 1.144921 2.054842 13.270829
v 1.083592 2.054842 13.235420
v 1.112275 2.187168 13.971753
v 1.176273 2.187168 13.934803
v 1.274958 2.187168 13.877828
v 1.338956 2.187168 13.840878
v 1.094974 2.187168 13.881854
v 1.141671 2.187168 13.854894
v 1.223055 2.187168 13.807907
v 1.269751 2.187168 13.780946
v 1.428968 2.187168 13.684972
v 1.428968 2.187168 13.611073
v 1.428968 2.187168 13.497122
v 1.428968 2.187168 13.423223
v 1.342463 2.187168 13.655005
v 1.342463 2.187168 13.601085
v 1.342463 2.187168 13.507112
v 1.342463 2.187168 13.453190
v 0.705569 2.187168 13.840879
v 0.769567 2.187168 13.877829
v 0.868252 2.187168 13.934804
v 0.932250 2.187168 13.971753
v 0.774773 2.187168 13.780947
v 0.821470 2.187168 13.807907
v 0.902854 2.187168 13.854894
v 0.949551 2.187168 13.881854
v 0.615556 2.187168 13.423224
v 0.615556 2.187168 13.497123
v 0.615556 2.187168 13.611073
v 0.615556 2.187168 13.684972
v 0.702061 2.187168 13.453191
v 0.702061 2.187168 13.507112
v 0.702061 2.187168 13.601085
v 0.702061 2.187168 13.655005
v 0.932249 2.187168 13.136443
v 0.868251 2.187168 13.173392
v 0.769567 2.187168 13.230368
v 0.705569 2.187168 13.267317
v 0.949550 2.187168 13.226342
v 0.902853 2.187168 13.253303
v 0.821470 2.187168 13.300289
v 0.774773 2.187168 13.327250
v 1.338955 2.187168 13.267317
v 1.274957 2.187168 13.230368
v 1.176273 2.187168 13.173392
v 1.112275 2.187168 13.136443
v 1.269751 2.187168 13.327250
v 1.223054 2.187168 13.300289
v 1.141671 2.187168 13.253303
v 1.094974 2.187168 13.226342
v 1.022263 0.208089 13.173715
v 1.351685 0.208090 13.363906
v 1.351685 0.208090 13.744290
v 1.022263 0.208090 13.934482
v 0.692841 0.208089 13.744290
v 0.692841 0.208089 13.363907
v 1.285800 0.208090 13.782329
v 1.219916 0.208090 13.820367
v 1.154032 0.208090 13.858405
v 1.088147 0.208090 13.896443
v 1.351685 0.208090 13.439983
v 1.351685 0.208090 13.516060
v 1.351685 0.208090 13.592136
v 1.351685 0.208090 13.668213
v 0.956379 0.208090 13.896443
v 0.890494 0.208089 13.858405
v 0.824610 0.208089 13.820367
v 0.758725 0.208089 13.782329
v 0.692841 0.208089 13.668214
v 0.692841 0.208089 13.592136
v 0.692841 0.208089 13.516060
v 0.692841 0.208089 13.439983
v 0.758725 0.208089 13.325869
v 0.824610 0.208089 13.287829
v 0.890494 0.208089 13.249791
v 0.956378 0.208089 13.211753
v 1.088147 0.208089 13.211753
v 1.154031 0.208089 13.249791
v 1.219916 0.208089 13.287829
v 1.285800 0.208090 13.325868
v 0.692841 0.816190 13.363907
v 1.022262 0.816190 13.173715
v 1.351684 0.816190 13.363906
v 1.351685 0.816190 13.744289
v 1.022263 0.816190 13.934482
v 0.692841 0.816190 13.744290
v 1.285800 0.816190 13.782329
v 1.219916 0.816190 13.820367
v 1.154032 0.816190 13.858405
v 1.088147 0.816190 13.896443
v 1.351684 0.816190 13.439983
v 1.351684 0.816190 13.516060
v 1.351685 0.816190 13.592136
v 1.351685 0.816190 13.668213
v 0.956378 0.816190 13.896443
v 0.890494 0.816190 13.858405
v 0.824610 0.816190 13.820367
v 0.758725 0.816190 13.782329
v 0.692841 0.816190 13.668214
v 0.692841 0.816190 13.592136
v 0.692841 0.816190 13.516060
v 0.692841 0.816190 13.439983
v 0.758725 0.816190 13.325868
v 0.824609 0.816190 13.287829
v 0.890494 0.816190 13.249791
v 0.956378 0.816190 13.211753
v 1.088147 0.816190 13.211753
v 1.154031 0.816190 13.249791
v 1.219916 0.816190 13.287829
v 1.285800 0.816190 13.325868
v 0.692841 0.864172 13.363907
v 1.022262 0.864172 13.173715
v 1.351684 0.864172 13.363906
v 1.351685 0.864172 13.744289
v 1.022263 0.864172 13.934482
v 0.692841 0.864172 13.744290
v 1.285800 0.864172 13.782329
v 1.219916 0.864172 13.820367
v 1.154032 0.864172 13.858405
v 1.088147 0.864172 13.896443
v 1.351684 0.864172 13.439983
v 1.351684 0.864172 13.516060
v 1.351684 0.864172 13.592136
v 1.351684 0.864172 13.668213
v 0.956378 0.864172 13.896443
v 0.890494 0.864172 13.858405
v 0.824610 0.864172 13.820367
v 0.758725 0.864172 13.782329
v 0.692841 0.864172 13.668214
v 0.692841 0.864172 13.592136
v 0.692841 0.864172 13.516060
v 0.692841 0.864172 13.439983
v 0.758725 0.864172 13.325868
v 0.824609 0.864172 13.287829
v 0.890494 0.864172 13.249791
v 0.956378 0.864172 13.211753
v 1.088147 0.864172 13.211753
v 1.154031 0.864172 13.249791
v 1.219916 0.864172 13.287829
v 1.285800 0.864172 13.325868
v 0.692841 1.063479 13.363907
v 1.022262 1.063479 13.173715
v 1.351684 1.063479 13.363906
v 1.351684 1.063479 13.744289
v 1.022263 1.063479 13.934482
v 0.692841 1.063479 13.744290
v 1.285800 1.063479 13.782329
v 1.219916 1.063479 13.820367
v 1.154031 1.063479 13.858405
v 1.088147 1.063479 13.896443
v 1.351684 1.063479 13.439983
v 1.351684 1.063479 13.516060
v 1.351684 1.063479 13.592136
v 1.351684 1.063479 13.668213
v 0.956378 1.063479 13.896443
v 0.890494 1.063479 13.858405
v 0.824610 1.063479 13.820367
v 0.758725 1.063479 13.782329
v 0.692841 1.063479 13.668213
v 0.692841 1.063479 13.592136
v 0.692841 1.063479 13.516060
v 0.692841 1.063479 13.439983
v 0.758725 1.063479 13.325868
v 0.824609 1.063479 13.287829
v 0.890494 1.063479 13.249791
v 0.956378 1.063479 13.211753
v 1.088147 1.063479 13.211753
v 1.154031 1.063479 13.249791
v 1.219916 1.063479 13.287829
v 1.285800 1.063479 13.325868
v 0.692841 1.139142 13.363907
v 1.022262 1.139142 13.173715
v 1.351684 1.139142 13.363906
v 1.351684 1.139142 13.744289
v 1.022263 1.139142 13.934482
v 0.692841 1.139142 13.744290
v 1.285800 1.139142 13.782329
v 1.219916 1.139142 13.820367
v 1.154031 1.139142 13.858405
v 1.088147 1.139142 13.896443
v 1.351684 1.139142 13.439983
v 1.351684 1.139142 13.516060
v 1.351684 1.139142 13.592136
v 1.351684 1.139142 13.668213
v 0.956378 1.139142 13.896443
v 0.890494 1.139142 13.858405
v 0.824610 1.139142 13.820367
v 0.758725 1.139142 13.782329
v 0.692841 1.139142 13.668213
v 0.692841 1.139142 13.592136
v 0.692841 1.139142 13.516060
v 0.692841 1.139142 13.439983
v 0.758725 1.139142 13.325868
v 0.824609 1.139142 13.287829
v 0.890494 1.139142 13.249791
v 0.956378 1.139142 13.211753
v 1.088147 1.139142 13.211753
v 1.154031 1.139142 13.249791
v 1.219916 1.139142 13.287829
v 1.285800 1.139142 13.325868
v 1.176358 0.904829 13.891129
v 1.176332 0.814037 13.891144
v 1.275568 0.814037 13.838418
v 1.275542 0.904829 13.838431
v 1.248631 0.957611 13.852730
v 1.203269 0.957611 13.876831
v 1.104399 0.783092 13.821730
v 1.104435 0.913125 13.821710
v 1.258306 0.783092 13.739956
v 1.258269 0.913125 13.739976
v 1.219811 0.988556 13.760409
v 1.142894 0.988556 13.801276
v 1.148996 0.783092 13.905667
v 1.149033 0.913125 13.905647
v 1.302904 0.783093 13.823894
v 1.302867 0.913125 13.823914
v 1.264408 0.988556 13.844347
v 1.187491 0.988556 13.885214
v 1.166113 0.814037 13.871910
v 1.166139 0.904829 13.871897
v 1.265349 0.814037 13.819184
v 1.265323 0.904829 13.819199
v 1.238412 0.957611 13.833496
v 1.193050 0.957611 13.857598
v 0.836300 0.904829 13.867786
v 0.836275 0.814037 13.867772
v 0.933593 0.814037 13.923959
v 0.933568 0.904829 13.923944
v 0.907177 0.957611 13.908707
v 0.862691 0.957611 13.883023
v 0.856993 0.783092 13.769979
v 0.857029 0.913125 13.770000
v 1.007926 0.783092 13.857121
v 1.007890 0.913125 13.857100
v 0.970174 0.988556 13.835324
v 0.894744 0.988556 13.791775
v 0.809468 0.783092 13.852295
v 0.809504 0.913125 13.852316
v 0.960401 0.783092 13.939436
v 0.960365 0.913125 13.939415
v 0.922649 0.988556 13.917640
v 0.847219 0.988556 13.874090
v 0.847165 0.814037 13.848910
v 0.847190 0.904829 13.848925
v 0.944483 0.814037 13.905097
v 0.944458 0.904829 13.905083
v 0.918067 0.957611 13.889846
v 0.873581 0.957611 13.864161
v 1.391644 0.904829 13.623218
v 1.391644 0.814037 13.623247
v 1.392195 0.814037 13.510875
v 1.392194 0.904829 13.510903
v 1.392045 0.957611 13.541377
v 1.391793 0.957611 13.592745
v 1.296443 0.783092 13.653735
v 1.296443 0.913125 13.653693
v 1.297298 0.783092 13.479455
v 1.297297 0.913125 13.479496
v 1.297084 0.988556 13.523046
v 1.296657 0.988556 13.610145
v 1.391492 0.783093 13.654201
v 1.391492 0.913125 13.654160
v 1.392346 0.783092 13.479920
v 1.392346 0.913125 13.479962
v 1.392133 0.988556 13.523512
v 1.391706 0.988556 13.610610
v 1.369865 0.814037 13.623140
v 1.369865 0.904829 13.623111
v 1.370415 0.814037 13.510768
v 1.370415 0.904829 13.510798
v 1.370266 0.957611 13.541270
v 1.370014 0.957611 13.592638
vt 0.033333 1.000000
vt -0.000000 0.910612
vt 0.033333 0.910612
vt 0.200000 1.000000
vt 0.166667 0.910612
vt 0.200000 0.910612
vt 0.366667 1.000000
vt 0.333333 0.910612
vt 0.366667 0.910612
vt 0.533333 1.000000
vt 0.500000 0.910612
vt 0.533333 0.910612
vt 0.700000 1.000000
vt 0.666667 0.910612
vt 0.700000 0.910612
vt 0.866667 0.910612
vt 0.833333 1.000000
vt 0.833333 0.910612
vt 0.957846 0.274000
vt 0.833138 0.058000
vt 0.625292 0.082000
vt 0.033333 0.829943
vt -0.000000 0.803418
vt 0.033333 0.803418
vt 0.200000 0.829943
vt 0.166667 0.803418
vt 0.200000 0.803418
vt 0.366667 0.829943
vt 0.333333 0.803418
vt 0.366667 0.803418
vt 0.533333 0.829943
vt 0.500000 0.803418
vt 0.533333 0.803418
vt 0.700000 0.829943
vt 0.666667 0.803418
vt 0.700000 0.803418
vt 0.866667 0.829943
vt 0.833333 0.803418
vt 0.866667 0.803418
vt 0.033333 0.910612
vt -0.000000 0.829943
vt 0.033333 0.829943
vt 0.200000 0.910612
vt 0.166667 0.829943
vt 0.200000 0.829943
vt 0.366667 0.910612
vt 0.333333 0.829943
vt 0.366667 0.829943
vt 0.533333 0.910612
vt 0.500000 0.829943
vt 0.533333 0.829943
vt 0.700000 0.910612
vt 0.666667 0.829943
vt 0.700000 0.829943
vt 0.866667 0.910612
vt 0.833333 0.829943
vt 0.866667 0.829943
vt 0.250000 0.425119
vt 0.208431 0.466000
vt 0.219669 0.407607
vt 0.098342 0.337559
vt 0.042154 0.322000
vt 0.098342 0.302536
vt 0.098342 0.162440
vt 0.083723 0.106000
vt 0.128674 0.144929
vt 0.250000 0.074881
vt 0.291569 0.034000
vt 0.280332 0.092393
vt 0.401658 0.162440
vt 0.457846 0.178000
vt 0.401658 0.197464
vt 0.401658 0.337559
vt 0.416277 0.394000
vt 0.371326 0.355071
vt 0.208431 0.034000
vt 0.250000 0.010000
vt 0.340995 0.372583
vt 0.340995 0.372583
vt 0.159005 0.127417
vt 0.166862 0.058000
vt 0.189337 0.109905
vt 0.733333 1.000000
vt 0.700000 1.000000
vt 0.500000 0.910612
vt 0.466667 0.829943
vt 0.466667 0.910612
vt 0.433333 0.829943
vt 0.433333 0.910612
vt 0.400000 0.829943
vt 0.400000 0.910612
vt 0.500000 0.829943
vt 0.466667 0.803418
vt 0.466667 0.829943
vt 0.433333 0.803418
vt 0.433333 0.829943
vt 0.400000 0.803418
vt 0.400000 0.829943
vt 0.466667 1.000000
vt 0.466667 0.910612
vt 0.433333 0.910612
vt 0.400000 1.000000
vt 0.400000 0.910612
vt 0.416277 0.106000
vt 0.457846 0.130000
vt 0.083723 0.106000
vt 0.128674 0.144929
vt 0.340995 0.127417
vt 0.333138 0.058000
vt 0.374708 0.082000
vt 0.066667 1.000000
vt 0.033333 1.000000
vt 0.666667 0.910612
vt 0.633333 0.829943
vt 0.633333 0.910612
vt 0.600000 0.829943
vt 0.600000 0.910612
vt 0.566667 0.829943
vt 0.566667 0.910612
vt 0.666667 0.829943
vt 0.633333 0.803418
vt 0.633333 0.829943
vt 0.600000 0.803418
vt 0.600000 0.829943
vt 0.566667 0.803418
vt 0.566667 0.829943
vt 0.666667 1.000000
vt 0.633333 0.910612
vt 0.633333 1.000000
vt 0.600000 0.910612
vt 0.600000 1.000000
vt 0.566667 0.910612
vt 0.566667 1.000000
vt 0.042154 0.178000
vt 0.042154 0.130000
vt 0.401658 0.232488
vt 0.401658 0.232488
vt 0.098342 0.267512
vt 0.042154 0.226000
vt 0.098342 0.232488
vt 0.125292 0.082000
vt 0.125292 0.082000
vt 0.333333 0.910612
vt 0.300000 0.829943
vt 0.300000 0.910612
vt 0.266667 0.829943
vt 0.266667 0.910612
vt 0.233333 0.829943
vt 0.233333 0.910612
vt 0.333333 0.829943
vt 0.300000 0.803418
vt 0.300000 0.829943
vt 0.266667 0.803418
vt 0.266667 0.829943
vt 0.233333 0.803418
vt 0.233333 0.829943
vt 0.333333 1.000000
vt 0.300000 0.910612
vt 0.300000 1.000000
vt 0.266667 0.910612
vt 0.266667 1.000000
vt 0.233333 0.910612
vt 0.233333 1.000000
vt 0.083723 0.394000
vt 0.042154 0.370000
vt 0.291569 0.034000
vt 0.280332 0.092393
vt 0.159005 0.372583
vt 0.166862 0.442000
vt 0.125292 0.418000
vt 0.166862 0.058000
vt 0.189337 0.109905
vt 0.166667 0.910612
vt 0.133333 0.829943
vt 0.133333 0.910612
vt 0.100000 0.829943
vt 0.100000 0.910612
vt 0.066667 0.829943
vt 0.066667 0.910612
vt 0.166667 0.829943
vt 0.133333 0.803418
vt 0.133333 0.829943
vt 0.100000 0.803418
vt 0.100000 0.829943
vt 0.066667 0.803418
vt 0.066667 0.829943
vt 0.166667 1.000000
vt 0.133333 0.910612
vt 0.133333 1.000000
vt 0.100000 0.910612
vt 0.100000 1.000000
vt 0.066667 0.910612
vt 0.291569 0.466000
vt 0.250000 0.490000
vt 0.433333 1.000000
vt 0.466667 1.000000
vt 0.433333 1.000000
vt 0.333138 0.442000
vt 0.310663 0.390095
vt 0.310663 0.109905
vt 0.333138 0.058000
vt 1.000000 0.910612
vt 0.966667 0.829943
vt 1.000000 0.829943
vt 0.966667 0.910612
vt 0.933333 0.829943
vt 0.933333 0.910612
vt 0.900000 0.829943
vt 0.900000 0.910612
vt 1.000000 0.829943
vt 0.966667 0.803418
vt 1.000000 0.803418
vt 0.966667 0.829943
vt 0.933333 0.803418
vt 0.933333 0.829943
vt 0.900000 0.803418
vt 0.900000 0.829943
vt 1.000000 1.000000
vt 0.966667 0.910612
vt 1.000000 0.910612
vt 0.966667 1.000000
vt 0.933333 0.910612
vt 0.933333 1.000000
vt 0.900000 0.910612
vt 0.900000 1.000000
vt 0.457846 0.322000
vt 0.457846 0.370000
vt 0.219668 0.092393
vt 0.208431 0.034000
vt 0.457846 0.274000
vt 0.401658 0.267512
vt 0.042154 0.322000
vt 0.098342 0.302536
vt 0.833333 0.910612
vt 0.800000 0.829943
vt 0.800000 0.910612
vt 0.766667 0.829943
vt 0.766667 0.910612
vt 0.733333 0.829943
vt 0.733333 0.910612
vt 0.833333 0.829943
vt 0.800000 0.803418
vt 0.800000 0.829943
vt 0.766667 0.803418
vt 0.766667 0.829943
vt 0.733333 0.803418
vt 0.733333 0.829943
vt 0.800000 0.910612
vt 0.800000 1.000000
vt 0.766667 0.910612
vt 0.766667 1.000000
vt 0.733333 0.910612
vt 0.219668 0.092393
vt 0.159005 0.127417
vt 0.371326 0.144929
vt 0.374708 0.082000
vt 0.416277 0.106000
vt 0.310663 0.109905
vt 0.098342 0.197464
vt 0.042154 0.226000
vt 0.042154 0.178000
vt 0.042154 0.274000
vt 0.098342 0.267512
vt 0.128674 0.355071
vt 0.125292 0.418000
vt 0.083723 0.394000
vt 0.219669 0.407607
vt 0.166862 0.442000
vt 0.189337 0.390095
vt 0.280332 0.407607
vt 0.333138 0.442000
vt 0.291569 0.466000
vt 0.371326 0.355071
vt 0.374708 0.418000
vt 0.401658 0.302536
vt 0.457846 0.274000
vt 0.457846 0.322000
vt 0.401658 0.197464
vt 0.457846 0.226000
vt 0.401658 0.302536
vt 0.401658 0.267512
vt 0.133333 1.000000
vt 0.100000 1.000000
vt 0.866667 1.000000
vt 0.866667 1.000000
vt 0.189337 0.390095
vt 0.800000 1.000000
vt 0.766667 1.000000
vt 0.280332 0.407607
vt 0.310663 0.390095
vt 0.457846 0.226000
vt 0.966667 1.000000
vt 0.933333 1.000000
vt 0.128674 0.355071
vt 0.159005 0.372583
vt 0.457846 0.178000
vt 0.200000 1.000000
vt 0.374708 0.418000
vt 0.098342 0.197464
vt 0.098342 0.232488
vt 0.416277 0.394000
vt 0.533333 1.000000
vt 0.300000 1.000000
vt 0.266667 1.000000
vt 0.371326 0.144929
vt 0.340995 0.127417
vt 0.208431 0.466000
vt 0.366667 1.000000
vt 0.042154 0.274000
vt 0.633333 1.000000
vt 0.600000 1.000000
vt 0.733333 0.704656
vt 0.700000 0.518691
vt 0.733333 0.518691
vt 0.766667 0.704656
vt 0.766667 0.518691
vt 0.800000 0.704656
vt 0.800000 0.518691
vt 0.833333 0.704656
vt 0.833333 0.518691
vt 0.900000 0.704656
vt 0.866667 0.518691
vt 0.900000 0.518691
vt 0.933333 0.704656
vt 0.933333 0.518691
vt 0.966667 0.704656
vt 0.966667 0.518691
vt 1.000000 0.704656
vt 1.000000 0.518691
vt 0.066667 0.704656
vt 0.033333 0.518691
vt 0.066667 0.518691
vt 0.100000 0.704656
vt 0.100000 0.518691
vt 0.133333 0.704656
vt 0.133333 0.518691
vt 0.166667 0.704656
vt 0.166667 0.518691
vt 0.233333 0.704656
vt 0.200000 0.518691
vt 0.233333 0.518691
vt 0.266667 0.704656
vt 0.266667 0.518691
vt 0.300000 0.704656
vt 0.300000 0.518691
vt 0.333333 0.704656
vt 0.333333 0.518691
vt 0.566667 0.704656
vt 0.533333 0.518691
vt 0.566667 0.518691
vt 0.600000 0.704656
vt 0.600000 0.518691
vt 0.633333 0.704656
vt 0.633333 0.518691
vt 0.666667 0.704656
vt 0.666667 0.518691
vt 0.400000 0.704656
vt 0.366667 0.518691
vt 0.400000 0.518691
vt 0.433333 0.704656
vt 0.433333 0.518691
vt 0.466667 0.704656
vt 0.466667 0.518691
vt 0.500000 0.704656
vt 0.500000 0.518691
vt 0.866667 0.704656
vt 0.700000 0.704656
vt 0.533333 0.704656
vt 0.366667 0.704656
vt 0.200000 0.704656
vt 0.033333 0.704656
vt -0.000000 0.518691
vt -0.000000 1.000000
vt 0.500000 1.000000
vt 0.708431 0.466000
vt 0.750000 0.490000
vt 0.791569 0.466000
vt 0.833138 0.442000
vt 0.666862 0.442000
vt 0.874708 0.418000
vt 0.542154 0.274000
vt 0.625292 0.418000
vt 0.583723 0.394000
vt 0.542154 0.322000
vt 0.542154 0.370000
vt 0.542154 0.178000
vt 0.542154 0.226000
vt 0.916277 0.394000
vt 0.957846 0.322000
vt 0.957846 0.370000
vt 0.583723 0.106000
vt 0.542154 0.130000
vt 0.708431 0.034000
vt 0.666862 0.058000
vt 0.791569 0.034000
vt 0.957846 0.226000
vt 0.874708 0.082000
vt 0.957846 0.178000
vt 0.916277 0.106000
vt 0.957846 0.130000
vt 0.750000 0.010000
vt -0.000000 0.829943
vt -0.000000 0.910612
vt 0.733333 1.000000
vt 0.066667 1.000000
vt 0.900000 1.000000
vt 0.233333 1.000000
vt 0.566667 1.000000
vt 0.400000 1.000000
vt -0.000000 0.704656
vt 0.733333 0.719329
vt 0.766667 0.719329
vt 0.800000 0.719329
vt 0.833333 0.719329
vt 0.900000 0.719329
vt 0.933333 0.719329
vt 0.966667 0.719329
vt 1.000000 0.719329
vt 0.066667 0.719329
vt 0.100000 0.719329
vt 0.133333 0.719329
vt 0.166667 0.719329
vt 0.233333 0.719329
vt 0.266667 0.719329
vt 0.300000 0.719329
vt 0.333333 0.719329
vt 0.566667 0.719329
vt 0.600000 0.719329
vt 0.633333 0.719329
vt 0.666667 0.719329
vt 0.400000 0.719329
vt 0.433333 0.719329
vt 0.466667 0.719329
vt 0.500000 0.719329
vt 0.866667 0.719329
vt 0.700000 0.719329
vt 0.533333 0.719329
vt 0.366667 0.719329
vt 0.200000 0.719329
vt 0.033333 0.719329
vt 0.700000 0.780280
vt 0.733333 0.780280
vt 0.766667 0.780280
vt 0.800000 0.780280
vt 0.833333 0.780280
vt 0.866667 0.780280
vt 0.900000 0.780280
vt 0.933333 0.780280
vt 0.966667 0.780280
vt 1.000000 0.780280
vt 0.033333 0.780280
vt 0.066667 0.780280
vt 0.100000 0.780280
vt 0.133333 0.780280
vt 0.166667 0.780280
vt 0.200000 0.780280
vt 0.233333 0.780280
vt 0.266667 0.780280
vt 0.300000 0.780280
vt 0.333333 0.780280
vt 0.533333 0.780280
vt 0.566667 0.780280
vt 0.600000 0.780280
vt 0.633333 0.780280
vt 0.666667 0.780280
vt 0.366667 0.780280
vt 0.400000 0.780280
vt 0.433333 0.780280
vt 0.466667 0.780280
vt 0.500000 0.780280
vt -0.000000 0.780280
vt -0.000000 0.719329
vt 0.700000 0.500000
vt 0.733333 0.500000
vt 0.766667 0.500000
vt 0.800000 0.500000
vt 0.833333 0.500000
vt 0.866667 0.500000
vt 0.900000 0.500000
vt 0.933333 0.500000
vt 0.966667 0.500000
vt 1.000000 0.500000
vt 0.033333 0.500000
vt 0.066667 0.500000
vt 0.100000 0.500000
vt 0.133333 0.500000
vt 0.166667 0.500000
vt 0.200000 0.500000
vt 0.233333 0.500000
vt 0.266667 0.500000
vt 0.300000 0.500000
vt 0.333333 0.500000
vt 0.533333 0.500000
vt 0.566667 0.500000
vt 0.600000 0.500000
vt 0.633333 0.500000
vt 0.666667 0.500000
vt 0.366667 0.500000
vt 0.400000 0.500000
vt 0.433333 0.500000
vt 0.466667 0.500000
vt 0.500000 0.500000
vt -0.000000 0.500000
vt 0.000000 0.000000
vt 0.000000 0.000000
vt 0.000000 0.000000
vt 0.000000 0.000000
vt 0.000000 0.000000
vt 0.000000 0.000000
vt 0.000000 0.000000
vt 0.000000 0.000000
vt 0.000000 0.000000
vt 0.000000 0.000000
vt 0.000000 0.000000
vt 0.000000 0.000000
vt 0.000000 0.000000
vt 0.000000 0.000000
vt 0.000000 0.000000
vt 0.000000 0.000000
vt 0.000000 0.000000
vt 0.000000 0.000000
vt 0.000000 0.000000
vt 0.000000 0.000000
vt 0.000000 0.000000
vt 0.000000 0.000000
vt 0.000000 0.000000
vt 0.000000 0.000000
vt 0.000000 0.000000
vt 0.000000 0.000000
vt 0.000000 0.000000
vt 0.000000 0.000000
vt 0.000000 0.000000
vt 0.000000 0.000000
vt 0.000000 0.000000
vt 0.000000 0.000000
vt 0.000000 0.000000
vt 0.000000 0.000000
vt 0.000000 0.000000
vt 0.000000 0.000000
vt 0.000000 0.000000
vt 0.000000 0.000000
vt 0.000000 0.000000
vt 0.000000 0.000000
vt 0.000000 0.000000
vt 0.000000 0.000000
vt 0.000000 0.000000
vt 0.000000 0.000000
vt 0.000000 0.000000
vt 0.000000 0.000000
vt 0.000000 0.000000
vt 0.000000 0.000000
vt 0.000000 0.000000
vt 0.000000 0.000000
vt 0.000000 0.000000
vt 0.000000 0.000000
vt 0.000000 0.000000
vt 0.000000 0.000000
vt 0.000000 0.000000
vt 0.000000 0.000000
vt 0.000000 0.000000
vt 0.000000 0.000000
vt 0.000000 0.000000
vt 0.000000 0.000000
vt 0.000000 0.000000
vt 0.000000 0.000000
vt 0.000000 0.000000
vt 0.000000 0.000000
vt 0.000000 0.000000
vt 0.000000 0.000000
vt 0.000000 0.000000
vt 0.000000 0.000000
vt 0.000000 0.000000
vt 0.000000 0.000000
vt 0.000000 0.000000
vt 0.000000 0.000000
vn -1.0000 -0.0000 0.0000
vn -0.5000 -0.0000 0.8660
vn 0.5000 0.0000 0.8660
vn 1.0000 0.0000 -0.0000
vn 0.5000 -0.0000 -0.8660
vn -0.5000 -0.0000 -0.8660
vn 0.0000 -1.0000 0.0000
vn -0.4254 0.9050 0.0000
vn -0.2127 0.9050 0.3684
vn 0.2127 0.9050 0.3684
vn 0.4254 0.9050 0.0000
vn 0.2127 0.9050 -0.3684
vn -0.2127 0.9050 -0.3684
vn 0.4974 0.1019 0.8615
vn 0.4987 0.0728 -0.8637
vn -0.9770 0.0586 0.2048
vn -0.9780 0.0631 0.1991
vn -0.9795 0.0713 0.1885
vn -0.9973 0.0728 0.0000
vn -0.4974 0.1019 0.8615
vn 0.9231 0.0609 -0.3797
vn 0.9201 0.0663 -0.3860
vn 0.9262 0.0552 -0.3730
vn -0.3112 0.0586 0.9486
vn -0.3166 0.0631 0.9465
vn -0.3265 0.0713 0.9425
vn -0.7904 0.0609 0.6096
vn -0.7944 0.0663 0.6038
vn -0.8007 0.0750 0.5944
vn 0.4987 0.0728 0.8637
vn 0.1328 0.0609 -0.9893
vn 0.1258 0.0663 -0.9898
vn 0.1401 0.0552 -0.9886
vn 0.6659 0.0586 -0.7437
vn 0.6614 0.0631 -0.7474
vn 0.6714 0.0531 -0.7392
vn -0.6659 0.0586 -0.7437
vn -0.6614 0.0631 -0.7474
vn -0.6530 0.0713 -0.7540
vn 0.0000 1.0000 0.0000
vn -0.9770 0.0586 -0.2048
vn -0.9780 0.0631 -0.1991
vn -0.9759 0.0531 -0.2118
vn -0.4987 0.0728 -0.8637
vn 0.9948 0.1019 -0.0000
vn 0.9231 0.0609 0.3797
vn 0.9201 0.0663 0.3860
vn 0.9151 0.0750 0.3962
vn -0.6659 0.0586 0.7437
vn -0.6614 0.0631 0.7474
vn -0.6714 0.0531 0.7392
vn 0.4974 0.1019 -0.8615
vn -0.7904 0.0609 -0.6096
vn -0.7944 0.0663 -0.6038
vn -0.7861 0.0552 -0.6156
vn 0.7904 0.0609 -0.6096
vn 0.7944 0.0663 -0.6038
vn 0.8007 0.0750 -0.5944
vn 0.6659 0.0586 0.7437
vn 0.6614 0.0631 0.7474
vn 0.6530 0.0713 0.7540
vn 0.3112 0.0586 0.9485
vn 0.3166 0.0631 0.9465
vn 0.3045 0.0531 0.9510
vn -0.4987 0.0728 0.8637
vn -0.9948 0.1019 0.0000
vn -0.9231 0.0609 0.3797
vn -0.9201 0.0663 0.3860
vn -0.9262 0.0552 0.3730
vn -0.1327 0.0609 -0.9893
vn -0.1257 0.0663 -0.9898
vn -0.1144 0.0750 -0.9906
vn 0.9770 0.0586 -0.2048
vn 0.9780 0.0631 -0.1991
vn 0.9795 0.0713 -0.1885
vn 0.9770 0.0586 0.2048
vn 0.9780 0.0631 0.1991
vn 0.9759 0.0531 0.2118
vn 0.9973 0.0728 0.0000
vn -0.4974 0.1019 -0.8615
vn -0.1327 0.0609 0.9893
vn -0.1257 0.0663 0.9898
vn -0.1401 0.0552 0.9886
vn -0.9231 0.0609 -0.3797
vn -0.9201 0.0663 -0.3860
vn -0.9151 0.0750 -0.3962
vn 0.3112 0.0586 -0.9486
vn 0.3166 0.0631 -0.9465
vn 0.3265 0.0713 -0.9425
vn -0.3112 0.0586 -0.9485
vn -0.3166 0.0631 -0.9465
vn -0.3045 0.0531 -0.9510
vn 0.7904 0.0609 0.6096
vn 0.7944 0.0663 0.6038
vn 0.7861 0.0552 0.6156
vn 0.1327 0.0609 0.9893
vn 0.1257 0.0663 0.9898
vn 0.1144 0.0750 0.9906
vn -0.9759 0.0531 0.2118
vn 0.9151 0.0750 -0.3962
vn -0.3045 0.0531 0.9510
vn -0.7861 0.0552 0.6156
vn 0.1144 0.0750 -0.9906
vn 0.6530 0.0713 -0.7540
vn -0.6714 0.0531 -0.7392
vn -0.9795 0.0713 -0.1885
vn 0.9262 0.0552 0.3730
vn -0.6530 0.0713 0.7540
vn -0.8007 0.0750 -0.5944
vn 0.7861 0.0552 -0.6156
vn 0.6714 0.0531 0.7392
vn 0.3265 0.0713 0.9425
vn -0.9151 0.0750 0.3962
vn -0.1401 0.0552 -0.9886
vn 0.9759 0.0531 -0.2118
vn 0.9795 0.0713 0.1885
vn -0.1144 0.0750 0.9906
vn -0.9262 0.0552 -0.3730
vn 0.3045 0.0531 -0.9510
vn -0.3265 0.0713 -0.9425
vn 0.8007 0.0750 0.5944
vn 0.1401 0.0552 0.9886
vn -0.8639 -0.5037 0.0000
vn 0.4319 -0.5037 0.7481
vn 0.4319 -0.5037 -0.7481
vn -0.4319 -0.5037 0.7481
vn 0.8639 -0.5037 0.0000
vn -0.4319 -0.5037 -0.7481
vn 0.4361 -0.4891 0.7554
vn 0.4361 -0.4891 -0.7554
vn -0.4361 -0.4891 0.7554
vn 0.8722 -0.4891 0.0000
vn -0.4361 -0.4891 -0.7554
vn -0.8722 -0.4891 0.0000
vn -0.7648 0.5000 0.4063
vn -0.7648 0.5000 0.4064
vn 0.4692 0.0000 0.8831
vn -0.7648 -0.5000 0.4063
vn -0.8831 -0.0003 0.4692
vn 0.8831 -0.0003 -0.4692
vn 0.7648 -0.5000 -0.4063
vn -0.4692 0.0000 -0.8831
vn -0.4693 -0.0000 -0.8831
vn 0.7648 0.5000 -0.4063
vn 0.8831 0.0003 -0.4692
vn -0.8831 0.0003 0.4692
vn -0.7500 0.5000 -0.4330
vn -0.7499 0.5000 -0.4330
vn -0.7500 -0.5000 -0.4330
vn -0.8660 -0.0003 -0.5000
vn 0.8660 -0.0003 0.5000
vn 0.7500 -0.5000 0.4330
vn 0.7500 0.5000 0.4330
vn 0.8660 0.0003 0.5000
vn -0.8661 0.0003 -0.4999
vn -0.8660 0.0003 -0.5000
vn -0.0042 0.5000 0.8660
vn -0.0043 0.5000 0.8660
vn 1.0000 -0.0000 0.0049
vn -0.0043 -0.5000 0.8660
vn -0.0049 -0.0003 1.0000
vn 0.0049 -0.0003 -1.0000
vn 0.0042 -0.5000 -0.8660
vn -1.0000 -0.0000 -0.0049
vn 0.0042 0.5000 -0.8660
vn 0.0049 0.0003 -1.0000
vn -0.0049 0.0003 1.0000
vn 0.7648 0.4999 -0.4063
vn -0.7501 0.4999 -0.4330
vn -0.0042 -0.5000 0.8660
vn 0.0043 -0.5000 -0.8660
vn -0.0048 0.0003 1.0000
vn 0.5001 0.0000 -0.8660
usemtl mat_grey01
s 1
f 2464/2530/238 2351/2531/238 2459/2532/238
f 2440/2533/239 2331/2534/239 2431/2535/239
f 2384/2536/240 2333/2537/240 2375/2538/240
f 2412/2539/241 2335/2540/241 2403/2541/241
f 2524/2542/242 2337/2543/242 2515/2544/242
f 2491/2545/243 2371/2546/243 2339/2547/243
f 2517/2548/244 2406/2549/244 2378/2550/244
f 2471/2551/238 2708/2552/238 2729/2553/238
f 2439/2554/239 2713/2555/239 2725/2556/239
f 2383/2557/240 2712/2558/240 2717/2559/240
f 2411/2560/241 2711/2561/241 2721/2562/241
f 2523/2563/242 2710/2564/242 2737/2565/242
f 2495/2566/243 2709/2567/243 2733/2568/243
f 2479/2569/238 2365/2570/238 2475/2571/238
f 2451/2572/239 2364/2573/239 2447/2574/239
f 2395/2575/240 2362/2576/240 2391/2577/240
f 2423/2578/241 2360/2579/241 2419/2580/241
f 2535/2581/242 2358/2582/242 2531/2583/242
f 2507/2584/243 2356/2585/243 2503/2586/243
f 2352/2587/245 2464/2588/245 2480/2589/245
f 2341/2590/246 2440/2591/246 2452/2592/246
f 2348/2593/247 2384/2594/247 2396/2595/247
f 2349/2596/248 2412/2597/248 2424/2598/248
f 2350/2599/249 2524/2600/249 2536/2601/249
f 2353/2602/250 2496/2603/250 2508/2604/250
f 2349/2596/247 2387/2605/247 2369/2606/247
f 2508/2604/251 2577/2607/251 2509/2608/251
f 2397/2609/247 2386/2610/247 2398/2611/247
f 2525/2612/252 2580/2613/252 2524/2542/252
f 2359/2614/240 2388/2615/240 2360/2579/240
f 2392/2616/240 2389/2617/240 2388/2615/240
f 2393/2618/240 2390/2619/240 2389/2617/240
f 2394/2620/240 2391/2577/240 2390/2619/240
f 2345/2621/240 2714/2622/240 2711/2561/240
f 2380/2623/240 2715/2624/240 2714/2622/240
f 2381/2625/240 2716/2626/240 2715/2624/240
f 2382/2627/240 2717/2559/240 2716/2626/240
f 2335/2540/240 2387/2628/240 2372/2629/240
f 2387/2628/240 2373/2630/240 2372/2629/240
f 2373/2630/240 2385/2631/240 2374/2632/240
f 2385/2631/240 2375/2538/240 2374/2632/240
f 2350/2599/248 2415/2633/248 2370/2634/248
f 2396/2595/253 2540/2635/254 2544/2636/255
f 2426/2637/248 2413/2638/248 2414/2639/248
f 2465/2640/256 2564/2641/256 2464/2530/256
f 2357/2642/241 2416/2643/241 2358/2582/241
f 2420/2644/241 2417/2645/241 2416/2643/241
f 2421/2646/241 2418/2647/241 2417/2645/241
f 2422/2648/241 2419/2580/241 2418/2647/241
f 2344/2649/241 2718/2650/241 2710/2564/241
f 2408/2651/241 2719/2652/241 2718/2650/241
f 2409/2653/241 2720/2654/241 2719/2652/241
f 2410/2655/241 2721/2562/241 2720/2654/241
f 2370/2656/241 2400/2657/241 2337/2543/241
f 2415/2658/241 2401/2659/241 2400/2657/241
f 2414/2660/241 2402/2661/241 2401/2659/241
f 2413/2662/241 2403/2541/241 2402/2661/241
f 2348/2593/246 2443/2663/246 2368/2664/246
f 2536/2601/257 2585/2665/257 2537/2666/257
f 2453/2667/246 2442/2668/246 2454/2669/246
f 2397/2609/258 2541/2670/259 2385/2671/260
f 2361/2672/239 2444/2673/239 2362/2576/239
f 2448/2674/239 2445/2675/239 2444/2673/239
f 2449/2676/239 2446/2677/239 2445/2675/239
f 2450/2678/239 2447/2574/239 2446/2677/239
f 2346/2679/239 2722/2680/239 2712/2558/239
f 2436/2681/239 2723/2682/239 2722/2680/239
f 2437/2683/239 2724/2684/239 2723/2682/239
f 2438/2685/239 2725/2556/239 2724/2684/239
f 2368/2686/239 2428/2687/239 2333/2537/239
f 2443/2688/239 2429/2689/239 2428/2687/239
f 2442/2690/239 2430/2691/239 2429/2689/239
f 2441/2692/239 2431/2535/239 2430/2691/239
f 2341/2590/245 2467/2693/245 2367/2694/245
f 2424/2598/261 2548/2695/262 2552/2696/263
f 2482/2697/245 2465/2698/245 2466/2699/245
f 2398/2611/264 2542/2700/265 2546/2701/266
f 2363/2702/238 2472/2703/238 2364/2573/238
f 2476/2704/238 2473/2705/238 2472/2703/238
f 2477/2706/238 2474/2707/238 2473/2705/238
f 2478/2708/238 2475/2571/238 2474/2707/238
f 2347/2709/238 2726/2710/238 2713/2555/238
f 2468/2711/238 2727/2712/238 2726/2710/238
f 2469/2713/238 2728/2714/238 2727/2712/238
f 2470/2715/238 2729/2553/238 2728/2714/238
f 2367/2716/238 2456/2717/238 2331/2534/238
f 2467/2718/238 2457/2719/238 2456/2717/238
f 2466/2720/238 2458/2721/238 2457/2719/238
f 2465/2640/238 2459/2532/238 2458/2721/238
f 2352/2587/250 2499/2722/250 2366/2723/250
f 2386/2724/267 2543/2725/267 2542/2726/267
f 2509/2608/250 2498/2727/250 2510/2728/250
f 2425/2729/268 2549/2730/269 2413/2638/270
f 2354/2731/243 2500/2732/243 2365/2733/243
f 2504/2734/243 2501/2735/243 2500/2732/243
f 2505/2736/243 2502/2737/243 2501/2735/243
f 2506/2738/243 2503/2586/243 2502/2737/243
f 2342/2739/243 2730/2740/243 2708/2741/243
f 2492/2742/243 2731/2743/243 2730/2740/243
f 2493/2744/243 2732/2745/243 2731/2743/243
f 2494/2746/243 2733/2568/243 2732/2745/243
f 2366/2747/243 2488/2748/243 2351/2749/243
f 2499/2750/243 2489/2751/243 2488/2748/243
f 2498/2752/243 2490/2753/243 2489/2751/243
f 2497/2754/243 2491/2545/243 2490/2753/243
f 2353/2602/249 2527/2755/249 2371/2756/249
f 2399/2757/271 2543/2758/272 2387/2605/273
f 2537/2666/249 2526/2759/249 2538/2760/249
f 2452/2592/274 2556/2761/275 2560/2762/276
f 2355/2763/242 2528/2764/242 2356/2585/242
f 2532/2765/242 2529/2766/242 2528/2764/242
f 2533/2767/242 2530/2768/242 2529/2766/242
f 2534/2769/242 2531/2583/242 2530/2768/242
f 2343/2770/242 2734/2771/242 2709/2567/242
f 2520/2772/242 2735/2773/242 2734/2771/242
f 2521/2774/242 2736/2775/242 2735/2773/242
f 2522/2776/242 2737/2565/242 2736/2775/242
f 2371/2546/242 2512/2777/242 2339/2547/242
f 2527/2778/242 2513/2779/242 2512/2777/242
f 2526/2780/242 2514/2781/242 2513/2779/242
f 2525/2612/242 2515/2544/242 2514/2781/242
f 2547/2782/277 2542/2700/277 2543/2758/277
f 2544/2636/277 2541/2670/277 2545/2783/277
f 2555/2784/277 2550/2785/277 2551/2786/277
f 2552/2696/277 2549/2730/277 2553/2787/277
f 2563/2788/277 2558/2789/277 2559/2790/277
f 2560/2762/277 2557/2791/277 2561/2792/277
f 2571/2793/277 2566/2794/277 2567/2795/277
f 2568/2796/277 2565/2797/277 2569/2798/277
f 2579/2799/277 2574/2800/277 2575/2801/277
f 2576/2802/277 2573/2803/277 2577/2607/277
f 2587/2804/277 2582/2805/277 2583/2806/277
f 2584/2807/277 2581/2808/277 2585/2665/277
f 2539/2809/257 2586/2810/257 2587/2804/257
f 2466/2720/256 2567/2811/256 2566/2812/256
f 2539/2809/278 2583/2806/279 2527/2755/280
f 2497/2754/281 2572/2813/281 2496/2814/281
f 2480/2589/282 2569/2798/282 2481/2815/282
f 2526/2780/252 2583/2816/252 2582/2817/252
f 2511/2818/251 2578/2819/251 2579/2799/251
f 2538/2760/283 2582/2805/284 2586/2810/285
f 2511/2818/286 2575/2801/287 2499/2722/288
f 2452/2592/289 2561/2792/289 2453/2667/289
f 2537/2666/290 2581/2808/291 2525/2820/292
f 2498/2752/281 2575/2821/281 2574/2822/281
f 2483/2823/282 2570/2824/282 2571/2793/282
f 2510/2728/293 2574/2800/294 2578/2819/295
f 2536/2601/296 2580/2825/297 2584/2807/298
f 2483/2823/299 2567/2795/300 2467/2693/301
f 2441/2692/302 2556/2826/302 2440/2533/302
f 2424/2598/303 2553/2787/303 2425/2729/303
f 2509/2608/304 2573/2803/305 2497/2827/306
f 2455/2828/289 2562/2829/289 2563/2788/289
f 2482/2697/307 2566/2794/308 2570/2824/309
f 2508/2604/310 2572/2830/311 2576/2802/312
f 2455/2828/313 2559/2790/314 2443/2663/315
f 2413/2662/316 2548/2831/316 2412/2539/316
f 2396/2595/317 2545/2783/317 2397/2609/317
f 2481/2815/318 2565/2797/319 2465/2698/320
f 2442/2690/302 2559/2832/302 2558/2833/302
f 2427/2834/303 2554/2835/303 2555/2784/303
f 2454/2669/321 2558/2789/322 2562/2829/323
f 2480/2589/324 2564/2836/325 2568/2796/326
f 2427/2834/327 2551/2786/328 2415/2633/329
f 2385/2631/267 2540/2837/267 2384/2536/267
f 2453/2667/330 2557/2791/331 2441/2838/332
f 2414/2660/316 2551/2839/316 2550/2840/316
f 2399/2757/317 2546/2701/317 2547/2782/317
f 2426/2637/333 2550/2785/334 2554/2835/335
f 2646/2841/242 2617/2842/242 2616/2843/242
f 2645/2844/242 2616/2843/242 2615/2845/242
f 2644/2846/242 2615/2845/242 2614/2847/242
f 2619/2848/242 2614/2847/242 2588/2849/242
f 2642/2850/243 2613/2851/243 2612/2852/243
f 2641/2853/243 2612/2852/243 2611/2854/243
f 2640/2855/243 2611/2854/243 2610/2856/243
f 2618/2857/243 2610/2856/243 2593/2858/243
f 2638/2859/238 2609/2860/238 2608/2861/238
f 2637/2862/238 2608/2861/238 2607/2863/238
f 2636/2864/238 2607/2863/238 2606/2865/238
f 2623/2866/238 2606/2865/238 2592/2867/238
f 2634/2868/239 2605/2869/239 2604/2870/239
f 2633/2871/239 2604/2870/239 2603/2872/239
f 2632/2873/239 2603/2872/239 2602/2874/239
f 2622/2875/239 2602/2874/239 2591/2876/239
f 2630/2877/241 2601/2878/241 2600/2879/241
f 2629/2880/241 2600/2879/241 2599/2881/241
f 2628/2882/241 2599/2881/241 2598/2883/241
f 2620/2884/241 2598/2883/241 2589/2885/241
f 2626/2886/240 2597/2887/240 2596/2888/240
f 2625/2889/240 2596/2888/240 2595/2890/240
f 2624/2891/240 2595/2890/240 2594/2892/240
f 2621/2893/240 2594/2892/240 2590/2894/240
f 2643/2895/243 2588/2849/243 2613/2851/243
f 2647/2896/242 2589/2885/242 2617/2842/242
f 2631/2897/241 2590/2894/241 2601/2878/241
f 2627/2898/240 2591/2876/240 2597/2887/240
f 2635/2899/239 2592/2867/239 2605/2869/239
f 2639/2900/238 2593/2901/238 2609/2860/238
f 2464/2530/238 2366/2902/238 2351/2531/238
f 2440/2533/239 2367/2716/239 2331/2534/239
f 2384/2536/240 2368/2686/240 2333/2537/240
f 2412/2539/241 2369/2903/241 2335/2540/241
f 2524/2542/242 2370/2656/242 2337/2543/242
f 2491/2545/243 2496/2814/243 2371/2546/243
f 2463/2904/244 2330/2905/244 2484/2906/244
f 2484/2906/244 2485/2907/244 2462/2908/244
f 2485/2907/244 2486/2909/244 2434/2910/244
f 2461/2911/244 2434/2910/244 2460/2912/244
f 2462/2908/244 2463/2904/244 2484/2906/244
f 2461/2911/244 2462/2908/244 2485/2907/244
f 2435/2913/244 2340/2914/244 2460/2912/244
f 2432/2915/244 2433/2916/244 2378/2550/244
f 2433/2916/244 2434/2910/244 2486/2909/244
f 2434/2910/244 2435/2913/244 2460/2912/244
f 2461/2911/244 2485/2907/244 2434/2910/244
f 2486/2909/244 2487/2917/244 2516/2918/244
f 2487/2917/244 2332/2919/244 2516/2918/244
f 2379/2920/244 2338/2921/244 2432/2915/244
f 2376/2922/244 2377/2923/244 2407/2924/244
f 2377/2923/244 2378/2550/244 2406/2549/244
f 2407/2924/244 2377/2923/244 2406/2549/244
f 2378/2550/244 2379/2920/244 2432/2915/244
f 2433/2916/244 2486/2909/244 2378/2550/244
f 2517/2548/244 2518/2925/244 2405/2926/244
f 2518/2925/244 2519/2927/244 2404/2928/244
f 2404/2928/244 2519/2927/244 2334/2929/244
f 2486/2909/244 2516/2918/244 2517/2548/244
f 2336/2930/244 2376/2922/244 2407/2924/244
f 2405/2926/244 2406/2549/244 2517/2548/244
f 2378/2550/244 2486/2909/244 2517/2548/244
f 2404/2928/244 2405/2926/244 2518/2925/244
f 2471/2551/238 2342/2931/238 2708/2552/238
f 2439/2554/239 2347/2709/239 2713/2555/239
f 2383/2557/240 2346/2679/240 2712/2558/240
f 2411/2560/241 2345/2621/241 2711/2561/241
f 2523/2563/242 2344/2649/242 2710/2564/242
f 2495/2566/243 2343/2770/243 2709/2567/243
f 2479/2569/238 2354/2932/238 2365/2570/238
f 2451/2572/239 2363/2702/239 2364/2573/239
f 2395/2575/240 2361/2672/240 2362/2576/240
f 2423/2578/241 2359/2614/241 2360/2579/241
f 2535/2581/242 2357/2642/242 2358/2582/242
f 2507/2584/243 2355/2763/243 2356/2585/243
f 2352/2587/245 2366/2723/245 2464/2588/245
f 2341/2590/246 2367/2694/246 2440/2591/246
f 2348/2593/247 2368/2664/247 2384/2594/247
f 2349/2596/248 2369/2606/248 2412/2597/248
f 2350/2599/249 2370/2634/249 2524/2600/249
f 2353/2602/250 2371/2756/250 2496/2603/250
f 2349/2596/247 2399/2757/247 2387/2605/247
f 2508/2604/251 2576/2802/251 2577/2607/251
f 2397/2609/247 2385/2671/247 2386/2610/247
f 2525/2612/252 2581/2933/252 2580/2613/252
f 2359/2614/240 2392/2616/240 2388/2615/240
f 2392/2616/240 2393/2618/240 2389/2617/240
f 2393/2618/240 2394/2620/240 2390/2619/240
f 2394/2620/240 2395/2575/240 2391/2577/240
f 2345/2621/240 2380/2623/240 2714/2622/240
f 2380/2623/240 2381/2625/240 2715/2624/240
f 2381/2625/240 2382/2627/240 2716/2626/240
f 2382/2627/240 2383/2557/240 2717/2559/240
f 2335/2540/240 2369/2903/240 2387/2628/240
f 2387/2628/240 2386/2724/240 2373/2630/240
f 2373/2630/240 2386/2724/240 2385/2631/240
f 2385/2631/240 2384/2536/240 2375/2538/240
f 2350/2599/248 2427/2834/248 2415/2633/248
f 2396/2595/253 2384/2594/336 2540/2635/254
f 2426/2637/248 2425/2729/248 2413/2638/248
f 2465/2640/256 2565/2934/256 2564/2641/256
f 2357/2642/241 2420/2644/241 2416/2643/241
f 2420/2644/241 2421/2646/241 2417/2645/241
f 2421/2646/241 2422/2648/241 2418/2647/241
f 2422/2648/241 2423/2578/241 2419/2580/241
f 2344/2649/241 2408/2651/241 2718/2650/241
f 2408/2651/241 2409/2653/241 2719/2652/241
f 2409/2653/241 2410/2655/241 2720/2654/241
f 2410/2655/241 2411/2560/241 2721/2562/241
f 2370/2656/241 2415/2658/241 2400/2657/241
f 2415/2658/241 2414/2660/241 2401/2659/241
f 2414/2660/241 2413/2662/241 2402/2661/241
f 2413/2662/241 2412/2539/241 2403/2541/241
f 2348/2593/246 2455/2828/246 2443/2663/246
f 2536/2601/257 2584/2807/257 2585/2665/257
f 2453/2667/246 2441/2838/246 2442/2668/246
f 2397/2609/258 2545/2783/337 2541/2670/259
f 2361/2672/239 2448/2674/239 2444/2673/239
f 2448/2674/239 2449/2676/239 2445/2675/239
f 2449/2676/239 2450/2678/239 2446/2677/239
f 2450/2678/239 2451/2572/239 2447/2574/239
f 2346/2679/239 2436/2681/239 2722/2680/239
f 2436/2681/239 2437/2683/239 2723/2682/239
f 2437/2683/239 2438/2685/239 2724/2684/239
f 2438/2685/239 2439/2554/239 2725/2556/239
f 2368/2686/239 2443/2688/239 2428/2687/239
f 2443/2688/239 2442/2690/239 2429/2689/239
f 2442/2690/239 2441/2692/239 2430/2691/239
f 2441/2692/239 2440/2533/239 2431/2535/239
f 2341/2590/245 2483/2823/245 2467/2693/245
f 2424/2598/261 2412/2597/338 2548/2695/262
f 2482/2697/245 2481/2815/245 2465/2698/245
f 2398/2611/264 2386/2610/339 2542/2700/265
f 2363/2702/238 2476/2704/238 2472/2703/238
f 2476/2704/238 2477/2706/238 2473/2705/238
f 2477/2706/238 2478/2708/238 2474/2707/238
f 2478/2708/238 2479/2569/238 2475/2571/238
f 2347/2709/238 2468/2711/238 2726/2710/238
f 2468/2711/238 2469/2713/238 2727/2712/238
f 2469/2713/238 2470/2715/238 2728/2714/238
f 2470/2715/238 2471/2551/238 2729/2553/238
f 2367/2716/238 2467/2718/238 2456/2717/238
f 2467/2718/238 2466/2720/238 2457/2719/238
f 2466/2720/238 2465/2640/238 2458/2721/238
f 2465/2640/238 2464/2530/238 2459/2532/238
f 2352/2587/250 2511/2818/250 2499/2722/250
f 2386/2724/267 2387/2628/267 2543/2725/267
f 2509/2608/250 2497/2827/250 2498/2727/250
f 2425/2729/268 2553/2787/340 2549/2730/269
f 2354/2731/243 2504/2734/243 2500/2732/243
f 2504/2734/243 2505/2736/243 2501/2735/243
f 2505/2736/243 2506/2738/243 2502/2737/243
f 2506/2738/243 2507/2584/243 2503/2586/243
f 2342/2739/243 2492/2742/243 2730/2740/243
f 2492/2742/243 2493/2744/243 2731/2743/243
f 2493/2744/243 2494/2746/243 2732/2745/243
f 2494/2746/243 2495/2566/243 2733/2568/243
f 2366/2747/243 2499/2750/243 2488/2748/243
f 2499/2750/243 2498/2752/243 2489/2751/243
f 2498/2752/243 2497/2754/243 2490/2753/243
f 2497/2754/243 2496/2814/243 2491/2545/243
f 2353/2602/249 2539/2809/249 2527/2755/249
f 2399/2757/271 2547/2782/341 2543/2758/272
f 2537/2666/249 2525/2820/249 2526/2759/249
f 2452/2592/274 2440/2591/342 2556/2761/275
f 2355/2763/242 2532/2765/242 2528/2764/242
f 2532/2765/242 2533/2767/242 2529/2766/242
f 2533/2767/242 2534/2769/242 2530/2768/242
f 2534/2769/242 2535/2581/242 2531/2583/242
f 2343/2770/242 2520/2772/242 2734/2771/242
f 2520/2772/242 2521/2774/242 2735/2773/242
f 2521/2774/242 2522/2776/242 2736/2775/242
f 2522/2776/242 2523/2563/242 2737/2565/242
f 2371/2546/242 2527/2778/242 2512/2777/242
f 2527/2778/242 2526/2780/242 2513/2779/242
f 2526/2780/242 2525/2612/242 2514/2781/242
f 2525/2612/242 2524/2542/242 2515/2544/242
f 2547/2782/277 2546/2701/277 2542/2700/277
f 2544/2636/277 2540/2635/277 2541/2670/277
f 2555/2784/277 2554/2835/277 2550/2785/277
f 2552/2696/277 2548/2695/277 2549/2730/277
f 2563/2788/277 2562/2829/277 2558/2789/277
f 2560/2762/277 2556/2761/277 2557/2791/277
f 2571/2793/277 2570/2824/277 2566/2794/277
f 2568/2796/277 2564/2836/277 2565/2797/277
f 2579/2799/277 2578/2819/277 2574/2800/277
f 2576/2802/277 2572/2830/277 2573/2803/277
f 2587/2804/277 2586/2810/277 2582/2805/277
f 2584/2807/277 2580/2825/277 2581/2808/277
f 2539/2809/257 2538/2760/257 2586/2810/257
f 2466/2720/256 2467/2718/256 2567/2811/256
f 2539/2809/278 2587/2804/343 2583/2806/279
f 2497/2754/281 2573/2935/281 2572/2813/281
f 2480/2589/282 2568/2796/282 2569/2798/282
f 2526/2780/252 2527/2778/252 2583/2816/252
f 2511/2818/251 2510/2728/251 2578/2819/251
f 2538/2760/283 2526/2759/344 2582/2805/284
f 2511/2818/286 2579/2799/345 2575/2801/287
f 2452/2592/289 2560/2762/289 2561/2792/289
f 2537/2666/290 2585/2665/346 2581/2808/291
f 2498/2752/281 2499/2750/281 2575/2821/281
f 2483/2823/282 2482/2697/282 2570/2824/282
f 2510/2728/293 2498/2727/347 2574/2800/294
f 2536/2601/296 2524/2600/348 2580/2825/297
f 2483/2823/299 2571/2793/349 2567/2795/300
f 2441/2692/302 2557/2936/302 2556/2826/302
f 2424/2598/303 2552/2696/303 2553/2787/303
f 2509/2608/304 2577/2607/350 2573/2803/305
f 2455/2828/289 2454/2669/289 2562/2829/289
f 2482/2697/307 2466/2699/351 2566/2794/308
f 2508/2604/310 2496/2603/352 2572/2830/311
f 2455/2828/313 2563/2788/353 2559/2790/314
f 2413/2662/316 2549/2937/316 2548/2831/316
f 2396/2595/317 2544/2636/317 2545/2783/317
f 2481/2815/318 2569/2798/354 2565/2797/319
f 2442/2690/302 2443/2688/302 2559/2832/302
f 2427/2834/303 2426/2637/303 2554/2835/303
f 2454/2669/321 2442/2668/355 2558/2789/322
f 2480/2589/324 2464/2588/356 2564/2836/325
f 2427/2834/327 2555/2784/357 2551/2786/328
f 2385/2631/267 2541/2938/267 2540/2837/267
f 2453/2667/330 2561/2792/358 2557/2791/331
f 2414/2660/316 2415/2658/316 2551/2839/316
f 2399/2757/317 2398/2611/317 2546/2701/317
f 2426/2637/333 2414/2639/359 2550/2785/334
f 2646/2841/242 2647/2896/242 2617/2842/242
f 2645/2844/242 2646/2841/242 2616/2843/242
f 2644/2846/242 2645/2844/242 2615/2845/242
f 2619/2848/242 2644/2846/242 2614/2847/242
f 2642/2850/243 2643/2895/243 2613/2851/243
f 2641/2853/243 2642/2850/243 2612/2852/243
f 2640/2855/243 2641/2853/243 2611/2854/243
f 2618/2857/243 2640/2855/243 2610/2856/243
f 2638/2859/238 2639/2900/238 2609/2860/238
f 2637/2862/238 2638/2859/238 2608/2861/238
f 2636/2864/238 2637/2862/238 2607/2863/238
f 2623/2866/238 2636/2864/238 2606/2865/238
f 2634/2868/239 2635/2899/239 2605/2869/239
f 2633/2871/239 2634/2868/239 2604/2870/239
f 2632/2873/239 2633/2871/239 2603/2872/239
f 2622/2875/239 2632/2873/239 2602/2874/239
f 2630/2877/241 2631/2897/241 2601/2878/241
f 2629/2880/241 2630/2877/241 2600/2879/241
f 2628/2882/241 2629/2880/241 2599/2881/241
f 2620/2884/241 2628/2882/241 2598/2883/241
f 2626/2886/240 2627/2898/240 2597/2887/240
f 2625/2889/240 2626/2886/240 2596/2888/240
f 2624/2891/240 2625/2889/240 2595/2890/240
f 2621/2893/240 2624/2891/240 2594/2892/240
f 2643/2895/243 2619/2848/243 2588/2849/243
f 2647/2896/242 2620/2884/242 2589/2885/242
f 2631/2897/241 2621/2893/241 2590/2894/241
f 2627/2898/240 2622/2875/240 2591/2876/240
f 2635/2899/239 2623/2866/239 2592/2867/239
f 2639/2900/238 2618/2939/238 2593/2901/238
usemtl mat_brown01
f 2676/2940/242 2647/2896/242 2646/2841/242
f 2675/2941/242 2646/2841/242 2645/2844/242
f 2674/2942/242 2645/2844/242 2644/2846/242
f 2649/2943/242 2644/2846/242 2619/2848/242
f 2672/2944/243 2643/2895/243 2642/2850/243
f 2671/2945/243 2642/2850/243 2641/2853/243
f 2670/2946/243 2641/2853/243 2640/2855/243
f 2648/2947/243 2640/2855/243 2618/2857/243
f 2668/2948/238 2639/2900/238 2638/2859/238
f 2667/2949/238 2638/2859/238 2637/2862/238
f 2666/2950/238 2637/2862/238 2636/2864/238
f 2653/2951/238 2636/2864/238 2623/2866/238
f 2664/2952/239 2635/2899/239 2634/2868/239
f 2663/2953/239 2634/2868/239 2633/2871/239
f 2662/2954/239 2633/2871/239 2632/2873/239
f 2652/2955/239 2632/2873/239 2622/2875/239
f 2660/2956/241 2631/2897/241 2630/2877/241
f 2659/2957/241 2630/2877/241 2629/2880/241
f 2658/2958/241 2629/2880/241 2628/2882/241
f 2650/2959/241 2628/2882/241 2620/2884/241
f 2656/2960/240 2627/2898/240 2626/2886/240
f 2655/2961/240 2626/2886/240 2625/2889/240
f 2654/2962/240 2625/2889/240 2624/2891/240
f 2651/2963/240 2624/2891/240 2621/2893/240
f 2673/2964/243 2619/2848/243 2643/2895/243
f 2677/2965/242 2620/2884/242 2647/2896/242
f 2661/2966/241 2621/2893/241 2631/2897/241
f 2657/2967/240 2622/2875/240 2627/2898/240
f 2665/2968/239 2623/2866/239 2635/2899/239
f 2669/2969/238 2618/2939/238 2639/2900/238
f 2736/2775/242 2707/2970/242 2706/2971/242
f 2735/2773/242 2706/2971/242 2705/2972/242
f 2734/2771/242 2705/2972/242 2704/2973/242
f 2709/2567/242 2704/2973/242 2679/2974/242
f 2732/2745/243 2703/2975/243 2702/2976/243
f 2731/2743/243 2702/2976/243 2701/2977/243
f 2730/2740/243 2701/2977/243 2700/2978/243
f 2708/2741/243 2700/2978/243 2678/2979/243
f 2728/2714/238 2699/2980/238 2698/2981/238
f 2727/2712/238 2698/2981/238 2697/2982/238
f 2726/2710/238 2697/2982/238 2696/2983/238
f 2713/2555/238 2696/2983/238 2683/2984/238
f 2724/2684/239 2695/2985/239 2694/2986/239
f 2723/2682/239 2694/2986/239 2693/2987/239
f 2722/2680/239 2693/2987/239 2692/2988/239
f 2712/2558/239 2692/2988/239 2682/2989/239
f 2720/2654/241 2691/2990/241 2690/2991/241
f 2719/2652/241 2690/2991/241 2689/2992/241
f 2718/2650/241 2689/2992/241 2688/2993/241
f 2710/2564/241 2688/2993/241 2680/2994/241
f 2716/2626/240 2687/2995/240 2686/2996/240
f 2715/2624/240 2686/2996/240 2685/2997/240
f 2714/2622/240 2685/2997/240 2684/2998/240
f 2711/2561/240 2684/2998/240 2681/2999/240
f 2733/2568/243 2679/2974/243 2703/2975/243
f 2737/2565/242 2680/2994/242 2707/2970/242
f 2721/2562/241 2681/2999/241 2691/2990/241
f 2717/2559/240 2682/2989/240 2687/2995/240
f 2725/2556/239 2683/2984/239 2695/2985/239
f 2729/2553/238 2678/3000/238 2699/2980/238
f 2676/2940/242 2677/2965/242 2647/2896/242
f 2675/2941/242 2676/2940/242 2646/2841/242
f 2674/2942/242 2675/2941/242 2645/2844/242
f 2649/2943/242 2674/2942/242 2644/2846/242
f 2672/2944/243 2673/2964/243 2643/2895/243
f 2671/2945/243 2672/2944/243 2642/2850/243
f 2670/2946/243 2671/2945/243 2641/2853/243
f 2648/2947/243 2670/2946/243 2640/2855/243
f 2668/2948/238 2669/2969/238 2639/2900/238
f 2667/2949/238 2668/2948/238 2638/2859/238
f 2666/2950/238 2667/2949/238 2637/2862/238
f 2653/2951/238 2666/2950/238 2636/2864/238
f 2664/2952/239 2665/2968/239 2635/2899/239
f 2663/2953/239 2664/2952/239 2634/2868/239
f 2662/2954/239 2663/2953/239 2633/2871/239
f 2652/2955/239 2662/2954/239 2632/2873/239
f 2660/2956/241 2661/2966/241 2631/2897/241
f 2659/2957/241 2660/2956/241 2630/2877/241
f 2658/2958/241 2659/2957/241 2629/2880/241
f 2650/2959/241 2658/2958/241 2628/2882/241
f 2656/2960/240 2657/2967/240 2627/2898/240
f 2655/2961/240 2656/2960/240 2626/2886/240
f 2654/2962/240 2655/2961/240 2625/2889/240
f 2651/2963/240 2654/2962/240 2624/2891/240
f 2673/2964/243 2649/2943/243 2619/2848/243
f 2677/2965/242 2650/2959/242 2620/2884/242
f 2661/2966/241 2651/2963/241 2621/2893/241
f 2657/2967/240 2652/2955/240 2622/2875/240
f 2665/2968/239 2653/2951/239 2623/2866/239
f 2669/2969/238 2648/3001/238 2618/2939/238
f 2736/2775/242 2737/2565/242 2707/2970/242
f 2735/2773/242 2736/2775/242 2706/2971/242
f 2734/2771/242 2735/2773/242 2705/2972/242
f 2709/2567/242 2734/2771/242 2704/2973/242
f 2732/2745/243 2733/2568/243 2703/2975/243
f 2731/2743/243 2732/2745/243 2702/2976/243
f 2730/2740/243 2731/2743/243 2701/2977/243
f 2708/2741/243 2730/2740/243 2700/2978/243
f 2728/2714/238 2729/2553/238 2699/2980/238
f 2727/2712/238 2728/2714/238 2698/2981/238
f 2726/2710/238 2727/2712/238 2697/2982/238
f 2713/2555/238 2726/2710/238 2696/2983/238
f 2724/2684/239 2725/2556/239 2695/2985/239
f 2723/2682/239 2724/2684/239 2694/2986/239
f 2722/2680/239 2723/2682/239 2693/2987/239
f 2712/2558/239 2722/2680/239 2692/2988/239
f 2720/2654/241 2721/2562/241 2691/2990/241
f 2719/2652/241 2720/2654/241 2690/2991/241
f 2718/2650/241 2719/2652/241 2689/2992/241
f 2710/2564/241 2718/2650/241 2688/2993/241
f 2716/2626/240 2717/2559/240 2687/2995/240
f 2715/2624/240 2716/2626/240 2686/2996/240
f 2714/2622/240 2715/2624/240 2685/2997/240
f 2711/2561/240 2714/2622/240 2684/2998/240
f 2733/2568/243 2709/2567/243 2679/2974/243
f 2737/2565/242 2710/2564/242 2680/2994/242
f 2721/2562/241 2711/2561/241 2681/2999/241
f 2717/2559/240 2712/2558/240 2682/2989/240
f 2725/2556/239 2713/2555/239 2683/2984/239
f 2729/2553/238 2708/2552/238 2678/3000/238
usemtl mat_grey02
f 2616/2843/242 2519/3002/242 2518/3003/242
f 2615/2845/242 2518/3003/242 2517/3004/242
f 2614/2847/242 2517/3004/242 2516/3005/242
f 2588/2849/242 2516/3005/242 2332/3006/242
f 2612/2852/243 2487/3007/243 2486/3008/243
f 2611/2854/243 2486/3008/243 2485/3009/243
f 2610/2856/243 2485/3009/243 2484/3010/243
f 2593/2858/243 2484/3010/243 2330/3011/243
f 2608/2861/238 2463/3012/238 2462/3013/238
f 2607/2863/238 2462/3013/238 2461/3014/238
f 2606/2865/238 2461/3014/238 2460/3015/238
f 2592/2867/238 2460/3015/238 2340/3016/238
f 2604/2870/239 2435/3017/239 2434/3018/239
f 2603/2872/239 2434/3018/239 2433/3019/239
f 2602/2874/239 2433/3019/239 2432/3020/239
f 2591/2876/239 2432/3020/239 2338/3021/239
f 2600/2879/241 2407/3022/241 2406/3023/241
f 2599/2881/241 2406/3023/241 2405/3024/241
f 2598/2883/241 2405/3024/241 2404/3025/241
f 2589/2885/241 2404/3025/241 2334/3026/241
f 2596/2888/240 2379/3027/240 2378/3028/240
f 2595/2890/240 2378/3028/240 2377/3029/240
f 2594/2892/240 2377/3029/240 2376/3030/240
f 2590/2894/240 2376/3030/240 2336/3031/240
f 2613/2851/243 2332/3006/243 2487/3007/243
f 2617/2842/242 2334/3026/242 2519/3002/242
f 2601/2878/241 2336/3031/241 2407/3022/241
f 2597/2887/240 2338/3021/240 2379/3027/240
f 2605/2869/239 2340/3016/239 2435/3017/239
f 2609/2860/238 2330/3032/238 2463/3012/238
f 2706/2971/242 2677/2965/242 2676/2940/242
f 2705/2972/242 2676/2940/242 2675/2941/242
f 2704/2973/242 2675/2941/242 2674/2942/242
f 2679/2974/242 2674/2942/242 2649/2943/242
f 2702/2976/243 2673/2964/243 2672/2944/243
f 2701/2977/243 2672/2944/243 2671/2945/243
f 2700/2978/243 2671/2945/243 2670/2946/243
f 2678/2979/243 2670/2946/243 2648/2947/243
f 2698/2981/238 2669/2969/238 2668/2948/238
f 2697/2982/238 2668/2948/238 2667/2949/238
f 2696/2983/238 2667/2949/238 2666/2950/238
f 2683/2984/238 2666/2950/238 2653/2951/238
f 2694/2986/239 2665/2968/239 2664/2952/239
f 2693/2987/239 2664/2952/239 2663/2953/239
f 2692/2988/239 2663/2953/239 2662/2954/239
f 2682/2989/239 2662/2954/239 2652/2955/239
f 2690/2991/241 2661/2966/241 2660/2956/241
f 2689/2992/241 2660/2956/241 2659/2957/241
f 2688/2993/241 2659/2957/241 2658/2958/241
f 2680/2994/241 2658/2958/241 2650/2959/241
f 2686/2996/240 2657/2967/240 2656/2960/240
f 2685/2997/240 2656/2960/240 2655/2961/240
f 2684/2998/240 2655/2961/240 2654/2962/240
f 2681/2999/240 2654/2962/240 2651/2963/240
f 2703/2975/243 2649/2943/243 2673/2964/243
f 2707/2970/242 2650/2959/242 2677/2965/242
f 2691/2990/241 2651/2963/241 2661/2966/241
f 2687/2995/240 2652/2955/240 2657/2967/240
f 2695/2985/239 2653/2951/239 2665/2968/239
f 2699/2980/238 2648/3001/238 2669/2969/238
f 2616/2843/242 2617/2842/242 2519/3002/242
f 2615/2845/242 2616/2843/242 2518/3003/242
f 2614/2847/242 2615/2845/242 2517/3004/242
f 2588/2849/242 2614/2847/242 2516/3005/242
f 2612/2852/243 2613/2851/243 2487/3007/243
f 2611/2854/243 2612/2852/243 2486/3008/243
f 2610/2856/243 2611/2854/243 2485/3009/243
f 2593/2858/243 2610/2856/243 2484/3010/243
f 2608/2861/238 2609/2860/238 2463/3012/238
f 2607/2863/238 2608/2861/238 2462/3013/238
f 2606/2865/238 2607/2863/238 2461/3014/238
f 2592/2867/238 2606/2865/238 2460/3015/238
f 2604/2870/239 2605/2869/239 2435/3017/239
f 2603/2872/239 2604/2870/239 2434/3018/239
f 2602/2874/239 2603/2872/239 2433/3019/239
f 2591/2876/239 2602/2874/239 2432/3020/239
f 2600/2879/241 2601/2878/241 2407/3022/241
f 2599/2881/241 2600/2879/241 2406/3023/241
f 2598/2883/241 2599/2881/241 2405/3024/241
f 2589/2885/241 2598/2883/241 2404/3025/241
f 2596/2888/240 2597/2887/240 2379/3027/240
f 2595/2890/240 2596/2888/240 2378/3028/240
f 2594/2892/240 2595/2890/240 2377/3029/240
f 2590/2894/240 2594/2892/240 2376/3030/240
f 2613/2851/243 2588/2849/243 2332/3006/243
f 2617/2842/242 2589/2885/242 2334/3026/242
f 2601/2878/241 2590/2894/241 2336/3031/241
f 2597/2887/240 2591/2876/240 2338/3021/240
f 2605/2869/239 2592/2867/239 2340/3016/239
f 2609/2860/238 2593/2901/238 2330/3032/238
f 2706/2971/242 2707/2970/242 2677/2965/242
f 2705/2972/242 2706/2971/242 2676/2940/242
f 2704/2973/242 2705/2972/242 2675/2941/242
f 2679/2974/242 2704/2973/242 2674/2942/242
f 2702/2976/243 2703/2975/243 2673/2964/243
f 2701/2977/243 2702/2976/243 2672/2944/243
f 2700/2978/243 2701/2977/243 2671/2945/243
f 2678/2979/243 2700/2978/243 2670/2946/243
f 2698/2981/238 2699/2980/238 2669/2969/238
f 2697/2982/238 2698/2981/238 2668/2948/238
f 2696/2983/238 2697/2982/238 2667/2949/238
f 2683/2984/238 2696/2983/238 2666/2950/238
f 2694/2986/239 2695/2985/239 2665/2968/239
f 2693/2987/239 2694/2986/239 2664/2952/239
f 2692/2988/239 2693/2987/239 2663/2953/239
f 2682/2989/239 2692/2988/239 2662/2954/239
f 2690/2991/241 2691/2990/241 2661/2966/241
f 2689/2992/241 2690/2991/241 2660/2956/241
f 2688/2993/241 2689/2992/241 2659/2957/241
f 2680/2994/241 2688/2993/241 2658/2958/241
f 2686/2996/240 2687/2995/240 2657/2967/240
f 2685/2997/240 2686/2996/240 2656/2960/240
f 2684/2998/240 2685/2997/240 2655/2961/240
f 2681/2999/240 2684/2998/240 2654/2962/240
f 2703/2975/243 2679/2974/243 2649/2943/243
f 2707/2970/242 2680/2994/242 2650/2959/242
f 2691/2990/241 2681/2999/241 2651/2963/241
f 2687/2995/240 2682/2989/240 2652/2955/240
f 2695/2985/239 2683/2984/239 2653/2951/239
f 2699/2980/238 2678/3000/238 2648/3001/238
usemtl mat_grey03
f 2426/2637/277 2454/2669/277 2398/2611/277
f 2347/2709/360 2472/2703/360 2468/2711/360
f 2345/2621/361 2388/2615/361 2380/2623/361
f 2343/2770/362 2528/2764/362 2520/2772/362
f 2346/2679/363 2444/2673/363 2436/2681/363
f 2344/2649/364 2416/2643/364 2408/2651/364
f 2342/2739/365 2500/2732/365 2492/2742/365
f 2359/2614/366 2372/2629/366 2392/2616/366
f 2355/2763/367 2512/2777/367 2532/2765/367
f 2361/2672/368 2428/2687/368 2448/2674/368
f 2357/2642/369 2400/2657/369 2420/2644/369
f 2354/2731/370 2488/2748/370 2504/2734/370
f 2363/2702/371 2456/2717/371 2476/2704/371
f 2361/2672/366 2375/2538/366 2333/2537/366
f 2395/2575/366 2374/2632/366 2375/2538/366
f 2393/2618/366 2374/2632/366 2394/2620/366
f 2392/2616/366 2373/2630/366 2393/2618/366
f 2346/2679/361 2391/2577/361 2362/2576/361
f 2383/2557/361 2390/2619/361 2391/2577/361
f 2381/2625/361 2390/2619/361 2382/2627/361
f 2380/2623/361 2389/2617/361 2381/2625/361
f 2359/2614/369 2403/2541/369 2335/2540/369
f 2423/2578/369 2402/2661/369 2403/2541/369
f 2421/2646/369 2402/2661/369 2422/2648/369
f 2420/2644/369 2401/2659/369 2421/2646/369
f 2345/2621/364 2419/2580/364 2360/2579/364
f 2411/2560/364 2418/2647/364 2419/2580/364
f 2409/2653/364 2418/2647/364 2410/2655/364
f 2408/2651/364 2417/2645/364 2409/2653/364
f 2363/2702/368 2431/2535/368 2331/2534/368
f 2451/2572/368 2430/2691/368 2431/2535/368
f 2449/2676/368 2430/2691/368 2450/2678/368
f 2448/2674/368 2429/2689/368 2449/2676/368
f 2347/2709/363 2447/2574/363 2364/2573/363
f 2439/2554/363 2446/2677/363 2447/2574/363
f 2437/2683/363 2446/2677/363 2438/2685/363
f 2436/2681/363 2445/2675/363 2437/2683/363
f 2354/2932/371 2459/2532/371 2351/2531/371
f 2479/2569/371 2458/2721/371 2459/2532/371
f 2478/2708/371 2457/2719/371 2458/2721/371
f 2476/2704/371 2457/2719/371 2477/2706/371
f 2342/2931/360 2475/2571/360 2365/2570/360
f 2471/2551/360 2474/2707/360 2475/2571/360
f 2469/2713/360 2474/2707/360 2470/2715/360
f 2468/2711/360 2473/2705/360 2469/2713/360
f 2355/2763/370 2491/2545/370 2339/2547/370
f 2507/2584/370 2490/2753/370 2491/2545/370
f 2505/2736/370 2490/2753/370 2506/2738/370
f 2504/2734/370 2489/2751/370 2505/2736/370
f 2343/2770/365 2503/2586/365 2356/2585/365
f 2495/2566/365 2502/2737/365 2503/2586/365
f 2493/2744/365 2502/2737/365 2494/2746/365
f 2492/2742/365 2501/2735/365 2493/2744/365
f 2357/2642/367 2515/2544/367 2337/2543/367
f 2535/2581/367 2514/2781/367 2515/2544/367
f 2533/2767/367 2514/2781/367 2534/2769/367
f 2532/2765/367 2513/2779/367 2533/2767/367
f 2344/2649/362 2531/2583/362 2358/2582/362
f 2523/2563/362 2530/2768/362 2531/2583/362
f 2522/2776/362 2529/2766/362 2530/2768/362
f 2520/2772/362 2529/2766/362 2521/2774/362
f 2743/3033/372 2757/3034/373 2738/3035/373
f 2748/3036/374 2749/3037/374 2744/3038/374
f 2754/3039/375 2747/3040/375 2753/3041/375
f 2752/3042/277 2744/3038/277 2750/3043/277
f 2755/3044/244 2748/3036/244 2754/3039/244
f 2753/3041/376 2746/3045/376 2752/3042/376
f 2751/3046/377 2744/3038/377 2745/3047/377
f 2751/3046/378 2749/3037/378 2755/3044/378
f 2739/3048/379 2751/3046/379 2738/3035/379
f 2740/3049/379 2750/3043/379 2739/3048/379
f 2740/3049/379 2753/3041/379 2752/3042/379
f 2741/3050/379 2754/3039/379 2753/3041/379
f 2742/3051/380 2755/3044/379 2754/3039/379
f 2738/3035/379 2755/3044/379 2743/3033/379
f 2741/3050/381 2760/3052/381 2742/3051/381
f 2739/3048/244 2758/3053/244 2740/3049/244
f 2742/3051/277 2761/3054/277 2743/3033/277
f 2741/3050/382 2758/3053/382 2759/3055/382
f 2738/3035/383 2756/3056/383 2739/3048/383
f 2767/3057/384 2781/3058/384 2762/3059/385
f 2772/3060/239 2773/3061/239 2768/3062/239
f 2777/3063/386 2772/3060/386 2771/3064/386
f 2776/3065/277 2768/3062/277 2774/3066/277
f 2779/3067/244 2772/3060/244 2778/3068/244
f 2777/3063/387 2770/3069/387 2776/3065/387
f 2775/3070/388 2768/3062/388 2769/3071/388
f 2775/3070/389 2773/3061/389 2779/3067/389
f 2763/3072/242 2775/3070/242 2762/3059/242
f 2764/3073/242 2774/3066/242 2763/3072/242
f 2764/3073/242 2777/3063/242 2776/3065/242
f 2765/3074/242 2778/3068/242 2777/3063/242
f 2767/3057/242 2778/3068/242 2766/3075/242
f 2762/3059/242 2779/3067/242 2767/3057/242
f 2765/3074/390 2784/3076/390 2766/3075/390
f 2763/3072/244 2782/3077/244 2764/3073/244
f 2766/3075/277 2785/3078/277 2767/3057/277
f 2764/3073/391 2783/3079/391 2765/3074/391
f 2762/3059/392 2780/3080/393 2763/3072/393
f 2791/3081/394 2805/3082/395 2786/3083/395
f 2796/3084/396 2797/3085/396 2792/3086/396
f 2801/3087/397 2796/3084/397 2795/3088/397
f 2800/3089/277 2792/3086/277 2798/3090/277
f 2803/3091/244 2796/3084/244 2802/3092/244
f 2800/3089/398 2795/3088/398 2794/3093/398
f 2799/3094/399 2792/3086/399 2793/3095/399
f 2799/3094/400 2797/3085/400 2803/3091/400
f 2787/3096/401 2799/3094/401 2786/3083/401
f 2788/3097/401 2798/3090/401 2787/3096/401
f 2788/3097/401 2801/3087/401 2800/3089/401
f 2789/3098/401 2802/3092/401 2801/3087/401
f 2790/3099/401 2803/3091/401 2802/3092/401
f 2786/3083/401 2803/3091/401 2791/3081/401
f 2790/3099/402 2807/3100/402 2808/3101/402
f 2787/3096/244 2806/3102/244 2788/3097/244
f 2790/3099/277 2809/3103/277 2791/3081/277
f 2788/3097/403 2807/3100/403 2789/3098/403
f 2787/3096/404 2805/3082/404 2804/3104/404
f 2539/2809/277 2353/2602/277 2508/2604/277
f 2539/2809/277 2508/2604/277 2509/2608/277
f 2536/2601/277 2537/2666/277 2427/2834/277
f 2537/2666/277 2538/2760/277 2510/2728/277
f 2538/2760/277 2539/2809/277 2509/2608/277
f 2510/2728/277 2511/2818/277 2480/2589/277
f 2511/2818/277 2352/2587/277 2480/2589/277
f 2538/2760/277 2509/2608/277 2510/2728/277
f 2427/2834/277 2350/2599/277 2536/2601/277
f 2537/2666/277 2510/2728/277 2426/2637/277
f 2427/2834/277 2537/2666/277 2426/2637/277
f 2481/2815/277 2482/2697/277 2510/2728/277
f 2482/2697/277 2483/2823/277 2453/2667/277
f 2510/2728/277 2482/2697/277 2426/2637/277
f 2510/2728/277 2480/2589/277 2481/2815/277
f 2424/2598/277 2425/2729/277 2398/2611/277
f 2425/2729/277 2426/2637/277 2398/2611/277
f 2426/2637/277 2482/2697/277 2454/2669/277
f 2483/2823/277 2341/2590/277 2452/2592/277
f 2453/2667/277 2454/2669/277 2482/2697/277
f 2454/2669/277 2455/2828/277 2397/2609/277
f 2483/2823/277 2452/2592/277 2453/2667/277
f 2399/2757/277 2349/2596/277 2424/2598/277
f 2455/2828/277 2348/2593/277 2396/2595/277
f 2396/2595/277 2397/2609/277 2455/2828/277
f 2397/2609/277 2398/2611/277 2454/2669/277
f 2398/2611/277 2399/2757/277 2424/2598/277
f 2347/2709/360 2364/2573/360 2472/2703/360
f 2345/2621/361 2360/2579/361 2388/2615/361
f 2343/2770/362 2356/2585/362 2528/2764/362
f 2346/2679/363 2362/2576/363 2444/2673/363
f 2344/2649/364 2358/2582/364 2416/2643/364
f 2342/2739/365 2365/2733/365 2500/2732/365
f 2359/2614/366 2335/2540/366 2372/2629/366
f 2355/2763/367 2339/2547/367 2512/2777/367
f 2361/2672/368 2333/2537/368 2428/2687/368
f 2357/2642/369 2337/2543/369 2400/2657/369
f 2354/2731/370 2351/2749/370 2488/2748/370
f 2363/2702/371 2331/2534/371 2456/2717/371
f 2361/2672/366 2395/2575/366 2375/2538/366
f 2395/2575/366 2394/2620/366 2374/2632/366
f 2393/2618/366 2373/2630/366 2374/2632/366
f 2392/2616/366 2372/2629/366 2373/2630/366
f 2346/2679/361 2383/2557/361 2391/2577/361
f 2383/2557/361 2382/2627/361 2390/2619/361
f 2381/2625/361 2389/2617/361 2390/2619/361
f 2380/2623/361 2388/2615/361 2389/2617/361
f 2359/2614/369 2423/2578/369 2403/2541/369
f 2423/2578/369 2422/2648/369 2402/2661/369
f 2421/2646/369 2401/2659/369 2402/2661/369
f 2420/2644/369 2400/2657/369 2401/2659/369
f 2345/2621/364 2411/2560/364 2419/2580/364
f 2411/2560/364 2410/2655/364 2418/2647/364
f 2409/2653/364 2417/2645/364 2418/2647/364
f 2408/2651/364 2416/2643/364 2417/2645/364
f 2363/2702/368 2451/2572/368 2431/2535/368
f 2451/2572/368 2450/2678/368 2430/2691/368
f 2449/2676/368 2429/2689/368 2430/2691/368
f 2448/2674/368 2428/2687/368 2429/2689/368
f 2347/2709/363 2439/2554/363 2447/2574/363
f 2439/2554/363 2438/2685/363 2446/2677/363
f 2437/2683/363 2445/2675/363 2446/2677/363
f 2436/2681/363 2444/2673/363 2445/2675/363
f 2354/2932/371 2479/2569/371 2459/2532/371
f 2479/2569/371 2478/2708/371 2458/2721/371
f 2478/2708/371 2477/2706/371 2457/2719/371
f 2476/2704/371 2456/2717/371 2457/2719/371
f 2342/2931/360 2471/2551/360 2475/2571/360
f 2471/2551/360 2470/2715/360 2474/2707/360
f 2469/2713/360 2473/2705/360 2474/2707/360
f 2468/2711/360 2472/2703/360 2473/2705/360
f 2355/2763/370 2507/2584/370 2491/2545/370
f 2507/2584/370 2506/2738/370 2490/2753/370
f 2505/2736/370 2489/2751/370 2490/2753/370
f 2504/2734/370 2488/2748/370 2489/2751/370
f 2343/2770/365 2495/2566/365 2503/2586/365
f 2495/2566/365 2494/2746/365 2502/2737/365
f 2493/2744/365 2501/2735/365 2502/2737/365
f 2492/2742/365 2500/2732/365 2501/2735/365
f 2357/2642/367 2535/2581/367 2515/2544/367
f 2535/2581/367 2534/2769/367 2514/2781/367
f 2533/2767/367 2513/2779/367 2514/2781/367
f 2532/2765/367 2512/2777/367 2513/2779/367
f 2344/2649/362 2523/2563/362 2531/2583/362
f 2523/2563/362 2522/2776/362 2530/2768/362
f 2522/2776/362 2521/2774/362 2529/2766/362
f 2520/2772/362 2528/2764/362 2529/2766/362
f 2743/3033/372 2761/3054/372 2757/3034/373
f 2745/3047/374 2744/3038/374 2749/3037/374
f 2744/3038/374 2746/3045/374 2748/3036/374
f 2746/3045/374 2747/3040/374 2748/3036/374
f 2754/3039/375 2748/3036/375 2747/3040/375
f 2752/3042/277 2746/3045/277 2744/3038/277
f 2755/3044/244 2749/3037/244 2748/3036/244
f 2753/3041/376 2747/3040/376 2746/3045/376
f 2751/3046/377 2750/3043/377 2744/3038/377
f 2751/3046/378 2745/3047/378 2749/3037/378
f 2739/3048/379 2750/3043/379 2751/3046/379
f 2740/3049/379 2752/3042/379 2750/3043/379
f 2740/3049/379 2741/3050/379 2753/3041/379
f 2741/3050/379 2742/3051/380 2754/3039/379
f 2742/3051/380 2743/3033/379 2755/3044/379
f 2738/3035/379 2751/3046/379 2755/3044/379
f 2741/3050/381 2759/3055/405 2760/3052/381
f 2739/3048/244 2756/3056/244 2758/3053/244
f 2742/3051/277 2760/3052/277 2761/3054/277
f 2741/3050/382 2740/3049/382 2758/3053/382
f 2738/3035/383 2757/3034/383 2756/3056/383
f 2767/3057/384 2785/3078/406 2781/3058/384
f 2769/3071/239 2768/3062/239 2773/3061/239
f 2768/3062/239 2770/3069/239 2772/3060/239
f 2770/3069/239 2771/3064/239 2772/3060/239
f 2777/3063/386 2778/3068/386 2772/3060/386
f 2776/3065/277 2770/3069/277 2768/3062/277
f 2779/3067/244 2773/3061/244 2772/3060/244
f 2777/3063/387 2771/3064/387 2770/3069/387
f 2775/3070/388 2774/3066/388 2768/3062/388
f 2775/3070/389 2769/3071/389 2773/3061/389
f 2763/3072/242 2774/3066/242 2775/3070/242
f 2764/3073/242 2776/3065/242 2774/3066/242
f 2764/3073/242 2765/3074/242 2777/3063/242
f 2765/3074/242 2766/3075/242 2778/3068/242
f 2767/3057/242 2779/3067/242 2778/3068/242
f 2762/3059/242 2775/3070/242 2779/3067/242
f 2765/3074/390 2783/3079/390 2784/3076/390
f 2763/3072/244 2780/3080/244 2782/3077/244
f 2766/3075/277 2784/3076/277 2785/3078/277
f 2764/3073/391 2782/3077/391 2783/3079/391
f 2762/3059/392 2781/3058/392 2780/3080/393
f 2791/3081/394 2809/3103/394 2805/3082/395
f 2793/3095/396 2792/3086/396 2797/3085/396
f 2792/3086/396 2794/3093/396 2796/3084/396
f 2794/3093/396 2795/3088/396 2796/3084/396
f 2801/3087/397 2802/3092/407 2796/3084/397
f 2800/3089/277 2794/3093/277 2792/3086/277
f 2803/3091/244 2797/3085/244 2796/3084/244
f 2800/3089/398 2801/3087/398 2795/3088/398
f 2799/3094/399 2798/3090/399 2792/3086/399
f 2799/3094/400 2793/3095/408 2797/3085/400
f 2787/3096/401 2798/3090/401 2799/3094/401
f 2788/3097/401 2800/3089/401 2798/3090/401
f 2788/3097/401 2789/3098/401 2801/3087/401
f 2789/3098/401 2790/3099/401 2802/3092/401
f 2790/3099/401 2791/3081/401 2803/3091/401
f 2786/3083/401 2799/3094/401 2803/3091/401
f 2790/3099/402 2789/3098/402 2807/3100/402
f 2787/3096/244 2804/3104/244 2806/3102/244
f 2790/3099/277 2808/3101/277 2809/3103/277
f 2788/3097/403 2806/3102/403 2807/3100/403
f 2787/3096/404 2786/3083/409 2805/3082/404
usemtl mat_black
f 2760/3052/379 2759/3055/379 2758/3053/379
f 2784/3076/242 2783/3079/410 2782/3077/242
f 2808/3101/401 2807/3100/401 2806/3102/401
f 2758/3053/379 2756/3056/379 2760/3052/379
f 2756/3056/379 2757/3034/379 2761/3054/379
f 2760/3052/379 2756/3056/379 2761/3054/379
f 2782/3077/242 2780/3080/242 2784/3076/242
f 2780/3080/242 2781/3058/410 2785/3078/242
f 2784/3076/242 2780/3080/242 2785/3078/242
f 2806/3102/401 2804/3104/401 2808/3101/401
f 2804/3104/401 2805/3082/401 2809/3103/401
f 2808/3101/401 2804/3104/401 2809/3103/401
o tower03_Cylinder.009
v 1.022263 0.146969 11.889956
v 1.442522 1.703088 11.752210
v 0.692841 0.146969 11.699765
v 1.442522 1.703088 11.266936
v 0.692841 0.146969 11.319382
v 1.022262 1.703088 11.024300
v 1.022262 0.146969 11.129189
v 0.602003 1.703088 11.266936
v 1.351684 0.146969 11.319381
v 0.602003 1.703088 11.752210
v 1.351684 0.146969 11.699764
v 1.328910 2.054842 11.686616
v 1.022263 1.225878 11.889956
v 0.692841 1.225878 11.699765
v 0.692841 1.225878 11.319382
v 1.022262 1.225878 11.129189
v 1.351684 1.225878 11.319381
v 1.351684 1.225878 11.699764
v 1.328910 2.054842 11.332530
v 1.022262 2.054842 11.155487
v 0.715615 2.054842 11.332530
v 1.022263 1.703088 11.994846
v 1.022263 2.054842 11.863659
v 0.715615 2.054842 11.686616
v 1.022263 1.604718 11.931155
v 0.657162 1.604717 11.720365
v 0.657162 1.287067 11.720365
v 0.657162 1.604717 11.298782
v 0.657162 1.287067 11.298782
v 1.022262 1.604717 11.087991
v 1.022262 1.287067 11.087991
v 1.387363 1.604717 11.298781
v 1.387363 1.287067 11.298781
v 1.387364 1.604717 11.720364
v 1.387364 1.287067 11.720364
v 1.022263 1.287067 11.931155
v 1.022263 2.001433 11.994846
v 1.442522 2.001433 11.752210
v 1.442522 2.001433 11.266936
v 1.022262 2.001433 11.024300
v 0.602003 2.001433 11.266936
v 0.602003 2.001433 11.752210
v 1.106314 1.703088 11.072826
v 1.190366 1.703088 11.121354
v 1.274418 1.703088 11.169881
v 1.358470 1.703088 11.218409
v 1.088147 0.146969 11.167228
v 1.154031 0.146969 11.205266
v 1.219916 0.146969 11.243304
v 1.285800 0.146969 11.281343
v 1.088147 1.225878 11.167228
v 1.154031 1.225878 11.205266
v 1.219916 1.225878 11.243304
v 1.285800 1.225878 11.281343
v 1.358470 2.001433 11.218409
v 1.274418 2.001433 11.169881
v 1.190366 2.001433 11.121354
v 1.106314 2.001433 11.072826
v 1.095283 1.287067 11.130149
v 1.168303 1.287067 11.172307
v 1.241323 1.287067 11.214465
v 1.314343 1.287067 11.256623
v 1.095283 1.604717 11.130149
v 1.168303 1.604717 11.172307
v 1.241323 1.604717 11.214465
v 1.314343 1.604717 11.256623
v 1.267581 2.054842 11.297121
v 1.206251 2.054842 11.261713
v 1.144922 2.054842 11.226304
v 1.083592 2.054842 11.190895
v 0.686055 1.703088 11.218409
v 0.770107 1.703088 11.169882
v 0.854159 1.703088 11.121354
v 0.938211 1.703088 11.072826
v 0.758725 0.146969 11.281343
v 0.824609 0.146969 11.243304
v 0.890494 0.146969 11.205266
v 0.956378 0.146969 11.167228
v 0.758725 1.225878 11.281343
v 0.824609 1.225878 11.243304
v 0.890494 1.225878 11.205266
v 0.956378 1.225878 11.167228
v 0.938211 2.001433 11.072826
v 0.854159 2.001433 11.121354
v 0.770107 2.001433 11.169882
v 0.686055 2.001433 11.218409
v 0.730182 1.287067 11.256623
v 0.803202 1.287067 11.214465
v 0.876222 1.287067 11.172307
v 0.949242 1.287067 11.130149
v 0.730182 1.604717 11.256623
v 0.803202 1.604717 11.214465
v 0.876222 1.604717 11.172307
v 0.949242 1.604717 11.130149
v 0.960933 2.054842 11.190895
v 0.899603 2.054842 11.226304
v 0.838274 2.054842 11.261713
v 0.776944 2.054842 11.297121
v 1.442522 1.703088 11.363991
v 1.442522 1.703088 11.461045
v 1.442522 1.703088 11.558100
v 1.442522 1.703088 11.655155
v 1.351684 0.146969 11.395458
v 1.351684 0.146969 11.471535
v 1.351684 0.146969 11.547611
v 1.351684 0.146969 11.623688
v 1.351684 1.225878 11.395458
v 1.351684 1.225878 11.471535
v 1.351684 1.225878 11.547611
v 1.351684 1.225878 11.623688
v 1.442522 2.001433 11.655155
v 1.442522 2.001433 11.558100
v 1.442522 2.001433 11.461045
v 1.442522 2.001433 11.363991
v 1.387363 1.287067 11.383099
v 1.387363 1.287067 11.467415
v 1.387364 1.287067 11.551731
v 1.387364 1.287067 11.636047
v 1.387363 1.604717 11.383099
v 1.387363 1.604717 11.467415
v 1.387364 1.604717 11.551731
v 1.387364 1.604717 11.636047
v 1.328910 2.054842 11.615799
v 1.328910 2.054842 11.544981
v 1.328910 2.054842 11.474164
v 1.328910 2.054842 11.403347
v 1.358470 1.703088 11.800737
v 1.274418 1.703088 11.849264
v 1.190367 1.703088 11.897792
v 1.106315 1.703088 11.946320
v 1.285800 0.146969 11.737803
v 1.219916 0.146969 11.775842
v 1.154031 0.146969 11.813880
v 1.088147 0.146969 11.851918
v 1.106315 2.001433 11.946320
v 1.190367 2.001433 11.897792
v 1.274418 2.001433 11.849264
v 1.358470 2.001433 11.800737
v 1.285800 1.225878 11.737803
v 1.219916 1.225878 11.775842
v 1.154031 1.225878 11.813880
v 1.088147 1.225878 11.851918
v 1.314343 1.287067 11.762522
v 1.241323 1.287067 11.804681
v 1.168303 1.287067 11.846839
v 1.095283 1.287067 11.888997
v 1.314343 1.604717 11.762522
v 1.241323 1.604717 11.804681
v 1.168303 1.604717 11.846839
v 1.095283 1.604717 11.888997
v 1.083592 2.054842 11.828250
v 1.144922 2.054842 11.792842
v 1.206251 2.054842 11.757433
v 1.267581 2.054842 11.722025
v 0.956378 0.146969 11.851918
v 0.890494 0.146969 11.813880
v 0.824610 0.146969 11.775842
v 0.758725 0.146969 11.737803
v 0.938211 1.703088 11.946320
v 0.854159 1.703088 11.897792
v 0.770107 1.703088 11.849264
v 0.686055 1.703088 11.800737
v 0.956378 1.225878 11.851918
v 0.890494 1.225878 11.813880
v 0.824610 1.225878 11.775842
v 0.758725 1.225878 11.737803
v 0.686055 2.001433 11.800737
v 0.770107 2.001433 11.849264
v 0.854159 2.001433 11.897792
v 0.938211 2.001433 11.946320
v 0.949243 1.287067 11.888997
v 0.876222 1.287067 11.846839
v 0.803202 1.287067 11.804681
v 0.730182 1.287067 11.762523
v 0.949243 1.604718 11.888997
v 0.876222 1.604718 11.846839
v 0.803202 1.604718 11.804681
v 0.730182 1.604717 11.762523
v 0.776945 2.054842 11.722025
v 0.838274 2.054842 11.757433
v 0.899604 2.054842 11.792842
v 0.960933 2.054842 11.828251
v 0.602003 1.703088 11.655155
v 0.602003 1.703088 11.558101
v 0.602003 1.703088 11.461045
v 0.602003 1.703088 11.363991
v 0.692841 0.146969 11.623688
v 0.692841 0.146969 11.547611
v 0.692841 0.146969 11.471535
v 0.692841 0.146969 11.395458
v 0.692841 1.225878 11.623688
v 0.692841 1.225878 11.547611
v 0.692841 1.225878 11.471535
v 0.692841 1.225878 11.395458
v 0.602003 2.001433 11.363991
v 0.602003 2.001433 11.461045
v 0.602003 2.001433 11.558101
v 0.602003 2.001433 11.655155
v 0.657162 1.287067 11.636047
v 0.657162 1.287067 11.551731
v 0.657162 1.287067 11.467415
v 0.657162 1.287067 11.383099
v 0.657162 1.604717 11.636047
v 0.657162 1.604717 11.551731
v 0.657162 1.604717 11.467415
v 0.657162 1.604717 11.383099
v 0.715615 2.054842 11.403347
v 0.715615 2.054842 11.474164
v 0.715615 2.054842 11.544982
v 0.715615 2.054842 11.615799
v 1.338956 2.187168 11.222792
v 1.274958 2.187168 11.185843
v 1.176273 2.187168 11.128867
v 1.112275 2.187168 11.091918
v 1.269752 2.187168 11.282724
v 1.223055 2.187168 11.255764
v 1.141671 2.187168 11.208777
v 1.094974 2.187168 11.181817
v 0.932250 2.187168 11.091918
v 0.868252 2.187168 11.128867
v 0.769567 2.187168 11.185843
v 0.705569 2.187168 11.222793
v 0.949551 2.187168 11.181817
v 0.902854 2.187168 11.208777
v 0.821470 2.187168 11.255764
v 0.774773 2.187168 11.282724
v 1.428969 2.187168 11.640447
v 1.428969 2.187168 11.566548
v 1.428969 2.187168 11.452598
v 1.428969 2.187168 11.378698
v 1.342463 2.187168 11.610480
v 1.342463 2.187168 11.556560
v 1.342463 2.187168 11.462586
v 1.342463 2.187168 11.408665
v 1.112276 2.187168 11.927228
v 1.176273 2.187168 11.890278
v 1.274958 2.187168 11.833302
v 1.338956 2.187168 11.796353
v 1.094975 2.187168 11.837329
v 1.141671 2.187168 11.810369
v 1.223055 2.187168 11.763382
v 1.269752 2.187168 11.736421
v 0.705570 2.187168 11.796353
v 0.769567 2.187168 11.833303
v 0.868252 2.187168 11.890279
v 0.932250 2.187168 11.927228
v 0.774774 2.187168 11.736422
v 0.821470 2.187168 11.763382
v 0.902854 2.187168 11.810369
v 0.949551 2.187168 11.837329
v 0.615556 2.187168 11.378699
v 0.615556 2.187168 11.452598
v 0.615557 2.187168 11.566548
v 0.615557 2.187168 11.640447
v 0.702062 2.187168 11.408666
v 0.702062 2.187168 11.462586
v 0.702062 2.187168 11.556560
v 0.702062 2.187168 11.610480
v 0.692841 0.208089 11.699765
v 0.692841 0.208089 11.319382
v 1.022262 0.208089 11.129189
v 1.351684 0.208089 11.319381
v 1.351684 0.208089 11.699764
v 1.022263 0.208089 11.889956
v 1.088147 0.208089 11.167228
v 1.154031 0.208089 11.205266
v 1.219916 0.208089 11.243304
v 1.285800 0.208089 11.281343
v 0.758725 0.208089 11.281343
v 0.824609 0.208089 11.243304
v 0.890494 0.208089 11.205266
v 0.956378 0.208089 11.167228
v 1.351684 0.208089 11.395458
v 1.351684 0.208089 11.471535
v 1.351684 0.208089 11.547611
v 1.351684 0.208089 11.623688
v 1.285800 0.208089 11.737803
v 1.219916 0.208089 11.775842
v 1.154031 0.208089 11.813880
v 1.088147 0.208089 11.851918
v 0.956378 0.208089 11.851918
v 0.890494 0.208089 11.813880
v 0.824610 0.208089 11.775842
v 0.758725 0.208089 11.737803
v 0.692841 0.208089 11.623688
v 0.692841 0.208089 11.547611
v 0.692841 0.208089 11.471535
v 0.692841 0.208089 11.395458
v 1.022263 0.816190 11.889956
v 0.692841 0.816190 11.699765
v 0.692841 0.816190 11.319382
v 1.022262 0.816190 11.129189
v 1.351684 0.816190 11.319381
v 1.351684 0.816190 11.699764
v 1.088147 0.816190 11.167228
v 1.154031 0.816190 11.205266
v 1.219916 0.816190 11.243304
v 1.285800 0.816190 11.281343
v 0.758725 0.816190 11.281343
v 0.824609 0.816190 11.243304
v 0.890494 0.816190 11.205266
v 0.956378 0.816190 11.167228
v 1.351684 0.816190 11.395458
v 1.351684 0.816190 11.471535
v 1.351684 0.816190 11.547611
v 1.351684 0.816190 11.623688
v 1.285800 0.816190 11.737803
v 1.219916 0.816190 11.775842
v 1.154031 0.816190 11.813880
v 1.088147 0.816190 11.851918
v 0.956378 0.816190 11.851918
v 0.890494 0.816190 11.813880
v 0.824610 0.816190 11.775842
v 0.758725 0.816190 11.737803
v 0.692841 0.816190 11.623688
v 0.692841 0.816190 11.547611
v 0.692841 0.816190 11.471535
v 0.692841 0.816190 11.395458
v 1.022263 0.864172 11.889956
v 0.692841 0.864172 11.699765
v 0.692841 0.864172 11.319382
v 1.022262 0.864172 11.129189
v 1.351684 0.864172 11.319381
v 1.351684 0.864172 11.699764
v 1.088147 0.864172 11.167228
v 1.154031 0.864172 11.205266
v 1.219916 0.864172 11.243304
v 1.285800 0.864172 11.281343
v 0.758725 0.864172 11.281343
v 0.824609 0.864172 11.243304
v 0.890494 0.864172 11.205266
v 0.956378 0.864172 11.167228
v 1.351684 0.864172 11.395458
v 1.351684 0.864172 11.471535
v 1.351684 0.864172 11.547611
v 1.351684 0.864172 11.623688
v 1.285800 0.864172 11.737803
v 1.219916 0.864172 11.775842
v 1.154031 0.864172 11.813880
v 1.088147 0.864172 11.851918
v 0.956378 0.864172 11.851918
v 0.890494 0.864172 11.813880
v 0.824610 0.864172 11.775842
v 0.758725 0.864172 11.737803
v 0.692841 0.864172 11.623688
v 0.692841 0.864172 11.547611
v 0.692841 0.864172 11.471535
v 0.692841 0.864172 11.395458
v 1.022263 1.063479 11.889956
v 0.692841 1.063479 11.699765
v 0.692841 1.063479 11.319382
v 1.022262 1.063479 11.129189
v 1.351684 1.063479 11.319381
v 1.351684 1.063479 11.699764
v 1.088147 1.063479 11.167228
v 1.154031 1.063479 11.205266
v 1.219916 1.063479 11.243304
v 1.285800 1.063479 11.281343
v 0.758725 1.063479 11.281343
v 0.824609 1.063479 11.243304
v 0.890494 1.063479 11.205266
v 0.956378 1.063479 11.167228
v 1.351684 1.063479 11.395458
v 1.351684 1.063479 11.471535
v 1.351684 1.063479 11.547611
v 1.351684 1.063479 11.623688
v 1.285800 1.063479 11.737803
v 1.219916 1.063479 11.775842
v 1.154031 1.063479 11.813880
v 1.088147 1.063479 11.851918
v 0.956378 1.063479 11.851918
v 0.890494 1.063479 11.813880
v 0.824610 1.063479 11.775842
v 0.758725 1.063479 11.737803
v 0.692841 1.063479 11.623688
v 0.692841 1.063479 11.547611
v 0.692841 1.063479 11.471535
v 0.692841 1.063479 11.395458
v 1.022263 1.139142 11.889956
v 0.692841 1.139142 11.699765
v 0.692841 1.139142 11.319382
v 1.022262 1.139142 11.129189
v 1.351684 1.139142 11.319381
v 1.351684 1.139142 11.699764
v 1.088147 1.139142 11.167228
v 1.154031 1.139142 11.205266
v 1.219916 1.139142 11.243304
v 1.285800 1.139142 11.281343
v 0.758725 1.139142 11.281343
v 0.824609 1.139142 11.243304
v 0.890494 1.139142 11.205266
v 0.956378 1.139142 11.167228
v 1.351684 1.139142 11.395458
v 1.351684 1.139142 11.471535
v 1.351684 1.139142 11.547611
v 1.351684 1.139142 11.623688
v 1.285800 1.139142 11.737803
v 1.219916 1.139142 11.775842
v 1.154031 1.139142 11.813880
v 1.088147 1.139142 11.851918
v 0.956378 1.139142 11.851918
v 0.890494 1.139142 11.813880
v 0.824610 1.139142 11.775842
v 0.758725 1.139142 11.737803
v 0.692841 1.139142 11.623688
v 0.692841 1.139142 11.547611
v 0.692841 1.139142 11.471535
v 0.692841 1.139142 11.395458
v 1.237093 0.904829 11.207607
v 1.237118 0.814037 11.207623
v 1.141838 0.814037 11.148045
v 1.141863 0.904829 11.148060
v 1.167701 0.957611 11.164216
v 1.211255 0.957611 11.191450
v 1.212970 0.783092 11.304626
v 1.212935 0.913125 11.304604
v 1.065199 0.783092 11.212225
v 1.065234 0.913125 11.212247
v 1.102159 0.988556 11.235335
v 1.176010 0.988556 11.281514
v 1.263363 0.783092 11.224034
v 1.263328 0.913125 11.224012
v 1.115592 0.783092 11.131633
v 1.115627 0.913125 11.131655
v 1.152552 0.988556 11.154744
v 1.226403 0.988556 11.200923
v 1.225571 0.814037 11.226089
v 1.225546 0.904829 11.226073
v 1.130291 0.814037 11.166511
v 1.130316 0.904829 11.166526
v 1.156154 0.957611 11.182683
v 1.199708 0.957611 11.209917
v 1.386906 0.904829 11.513777
v 1.386906 0.814037 11.513806
v 1.386906 0.814037 11.401433
v 1.386906 0.904829 11.401462
v 1.386906 0.957611 11.431935
v 1.386906 0.957611 11.483303
v 1.291856 0.783092 11.544761
v 1.291856 0.913125 11.544719
v 1.291856 0.783092 11.370479
v 1.291856 0.913125 11.370520
v 1.291856 0.988556 11.414069
v 1.291856 0.988556 11.501169
v 1.386906 0.783092 11.544761
v 1.386906 0.913125 11.544719
v 1.386906 0.783092 11.370479
v 1.386906 0.913125 11.370520
v 1.386906 0.988556 11.414069
v 1.386906 0.988556 11.501169
v 1.365126 0.814037 11.513806
v 1.365126 0.904829 11.513777
v 1.365126 0.814037 11.401433
v 1.365126 0.904829 11.401462
v 1.365126 0.957611 11.431935
v 1.365126 0.957611 11.483303
v 0.897431 0.904829 11.155120
v 0.897457 0.814037 11.155106
v 0.799864 0.814037 11.210814
v 0.799889 0.904829 11.210800
v 0.826355 0.957611 11.195692
v 0.870966 0.957611 11.170227
v 0.971460 0.783092 11.222307
v 0.971424 0.913125 11.222328
v 0.820102 0.783092 11.308707
v 0.820138 0.913125 11.308687
v 0.857960 0.988556 11.287097
v 0.933603 0.988556 11.243917
v 0.924339 0.783092 11.139760
v 0.924303 0.913125 11.139780
v 0.772981 0.783092 11.226160
v 0.773017 0.913125 11.226139
v 0.810839 0.988556 11.204550
v 0.886482 0.988556 11.161370
v 0.908254 0.814037 11.174020
v 0.908228 0.904829 11.174034
v 0.810661 0.814037 11.229729
v 0.810686 0.904829 11.229714
v 0.837152 0.957611 11.214607
v 0.881763 0.957611 11.189141
vt 0.033333 1.000000
vt -0.000000 0.910612
vt 0.033333 0.910612
vt 0.200000 1.000000
vt 0.166667 0.910612
vt 0.200000 0.910612
vt 0.366667 1.000000
vt 0.333333 0.910612
vt 0.366667 0.910612
vt 0.533333 1.000000
vt 0.500000 0.910612
vt 0.533333 0.910612
vt 0.700000 1.000000
vt 0.666667 0.910612
vt 0.700000 0.910612
vt 0.866667 0.910612
vt 0.833333 1.000000
vt 0.833333 0.910612
vt 0.957846 0.274000
vt 0.833138 0.058000
vt 0.625292 0.082000
vt 0.033333 0.829943
vt -0.000000 0.803418
vt 0.033333 0.803418
vt 0.200000 0.829943
vt 0.166667 0.803418
vt 0.200000 0.803418
vt 0.366667 0.829943
vt 0.333333 0.803418
vt 0.366667 0.803418
vt 0.533333 0.829943
vt 0.500000 0.803418
vt 0.533333 0.803418
vt 0.700000 0.829943
vt 0.666667 0.803418
vt 0.700000 0.803418
vt 0.866667 0.829943
vt 0.833333 0.803418
vt 0.866667 0.803418
vt 0.033333 0.910612
vt -0.000000 0.829943
vt 0.033333 0.829943
vt 0.200000 0.910612
vt 0.166667 0.829943
vt 0.200000 0.829943
vt 0.366667 0.910612
vt 0.333333 0.829943
vt 0.366667 0.829943
vt 0.533333 0.910612
vt 0.500000 0.829943
vt 0.533333 0.829943
vt 0.700000 0.910612
vt 0.666667 0.829943
vt 0.700000 0.829943
vt 0.866667 0.910612
vt 0.833333 0.829943
vt 0.866667 0.829943
vt 0.250000 0.425119
vt 0.208431 0.466000
vt 0.219669 0.407607
vt 0.098342 0.337559
vt 0.042154 0.322000
vt 0.098342 0.302536
vt 0.098342 0.162440
vt 0.083723 0.106000
vt 0.128674 0.144929
vt 0.250000 0.074881
vt 0.291569 0.034000
vt 0.280332 0.092393
vt 0.401658 0.162440
vt 0.457846 0.178000
vt 0.401658 0.197464
vt 0.401658 0.337559
vt 0.416277 0.394000
vt 0.371326 0.355071
vt 0.208431 0.034000
vt 0.250000 0.010000
vt 0.340995 0.372583
vt 0.340995 0.372583
vt 0.159005 0.127417
vt 0.166862 0.058000
vt 0.189337 0.109905
vt 0.733333 1.000000
vt 0.700000 1.000000
vt 0.500000 0.910612
vt 0.466667 0.829943
vt 0.466667 0.910612
vt 0.433333 0.829943
vt 0.433333 0.910612
vt 0.400000 0.829943
vt 0.400000 0.910612
vt 0.500000 0.829943
vt 0.466667 0.803418
vt 0.466667 0.829943
vt 0.433333 0.803418
vt 0.433333 0.829943
vt 0.400000 0.803418
vt 0.400000 0.829943
vt 0.466667 1.000000
vt 0.466667 0.910612
vt 0.433333 0.910612
vt 0.400000 1.000000
vt 0.400000 0.910612
vt 0.416277 0.106000
vt 0.457846 0.130000
vt 0.083723 0.106000
vt 0.128674 0.144929
vt 0.340995 0.127417
vt 0.333138 0.058000
vt 0.374708 0.082000
vt 0.066667 1.000000
vt 0.033333 1.000000
vt 0.666667 0.910612
vt 0.633333 0.829943
vt 0.633333 0.910612
vt 0.600000 0.829943
vt 0.600000 0.910612
vt 0.566667 0.829943
vt 0.566667 0.910612
vt 0.666667 0.829943
vt 0.633333 0.803418
vt 0.633333 0.829943
vt 0.600000 0.803418
vt 0.600000 0.829943
vt 0.566667 0.803418
vt 0.566667 0.829943
vt 0.666667 1.000000
vt 0.633333 0.910612
vt 0.633333 1.000000
vt 0.600000 0.910612
vt 0.600000 1.000000
vt 0.566667 0.910612
vt 0.566667 1.000000
vt 0.042154 0.178000
vt 0.042154 0.130000
vt 0.401658 0.232488
vt 0.401658 0.232488
vt 0.098342 0.267512
vt 0.042154 0.226000
vt 0.098342 0.232488
vt 0.125292 0.082000
vt 0.125292 0.082000
vt 0.333333 0.910612
vt 0.300000 0.829943
vt 0.300000 0.910612
vt 0.266667 0.829943
vt 0.266667 0.910612
vt 0.233333 0.829943
vt 0.233333 0.910612
vt 0.333333 0.829943
vt 0.300000 0.803418
vt 0.300000 0.829943
vt 0.266667 0.803418
vt 0.266667 0.829943
vt 0.233333 0.803418
vt 0.233333 0.829943
vt 0.333333 1.000000
vt 0.300000 0.910612
vt 0.300000 1.000000
vt 0.266667 0.910612
vt 0.266667 1.000000
vt 0.233333 0.910612
vt 0.233333 1.000000
vt 0.083723 0.394000
vt 0.042154 0.370000
vt 0.291569 0.034000
vt 0.280332 0.092393
vt 0.159005 0.372583
vt 0.166862 0.442000
vt 0.125292 0.418000
vt 0.166862 0.058000
vt 0.189337 0.109905
vt 0.166667 0.910612
vt 0.133333 0.829943
vt 0.133333 0.910612
vt 0.100000 0.829943
vt 0.100000 0.910612
vt 0.066667 0.829943
vt 0.066667 0.910612
vt 0.166667 0.829943
vt 0.133333 0.803418
vt 0.133333 0.829943
vt 0.100000 0.803418
vt 0.100000 0.829943
vt 0.066667 0.803418
vt 0.066667 0.829943
vt 0.166667 1.000000
vt 0.133333 0.910612
vt 0.133333 1.000000
vt 0.100000 0.910612
vt 0.100000 1.000000
vt 0.066667 0.910612
vt 0.291569 0.466000
vt 0.250000 0.490000
vt 0.433333 1.000000
vt 0.466667 1.000000
vt 0.433333 1.000000
vt 0.333138 0.442000
vt 0.310663 0.390095
vt 0.310663 0.109905
vt 0.333138 0.058000
vt 1.000000 0.910612
vt 0.966667 0.829943
vt 1.000000 0.829943
vt 0.966667 0.910612
vt 0.933333 0.829943
vt 0.933333 0.910612
vt 0.900000 0.829943
vt 0.900000 0.910612
vt 1.000000 0.829943
vt 0.966667 0.803418
vt 1.000000 0.803418
vt 0.966667 0.829943
vt 0.933333 0.803418
vt 0.933333 0.829943
vt 0.900000 0.803418
vt 0.900000 0.829943
vt 1.000000 1.000000
vt 0.966667 0.910612
vt 1.000000 0.910612
vt 0.966667 1.000000
vt 0.933333 0.910612
vt 0.933333 1.000000
vt 0.900000 0.910612
vt 0.900000 1.000000
vt 0.457846 0.322000
vt 0.457846 0.370000
vt 0.219668 0.092393
vt 0.208431 0.034000
vt 0.457846 0.274000
vt 0.401658 0.267512
vt 0.042154 0.322000
vt 0.098342 0.302536
vt 0.833333 0.910612
vt 0.800000 0.829943
vt 0.800000 0.910612
vt 0.766667 0.829943
vt 0.766667 0.910612
vt 0.733333 0.829943
vt 0.733333 0.910612
vt 0.833333 0.829943
vt 0.800000 0.803418
vt 0.800000 0.829943
vt 0.766667 0.803418
vt 0.766667 0.829943
vt 0.733333 0.803418
vt 0.733333 0.829943
vt 0.800000 0.910612
vt 0.800000 1.000000
vt 0.766667 0.910612
vt 0.766667 1.000000
vt 0.733333 0.910612
vt 0.219668 0.092393
vt 0.159005 0.127417
vt 0.371326 0.144929
vt 0.374708 0.082000
vt 0.416277 0.106000
vt 0.310663 0.109905
vt 0.098342 0.197464
vt 0.042154 0.226000
vt 0.042154 0.178000
vt 0.042154 0.274000
vt 0.098342 0.267512
vt 0.128674 0.355071
vt 0.125292 0.418000
vt 0.083723 0.394000
vt 0.219669 0.407607
vt 0.166862 0.442000
vt 0.189337 0.390095
vt 0.280332 0.407607
vt 0.333138 0.442000
vt 0.291569 0.466000
vt 0.371326 0.355071
vt 0.374708 0.418000
vt 0.401658 0.302536
vt 0.457846 0.274000
vt 0.457846 0.322000
vt 0.401658 0.197464
vt 0.457846 0.226000
vt 0.401658 0.302536
vt 0.401658 0.267512
vt 0.133333 1.000000
vt 0.100000 1.000000
vt 0.866667 1.000000
vt 0.866667 1.000000
vt 0.189337 0.390095
vt 0.800000 1.000000
vt 0.766667 1.000000
vt 0.280332 0.407607
vt 0.310663 0.390095
vt 0.457846 0.226000
vt 0.966667 1.000000
vt 0.933333 1.000000
vt 0.128674 0.355071
vt 0.159005 0.372583
vt 0.457846 0.178000
vt 0.200000 1.000000
vt 0.374708 0.418000
vt 0.098342 0.197464
vt 0.098342 0.232488
vt 0.416277 0.394000
vt 0.533333 1.000000
vt 0.300000 1.000000
vt 0.266667 1.000000
vt 0.371326 0.144929
vt 0.340995 0.127417
vt 0.208431 0.466000
vt 0.366667 1.000000
vt 0.042154 0.274000
vt 0.633333 1.000000
vt 0.600000 1.000000
vt 0.733333 0.704656
vt 0.700000 0.518691
vt 0.733333 0.518691
vt 0.766667 0.704656
vt 0.766667 0.518691
vt 0.800000 0.704656
vt 0.800000 0.518691
vt 0.833333 0.704656
vt 0.833333 0.518691
vt 0.900000 0.704656
vt 0.866667 0.518691
vt 0.900000 0.518691
vt 0.933333 0.704656
vt 0.933333 0.518691
vt 0.966667 0.704656
vt 0.966667 0.518691
vt 1.000000 0.704656
vt 1.000000 0.518691
vt 0.066667 0.704656
vt 0.033333 0.518691
vt 0.066667 0.518691
vt 0.100000 0.704656
vt 0.100000 0.518691
vt 0.133333 0.704656
vt 0.133333 0.518691
vt 0.166667 0.704656
vt 0.166667 0.518691
vt 0.233333 0.704656
vt 0.200000 0.518691
vt 0.233333 0.518691
vt 0.266667 0.704656
vt 0.266667 0.518691
vt 0.300000 0.704656
vt 0.300000 0.518691
vt 0.333333 0.704656
vt 0.333333 0.518691
vt 0.566667 0.704656
vt 0.533333 0.518691
vt 0.566667 0.518691
vt 0.600000 0.704656
vt 0.600000 0.518691
vt 0.633333 0.704656
vt 0.633333 0.518691
vt 0.666667 0.704656
vt 0.666667 0.518691
vt 0.400000 0.704656
vt 0.366667 0.518691
vt 0.400000 0.518691
vt 0.433333 0.704656
vt 0.433333 0.518691
vt 0.466667 0.704656
vt 0.466667 0.518691
vt 0.500000 0.704656
vt 0.500000 0.518691
vt 0.866667 0.704656
vt 0.700000 0.704656
vt 0.533333 0.704656
vt 0.366667 0.704656
vt 0.200000 0.704656
vt 0.033333 0.704656
vt -0.000000 0.518691
vt -0.000000 1.000000
vt 0.500000 1.000000
vt 0.708431 0.466000
vt 0.750000 0.490000
vt 0.791569 0.466000
vt 0.833138 0.442000
vt 0.666862 0.442000
vt 0.874708 0.418000
vt 0.542154 0.274000
vt 0.625292 0.418000
vt 0.583723 0.394000
vt 0.542154 0.322000
vt 0.542154 0.370000
vt 0.542154 0.178000
vt 0.542154 0.226000
vt 0.916277 0.394000
vt 0.957846 0.322000
vt 0.957846 0.370000
vt 0.583723 0.106000
vt 0.542154 0.130000
vt 0.708431 0.034000
vt 0.666862 0.058000
vt 0.791569 0.034000
vt 0.957846 0.226000
vt 0.874708 0.082000
vt 0.957846 0.178000
vt 0.916277 0.106000
vt 0.957846 0.130000
vt 0.750000 0.010000
vt -0.000000 0.829943
vt -0.000000 0.910612
vt 0.733333 1.000000
vt 0.066667 1.000000
vt 0.900000 1.000000
vt 0.233333 1.000000
vt 0.566667 1.000000
vt 0.400000 1.000000
vt -0.000000 0.704656
vt 0.733333 0.719329
vt 0.766667 0.719329
vt 0.800000 0.719329
vt 0.833333 0.719329
vt 0.900000 0.719329
vt 0.933333 0.719329
vt 0.966667 0.719329
vt 1.000000 0.719329
vt 0.066667 0.719329
vt 0.100000 0.719329
vt 0.133333 0.719329
vt 0.166667 0.719329
vt 0.233333 0.719329
vt 0.266667 0.719329
vt 0.300000 0.719329
vt 0.333333 0.719329
vt 0.566667 0.719329
vt 0.600000 0.719329
vt 0.633333 0.719329
vt 0.666667 0.719329
vt 0.400000 0.719329
vt 0.433333 0.719329
vt 0.466667 0.719329
vt 0.500000 0.719329
vt 0.866667 0.719329
vt 0.700000 0.719329
vt 0.533333 0.719329
vt 0.366667 0.719329
vt 0.200000 0.719329
vt 0.033333 0.719329
vt 0.700000 0.780280
vt 0.733333 0.780280
vt 0.766667 0.780280
vt 0.800000 0.780280
vt 0.833333 0.780280
vt 0.866667 0.780280
vt 0.900000 0.780280
vt 0.933333 0.780280
vt 0.966667 0.780280
vt 1.000000 0.780280
vt 0.033333 0.780280
vt 0.066667 0.780280
vt 0.100000 0.780280
vt 0.133333 0.780280
vt 0.166667 0.780280
vt 0.200000 0.780280
vt 0.233333 0.780280
vt 0.266667 0.780280
vt 0.300000 0.780280
vt 0.333333 0.780280
vt 0.533333 0.780280
vt 0.566667 0.780280
vt 0.600000 0.780280
vt 0.633333 0.780280
vt 0.666667 0.780280
vt 0.366667 0.780280
vt 0.400000 0.780280
vt 0.433333 0.780280
vt 0.466667 0.780280
vt 0.500000 0.780280
vt -0.000000 0.780280
vt -0.000000 0.719329
vt 0.700000 0.500000
vt 0.733333 0.500000
vt 0.766667 0.500000
vt 0.800000 0.500000
vt 0.833333 0.500000
vt 0.866667 0.500000
vt 0.900000 0.500000
vt 0.933333 0.500000
vt 0.966667 0.500000
vt 1.000000 0.500000
vt 0.033333 0.500000
vt 0.066667 0.500000
vt 0.100000 0.500000
vt 0.133333 0.500000
vt 0.166667 0.500000
vt 0.200000 0.500000
vt 0.233333 0.500000
vt 0.266667 0.500000
vt 0.300000 0.500000
vt 0.333333 0.500000
vt 0.533333 0.500000
vt 0.566667 0.500000
vt 0.600000 0.500000
vt 0.633333 0.500000
vt 0.666667 0.500000
vt 0.366667 0.500000
vt 0.400000 0.500000
vt 0.433333 0.500000
vt 0.466667 0.500000
vt 0.500000 0.500000
vt -0.000000 0.500000
vt 0.000000 0.000000
vt 0.000000 0.000000
vt 0.000000 0.000000
vt 0.000000 0.000000
vt 0.000000 0.000000
vt 0.000000 0.000000
vt 0.000000 0.000000
vt 0.000000 0.000000
vt 0.000000 0.000000
vt 0.000000 0.000000
vt 0.000000 0.000000
vt 0.000000 0.000000
vt 0.000000 0.000000
vt 0.000000 0.000000
vt 0.000000 0.000000
vt 0.000000 0.000000
vt 0.000000 0.000000
vt 0.000000 0.000000
vt 0.000000 0.000000
vt 0.000000 0.000000
vt 0.000000 0.000000
vt 0.000000 0.000000
vt 0.000000 0.000000
vt 0.000000 0.000000
vt 0.000000 0.000000
vt 0.000000 0.000000
vt 0.000000 0.000000
vt 0.000000 0.000000
vt 0.000000 0.000000
vt 0.000000 0.000000
vt 0.000000 0.000000
vt 0.000000 0.000000
vt 0.000000 0.000000
vt 0.000000 0.000000
vt 0.000000 0.000000
vt 0.000000 0.000000
vt 0.000000 0.000000
vt 0.000000 0.000000
vt 0.000000 0.000000
vt 0.000000 0.000000
vt 0.000000 0.000000
vt 0.000000 0.000000
vt 0.000000 0.000000
vt 0.000000 0.000000
vt 0.000000 0.000000
vt 0.000000 0.000000
vt 0.000000 0.000000
vt 0.000000 0.000000
vt 0.000000 0.000000
vt 0.000000 0.000000
vt 0.000000 0.000000
vt 0.000000 0.000000
vt 0.000000 0.000000
vt 0.000000 0.000000
vt 0.000000 0.000000
vt 0.000000 0.000000
vt 0.000000 0.000000
vt 0.000000 0.000000
vt 0.000000 0.000000
vt 0.000000 0.000000
vt 0.000000 0.000000
vt 0.000000 0.000000
vt 0.000000 0.000000
vt 0.000000 0.000000
vt 0.000000 0.000000
vt 0.000000 0.000000
vt 0.000000 0.000000
vt 0.000000 0.000000
vt 0.000000 0.000000
vt 0.000000 0.000000
vt 0.000000 0.000000
vt 0.000000 0.000000
vn 0.5000 0.0000 0.8660
vn 1.0000 0.0000 -0.0000
vn 0.5000 0.0000 -0.8660
vn -0.5000 0.0000 -0.8660
vn -1.0000 0.0000 0.0000
vn -0.5000 0.0000 0.8660
vn 0.0000 -1.0000 -0.0000
vn 0.2127 0.9050 0.3684
vn 0.4254 0.9050 0.0000
vn 0.2127 0.9050 -0.3684
vn -0.2127 0.9050 -0.3684
vn -0.4254 0.9050 -0.0000
vn -0.2127 0.9050 0.3684
vn 0.4974 0.1019 -0.8615
vn -0.9973 0.0728 0.0000
vn 0.6659 0.0586 0.7437
vn 0.6614 0.0631 0.7474
vn 0.6530 0.0713 0.7540
vn 0.4987 0.0728 0.8637
vn 0.9948 0.1019 -0.0000
vn -0.7904 0.0609 -0.6096
vn -0.7944 0.0663 -0.6038
vn -0.7861 0.0552 -0.6156
vn 0.9770 0.0586 -0.2048
vn 0.9780 0.0631 -0.1991
vn 0.9795 0.0713 -0.1885
vn 0.9231 0.0609 0.3797
vn 0.9201 0.0663 0.3860
vn 0.9151 0.0750 0.3962
vn 0.4987 0.0728 -0.8637
vn -0.9231 0.0609 0.3797
vn -0.9201 0.0663 0.3860
vn -0.9262 0.0552 0.3730
vn -0.9770 0.0586 -0.2048
vn -0.9780 0.0631 -0.1991
vn -0.9759 0.0531 -0.2118
vn -0.3111 0.0586 0.9486
vn -0.3166 0.0631 0.9465
vn -0.3265 0.0713 0.9425
vn 0.0000 1.0000 0.0000
vn 0.3111 0.0586 0.9486
vn 0.3166 0.0631 0.9465
vn 0.3045 0.0531 0.9510
vn -0.4987 0.0728 0.8637
vn -0.4974 0.1019 -0.8615
vn -0.1327 0.0609 -0.9893
vn -0.1257 0.0663 -0.9898
vn -0.1144 0.0750 -0.9906
vn 0.9770 0.0586 0.2048
vn 0.9780 0.0631 0.1991
vn 0.9759 0.0531 0.2118
vn -0.9948 0.1019 0.0000
vn -0.1327 0.0609 0.9893
vn -0.1257 0.0663 0.9898
vn -0.1401 0.0552 0.9886
vn -0.9231 0.0609 -0.3797
vn -0.9201 0.0663 -0.3860
vn -0.9151 0.0750 -0.3962
vn 0.3112 0.0586 -0.9486
vn 0.3166 0.0631 -0.9465
vn 0.3265 0.0713 -0.9425
vn 0.6659 0.0586 -0.7438
vn 0.6614 0.0631 -0.7474
vn 0.6714 0.0531 -0.7392
vn 0.9973 0.0728 0.0000
vn 0.4974 0.1019 0.8615
vn 0.7904 0.0609 0.6096
vn 0.7944 0.0663 0.6038
vn 0.7861 0.0552 0.6156
vn -0.7904 0.0609 0.6096
vn -0.7944 0.0663 0.6038
vn -0.8007 0.0750 0.5944
vn -0.6659 0.0586 -0.7438
vn -0.6614 0.0631 -0.7474
vn -0.6530 0.0713 -0.7540
vn -0.3112 0.0586 -0.9485
vn -0.3166 0.0631 -0.9465
vn -0.3045 0.0531 -0.9510
vn -0.4987 0.0728 -0.8637
vn -0.4974 0.1019 0.8615
vn 0.9231 0.0609 -0.3797
vn 0.9201 0.0663 -0.3860
vn 0.9262 0.0552 -0.3730
vn 0.1327 0.0609 0.9893
vn 0.1257 0.0663 0.9898
vn 0.1144 0.0750 0.9906
vn -0.9770 0.0586 0.2048
vn -0.9780 0.0631 0.1991
vn -0.9795 0.0713 0.1885
vn -0.6659 0.0586 0.7437
vn -0.6614 0.0631 0.7474
vn -0.6714 0.0531 0.7392
vn 0.1327 0.0609 -0.9893
vn 0.1257 0.0663 -0.9898
vn 0.1401 0.0552 -0.9886
vn 0.7904 0.0609 -0.6096
vn 0.7944 0.0663 -0.6038
vn 0.8007 0.0750 -0.5944
vn 0.6714 0.0531 0.7392
vn -0.8007 0.0750 -0.5944
vn 0.9759 0.0531 -0.2118
vn 0.9262 0.0552 0.3730
vn -0.9151 0.0750 0.3962
vn -0.9795 0.0713 -0.1885
vn -0.3045 0.0531 0.9510
vn 0.3265 0.0713 0.9425
vn -0.1401 0.0552 -0.9886
vn 0.9795 0.0713 0.1885
vn -0.1144 0.0750 0.9906
vn -0.9262 0.0552 -0.3730
vn 0.3045 0.0531 -0.9510
vn 0.6530 0.0713 -0.7540
vn 0.8007 0.0750 0.5944
vn -0.7861 0.0552 0.6156
vn -0.6714 0.0531 -0.7392
vn -0.3265 0.0713 -0.9425
vn 0.9151 0.0750 -0.3962
vn 0.1401 0.0552 0.9886
vn -0.9759 0.0531 0.2118
vn -0.6530 0.0713 0.7540
vn 0.1144 0.0750 -0.9906
vn 0.7861 0.0552 -0.6156
vn 0.4319 -0.5037 0.7481
vn 0.4319 -0.5037 -0.7481
vn -0.8639 -0.5037 0.0000
vn 0.8639 -0.5037 0.0000
vn -0.4319 -0.5037 -0.7481
vn -0.4319 -0.5037 0.7481
vn 0.4361 -0.4891 -0.7554
vn -0.8722 -0.4891 0.0000
vn 0.8722 -0.4891 0.0000
vn -0.4361 -0.4891 -0.7554
vn -0.4361 -0.4891 0.7554
vn 0.4361 -0.4891 0.7554
vn 0.7343 0.5000 0.4592
vn 0.5302 -0.0000 -0.8479
vn 0.7343 -0.5000 0.4591
vn 0.8479 -0.0003 0.5302
vn -0.8479 -0.0003 -0.5302
vn -0.7343 -0.5000 -0.4591
vn -0.5302 0.0000 0.8479
vn -0.7343 0.5000 -0.4592
vn -0.7343 0.5000 -0.4591
vn -0.8479 0.0003 -0.5302
vn -0.8478 0.0003 -0.5302
vn 0.8479 0.0003 0.5302
vn 0.8479 0.0003 0.5301
vn 0.0000 0.5000 0.8660
vn 0.0000 -0.5000 0.8660
vn 0.0000 -0.0003 1.0000
vn 0.0000 -0.0003 -1.0000
vn 0.0000 -0.5000 -0.8660
vn 0.0000 0.5000 -0.8660
vn 0.0000 0.0003 -1.0000
vn 0.0000 0.0003 1.0000
vn 0.7521 0.5000 -0.4294
vn -0.4957 0.0000 -0.8685
vn 0.7521 -0.5000 -0.4293
vn 0.8685 -0.0003 -0.4958
vn 0.8685 -0.0003 -0.4957
vn -0.8685 -0.0003 0.4958
vn -0.7521 -0.5000 0.4293
vn 0.4958 0.0000 0.8685
vn 0.4957 -0.0000 0.8685
vn -0.7521 0.5000 0.4293
vn -0.8685 0.0003 0.4957
vn -0.8685 0.0003 0.4958
vn 0.8684 0.0003 -0.4958
vn 0.8685 0.0003 -0.4957
vn 0.5301 -0.0000 -0.8479
vn -0.7343 -0.5000 -0.4592
vn -0.8479 0.0003 -0.5301
vn 0.8478 0.0003 0.5302
vn -0.4958 0.0000 -0.8685
vn 0.4958 0.0000 0.8684
usemtl mat_grey01
s 1
f 2944/3105/411 2831/3106/411 2939/3107/411
f 2920/3108/412 2811/3109/412 2911/3110/412
f 2864/3111/413 2813/3112/413 2855/3113/413
f 2892/3114/414 2815/3115/414 2883/3116/414
f 3004/3117/415 2817/3118/415 2995/3119/415
f 2971/3120/416 2851/3121/416 2819/3122/416
f 2997/3123/417 2886/3124/417 2858/3125/417
f 2951/3126/411 3188/3127/411 3209/3128/411
f 2919/3129/412 3193/3130/412 3205/3131/412
f 2863/3132/413 3192/3133/413 3197/3134/413
f 2891/3135/414 3191/3136/414 3201/3137/414
f 3003/3138/415 3190/3139/415 3217/3140/415
f 2975/3141/416 3189/3142/416 3213/3143/416
f 2959/3144/411 2845/3145/411 2955/3146/411
f 2931/3147/412 2844/3148/412 2927/3149/412
f 2875/3150/413 2842/3151/413 2871/3152/413
f 2903/3153/414 2840/3154/414 2899/3155/414
f 3015/3156/415 2838/3157/415 3011/3158/415
f 2987/3159/416 2836/3160/416 2983/3161/416
f 2832/3162/418 2944/3163/418 2960/3164/418
f 2821/3165/419 2920/3166/419 2932/3167/419
f 2828/3168/420 2864/3169/420 2876/3170/420
f 2829/3171/421 2892/3172/421 2904/3173/421
f 2830/3174/422 3004/3175/422 3016/3176/422
f 2833/3177/423 2976/3178/423 2988/3179/423
f 2829/3171/420 2867/3180/420 2849/3181/420
f 2988/3179/424 3057/3182/424 2989/3183/424
f 2877/3184/420 2866/3185/420 2878/3186/420
f 3005/3187/425 3060/3188/425 3004/3117/425
f 2839/3189/413 2868/3190/413 2840/3154/413
f 2872/3191/413 2869/3192/413 2868/3190/413
f 2873/3193/413 2870/3194/413 2869/3192/413
f 2874/3195/413 2871/3152/413 2870/3194/413
f 2825/3196/413 3194/3197/413 3191/3136/413
f 2860/3198/413 3195/3199/413 3194/3197/413
f 2861/3200/413 3196/3201/413 3195/3199/413
f 2862/3202/413 3197/3134/413 3196/3201/413
f 2815/3115/413 2867/3203/413 2852/3204/413
f 2867/3203/413 2853/3205/413 2852/3204/413
f 2853/3205/413 2865/3206/413 2854/3207/413
f 2865/3206/413 2855/3113/413 2854/3207/413
f 2830/3174/421 2895/3208/421 2850/3209/421
f 2876/3170/426 3020/3210/427 3024/3211/428
f 2906/3212/421 2893/3213/421 2894/3214/421
f 2945/3215/429 3044/3216/429 2944/3105/429
f 2837/3217/414 2896/3218/414 2838/3157/414
f 2900/3219/414 2897/3220/414 2896/3218/414
f 2901/3221/414 2898/3222/414 2897/3220/414
f 2902/3223/414 2899/3155/414 2898/3222/414
f 2824/3224/414 3198/3225/414 3190/3139/414
f 2888/3226/414 3199/3227/414 3198/3225/414
f 2889/3228/414 3200/3229/414 3199/3227/414
f 2890/3230/414 3201/3137/414 3200/3229/414
f 2850/3231/414 2880/3232/414 2817/3118/414
f 2895/3233/414 2881/3234/414 2880/3232/414
f 2894/3235/414 2882/3236/414 2881/3234/414
f 2893/3237/414 2883/3116/414 2882/3236/414
f 2828/3168/419 2923/3238/419 2848/3239/419
f 3016/3176/430 3065/3240/430 3017/3241/430
f 2933/3242/419 2922/3243/419 2934/3244/419
f 2877/3184/431 3021/3245/432 2865/3246/433
f 2841/3247/412 2924/3248/412 2842/3151/412
f 2928/3249/412 2925/3250/412 2924/3248/412
f 2929/3251/412 2926/3252/412 2925/3250/412
f 2930/3253/412 2927/3149/412 2926/3252/412
f 2826/3254/412 3202/3255/412 3192/3133/412
f 2916/3256/412 3203/3257/412 3202/3255/412
f 2917/3258/412 3204/3259/412 3203/3257/412
f 2918/3260/412 3205/3131/412 3204/3259/412
f 2848/3261/412 2908/3262/412 2813/3112/412
f 2923/3263/412 2909/3264/412 2908/3262/412
f 2922/3265/412 2910/3266/412 2909/3264/412
f 2921/3267/412 2911/3110/412 2910/3266/412
f 2821/3165/418 2947/3268/418 2847/3269/418
f 2904/3173/434 3028/3270/435 3032/3271/436
f 2962/3272/418 2945/3273/418 2946/3274/418
f 2878/3186/437 3022/3275/438 3026/3276/439
f 2843/3277/411 2952/3278/411 2844/3148/411
f 2956/3279/411 2953/3280/411 2952/3278/411
f 2957/3281/411 2954/3282/411 2953/3280/411
f 2958/3283/411 2955/3146/411 2954/3282/411
f 2827/3284/411 3206/3285/411 3193/3130/411
f 2948/3286/411 3207/3287/411 3206/3285/411
f 2949/3288/411 3208/3289/411 3207/3287/411
f 2950/3290/411 3209/3128/411 3208/3289/411
f 2847/3291/411 2936/3292/411 2811/3109/411
f 2947/3293/411 2937/3294/411 2936/3292/411
f 2946/3295/411 2938/3296/411 2937/3294/411
f 2945/3215/411 2939/3107/411 2938/3296/411
f 2832/3162/423 2979/3297/423 2846/3298/423
f 2866/3299/440 3023/3300/440 3022/3301/440
f 2989/3183/423 2978/3302/423 2990/3303/423
f 2905/3304/441 3029/3305/442 2893/3213/443
f 2834/3306/416 2980/3307/416 2845/3308/416
f 2984/3309/416 2981/3310/416 2980/3307/416
f 2985/3311/416 2982/3312/416 2981/3310/416
f 2986/3313/416 2983/3161/416 2982/3312/416
f 2822/3314/416 3210/3315/416 3188/3316/416
f 2972/3317/416 3211/3318/416 3210/3315/416
f 2973/3319/416 3212/3320/416 3211/3318/416
f 2974/3321/416 3213/3143/416 3212/3320/416
f 2846/3322/416 2968/3323/416 2831/3324/416
f 2979/3325/416 2969/3326/416 2968/3323/416
f 2978/3327/416 2970/3328/416 2969/3326/416
f 2977/3329/416 2971/3120/416 2970/3328/416
f 2833/3177/422 3007/3330/422 2851/3331/422
f 2879/3332/444 3023/3333/445 2867/3180/446
f 3017/3241/422 3006/3334/422 3018/3335/422
f 2932/3167/447 3036/3336/448 3040/3337/449
f 2835/3338/415 3008/3339/415 2836/3160/415
f 3012/3340/415 3009/3341/415 3008/3339/415
f 3013/3342/415 3010/3343/415 3009/3341/415
f 3014/3344/415 3011/3158/415 3010/3343/415
f 2823/3345/415 3214/3346/415 3189/3142/415
f 3000/3347/415 3215/3348/415 3214/3346/415
f 3001/3349/415 3216/3350/415 3215/3348/415
f 3002/3351/415 3217/3140/415 3216/3350/415
f 2851/3121/415 2992/3352/415 2819/3122/415
f 3007/3353/415 2993/3354/415 2992/3352/415
f 3006/3355/415 2994/3356/415 2993/3354/415
f 3005/3187/415 2995/3119/415 2994/3356/415
f 3027/3357/450 3022/3275/450 3023/3333/450
f 3024/3211/450 3021/3245/450 3025/3358/450
f 3035/3359/450 3030/3360/450 3031/3361/450
f 3032/3271/450 3029/3305/450 3033/3362/450
f 3043/3363/450 3038/3364/450 3039/3365/450
f 3040/3337/450 3037/3366/450 3041/3367/450
f 3051/3368/450 3046/3369/450 3047/3370/450
f 3048/3371/450 3045/3372/450 3049/3373/450
f 3059/3374/450 3054/3375/450 3055/3376/450
f 3056/3377/450 3053/3378/450 3057/3182/450
f 3067/3379/450 3062/3380/450 3063/3381/450
f 3064/3382/450 3061/3383/450 3065/3240/450
f 3019/3384/430 3066/3385/430 3067/3379/430
f 2946/3295/429 3047/3386/429 3046/3387/429
f 3019/3384/451 3063/3381/452 3007/3330/453
f 2977/3329/454 3052/3388/454 2976/3389/454
f 2960/3164/455 3049/3373/455 2961/3390/455
f 3006/3355/425 3063/3391/425 3062/3392/425
f 2991/3393/424 3058/3394/424 3059/3374/424
f 3018/3335/456 3062/3380/457 3066/3385/458
f 2991/3393/459 3055/3376/460 2979/3297/461
f 2932/3167/462 3041/3367/462 2933/3242/462
f 3017/3241/463 3061/3383/464 3005/3395/465
f 2978/3327/454 3055/3396/454 3054/3397/454
f 2963/3398/455 3050/3399/455 3051/3368/455
f 2990/3303/466 3054/3375/467 3058/3394/468
f 3016/3176/469 3060/3400/470 3064/3382/471
f 2963/3398/472 3047/3370/473 2947/3268/474
f 2921/3267/475 3036/3401/475 2920/3108/475
f 2904/3173/476 3033/3362/476 2905/3304/476
f 2989/3183/477 3053/3378/478 2977/3402/479
f 2935/3403/462 3042/3404/462 3043/3363/462
f 2962/3272/480 3046/3369/481 3050/3399/482
f 2988/3179/483 3052/3405/484 3056/3377/485
f 2935/3403/486 3039/3365/487 2923/3238/488
f 2893/3237/489 3028/3406/489 2892/3114/489
f 2876/3170/490 3025/3358/490 2877/3184/490
f 2961/3390/491 3045/3372/492 2945/3273/493
f 2922/3265/475 3039/3407/475 3038/3408/475
f 2907/3409/476 3034/3410/476 3035/3359/476
f 2934/3244/494 3038/3364/495 3042/3404/496
f 2960/3164/497 3044/3411/498 3048/3371/499
f 2907/3409/500 3031/3361/501 2895/3208/502
f 2865/3206/440 3020/3412/440 2864/3111/440
f 2933/3242/503 3037/3366/504 2921/3413/505
f 2894/3235/489 3031/3414/489 3030/3415/489
f 2879/3332/490 3026/3276/490 3027/3357/490
f 2906/3212/506 3030/3360/507 3034/3410/508
f 3126/3416/415 3097/3417/415 3096/3418/415
f 3125/3419/415 3096/3418/415 3095/3420/415
f 3124/3421/415 3095/3420/415 3094/3422/415
f 3099/3423/415 3094/3422/415 3068/3424/415
f 3122/3425/416 3093/3426/416 3092/3427/416
f 3121/3428/416 3092/3427/416 3091/3429/416
f 3120/3430/416 3091/3429/416 3090/3431/416
f 3098/3432/416 3090/3431/416 3073/3433/416
f 3118/3434/411 3089/3435/411 3088/3436/411
f 3117/3437/411 3088/3436/411 3087/3438/411
f 3116/3439/411 3087/3438/411 3086/3440/411
f 3103/3441/411 3086/3440/411 3072/3442/411
f 3114/3443/412 3085/3444/412 3084/3445/412
f 3113/3446/412 3084/3445/412 3083/3447/412
f 3112/3448/412 3083/3447/412 3082/3449/412
f 3102/3450/412 3082/3449/412 3071/3451/412
f 3110/3452/414 3081/3453/414 3080/3454/414
f 3109/3455/414 3080/3454/414 3079/3456/414
f 3108/3457/414 3079/3456/414 3078/3458/414
f 3100/3459/414 3078/3458/414 3069/3460/414
f 3106/3461/413 3077/3462/413 3076/3463/413
f 3105/3464/413 3076/3463/413 3075/3465/413
f 3104/3466/413 3075/3465/413 3074/3467/413
f 3101/3468/413 3074/3467/413 3070/3469/413
f 3123/3470/416 3068/3424/416 3093/3426/416
f 3127/3471/415 3069/3460/415 3097/3417/415
f 3111/3472/414 3070/3469/414 3081/3453/414
f 3107/3473/413 3071/3451/413 3077/3462/413
f 3115/3474/412 3072/3442/412 3085/3444/412
f 3119/3475/411 3073/3476/411 3089/3435/411
f 2944/3105/411 2846/3477/411 2831/3106/411
f 2920/3108/412 2847/3291/412 2811/3109/412
f 2864/3111/413 2848/3261/413 2813/3112/413
f 2892/3114/414 2849/3478/414 2815/3115/414
f 3004/3117/415 2850/3231/415 2817/3118/415
f 2971/3120/416 2976/3389/416 2851/3121/416
f 2943/3479/417 2810/3480/417 2964/3481/417
f 2964/3481/417 2965/3482/417 2942/3483/417
f 2965/3482/417 2966/3484/417 2914/3485/417
f 2941/3486/417 2914/3485/417 2940/3487/417
f 2942/3483/417 2943/3479/417 2964/3481/417
f 2941/3486/417 2942/3483/417 2965/3482/417
f 2915/3488/417 2820/3489/417 2940/3487/417
f 2912/3490/417 2913/3491/417 2858/3125/417
f 2913/3491/417 2914/3485/417 2966/3484/417
f 2914/3485/417 2915/3488/417 2940/3487/417
f 2941/3486/417 2965/3482/417 2914/3485/417
f 2966/3484/417 2967/3492/417 2996/3493/417
f 2967/3492/417 2812/3494/417 2996/3493/417
f 2859/3495/417 2818/3496/417 2912/3490/417
f 2856/3497/417 2857/3498/417 2887/3499/417
f 2857/3498/417 2858/3125/417 2886/3124/417
f 2887/3499/417 2857/3498/417 2886/3124/417
f 2858/3125/417 2859/3495/417 2912/3490/417
f 2913/3491/417 2966/3484/417 2858/3125/417
f 2997/3123/417 2998/3500/417 2885/3501/417
f 2998/3500/417 2999/3502/417 2884/3503/417
f 2884/3503/417 2999/3502/417 2814/3504/417
f 2966/3484/417 2996/3493/417 2997/3123/417
f 2816/3505/417 2856/3497/417 2887/3499/417
f 2885/3501/417 2886/3124/417 2997/3123/417
f 2858/3125/417 2966/3484/417 2997/3123/417
f 2884/3503/417 2885/3501/417 2998/3500/417
f 2951/3126/411 2822/3506/411 3188/3127/411
f 2919/3129/412 2827/3284/412 3193/3130/412
f 2863/3132/413 2826/3254/413 3192/3133/413
f 2891/3135/414 2825/3196/414 3191/3136/414
f 3003/3138/415 2824/3224/415 3190/3139/415
f 2975/3141/416 2823/3345/416 3189/3142/416
f 2959/3144/411 2834/3507/411 2845/3145/411
f 2931/3147/412 2843/3277/412 2844/3148/412
f 2875/3150/413 2841/3247/413 2842/3151/413
f 2903/3153/414 2839/3189/414 2840/3154/414
f 3015/3156/415 2837/3217/415 2838/3157/415
f 2987/3159/416 2835/3338/416 2836/3160/416
f 2832/3162/418 2846/3298/418 2944/3163/418
f 2821/3165/419 2847/3269/419 2920/3166/419
f 2828/3168/420 2848/3239/420 2864/3169/420
f 2829/3171/421 2849/3181/421 2892/3172/421
f 2830/3174/422 2850/3209/422 3004/3175/422
f 2833/3177/423 2851/3331/423 2976/3178/423
f 2829/3171/420 2879/3332/420 2867/3180/420
f 2988/3179/424 3056/3377/424 3057/3182/424
f 2877/3184/420 2865/3246/420 2866/3185/420
f 3005/3187/425 3061/3508/425 3060/3188/425
f 2839/3189/413 2872/3191/413 2868/3190/413
f 2872/3191/413 2873/3193/413 2869/3192/413
f 2873/3193/413 2874/3195/413 2870/3194/413
f 2874/3195/413 2875/3150/413 2871/3152/413
f 2825/3196/413 2860/3198/413 3194/3197/413
f 2860/3198/413 2861/3200/413 3195/3199/413
f 2861/3200/413 2862/3202/413 3196/3201/413
f 2862/3202/413 2863/3132/413 3197/3134/413
f 2815/3115/413 2849/3478/413 2867/3203/413
f 2867/3203/413 2866/3299/413 2853/3205/413
f 2853/3205/413 2866/3299/413 2865/3206/413
f 2865/3206/413 2864/3111/413 2855/3113/413
f 2830/3174/421 2907/3409/421 2895/3208/421
f 2876/3170/426 2864/3169/509 3020/3210/427
f 2906/3212/421 2905/3304/421 2893/3213/421
f 2945/3215/429 3045/3509/429 3044/3216/429
f 2837/3217/414 2900/3219/414 2896/3218/414
f 2900/3219/414 2901/3221/414 2897/3220/414
f 2901/3221/414 2902/3223/414 2898/3222/414
f 2902/3223/414 2903/3153/414 2899/3155/414
f 2824/3224/414 2888/3226/414 3198/3225/414
f 2888/3226/414 2889/3228/414 3199/3227/414
f 2889/3228/414 2890/3230/414 3200/3229/414
f 2890/3230/414 2891/3135/414 3201/3137/414
f 2850/3231/414 2895/3233/414 2880/3232/414
f 2895/3233/414 2894/3235/414 2881/3234/414
f 2894/3235/414 2893/3237/414 2882/3236/414
f 2893/3237/414 2892/3114/414 2883/3116/414
f 2828/3168/419 2935/3403/419 2923/3238/419
f 3016/3176/430 3064/3382/430 3065/3240/430
f 2933/3242/419 2921/3413/419 2922/3243/419
f 2877/3184/431 3025/3358/510 3021/3245/432
f 2841/3247/412 2928/3249/412 2924/3248/412
f 2928/3249/412 2929/3251/412 2925/3250/412
f 2929/3251/412 2930/3253/412 2926/3252/412
f 2930/3253/412 2931/3147/412 2927/3149/412
f 2826/3254/412 2916/3256/412 3202/3255/412
f 2916/3256/412 2917/3258/412 3203/3257/412
f 2917/3258/412 2918/3260/412 3204/3259/412
f 2918/3260/412 2919/3129/412 3205/3131/412
f 2848/3261/412 2923/3263/412 2908/3262/412
f 2923/3263/412 2922/3265/412 2909/3264/412
f 2922/3265/412 2921/3267/412 2910/3266/412
f 2921/3267/412 2920/3108/412 2911/3110/412
f 2821/3165/418 2963/3398/418 2947/3268/418
f 2904/3173/434 2892/3172/511 3028/3270/435
f 2962/3272/418 2961/3390/418 2945/3273/418
f 2878/3186/437 2866/3185/512 3022/3275/438
f 2843/3277/411 2956/3279/411 2952/3278/411
f 2956/3279/411 2957/3281/411 2953/3280/411
f 2957/3281/411 2958/3283/411 2954/3282/411
f 2958/3283/411 2959/3144/411 2955/3146/411
f 2827/3284/411 2948/3286/411 3206/3285/411
f 2948/3286/411 2949/3288/411 3207/3287/411
f 2949/3288/411 2950/3290/411 3208/3289/411
f 2950/3290/411 2951/3126/411 3209/3128/411
f 2847/3291/411 2947/3293/411 2936/3292/411
f 2947/3293/411 2946/3295/411 2937/3294/411
f 2946/3295/411 2945/3215/411 2938/3296/411
f 2945/3215/411 2944/3105/411 2939/3107/411
f 2832/3162/423 2991/3393/423 2979/3297/423
f 2866/3299/440 2867/3203/440 3023/3300/440
f 2989/3183/423 2977/3402/423 2978/3302/423
f 2905/3304/441 3033/3362/513 3029/3305/442
f 2834/3306/416 2984/3309/416 2980/3307/416
f 2984/3309/416 2985/3311/416 2981/3310/416
f 2985/3311/416 2986/3313/416 2982/3312/416
f 2986/3313/416 2987/3159/416 2983/3161/416
f 2822/3314/416 2972/3317/416 3210/3315/416
f 2972/3317/416 2973/3319/416 3211/3318/416
f 2973/3319/416 2974/3321/416 3212/3320/416
f 2974/3321/416 2975/3141/416 3213/3143/416
f 2846/3322/416 2979/3325/416 2968/3323/416
f 2979/3325/416 2978/3327/416 2969/3326/416
f 2978/3327/416 2977/3329/416 2970/3328/416
f 2977/3329/416 2976/3389/416 2971/3120/416
f 2833/3177/422 3019/3384/422 3007/3330/422
f 2879/3332/444 3027/3357/514 3023/3333/445
f 3017/3241/422 3005/3395/422 3006/3334/422
f 2932/3167/447 2920/3166/515 3036/3336/448
f 2835/3338/415 3012/3340/415 3008/3339/415
f 3012/3340/415 3013/3342/415 3009/3341/415
f 3013/3342/415 3014/3344/415 3010/3343/415
f 3014/3344/415 3015/3156/415 3011/3158/415
f 2823/3345/415 3000/3347/415 3214/3346/415
f 3000/3347/415 3001/3349/415 3215/3348/415
f 3001/3349/415 3002/3351/415 3216/3350/415
f 3002/3351/415 3003/3138/415 3217/3140/415
f 2851/3121/415 3007/3353/415 2992/3352/415
f 3007/3353/415 3006/3355/415 2993/3354/415
f 3006/3355/415 3005/3187/415 2994/3356/415
f 3005/3187/415 3004/3117/415 2995/3119/415
f 3027/3357/450 3026/3276/450 3022/3275/450
f 3024/3211/450 3020/3210/450 3021/3245/450
f 3035/3359/450 3034/3410/450 3030/3360/450
f 3032/3271/450 3028/3270/450 3029/3305/450
f 3043/3363/450 3042/3404/450 3038/3364/450
f 3040/3337/450 3036/3336/450 3037/3366/450
f 3051/3368/450 3050/3399/450 3046/3369/450
f 3048/3371/450 3044/3411/450 3045/3372/450
f 3059/3374/450 3058/3394/450 3054/3375/450
f 3056/3377/450 3052/3405/450 3053/3378/450
f 3067/3379/450 3066/3385/450 3062/3380/450
f 3064/3382/450 3060/3400/450 3061/3383/450
f 3019/3384/430 3018/3335/430 3066/3385/430
f 2946/3295/429 2947/3293/429 3047/3386/429
f 3019/3384/451 3067/3379/516 3063/3381/452
f 2977/3329/454 3053/3510/454 3052/3388/454
f 2960/3164/455 3048/3371/455 3049/3373/455
f 3006/3355/425 3007/3353/425 3063/3391/425
f 2991/3393/424 2990/3303/424 3058/3394/424
f 3018/3335/456 3006/3334/517 3062/3380/457
f 2991/3393/459 3059/3374/518 3055/3376/460
f 2932/3167/462 3040/3337/462 3041/3367/462
f 3017/3241/463 3065/3240/519 3061/3383/464
f 2978/3327/454 2979/3325/454 3055/3396/454
f 2963/3398/455 2962/3272/455 3050/3399/455
f 2990/3303/466 2978/3302/520 3054/3375/467
f 3016/3176/469 3004/3175/521 3060/3400/470
f 2963/3398/472 3051/3368/522 3047/3370/473
f 2921/3267/475 3037/3511/475 3036/3401/475
f 2904/3173/476 3032/3271/476 3033/3362/476
f 2989/3183/477 3057/3182/523 3053/3378/478
f 2935/3403/462 2934/3244/462 3042/3404/462
f 2962/3272/480 2946/3274/524 3046/3369/481
f 2988/3179/483 2976/3178/525 3052/3405/484
f 2935/3403/486 3043/3363/526 3039/3365/487
f 2893/3237/489 3029/3512/489 3028/3406/489
f 2876/3170/490 3024/3211/490 3025/3358/490
f 2961/3390/491 3049/3373/527 3045/3372/492
f 2922/3265/475 2923/3263/475 3039/3407/475
f 2907/3409/476 2906/3212/476 3034/3410/476
f 2934/3244/494 2922/3243/528 3038/3364/495
f 2960/3164/497 2944/3163/529 3044/3411/498
f 2907/3409/500 3035/3359/530 3031/3361/501
f 2865/3206/440 3021/3513/440 3020/3412/440
f 2933/3242/503 3041/3367/531 3037/3366/504
f 2894/3235/489 2895/3233/489 3031/3414/489
f 2879/3332/490 2878/3186/490 3026/3276/490
f 2906/3212/506 2894/3214/532 3030/3360/507
f 3126/3416/415 3127/3471/415 3097/3417/415
f 3125/3419/415 3126/3416/415 3096/3418/415
f 3124/3421/415 3125/3419/415 3095/3420/415
f 3099/3423/415 3124/3421/415 3094/3422/415
f 3122/3425/416 3123/3470/416 3093/3426/416
f 3121/3428/416 3122/3425/416 3092/3427/416
f 3120/3430/416 3121/3428/416 3091/3429/416
f 3098/3432/416 3120/3430/416 3090/3431/416
f 3118/3434/411 3119/3475/411 3089/3435/411
f 3117/3437/411 3118/3434/411 3088/3436/411
f 3116/3439/411 3117/3437/411 3087/3438/411
f 3103/3441/411 3116/3439/411 3086/3440/411
f 3114/3443/412 3115/3474/412 3085/3444/412
f 3113/3446/412 3114/3443/412 3084/3445/412
f 3112/3448/412 3113/3446/412 3083/3447/412
f 3102/3450/412 3112/3448/412 3082/3449/412
f 3110/3452/414 3111/3472/414 3081/3453/414
f 3109/3455/414 3110/3452/414 3080/3454/414
f 3108/3457/414 3109/3455/414 3079/3456/414
f 3100/3459/414 3108/3457/414 3078/3458/414
f 3106/3461/413 3107/3473/413 3077/3462/413
f 3105/3464/413 3106/3461/413 3076/3463/413
f 3104/3466/413 3105/3464/413 3075/3465/413
f 3101/3468/413 3104/3466/413 3074/3467/413
f 3123/3470/416 3099/3423/416 3068/3424/416
f 3127/3471/415 3100/3459/415 3069/3460/415
f 3111/3472/414 3101/3468/414 3070/3469/414
f 3107/3473/413 3102/3450/413 3071/3451/413
f 3115/3474/412 3103/3441/412 3072/3442/412
f 3119/3475/411 3098/3514/411 3073/3476/411
usemtl mat_brown01
f 3156/3515/415 3127/3471/415 3126/3416/415
f 3155/3516/415 3126/3416/415 3125/3419/415
f 3154/3517/415 3125/3419/415 3124/3421/415
f 3129/3518/415 3124/3421/415 3099/3423/415
f 3152/3519/416 3123/3470/416 3122/3425/416
f 3151/3520/416 3122/3425/416 3121/3428/416
f 3150/3521/416 3121/3428/416 3120/3430/416
f 3128/3522/416 3120/3430/416 3098/3432/416
f 3148/3523/411 3119/3475/411 3118/3434/411
f 3147/3524/411 3118/3434/411 3117/3437/411
f 3146/3525/411 3117/3437/411 3116/3439/411
f 3133/3526/411 3116/3439/411 3103/3441/411
f 3144/3527/412 3115/3474/412 3114/3443/412
f 3143/3528/412 3114/3443/412 3113/3446/412
f 3142/3529/412 3113/3446/412 3112/3448/412
f 3132/3530/412 3112/3448/412 3102/3450/412
f 3140/3531/414 3111/3472/414 3110/3452/414
f 3139/3532/414 3110/3452/414 3109/3455/414
f 3138/3533/414 3109/3455/414 3108/3457/414
f 3130/3534/414 3108/3457/414 3100/3459/414
f 3136/3535/413 3107/3473/413 3106/3461/413
f 3135/3536/413 3106/3461/413 3105/3464/413
f 3134/3537/413 3105/3464/413 3104/3466/413
f 3131/3538/413 3104/3466/413 3101/3468/413
f 3153/3539/416 3099/3423/416 3123/3470/416
f 3157/3540/415 3100/3459/415 3127/3471/415
f 3141/3541/414 3101/3468/414 3111/3472/414
f 3137/3542/413 3102/3450/413 3107/3473/413
f 3145/3543/412 3103/3441/412 3115/3474/412
f 3149/3544/411 3098/3514/411 3119/3475/411
f 3216/3350/415 3187/3545/415 3186/3546/415
f 3215/3348/415 3186/3546/415 3185/3547/415
f 3214/3346/415 3185/3547/415 3184/3548/415
f 3189/3142/415 3184/3548/415 3159/3549/415
f 3212/3320/416 3183/3550/416 3182/3551/416
f 3211/3318/416 3182/3551/416 3181/3552/416
f 3210/3315/416 3181/3552/416 3180/3553/416
f 3188/3316/416 3180/3553/416 3158/3554/416
f 3208/3289/411 3179/3555/411 3178/3556/411
f 3207/3287/411 3178/3556/411 3177/3557/411
f 3206/3285/411 3177/3557/411 3176/3558/411
f 3193/3130/411 3176/3558/411 3163/3559/411
f 3204/3259/412 3175/3560/412 3174/3561/412
f 3203/3257/412 3174/3561/412 3173/3562/412
f 3202/3255/412 3173/3562/412 3172/3563/412
f 3192/3133/412 3172/3563/412 3162/3564/412
f 3200/3229/414 3171/3565/414 3170/3566/414
f 3199/3227/414 3170/3566/414 3169/3567/414
f 3198/3225/414 3169/3567/414 3168/3568/414
f 3190/3139/414 3168/3568/414 3160/3569/414
f 3196/3201/413 3167/3570/413 3166/3571/413
f 3195/3199/413 3166/3571/413 3165/3572/413
f 3194/3197/413 3165/3572/413 3164/3573/413
f 3191/3136/413 3164/3573/413 3161/3574/413
f 3213/3143/416 3159/3549/416 3183/3550/416
f 3217/3140/415 3160/3569/415 3187/3545/415
f 3201/3137/414 3161/3574/414 3171/3565/414
f 3197/3134/413 3162/3564/413 3167/3570/413
f 3205/3131/412 3163/3559/412 3175/3560/412
f 3209/3128/411 3158/3575/411 3179/3555/411
f 3156/3515/415 3157/3540/415 3127/3471/415
f 3155/3516/415 3156/3515/415 3126/3416/415
f 3154/3517/415 3155/3516/415 3125/3419/415
f 3129/3518/415 3154/3517/415 3124/3421/415
f 3152/3519/416 3153/3539/416 3123/3470/416
f 3151/3520/416 3152/3519/416 3122/3425/416
f 3150/3521/416 3151/3520/416 3121/3428/416
f 3128/3522/416 3150/3521/416 3120/3430/416
f 3148/3523/411 3149/3544/411 3119/3475/411
f 3147/3524/411 3148/3523/411 3118/3434/411
f 3146/3525/411 3147/3524/411 3117/3437/411
f 3133/3526/411 3146/3525/411 3116/3439/411
f 3144/3527/412 3145/3543/412 3115/3474/412
f 3143/3528/412 3144/3527/412 3114/3443/412
f 3142/3529/412 3143/3528/412 3113/3446/412
f 3132/3530/412 3142/3529/412 3112/3448/412
f 3140/3531/414 3141/3541/414 3111/3472/414
f 3139/3532/414 3140/3531/414 3110/3452/414
f 3138/3533/414 3139/3532/414 3109/3455/414
f 3130/3534/414 3138/3533/414 3108/3457/414
f 3136/3535/413 3137/3542/413 3107/3473/413
f 3135/3536/413 3136/3535/413 3106/3461/413
f 3134/3537/413 3135/3536/413 3105/3464/413
f 3131/3538/413 3134/3537/413 3104/3466/413
f 3153/3539/416 3129/3518/416 3099/3423/416
f 3157/3540/415 3130/3534/415 3100/3459/415
f 3141/3541/414 3131/3538/414 3101/3468/414
f 3137/3542/413 3132/3530/413 3102/3450/413
f 3145/3543/412 3133/3526/412 3103/3441/412
f 3149/3544/411 3128/3576/411 3098/3514/411
f 3216/3350/415 3217/3140/415 3187/3545/415
f 3215/3348/415 3216/3350/415 3186/3546/415
f 3214/3346/415 3215/3348/415 3185/3547/415
f 3189/3142/415 3214/3346/415 3184/3548/415
f 3212/3320/416 3213/3143/416 3183/3550/416
f 3211/3318/416 3212/3320/416 3182/3551/416
f 3210/3315/416 3211/3318/416 3181/3552/416
f 3188/3316/416 3210/3315/416 3180/3553/416
f 3208/3289/411 3209/3128/411 3179/3555/411
f 3207/3287/411 3208/3289/411 3178/3556/411
f 3206/3285/411 3207/3287/411 3177/3557/411
f 3193/3130/411 3206/3285/411 3176/3558/411
f 3204/3259/412 3205/3131/412 3175/3560/412
f 3203/3257/412 3204/3259/412 3174/3561/412
f 3202/3255/412 3203/3257/412 3173/3562/412
f 3192/3133/412 3202/3255/412 3172/3563/412
f 3200/3229/414 3201/3137/414 3171/3565/414
f 3199/3227/414 3200/3229/414 3170/3566/414
f 3198/3225/414 3199/3227/414 3169/3567/414
f 3190/3139/414 3198/3225/414 3168/3568/414
f 3196/3201/413 3197/3134/413 3167/3570/413
f 3195/3199/413 3196/3201/413 3166/3571/413
f 3194/3197/413 3195/3199/413 3165/3572/413
f 3191/3136/413 3194/3197/413 3164/3573/413
f 3213/3143/416 3189/3142/416 3159/3549/416
f 3217/3140/415 3190/3139/415 3160/3569/415
f 3201/3137/414 3191/3136/414 3161/3574/414
f 3197/3134/413 3192/3133/413 3162/3564/413
f 3205/3131/412 3193/3130/412 3163/3559/412
f 3209/3128/411 3188/3127/411 3158/3575/411
usemtl mat_grey02
f 3096/3418/415 2999/3577/415 2998/3578/415
f 3095/3420/415 2998/3578/415 2997/3579/415
f 3094/3422/415 2997/3579/415 2996/3580/415
f 3068/3424/415 2996/3580/415 2812/3581/415
f 3092/3427/416 2967/3582/416 2966/3583/416
f 3091/3429/416 2966/3583/416 2965/3584/416
f 3090/3431/416 2965/3584/416 2964/3585/416
f 3073/3433/416 2964/3585/416 2810/3586/416
f 3088/3436/411 2943/3587/411 2942/3588/411
f 3087/3438/411 2942/3588/411 2941/3589/411
f 3086/3440/411 2941/3589/411 2940/3590/411
f 3072/3442/411 2940/3590/411 2820/3591/411
f 3084/3445/412 2915/3592/412 2914/3593/412
f 3083/3447/412 2914/3593/412 2913/3594/412
f 3082/3449/412 2913/3594/412 2912/3595/412
f 3071/3451/412 2912/3595/412 2818/3596/412
f 3080/3454/414 2887/3597/414 2886/3598/414
f 3079/3456/414 2886/3598/414 2885/3599/414
f 3078/3458/414 2885/3599/414 2884/3600/414
f 3069/3460/414 2884/3600/414 2814/3601/414
f 3076/3463/413 2859/3602/413 2858/3603/413
f 3075/3465/413 2858/3603/413 2857/3604/413
f 3074/3467/413 2857/3604/413 2856/3605/413
f 3070/3469/413 2856/3605/413 2816/3606/413
f 3093/3426/416 2812/3581/416 2967/3582/416
f 3097/3417/415 2814/3601/415 2999/3577/415
f 3081/3453/414 2816/3606/414 2887/3597/414
f 3077/3462/413 2818/3596/413 2859/3602/413
f 3085/3444/412 2820/3591/412 2915/3592/412
f 3089/3435/411 2810/3607/411 2943/3587/411
f 3186/3546/415 3157/3540/415 3156/3515/415
f 3185/3547/415 3156/3515/415 3155/3516/415
f 3184/3548/415 3155/3516/415 3154/3517/415
f 3159/3549/415 3154/3517/415 3129/3518/415
f 3182/3551/416 3153/3539/416 3152/3519/416
f 3181/3552/416 3152/3519/416 3151/3520/416
f 3180/3553/416 3151/3520/416 3150/3521/416
f 3158/3554/416 3150/3521/416 3128/3522/416
f 3178/3556/411 3149/3544/411 3148/3523/411
f 3177/3557/411 3148/3523/411 3147/3524/411
f 3176/3558/411 3147/3524/411 3146/3525/411
f 3163/3559/411 3146/3525/411 3133/3526/411
f 3174/3561/412 3145/3543/412 3144/3527/412
f 3173/3562/412 3144/3527/412 3143/3528/412
f 3172/3563/412 3143/3528/412 3142/3529/412
f 3162/3564/412 3142/3529/412 3132/3530/412
f 3170/3566/414 3141/3541/414 3140/3531/414
f 3169/3567/414 3140/3531/414 3139/3532/414
f 3168/3568/414 3139/3532/414 3138/3533/414
f 3160/3569/414 3138/3533/414 3130/3534/414
f 3166/3571/413 3137/3542/413 3136/3535/413
f 3165/3572/413 3136/3535/413 3135/3536/413
f 3164/3573/413 3135/3536/413 3134/3537/413
f 3161/3574/413 3134/3537/413 3131/3538/413
f 3183/3550/416 3129/3518/416 3153/3539/416
f 3187/3545/415 3130/3534/415 3157/3540/415
f 3171/3565/414 3131/3538/414 3141/3541/414
f 3167/3570/413 3132/3530/413 3137/3542/413
f 3175/3560/412 3133/3526/412 3145/3543/412
f 3179/3555/411 3128/3576/411 3149/3544/411
f 3096/3418/415 3097/3417/415 2999/3577/415
f 3095/3420/415 3096/3418/415 2998/3578/415
f 3094/3422/415 3095/3420/415 2997/3579/415
f 3068/3424/415 3094/3422/415 2996/3580/415
f 3092/3427/416 3093/3426/416 2967/3582/416
f 3091/3429/416 3092/3427/416 2966/3583/416
f 3090/3431/416 3091/3429/416 2965/3584/416
f 3073/3433/416 3090/3431/416 2964/3585/416
f 3088/3436/411 3089/3435/411 2943/3587/411
f 3087/3438/411 3088/3436/411 2942/3588/411
f 3086/3440/411 3087/3438/411 2941/3589/411
f 3072/3442/411 3086/3440/411 2940/3590/411
f 3084/3445/412 3085/3444/412 2915/3592/412
f 3083/3447/412 3084/3445/412 2914/3593/412
f 3082/3449/412 3083/3447/412 2913/3594/412
f 3071/3451/412 3082/3449/412 2912/3595/412
f 3080/3454/414 3081/3453/414 2887/3597/414
f 3079/3456/414 3080/3454/414 2886/3598/414
f 3078/3458/414 3079/3456/414 2885/3599/414
f 3069/3460/414 3078/3458/414 2884/3600/414
f 3076/3463/413 3077/3462/413 2859/3602/413
f 3075/3465/413 3076/3463/413 2858/3603/413
f 3074/3467/413 3075/3465/413 2857/3604/413
f 3070/3469/413 3074/3467/413 2856/3605/413
f 3093/3426/416 3068/3424/416 2812/3581/416
f 3097/3417/415 3069/3460/415 2814/3601/415
f 3081/3453/414 3070/3469/414 2816/3606/414
f 3077/3462/413 3071/3451/413 2818/3596/413
f 3085/3444/412 3072/3442/412 2820/3591/412
f 3089/3435/411 3073/3476/411 2810/3607/411
f 3186/3546/415 3187/3545/415 3157/3540/415
f 3185/3547/415 3186/3546/415 3156/3515/415
f 3184/3548/415 3185/3547/415 3155/3516/415
f 3159/3549/415 3184/3548/415 3154/3517/415
f 3182/3551/416 3183/3550/416 3153/3539/416
f 3181/3552/416 3182/3551/416 3152/3519/416
f 3180/3553/416 3181/3552/416 3151/3520/416
f 3158/3554/416 3180/3553/416 3150/3521/416
f 3178/3556/411 3179/3555/411 3149/3544/411
f 3177/3557/411 3178/3556/411 3148/3523/411
f 3176/3558/411 3177/3557/411 3147/3524/411
f 3163/3559/411 3176/3558/411 3146/3525/411
f 3174/3561/412 3175/3560/412 3145/3543/412
f 3173/3562/412 3174/3561/412 3144/3527/412
f 3172/3563/412 3173/3562/412 3143/3528/412
f 3162/3564/412 3172/3563/412 3142/3529/412
f 3170/3566/414 3171/3565/414 3141/3541/414
f 3169/3567/414 3170/3566/414 3140/3531/414
f 3168/3568/414 3169/3567/414 3139/3532/414
f 3160/3569/414 3168/3568/414 3138/3533/414
f 3166/3571/413 3167/3570/413 3137/3542/413
f 3165/3572/413 3166/3571/413 3136/3535/413
f 3164/3573/413 3165/3572/413 3135/3536/413
f 3161/3574/413 3164/3573/413 3134/3537/413
f 3183/3550/416 3159/3549/416 3129/3518/416
f 3187/3545/415 3160/3569/415 3130/3534/415
f 3171/3565/414 3161/3574/414 3131/3538/414
f 3167/3570/413 3162/3564/413 3132/3530/413
f 3175/3560/412 3163/3559/412 3133/3526/412
f 3179/3555/411 3158/3575/411 3128/3576/411
usemtl mat_grey03
f 2906/3212/450 2934/3244/450 2878/3186/450
f 2827/3284/533 2952/3278/533 2948/3286/533
f 2825/3196/534 2868/3190/534 2860/3198/534
f 2823/3345/535 3008/3339/535 3000/3347/535
f 2826/3254/536 2924/3248/536 2916/3256/536
f 2824/3224/537 2896/3218/537 2888/3226/537
f 2822/3314/538 2980/3307/538 2972/3317/538
f 2839/3189/539 2852/3204/539 2872/3191/539
f 2835/3338/540 2992/3352/540 3012/3340/540
f 2841/3247/541 2908/3262/541 2928/3249/541
f 2837/3217/542 2880/3232/542 2900/3219/542
f 2834/3306/543 2968/3323/543 2984/3309/543
f 2843/3277/544 2936/3292/544 2956/3279/544
f 2841/3247/539 2855/3113/539 2813/3112/539
f 2875/3150/539 2854/3207/539 2855/3113/539
f 2873/3193/539 2854/3207/539 2874/3195/539
f 2872/3191/539 2853/3205/539 2873/3193/539
f 2826/3254/534 2871/3152/534 2842/3151/534
f 2863/3132/534 2870/3194/534 2871/3152/534
f 2861/3200/534 2870/3194/534 2862/3202/534
f 2860/3198/534 2869/3192/534 2861/3200/534
f 2839/3189/542 2883/3116/542 2815/3115/542
f 2903/3153/542 2882/3236/542 2883/3116/542
f 2901/3221/542 2882/3236/542 2902/3223/542
f 2900/3219/542 2881/3234/542 2901/3221/542
f 2825/3196/537 2899/3155/537 2840/3154/537
f 2891/3135/537 2898/3222/537 2899/3155/537
f 2889/3228/537 2898/3222/537 2890/3230/537
f 2888/3226/537 2897/3220/537 2889/3228/537
f 2843/3277/541 2911/3110/541 2811/3109/541
f 2931/3147/541 2910/3266/541 2911/3110/541
f 2929/3251/541 2910/3266/541 2930/3253/541
f 2928/3249/541 2909/3264/541 2929/3251/541
f 2827/3284/536 2927/3149/536 2844/3148/536
f 2919/3129/536 2926/3252/536 2927/3149/536
f 2917/3258/536 2926/3252/536 2918/3260/536
f 2916/3256/536 2925/3250/536 2917/3258/536
f 2834/3507/544 2939/3107/544 2831/3106/544
f 2959/3144/544 2938/3296/544 2939/3107/544
f 2958/3283/544 2937/3294/544 2938/3296/544
f 2956/3279/544 2937/3294/544 2957/3281/544
f 2822/3506/533 2955/3146/533 2845/3145/533
f 2951/3126/533 2954/3282/533 2955/3146/533
f 2949/3288/533 2954/3282/533 2950/3290/533
f 2948/3286/533 2953/3280/533 2949/3288/533
f 2835/3338/543 2971/3120/543 2819/3122/543
f 2987/3159/543 2970/3328/543 2971/3120/543
f 2985/3311/543 2970/3328/543 2986/3313/543
f 2984/3309/543 2969/3326/543 2985/3311/543
f 2823/3345/538 2983/3161/538 2836/3160/538
f 2975/3141/538 2982/3312/538 2983/3161/538
f 2973/3319/538 2982/3312/538 2974/3321/538
f 2972/3317/538 2981/3310/538 2973/3319/538
f 2837/3217/540 2995/3119/540 2817/3118/540
f 3015/3156/540 2994/3356/540 2995/3119/540
f 3013/3342/540 2994/3356/540 3014/3344/540
f 3012/3340/540 2993/3354/540 3013/3342/540
f 2824/3224/535 3011/3158/535 2838/3157/535
f 3003/3138/535 3010/3343/535 3011/3158/535
f 3002/3351/535 3009/3341/535 3010/3343/535
f 3000/3347/535 3009/3341/535 3001/3349/535
f 3223/3608/545 3237/3609/545 3218/3610/545
f 3228/3611/546 3229/3612/546 3224/3613/546
f 3234/3614/547 3227/3615/547 3233/3616/547
f 3232/3617/450 3224/3613/450 3230/3618/450
f 3235/3619/417 3228/3611/417 3234/3614/417
f 3233/3616/548 3226/3620/548 3232/3617/548
f 3231/3621/549 3224/3613/549 3225/3622/549
f 3231/3621/550 3229/3612/550 3235/3619/550
f 3219/3623/551 3231/3621/551 3218/3610/551
f 3220/3624/551 3230/3618/551 3219/3623/551
f 3220/3624/551 3233/3616/551 3232/3617/551
f 3221/3625/551 3234/3614/551 3233/3616/551
f 3222/3626/551 3235/3619/551 3234/3614/551
f 3218/3610/551 3235/3619/551 3223/3608/551
f 3221/3625/552 3240/3627/553 3222/3626/553
f 3219/3623/417 3238/3628/417 3220/3624/417
f 3222/3626/450 3241/3629/450 3223/3608/450
f 3221/3625/554 3238/3628/554 3239/3630/555
f 3218/3610/556 3236/3631/556 3219/3623/557
f 3247/3632/558 3261/3633/558 3242/3634/558
f 3252/3635/412 3253/3636/412 3248/3637/412
f 3257/3638/559 3252/3635/559 3251/3639/559
f 3256/3640/450 3248/3637/450 3254/3641/450
f 3259/3642/417 3252/3635/417 3258/3643/417
f 3257/3638/560 3250/3644/560 3256/3640/560
f 3255/3645/561 3248/3637/561 3249/3646/561
f 3255/3645/562 3253/3636/562 3259/3642/562
f 3243/3647/415 3255/3645/415 3242/3634/415
f 3244/3648/415 3254/3641/415 3243/3647/415
f 3244/3648/415 3257/3638/415 3256/3640/415
f 3245/3649/415 3258/3643/415 3257/3638/415
f 3247/3632/415 3258/3643/415 3246/3650/415
f 3242/3634/415 3259/3642/415 3247/3632/415
f 3245/3649/563 3264/3651/563 3246/3650/563
f 3243/3647/417 3262/3652/417 3244/3648/417
f 3246/3650/450 3265/3653/450 3247/3632/450
f 3244/3648/564 3263/3654/564 3245/3649/564
f 3242/3634/565 3260/3655/565 3243/3647/565
f 3271/3656/566 3285/3657/566 3266/3658/566
f 3276/3659/567 3277/3660/567 3272/3661/567
f 3281/3662/568 3276/3659/568 3275/3663/568
f 3280/3664/450 3272/3661/450 3278/3665/450
f 3283/3666/417 3276/3659/417 3282/3667/417
f 3280/3664/569 3275/3663/570 3274/3668/569
f 3279/3669/571 3272/3661/571 3273/3670/571
f 3279/3669/572 3277/3660/572 3283/3666/572
f 3267/3671/573 3279/3669/573 3266/3658/573
f 3268/3672/574 3278/3665/573 3267/3671/573
f 3268/3672/574 3281/3662/574 3280/3664/574
f 3269/3673/573 3282/3667/574 3281/3662/574
f 3270/3674/573 3283/3666/573 3282/3667/574
f 3266/3658/573 3283/3666/573 3271/3656/573
f 3270/3674/575 3287/3675/575 3288/3676/575
f 3267/3671/417 3286/3677/417 3268/3672/417
f 3270/3674/450 3289/3678/450 3271/3656/450
f 3268/3672/576 3287/3675/577 3269/3673/577
f 3267/3671/578 3285/3657/579 3284/3679/578
f 3019/3384/450 2833/3177/450 2988/3179/450
f 3019/3384/450 2988/3179/450 2989/3183/450
f 3016/3176/450 3017/3241/450 2907/3409/450
f 3017/3241/450 3018/3335/450 2990/3303/450
f 3018/3335/450 3019/3384/450 2989/3183/450
f 2990/3303/450 2991/3393/450 2960/3164/450
f 2991/3393/450 2832/3162/450 2960/3164/450
f 3018/3335/450 2989/3183/450 2990/3303/450
f 2907/3409/450 2830/3174/450 3016/3176/450
f 3017/3241/450 2990/3303/450 2906/3212/450
f 2907/3409/450 3017/3241/450 2906/3212/450
f 2961/3390/450 2962/3272/450 2990/3303/450
f 2962/3272/450 2963/3398/450 2933/3242/450
f 2990/3303/450 2962/3272/450 2906/3212/450
f 2990/3303/450 2960/3164/450 2961/3390/450
f 2904/3173/450 2905/3304/450 2878/3186/450
f 2905/3304/450 2906/3212/450 2878/3186/450
f 2906/3212/450 2962/3272/450 2934/3244/450
f 2963/3398/450 2821/3165/450 2932/3167/450
f 2933/3242/450 2934/3244/450 2962/3272/450
f 2934/3244/450 2935/3403/450 2877/3184/450
f 2963/3398/450 2932/3167/450 2933/3242/450
f 2879/3332/450 2829/3171/450 2904/3173/450
f 2935/3403/450 2828/3168/450 2876/3170/450
f 2876/3170/450 2877/3184/450 2935/3403/450
f 2877/3184/450 2878/3186/450 2934/3244/450
f 2878/3186/450 2879/3332/450 2904/3173/450
f 2827/3284/533 2844/3148/533 2952/3278/533
f 2825/3196/534 2840/3154/534 2868/3190/534
f 2823/3345/535 2836/3160/535 3008/3339/535
f 2826/3254/536 2842/3151/536 2924/3248/536
f 2824/3224/537 2838/3157/537 2896/3218/537
f 2822/3314/538 2845/3308/538 2980/3307/538
f 2839/3189/539 2815/3115/539 2852/3204/539
f 2835/3338/540 2819/3122/540 2992/3352/540
f 2841/3247/541 2813/3112/541 2908/3262/541
f 2837/3217/542 2817/3118/542 2880/3232/542
f 2834/3306/543 2831/3324/543 2968/3323/543
f 2843/3277/544 2811/3109/544 2936/3292/544
f 2841/3247/539 2875/3150/539 2855/3113/539
f 2875/3150/539 2874/3195/539 2854/3207/539
f 2873/3193/539 2853/3205/539 2854/3207/539
f 2872/3191/539 2852/3204/539 2853/3205/539
f 2826/3254/534 2863/3132/534 2871/3152/534
f 2863/3132/534 2862/3202/534 2870/3194/534
f 2861/3200/534 2869/3192/534 2870/3194/534
f 2860/3198/534 2868/3190/534 2869/3192/534
f 2839/3189/542 2903/3153/542 2883/3116/542
f 2903/3153/542 2902/3223/542 2882/3236/542
f 2901/3221/542 2881/3234/542 2882/3236/542
f 2900/3219/542 2880/3232/542 2881/3234/542
f 2825/3196/537 2891/3135/537 2899/3155/537
f 2891/3135/537 2890/3230/537 2898/3222/537
f 2889/3228/537 2897/3220/537 2898/3222/537
f 2888/3226/537 2896/3218/537 2897/3220/537
f 2843/3277/541 2931/3147/541 2911/3110/541
f 2931/3147/541 2930/3253/541 2910/3266/541
f 2929/3251/541 2909/3264/541 2910/3266/541
f 2928/3249/541 2908/3262/541 2909/3264/541
f 2827/3284/536 2919/3129/536 2927/3149/536
f 2919/3129/536 2918/3260/536 2926/3252/536
f 2917/3258/536 2925/3250/536 2926/3252/536
f 2916/3256/536 2924/3248/536 2925/3250/536
f 2834/3507/544 2959/3144/544 2939/3107/544
f 2959/3144/544 2958/3283/544 2938/3296/544
f 2958/3283/544 2957/3281/544 2937/3294/544
f 2956/3279/544 2936/3292/544 2937/3294/544
f 2822/3506/533 2951/3126/533 2955/3146/533
f 2951/3126/533 2950/3290/533 2954/3282/533
f 2949/3288/533 2953/3280/533 2954/3282/533
f 2948/3286/533 2952/3278/533 2953/3280/533
f 2835/3338/543 2987/3159/543 2971/3120/543
f 2987/3159/543 2986/3313/543 2970/3328/543
f 2985/3311/543 2969/3326/543 2970/3328/543
f 2984/3309/543 2968/3323/543 2969/3326/543
f 2823/3345/538 2975/3141/538 2983/3161/538
f 2975/3141/538 2974/3321/538 2982/3312/538
f 2973/3319/538 2981/3310/538 2982/3312/538
f 2972/3317/538 2980/3307/538 2981/3310/538
f 2837/3217/540 3015/3156/540 2995/3119/540
f 3015/3156/540 3014/3344/540 2994/3356/540
f 3013/3342/540 2993/3354/540 2994/3356/540
f 3012/3340/540 2992/3352/540 2993/3354/540
f 2824/3224/535 3003/3138/535 3011/3158/535
f 3003/3138/535 3002/3351/535 3010/3343/535
f 3002/3351/535 3001/3349/535 3009/3341/535
f 3000/3347/535 3008/3339/535 3009/3341/535
f 3223/3608/545 3241/3629/545 3237/3609/545
f 3225/3622/546 3224/3613/546 3229/3612/546
f 3224/3613/546 3226/3620/546 3228/3611/546
f 3226/3620/546 3227/3615/580 3228/3611/546
f 3234/3614/547 3228/3611/547 3227/3615/547
f 3232/3617/450 3226/3620/450 3224/3613/450
f 3235/3619/417 3229/3612/417 3228/3611/417
f 3233/3616/548 3227/3615/548 3226/3620/548
f 3231/3621/549 3230/3618/549 3224/3613/549
f 3231/3621/550 3225/3622/581 3229/3612/550
f 3219/3623/551 3230/3618/551 3231/3621/551
f 3220/3624/551 3232/3617/551 3230/3618/551
f 3220/3624/551 3221/3625/551 3233/3616/551
f 3221/3625/551 3222/3626/551 3234/3614/551
f 3222/3626/551 3223/3608/551 3235/3619/551
f 3218/3610/551 3231/3621/551 3235/3619/551
f 3221/3625/552 3239/3630/552 3240/3627/553
f 3219/3623/417 3236/3631/417 3238/3628/417
f 3222/3626/450 3240/3627/450 3241/3629/450
f 3221/3625/554 3220/3624/582 3238/3628/554
f 3218/3610/556 3237/3609/583 3236/3631/556
f 3247/3632/558 3265/3653/558 3261/3633/558
f 3249/3646/412 3248/3637/412 3253/3636/412
f 3248/3637/412 3250/3644/412 3252/3635/412
f 3250/3644/412 3251/3639/412 3252/3635/412
f 3257/3638/559 3258/3643/559 3252/3635/559
f 3256/3640/450 3250/3644/450 3248/3637/450
f 3259/3642/417 3253/3636/417 3252/3635/417
f 3257/3638/560 3251/3639/560 3250/3644/560
f 3255/3645/561 3254/3641/561 3248/3637/561
f 3255/3645/562 3249/3646/562 3253/3636/562
f 3243/3647/415 3254/3641/415 3255/3645/415
f 3244/3648/415 3256/3640/415 3254/3641/415
f 3244/3648/415 3245/3649/415 3257/3638/415
f 3245/3649/415 3246/3650/415 3258/3643/415
f 3247/3632/415 3259/3642/415 3258/3643/415
f 3242/3634/415 3255/3645/415 3259/3642/415
f 3245/3649/563 3263/3654/563 3264/3651/563
f 3243/3647/417 3260/3655/417 3262/3652/417
f 3246/3650/450 3264/3651/450 3265/3653/450
f 3244/3648/564 3262/3652/564 3263/3654/564
f 3242/3634/565 3261/3633/565 3260/3655/565
f 3271/3656/566 3289/3678/566 3285/3657/566
f 3273/3670/567 3272/3661/567 3277/3660/567
f 3272/3661/567 3274/3668/584 3276/3659/567
f 3274/3668/584 3275/3663/567 3276/3659/567
f 3281/3662/568 3282/3667/568 3276/3659/568
f 3280/3664/450 3274/3668/450 3272/3661/450
f 3283/3666/417 3277/3660/417 3276/3659/417
f 3280/3664/569 3281/3662/570 3275/3663/570
f 3279/3669/571 3278/3665/571 3272/3661/571
f 3279/3669/572 3273/3670/572 3277/3660/572
f 3267/3671/573 3278/3665/573 3279/3669/573
f 3268/3672/574 3280/3664/574 3278/3665/573
f 3268/3672/574 3269/3673/573 3281/3662/574
f 3269/3673/573 3270/3674/573 3282/3667/574
f 3270/3674/573 3271/3656/573 3283/3666/573
f 3266/3658/573 3279/3669/573 3283/3666/573
f 3270/3674/575 3269/3673/575 3287/3675/575
f 3267/3671/417 3284/3679/417 3286/3677/417
f 3270/3674/450 3288/3676/450 3289/3678/450
f 3268/3672/576 3286/3677/576 3287/3675/577
f 3267/3671/578 3266/3658/579 3285/3657/579
usemtl mat_black
f 3240/3627/551 3239/3630/551 3238/3628/551
f 3264/3651/415 3263/3654/415 3262/3652/415
f 3288/3676/574 3287/3675/573 3286/3677/573
f 3238/3628/551 3236/3631/551 3240/3627/551
f 3236/3631/551 3237/3609/551 3241/3629/551
f 3240/3627/551 3236/3631/551 3241/3629/551
f 3262/3652/415 3260/3655/415 3264/3651/415
f 3260/3655/415 3261/3633/415 3265/3653/415
f 3264/3651/415 3260/3655/415 3265/3653/415
f 3286/3677/573 3284/3679/573 3288/3676/574
f 3284/3679/573 3285/3657/585 3289/3678/573
f 3288/3676/574 3284/3679/573 3289/3678/573
o tower04_Cylinder.010
v -0.692841 0.146969 11.699764
v -0.602003 1.703088 11.266936
v -1.022262 0.146969 11.889956
v -1.022263 1.703088 11.024300
v -1.351684 0.146969 11.699765
v -1.442522 1.703088 11.266936
v -1.351684 0.146969 11.319382
v -1.442522 1.703088 11.752210
v -1.022263 0.146969 11.129189
v -1.022262 1.703088 11.994846
v -0.692841 0.146969 11.319381
v -0.715615 2.054842 11.332530
v -0.692841 1.225878 11.699764
v -1.022262 1.225878 11.889956
v -1.351684 1.225878 11.699765
v -1.351684 1.225878 11.319382
v -1.022263 1.225878 11.129189
v -0.692841 1.225878 11.319381
v -1.022263 2.054842 11.155487
v -1.328910 2.054842 11.332530
v -1.328910 2.054842 11.686616
v -0.602003 1.703088 11.752210
v -0.715615 2.054842 11.686616
v -1.022262 2.054842 11.863659
v -0.657161 1.604718 11.720364
v -1.022262 1.604717 11.931155
v -1.022262 1.287067 11.931155
v -1.387363 1.604717 11.720365
v -1.387363 1.287067 11.720365
v -1.387364 1.604717 11.298782
v -1.387364 1.287067 11.298782
v -1.022263 1.604717 11.087991
v -1.022263 1.287067 11.087991
v -0.657162 1.604717 11.298781
v -0.657162 1.287067 11.298781
v -0.657162 1.287067 11.720364
v -0.602003 2.001433 11.752210
v -0.602003 2.001433 11.266936
v -1.022263 2.001433 11.024300
v -1.442522 2.001433 11.266936
v -1.442522 2.001433 11.752210
v -1.022262 2.001433 11.994846
v -1.358470 1.703088 11.218409
v -1.274418 1.703088 11.169882
v -1.190367 1.703088 11.121354
v -1.106315 1.703088 11.072826
v -1.285800 0.146969 11.281343
v -1.219916 0.146969 11.243304
v -1.154032 0.146969 11.205266
v -1.088147 0.146969 11.167228
v -1.285800 1.225878 11.281343
v -1.219916 1.225878 11.243304
v -1.154032 1.225878 11.205266
v -1.088147 1.225878 11.167228
v -1.106315 2.001433 11.072826
v -1.190367 2.001433 11.121354
v -1.274418 2.001433 11.169882
v -1.358470 2.001433 11.218409
v -1.314343 1.287067 11.256624
v -1.241323 1.287067 11.214465
v -1.168303 1.287067 11.172307
v -1.095283 1.287067 11.130149
v -1.314343 1.604717 11.256624
v -1.241323 1.604717 11.214465
v -1.168303 1.604717 11.172307
v -1.095283 1.604717 11.130149
v -1.083592 2.054842 11.190896
v -1.144922 2.054842 11.226304
v -1.206251 2.054842 11.261713
v -1.267581 2.054842 11.297121
v -1.442522 1.703088 11.655155
v -1.442522 1.703088 11.558101
v -1.442522 1.703088 11.461046
v -1.442522 1.703088 11.363991
v -1.351684 0.146969 11.623689
v -1.351684 0.146969 11.547611
v -1.351684 0.146969 11.471535
v -1.351684 0.146969 11.395458
v -1.351684 1.225878 11.623689
v -1.351684 1.225878 11.547611
v -1.351684 1.225878 11.471535
v -1.351684 1.225878 11.395458
v -1.442522 2.001433 11.363991
v -1.442522 2.001433 11.461046
v -1.442522 2.001433 11.558101
v -1.442522 2.001433 11.655155
v -1.387363 1.287067 11.636048
v -1.387363 1.287067 11.551731
v -1.387363 1.287067 11.467415
v -1.387364 1.287067 11.383099
v -1.387363 1.604717 11.636048
v -1.387363 1.604717 11.551731
v -1.387363 1.604717 11.467415
v -1.387364 1.604717 11.383099
v -1.328910 2.054842 11.403347
v -1.328910 2.054842 11.474165
v -1.328910 2.054842 11.544982
v -1.328910 2.054842 11.615799
v -0.938211 1.703088 11.072826
v -0.854159 1.703088 11.121354
v -0.770107 1.703088 11.169881
v -0.686055 1.703088 11.218409
v -0.956378 0.146969 11.167228
v -0.890494 0.146969 11.205266
v -0.824610 0.146969 11.243304
v -0.758725 0.146969 11.281343
v -0.956378 1.225878 11.167228
v -0.890494 1.225878 11.205266
v -0.824610 1.225878 11.243304
v -0.758725 1.225878 11.281343
v -0.686055 2.001433 11.218409
v -0.770107 2.001433 11.169881
v -0.854159 2.001433 11.121354
v -0.938211 2.001433 11.072826
v -0.949243 1.287067 11.130149
v -0.876222 1.287067 11.172307
v -0.803202 1.287067 11.214465
v -0.730182 1.287067 11.256623
v -0.949243 1.604717 11.130149
v -0.876222 1.604717 11.172307
v -0.803202 1.604717 11.214465
v -0.730182 1.604717 11.256623
v -0.776945 2.054842 11.297121
v -0.838274 2.054842 11.261713
v -0.899604 2.054842 11.226304
v -0.960933 2.054842 11.190895
v -0.602003 1.703088 11.363991
v -0.602003 1.703088 11.461045
v -0.602003 1.703088 11.558100
v -0.602003 1.703088 11.655155
v -0.692841 0.146969 11.395457
v -0.692841 0.146969 11.471535
v -0.692841 0.146969 11.547611
v -0.692841 0.146969 11.623688
v -0.602003 2.001433 11.655155
v -0.602003 2.001433 11.558100
v -0.602003 2.001433 11.461045
v -0.602003 2.001433 11.363991
v -0.692841 1.225878 11.395457
v -0.692841 1.225878 11.471535
v -0.692841 1.225878 11.547611
v -0.692841 1.225878 11.623688
v -0.657162 1.287067 11.383098
v -0.657162 1.287067 11.467415
v -0.657162 1.287067 11.551731
v -0.657162 1.287067 11.636047
v -0.657162 1.604717 11.383098
v -0.657162 1.604717 11.467415
v -0.657162 1.604717 11.551731
v -0.657162 1.604717 11.636047
v -0.715615 2.054842 11.615799
v -0.715615 2.054842 11.544981
v -0.715615 2.054842 11.474164
v -0.715615 2.054842 11.403347
v -0.758725 0.146969 11.737803
v -0.824609 0.146969 11.775842
v -0.890494 0.146969 11.813880
v -0.956378 0.146969 11.851918
v -0.686055 1.703088 11.800737
v -0.770107 1.703088 11.849264
v -0.854159 1.703088 11.897792
v -0.938210 1.703088 11.946320
v -0.758725 1.225878 11.737803
v -0.824609 1.225878 11.775842
v -0.890494 1.225878 11.813880
v -0.956378 1.225878 11.851918
v -0.938210 2.001433 11.946320
v -0.854159 2.001433 11.897792
v -0.770107 2.001433 11.849264
v -0.686055 2.001433 11.800737
v -0.730182 1.287067 11.762522
v -0.803202 1.287067 11.804681
v -0.876222 1.287067 11.846839
v -0.949242 1.287067 11.888997
v -0.730182 1.604718 11.762522
v -0.803202 1.604718 11.804681
v -0.876222 1.604718 11.846839
v -0.949242 1.604717 11.888997
v -0.960933 2.054842 11.828251
v -0.899603 2.054842 11.792842
v -0.838274 2.054842 11.757433
v -0.776944 2.054842 11.722025
v -1.106314 1.703088 11.946320
v -1.190366 1.703088 11.897792
v -1.274418 1.703088 11.849265
v -1.358470 1.703088 11.800737
v -1.088147 0.146969 11.851918
v -1.154031 0.146969 11.813880
v -1.219916 0.146969 11.775842
v -1.285800 0.146969 11.737803
v -1.088147 1.225878 11.851918
v -1.154031 1.225878 11.813880
v -1.219916 1.225878 11.775842
v -1.285800 1.225878 11.737803
v -1.358470 2.001433 11.800737
v -1.274418 2.001433 11.849265
v -1.190366 2.001433 11.897792
v -1.106314 2.001433 11.946320
v -1.095283 1.287067 11.888997
v -1.168303 1.287067 11.846839
v -1.241323 1.287067 11.804681
v -1.314343 1.287067 11.762523
v -1.095283 1.604717 11.888997
v -1.168303 1.604717 11.846839
v -1.241323 1.604717 11.804681
v -1.314343 1.604717 11.762523
v -1.267580 2.054842 11.722025
v -1.206251 2.054842 11.757433
v -1.144921 2.054842 11.792842
v -1.083592 2.054842 11.828251
v -1.112276 2.187168 11.091918
v -1.176273 2.187168 11.128868
v -1.274958 2.187168 11.185843
v -1.338956 2.187168 11.222793
v -1.094975 2.187168 11.181817
v -1.141671 2.187168 11.208777
v -1.223055 2.187168 11.255764
v -1.269752 2.187168 11.282725
v -1.428969 2.187168 11.378699
v -1.428969 2.187168 11.452598
v -1.428969 2.187168 11.566548
v -1.428968 2.187168 11.640448
v -1.342463 2.187168 11.408666
v -1.342463 2.187168 11.462586
v -1.342463 2.187168 11.556560
v -1.342463 2.187168 11.610481
v -0.705570 2.187168 11.222792
v -0.769567 2.187168 11.185843
v -0.868252 2.187168 11.128867
v -0.932250 2.187168 11.091918
v -0.774774 2.187168 11.282724
v -0.821471 2.187168 11.255764
v -0.902854 2.187168 11.208777
v -0.949551 2.187168 11.181817
v -0.615556 2.187168 11.640447
v -0.615556 2.187168 11.566548
v -0.615557 2.187168 11.452598
v -0.615557 2.187168 11.378698
v -0.702062 2.187168 11.610480
v -0.702062 2.187168 11.556560
v -0.702062 2.187168 11.462586
v -0.702062 2.187168 11.408665
v -0.932249 2.187168 11.927228
v -0.868252 2.187168 11.890279
v -0.769567 2.187168 11.833302
v -0.705569 2.187168 11.796353
v -0.949551 2.187168 11.837329
v -0.902854 2.187168 11.810369
v -0.821470 2.187168 11.763382
v -0.774773 2.187168 11.736421
v -1.338956 2.187168 11.796354
v -1.274958 2.187168 11.833303
v -1.176273 2.187168 11.890279
v -1.112275 2.187168 11.927228
v -1.269751 2.187168 11.736422
v -1.223055 2.187168 11.763382
v -1.141671 2.187168 11.810369
v -1.094974 2.187168 11.837329
v -1.022262 0.208089 11.889956
v -1.351684 0.208089 11.699765
v -1.351684 0.208089 11.319382
v -1.022263 0.208089 11.129189
v -0.692841 0.208089 11.319381
v -0.692841 0.208089 11.699764
v -1.285800 0.208089 11.281343
v -1.219916 0.208089 11.243304
v -1.154032 0.208089 11.205266
v -1.088147 0.208089 11.167228
v -1.351684 0.208089 11.623689
v -1.351684 0.208089 11.547611
v -1.351684 0.208089 11.471535
v -1.351684 0.208089 11.395458
v -0.956378 0.208089 11.167228
v -0.890494 0.208089 11.205266
v -0.824610 0.208089 11.243304
v -0.758725 0.208089 11.281343
v -0.692841 0.208089 11.395457
v -0.692841 0.208089 11.471535
v -0.692841 0.208089 11.547611
v -0.692841 0.208089 11.623688
v -0.758725 0.208089 11.737803
v -0.824609 0.208089 11.775842
v -0.890494 0.208089 11.813880
v -0.956378 0.208089 11.851918
v -1.088147 0.208089 11.851918
v -1.154031 0.208089 11.813880
v -1.219916 0.208089 11.775842
v -1.285800 0.208089 11.737803
v -0.692841 0.816190 11.699764
v -1.022262 0.816190 11.889956
v -1.351684 0.816190 11.699765
v -1.351684 0.816190 11.319382
v -1.022263 0.816190 11.129189
v -0.692841 0.816190 11.319381
v -1.285800 0.816190 11.281343
v -1.219916 0.816190 11.243304
v -1.154032 0.816190 11.205266
v -1.088147 0.816190 11.167228
v -1.351684 0.816190 11.623689
v -1.351684 0.816190 11.547611
v -1.351684 0.816190 11.471535
v -1.351684 0.816190 11.395458
v -0.956378 0.816190 11.167228
v -0.890494 0.816190 11.205266
v -0.824610 0.816190 11.243304
v -0.758725 0.816190 11.281343
v -0.692841 0.816190 11.395457
v -0.692841 0.816190 11.471535
v -0.692841 0.816190 11.547611
v -0.692841 0.816190 11.623688
v -0.758725 0.816190 11.737803
v -0.824609 0.816190 11.775842
v -0.890494 0.816190 11.813880
v -0.956378 0.816190 11.851918
v -1.088147 0.816190 11.851918
v -1.154031 0.816190 11.813880
v -1.219916 0.816190 11.775842
v -1.285800 0.816190 11.737803
v -0.692841 0.864172 11.699764
v -1.022262 0.864172 11.889956
v -1.351684 0.864172 11.699765
v -1.351684 0.864172 11.319382
v -1.022263 0.864172 11.129189
v -0.692841 0.864172 11.319381
v -1.285800 0.864172 11.281343
v -1.219916 0.864172 11.243304
v -1.154032 0.864172 11.205266
v -1.088147 0.864172 11.167228
v -1.351684 0.864172 11.623689
v -1.351684 0.864172 11.547611
v -1.351684 0.864172 11.471535
v -1.351684 0.864172 11.395458
v -0.956378 0.864172 11.167228
v -0.890494 0.864172 11.205266
v -0.824610 0.864172 11.243304
v -0.758725 0.864172 11.281343
v -0.692841 0.864172 11.395457
v -0.692841 0.864172 11.471535
v -0.692841 0.864172 11.547611
v -0.692841 0.864172 11.623688
v -0.758725 0.864172 11.737803
v -0.824609 0.864172 11.775842
v -0.890494 0.864172 11.813880
v -0.956378 0.864172 11.851918
v -1.088147 0.864172 11.851918
v -1.154031 0.864172 11.813880
v -1.219916 0.864172 11.775842
v -1.285800 0.864172 11.737803
v -0.692841 1.063479 11.699764
v -1.022262 1.063479 11.889956
v -1.351684 1.063479 11.699765
v -1.351684 1.063479 11.319382
v -1.022263 1.063479 11.129189
v -0.692841 1.063479 11.319381
v -1.285800 1.063479 11.281343
v -1.219916 1.063479 11.243304
v -1.154032 1.063479 11.205266
v -1.088147 1.063479 11.167228
v -1.351684 1.063479 11.623689
v -1.351684 1.063479 11.547611
v -1.351684 1.063479 11.471535
v -1.351684 1.063479 11.395458
v -0.956378 1.063479 11.167228
v -0.890494 1.063479 11.205266
v -0.824610 1.063479 11.243304
v -0.758725 1.063479 11.281343
v -0.692841 1.063479 11.395457
v -0.692841 1.063479 11.471535
v -0.692841 1.063479 11.547611
v -0.692841 1.063479 11.623688
v -0.758725 1.063479 11.737803
v -0.824609 1.063479 11.775842
v -0.890494 1.063479 11.813880
v -0.956378 1.063479 11.851918
v -1.088147 1.063479 11.851918
v -1.154031 1.063479 11.813880
v -1.219916 1.063479 11.775842
v -1.285800 1.063479 11.737803
v -0.692841 1.139142 11.699764
v -1.022262 1.139142 11.889956
v -1.351684 1.139142 11.699765
v -1.351684 1.139142 11.319382
v -1.022263 1.139142 11.129189
v -0.692841 1.139142 11.319381
v -1.285800 1.139142 11.281343
v -1.219916 1.139142 11.243304
v -1.154032 1.139142 11.205266
v -1.088147 1.139142 11.167228
v -1.351684 1.139142 11.623689
v -1.351684 1.139142 11.547611
v -1.351684 1.139142 11.471535
v -1.351684 1.139142 11.395458
v -0.956378 1.139142 11.167228
v -0.890494 1.139142 11.205266
v -0.824610 1.139142 11.243304
v -0.758725 1.139142 11.281343
v -0.692841 1.139142 11.395457
v -0.692841 1.139142 11.471535
v -0.692841 1.139142 11.547611
v -0.692841 1.139142 11.623688
v -0.758725 1.139142 11.737803
v -0.824609 1.139142 11.775842
v -0.890494 1.139142 11.813880
v -0.956378 1.139142 11.851918
v -1.088147 1.139142 11.851918
v -1.154031 1.139142 11.813880
v -1.219916 1.139142 11.775842
v -1.285800 1.139142 11.737803
v -1.176358 0.904829 11.172542
v -1.176332 0.814037 11.172528
v -1.275568 0.814037 11.225254
v -1.275542 0.904829 11.225240
v -1.248631 0.957611 11.210941
v -1.203269 0.957611 11.186840
v -1.104399 0.783092 11.241941
v -1.104435 0.913125 11.241961
v -1.258306 0.783092 11.323715
v -1.258269 0.913125 11.323695
v -1.219811 0.988556 11.303262
v -1.142894 0.988556 11.262395
v -1.148996 0.783092 11.158004
v -1.149033 0.913125 11.158024
v -1.302903 0.783092 11.239778
v -1.302867 0.913125 11.239758
v -1.264408 0.988556 11.219324
v -1.187491 0.988556 11.178457
v -1.166113 0.814037 11.191761
v -1.166139 0.904829 11.191774
v -1.265349 0.814037 11.244487
v -1.265323 0.904829 11.244473
v -1.238412 0.957611 11.230175
v -1.193050 0.957611 11.206073
v -0.836300 0.904829 11.195885
v -0.836275 0.814037 11.195899
v -0.933593 0.814037 11.139712
v -0.933568 0.904829 11.139728
v -0.907177 0.957611 11.154964
v -0.862691 0.957611 11.180648
v -0.856993 0.783092 11.293692
v -0.857029 0.913125 11.293672
v -1.007926 0.783092 11.206551
v -1.007890 0.913125 11.206572
v -0.970174 0.988556 11.228347
v -0.894744 0.988556 11.271896
v -0.809468 0.783092 11.211376
v -0.809504 0.913125 11.211356
v -0.960401 0.783092 11.124235
v -0.960365 0.913125 11.124256
v -0.922650 0.988556 11.146031
v -0.847219 0.988556 11.189581
v -0.847165 0.814037 11.214761
v -0.847190 0.904829 11.214746
v -0.944483 0.814037 11.158574
v -0.944458 0.904829 11.158588
v -0.918067 0.957611 11.173825
v -0.873581 0.957611 11.199510
v -1.391644 0.904829 11.440454
v -1.391644 0.814037 11.440424
v -1.392195 0.814037 11.552796
v -1.392194 0.904829 11.552768
v -1.392045 0.957611 11.522294
v -1.391793 0.957611 11.470927
v -1.296443 0.783092 11.409936
v -1.296443 0.913125 11.409978
v -1.297297 0.783092 11.584216
v -1.297297 0.913125 11.584175
v -1.297084 0.988556 11.540626
v -1.296657 0.988556 11.453527
v -1.391492 0.783092 11.409471
v -1.391492 0.913125 11.409512
v -1.392346 0.783092 11.583751
v -1.392346 0.913125 11.583709
v -1.392133 0.988556 11.540159
v -1.391706 0.988556 11.453061
v -1.369865 0.814037 11.440531
v -1.369865 0.904829 11.440560
v -1.370415 0.814037 11.552903
v -1.370415 0.904829 11.552875
v -1.370266 0.957611 11.522401
v -1.370014 0.957611 11.471033
vt 0.033333 1.000000
vt -0.000000 0.910612
vt 0.033333 0.910612
vt 0.200000 1.000000
vt 0.166667 0.910612
vt 0.200000 0.910612
vt 0.366667 1.000000
vt 0.333333 0.910612
vt 0.366667 0.910612
vt 0.533333 1.000000
vt 0.500000 0.910612
vt 0.533333 0.910612
vt 0.700000 1.000000
vt 0.666667 0.910612
vt 0.700000 0.910612
vt 0.866667 0.910612
vt 0.833333 1.000000
vt 0.833333 0.910612
vt 0.957846 0.274000
vt 0.833138 0.058000
vt 0.625292 0.082000
vt 0.033333 0.829943
vt -0.000000 0.803418
vt 0.033333 0.803418
vt 0.200000 0.829943
vt 0.166667 0.803418
vt 0.200000 0.803418
vt 0.366667 0.829943
vt 0.333333 0.803418
vt 0.366667 0.803418
vt 0.533333 0.829943
vt 0.500000 0.803418
vt 0.533333 0.803418
vt 0.700000 0.829943
vt 0.666667 0.803418
vt 0.700000 0.803418
vt 0.866667 0.829943
vt 0.833333 0.803418
vt 0.866667 0.803418
vt 0.033333 0.910612
vt -0.000000 0.829943
vt 0.033333 0.829943
vt 0.200000 0.910612
vt 0.166667 0.829943
vt 0.200000 0.829943
vt 0.366667 0.910612
vt 0.333333 0.829943
vt 0.366667 0.829943
vt 0.533333 0.910612
vt 0.500000 0.829943
vt 0.533333 0.829943
vt 0.700000 0.910612
vt 0.666667 0.829943
vt 0.700000 0.829943
vt 0.866667 0.910612
vt 0.833333 0.829943
vt 0.866667 0.829943
vt 0.250000 0.425119
vt 0.208431 0.466000
vt 0.219669 0.407607
vt 0.098342 0.337559
vt 0.042154 0.322000
vt 0.098342 0.302536
vt 0.098342 0.162440
vt 0.083723 0.106000
vt 0.128674 0.144929
vt 0.250000 0.074881
vt 0.291569 0.034000
vt 0.280332 0.092393
vt 0.401658 0.162440
vt 0.457846 0.178000
vt 0.401658 0.197464
vt 0.401658 0.337559
vt 0.416277 0.394000
vt 0.371326 0.355071
vt 0.208431 0.034000
vt 0.250000 0.010000
vt 0.340995 0.372583
vt 0.340995 0.372583
vt 0.159005 0.127417
vt 0.166862 0.058000
vt 0.189337 0.109905
vt 0.733333 1.000000
vt 0.700000 1.000000
vt 0.500000 0.910612
vt 0.466667 0.829943
vt 0.466667 0.910612
vt 0.433333 0.829943
vt 0.433333 0.910612
vt 0.400000 0.829943
vt 0.400000 0.910612
vt 0.500000 0.829943
vt 0.466667 0.803418
vt 0.466667 0.829943
vt 0.433333 0.803418
vt 0.433333 0.829943
vt 0.400000 0.803418
vt 0.400000 0.829943
vt 0.466667 1.000000
vt 0.466667 0.910612
vt 0.433333 0.910612
vt 0.400000 1.000000
vt 0.400000 0.910612
vt 0.416277 0.106000
vt 0.457846 0.130000
vt 0.083723 0.106000
vt 0.128674 0.144929
vt 0.340995 0.127417
vt 0.333138 0.058000
vt 0.374708 0.082000
vt 0.066667 1.000000
vt 0.033333 1.000000
vt 0.666667 0.910612
vt 0.633333 0.829943
vt 0.633333 0.910612
vt 0.600000 0.829943
vt 0.600000 0.910612
vt 0.566667 0.829943
vt 0.566667 0.910612
vt 0.666667 0.829943
vt 0.633333 0.803418
vt 0.633333 0.829943
vt 0.600000 0.803418
vt 0.600000 0.829943
vt 0.566667 0.803418
vt 0.566667 0.829943
vt 0.666667 1.000000
vt 0.633333 0.910612
vt 0.633333 1.000000
vt 0.600000 0.910612
vt 0.600000 1.000000
vt 0.566667 0.910612
vt 0.566667 1.000000
vt 0.042154 0.178000
vt 0.042154 0.130000
vt 0.401658 0.232488
vt 0.401658 0.232488
vt 0.098342 0.267512
vt 0.042154 0.226000
vt 0.098342 0.232488
vt 0.125292 0.082000
vt 0.125292 0.082000
vt 0.333333 0.910612
vt 0.300000 0.829943
vt 0.300000 0.910612
vt 0.266667 0.829943
vt 0.266667 0.910612
vt 0.233333 0.829943
vt 0.233333 0.910612
vt 0.333333 0.829943
vt 0.300000 0.803418
vt 0.300000 0.829943
vt 0.266667 0.803418
vt 0.266667 0.829943
vt 0.233333 0.803418
vt 0.233333 0.829943
vt 0.333333 1.000000
vt 0.300000 0.910612
vt 0.300000 1.000000
vt 0.266667 0.910612
vt 0.266667 1.000000
vt 0.233333 0.910612
vt 0.233333 1.000000
vt 0.083723 0.394000
vt 0.042154 0.370000
vt 0.291569 0.034000
vt 0.280332 0.092393
vt 0.159005 0.372583
vt 0.166862 0.442000
vt 0.125292 0.418000
vt 0.166862 0.058000
vt 0.189337 0.109905
vt 0.166667 0.910612
vt 0.133333 0.829943
vt 0.133333 0.910612
vt 0.100000 0.829943
vt 0.100000 0.910612
vt 0.066667 0.829943
vt 0.066667 0.910612
vt 0.166667 0.829943
vt 0.133333 0.803418
vt 0.133333 0.829943
vt 0.100000 0.803418
vt 0.100000 0.829943
vt 0.066667 0.803418
vt 0.066667 0.829943
vt 0.166667 1.000000
vt 0.133333 0.910612
vt 0.133333 1.000000
vt 0.100000 0.910612
vt 0.100000 1.000000
vt 0.066667 0.910612
vt 0.291569 0.466000
vt 0.250000 0.490000
vt 0.433333 1.000000
vt 0.466667 1.000000
vt 0.433333 1.000000
vt 0.333138 0.442000
vt 0.310663 0.390095
vt 0.310663 0.109905
vt 0.333138 0.058000
vt 1.000000 0.910612
vt 0.966667 0.829943
vt 1.000000 0.829943
vt 0.966667 0.910612
vt 0.933333 0.829943
vt 0.933333 0.910612
vt 0.900000 0.829943
vt 0.900000 0.910612
vt 1.000000 0.829943
vt 0.966667 0.803418
vt 1.000000 0.803418
vt 0.966667 0.829943
vt 0.933333 0.803418
vt 0.933333 0.829943
vt 0.900000 0.803418
vt 0.900000 0.829943
vt 1.000000 1.000000
vt 0.966667 0.910612
vt 1.000000 0.910612
vt 0.966667 1.000000
vt 0.933333 0.910612
vt 0.933333 1.000000
vt 0.900000 0.910612
vt 0.900000 1.000000
vt 0.457846 0.322000
vt 0.457846 0.370000
vt 0.219668 0.092393
vt 0.208431 0.034000
vt 0.457846 0.274000
vt 0.401658 0.267512
vt 0.042154 0.322000
vt 0.098342 0.302536
vt 0.833333 0.910612
vt 0.800000 0.829943
vt 0.800000 0.910612
vt 0.766667 0.829943
vt 0.766667 0.910612
vt 0.733333 0.829943
vt 0.733333 0.910612
vt 0.833333 0.829943
vt 0.800000 0.803418
vt 0.800000 0.829943
vt 0.766667 0.803418
vt 0.766667 0.829943
vt 0.733333 0.803418
vt 0.733333 0.829943
vt 0.800000 0.910612
vt 0.800000 1.000000
vt 0.766667 0.910612
vt 0.766667 1.000000
vt 0.733333 0.910612
vt 0.219668 0.092393
vt 0.159005 0.127417
vt 0.371326 0.144929
vt 0.374708 0.082000
vt 0.416277 0.106000
vt 0.310663 0.109905
vt 0.098342 0.197464
vt 0.042154 0.226000
vt 0.042154 0.178000
vt 0.042154 0.274000
vt 0.098342 0.267512
vt 0.128674 0.355071
vt 0.125292 0.418000
vt 0.083723 0.394000
vt 0.219669 0.407607
vt 0.166862 0.442000
vt 0.189337 0.390095
vt 0.280332 0.407607
vt 0.333138 0.442000
vt 0.291569 0.466000
vt 0.371326 0.355071
vt 0.374708 0.418000
vt 0.401658 0.302536
vt 0.457846 0.274000
vt 0.457846 0.322000
vt 0.401658 0.197464
vt 0.457846 0.226000
vt 0.401658 0.302536
vt 0.401658 0.267512
vt 0.133333 1.000000
vt 0.100000 1.000000
vt 0.866667 1.000000
vt 0.866667 1.000000
vt 0.189337 0.390095
vt 0.800000 1.000000
vt 0.766667 1.000000
vt 0.280332 0.407607
vt 0.310663 0.390095
vt 0.457846 0.226000
vt 0.966667 1.000000
vt 0.933333 1.000000
vt 0.128674 0.355071
vt 0.159005 0.372583
vt 0.457846 0.178000
vt 0.200000 1.000000
vt 0.374708 0.418000
vt 0.098342 0.197464
vt 0.098342 0.232488
vt 0.416277 0.394000
vt 0.533333 1.000000
vt 0.300000 1.000000
vt 0.266667 1.000000
vt 0.371326 0.144929
vt 0.340995 0.127417
vt 0.208431 0.466000
vt 0.366667 1.000000
vt 0.042154 0.274000
vt 0.633333 1.000000
vt 0.600000 1.000000
vt 0.733333 0.704656
vt 0.700000 0.518691
vt 0.733333 0.518691
vt 0.766667 0.704656
vt 0.766667 0.518691
vt 0.800000 0.704656
vt 0.800000 0.518691
vt 0.833333 0.704656
vt 0.833333 0.518691
vt 0.900000 0.704656
vt 0.866667 0.518691
vt 0.900000 0.518691
vt 0.933333 0.704656
vt 0.933333 0.518691
vt 0.966667 0.704656
vt 0.966667 0.518691
vt 1.000000 0.704656
vt 1.000000 0.518691
vt 0.066667 0.704656
vt 0.033333 0.518691
vt 0.066667 0.518691
vt 0.100000 0.704656
vt 0.100000 0.518691
vt 0.133333 0.704656
vt 0.133333 0.518691
vt 0.166667 0.704656
vt 0.166667 0.518691
vt 0.233333 0.704656
vt 0.200000 0.518691
vt 0.233333 0.518691
vt 0.266667 0.704656
vt 0.266667 0.518691
vt 0.300000 0.704656
vt 0.300000 0.518691
vt 0.333333 0.704656
vt 0.333333 0.518691
vt 0.566667 0.704656
vt 0.533333 0.518691
vt 0.566667 0.518691
vt 0.600000 0.704656
vt 0.600000 0.518691
vt 0.633333 0.704656
vt 0.633333 0.518691
vt 0.666667 0.704656
vt 0.666667 0.518691
vt 0.400000 0.704656
vt 0.366667 0.518691
vt 0.400000 0.518691
vt 0.433333 0.704656
vt 0.433333 0.518691
vt 0.466667 0.704656
vt 0.466667 0.518691
vt 0.500000 0.704656
vt 0.500000 0.518691
vt 0.866667 0.704656
vt 0.700000 0.704656
vt 0.533333 0.704656
vt 0.366667 0.704656
vt 0.200000 0.704656
vt 0.033333 0.704656
vt -0.000000 0.518691
vt -0.000000 1.000000
vt 0.500000 1.000000
vt 0.708431 0.466000
vt 0.750000 0.490000
vt 0.791569 0.466000
vt 0.833138 0.442000
vt 0.666862 0.442000
vt 0.874708 0.418000
vt 0.542154 0.274000
vt 0.625292 0.418000
vt 0.583723 0.394000
vt 0.542154 0.322000
vt 0.542154 0.370000
vt 0.542154 0.178000
vt 0.542154 0.226000
vt 0.916277 0.394000
vt 0.957846 0.322000
vt 0.957846 0.370000
vt 0.583723 0.106000
vt 0.542154 0.130000
vt 0.708431 0.034000
vt 0.666862 0.058000
vt 0.791569 0.034000
vt 0.957846 0.226000
vt 0.874708 0.082000
vt 0.957846 0.178000
vt 0.916277 0.106000
vt 0.957846 0.130000
vt 0.750000 0.010000
vt -0.000000 0.829943
vt -0.000000 0.910612
vt 0.733333 1.000000
vt 0.066667 1.000000
vt 0.900000 1.000000
vt 0.233333 1.000000
vt 0.566667 1.000000
vt 0.400000 1.000000
vt -0.000000 0.704656
vt 0.733333 0.719329
vt 0.766667 0.719329
vt 0.800000 0.719329
vt 0.833333 0.719329
vt 0.900000 0.719329
vt 0.933333 0.719329
vt 0.966667 0.719329
vt 1.000000 0.719329
vt 0.066667 0.719329
vt 0.100000 0.719329
vt 0.133333 0.719329
vt 0.166667 0.719329
vt 0.233333 0.719329
vt 0.266667 0.719329
vt 0.300000 0.719329
vt 0.333333 0.719329
vt 0.566667 0.719329
vt 0.600000 0.719329
vt 0.633333 0.719329
vt 0.666667 0.719329
vt 0.400000 0.719329
vt 0.433333 0.719329
vt 0.466667 0.719329
vt 0.500000 0.719329
vt 0.866667 0.719329
vt 0.700000 0.719329
vt 0.533333 0.719329
vt 0.366667 0.719329
vt 0.200000 0.719329
vt 0.033333 0.719329
vt 0.700000 0.780280
vt 0.733333 0.780280
vt 0.766667 0.780280
vt 0.800000 0.780280
vt 0.833333 0.780280
vt 0.866667 0.780280
vt 0.900000 0.780280
vt 0.933333 0.780280
vt 0.966667 0.780280
vt 1.000000 0.780280
vt 0.033333 0.780280
vt 0.066667 0.780280
vt 0.100000 0.780280
vt 0.133333 0.780280
vt 0.166667 0.780280
vt 0.200000 0.780280
vt 0.233333 0.780280
vt 0.266667 0.780280
vt 0.300000 0.780280
vt 0.333333 0.780280
vt 0.533333 0.780280
vt 0.566667 0.780280
vt 0.600000 0.780280
vt 0.633333 0.780280
vt 0.666667 0.780280
vt 0.366667 0.780280
vt 0.400000 0.780280
vt 0.433333 0.780280
vt 0.466667 0.780280
vt 0.500000 0.780280
vt -0.000000 0.780280
vt -0.000000 0.719329
vt 0.700000 0.500000
vt 0.733333 0.500000
vt 0.766667 0.500000
vt 0.800000 0.500000
vt 0.833333 0.500000
vt 0.866667 0.500000
vt 0.900000 0.500000
vt 0.933333 0.500000
vt 0.966667 0.500000
vt 1.000000 0.500000
vt 0.033333 0.500000
vt 0.066667 0.500000
vt 0.100000 0.500000
vt 0.133333 0.500000
vt 0.166667 0.500000
vt 0.200000 0.500000
vt 0.233333 0.500000
vt 0.266667 0.500000
vt 0.300000 0.500000
vt 0.333333 0.500000
vt 0.533333 0.500000
vt 0.566667 0.500000
vt 0.600000 0.500000
vt 0.633333 0.500000
vt 0.666667 0.500000
vt 0.366667 0.500000
vt 0.400000 0.500000
vt 0.433333 0.500000
vt 0.466667 0.500000
vt 0.500000 0.500000
vt -0.000000 0.500000
vt 0.000000 0.000000
vt 0.000000 0.000000
vt 0.000000 0.000000
vt 0.000000 0.000000
vt 0.000000 0.000000
vt 0.000000 0.000000
vt 0.000000 0.000000
vt 0.000000 0.000000
vt 0.000000 0.000000
vt 0.000000 0.000000
vt 0.000000 0.000000
vt 0.000000 0.000000
vt 0.000000 0.000000
vt 0.000000 0.000000
vt 0.000000 0.000000
vt 0.000000 0.000000
vt 0.000000 0.000000
vt 0.000000 0.000000
vt 0.000000 0.000000
vt 0.000000 0.000000
vt 0.000000 0.000000
vt 0.000000 0.000000
vt 0.000000 0.000000
vt 0.000000 0.000000
vt 0.000000 0.000000
vt 0.000000 0.000000
vt 0.000000 0.000000
vt 0.000000 0.000000
vt 0.000000 0.000000
vt 0.000000 0.000000
vt 0.000000 0.000000
vt 0.000000 0.000000
vt 0.000000 0.000000
vt 0.000000 0.000000
vt 0.000000 0.000000
vt 0.000000 0.000000
vt 0.000000 0.000000
vt 0.000000 0.000000
vt 0.000000 0.000000
vt 0.000000 0.000000
vt 0.000000 0.000000
vt 0.000000 0.000000
vt 0.000000 0.000000
vt 0.000000 0.000000
vt 0.000000 0.000000
vt 0.000000 0.000000
vt 0.000000 0.000000
vt 0.000000 0.000000
vt 0.000000 0.000000
vt 0.000000 0.000000
vt 0.000000 0.000000
vt 0.000000 0.000000
vt 0.000000 0.000000
vt 0.000000 0.000000
vt 0.000000 0.000000
vt 0.000000 0.000000
vt 0.000000 0.000000
vt 0.000000 0.000000
vt 0.000000 0.000000
vt 0.000000 0.000000
vt 0.000000 0.000000
vt 0.000000 0.000000
vt 0.000000 0.000000
vt 0.000000 0.000000
vt 0.000000 0.000000
vt 0.000000 0.000000
vt 0.000000 0.000000
vt 0.000000 0.000000
vt 0.000000 0.000000
vt 0.000000 0.000000
vt 0.000000 0.000000
vt 0.000000 0.000000
vn 1.0000 0.0000 -0.0000
vn 0.5000 0.0000 -0.8660
vn -0.5000 0.0000 -0.8660
vn -1.0000 0.0000 0.0000
vn -0.5000 0.0000 0.8660
vn 0.5000 0.0000 0.8660
vn 0.0000 -1.0000 -0.0000
vn 0.4254 0.9050 0.0000
vn 0.2127 0.9050 -0.3684
vn -0.2127 0.9050 -0.3684
vn -0.4254 0.9050 -0.0000
vn -0.2127 0.9050 0.3684
vn 0.2127 0.9050 0.3684
vn -0.4974 0.1019 -0.8615
vn -0.4987 0.0728 0.8637
vn 0.9770 0.0586 -0.2048
vn 0.9780 0.0631 -0.1991
vn 0.9795 0.0713 -0.1885
vn 0.9973 0.0728 -0.0000
vn 0.4974 0.1019 -0.8615
vn -0.9231 0.0609 0.3797
vn -0.9201 0.0663 0.3860
vn -0.9262 0.0552 0.3730
vn 0.3112 0.0586 -0.9486
vn 0.3166 0.0631 -0.9465
vn 0.3265 0.0713 -0.9425
vn 0.7904 0.0609 -0.6096
vn 0.7944 0.0663 -0.6038
vn 0.8007 0.0750 -0.5944
vn -0.4987 0.0728 -0.8637
vn -0.1328 0.0609 0.9893
vn -0.1258 0.0663 0.9898
vn -0.1401 0.0552 0.9886
vn -0.6659 0.0586 0.7437
vn -0.6614 0.0631 0.7474
vn -0.6714 0.0531 0.7392
vn 0.6659 0.0586 0.7437
vn 0.6614 0.0631 0.7474
vn 0.6530 0.0713 0.7540
vn 0.0000 1.0000 0.0000
vn 0.9770 0.0586 0.2048
vn 0.9780 0.0631 0.1991
vn 0.9759 0.0531 0.2118
vn 0.4987 0.0728 0.8637
vn -0.9948 0.1019 0.0000
vn -0.9231 0.0609 -0.3797
vn -0.9201 0.0663 -0.3860
vn -0.9151 0.0750 -0.3962
vn 0.6659 0.0586 -0.7438
vn 0.6614 0.0631 -0.7474
vn 0.6714 0.0531 -0.7392
vn -0.4974 0.1019 0.8615
vn 0.7904 0.0609 0.6096
vn 0.7944 0.0663 0.6038
vn 0.7861 0.0552 0.6156
vn -0.7904 0.0609 0.6096
vn -0.7944 0.0663 0.6038
vn -0.8007 0.0750 0.5944
vn -0.6659 0.0586 -0.7438
vn -0.6614 0.0631 -0.7474
vn -0.6530 0.0713 -0.7540
vn -0.3112 0.0586 -0.9485
vn -0.3166 0.0631 -0.9465
vn -0.3045 0.0531 -0.9510
vn 0.4987 0.0728 -0.8637
vn 0.9948 0.1019 0.0000
vn 0.9231 0.0609 -0.3797
vn 0.9201 0.0663 -0.3860
vn 0.9262 0.0552 -0.3730
vn 0.1327 0.0609 0.9893
vn 0.1257 0.0663 0.9898
vn 0.1144 0.0750 0.9906
vn -0.9770 0.0586 0.2048
vn -0.9780 0.0631 0.1991
vn -0.9795 0.0713 0.1885
vn -0.9770 0.0586 -0.2048
vn -0.9780 0.0631 -0.1991
vn -0.9759 0.0531 -0.2118
vn -0.9973 0.0728 0.0000
vn 0.4974 0.1019 0.8615
vn 0.1327 0.0609 -0.9893
vn 0.1257 0.0663 -0.9898
vn 0.1401 0.0552 -0.9886
vn 0.9231 0.0609 0.3797
vn 0.9201 0.0663 0.3860
vn 0.9151 0.0750 0.3962
vn -0.3111 0.0586 0.9486
vn -0.3166 0.0631 0.9465
vn -0.3265 0.0713 0.9425
vn 0.3112 0.0586 0.9485
vn 0.3166 0.0631 0.9465
vn 0.3045 0.0531 0.9510
vn -0.7904 0.0609 -0.6096
vn -0.7944 0.0663 -0.6038
vn -0.7861 0.0552 -0.6156
vn -0.1327 0.0609 -0.9893
vn -0.1257 0.0663 -0.9898
vn -0.1144 0.0750 -0.9906
vn 0.9759 0.0531 -0.2118
vn -0.9151 0.0750 0.3962
vn 0.3045 0.0531 -0.9510
vn 0.7861 0.0552 -0.6156
vn -0.1144 0.0750 0.9906
vn -0.6530 0.0713 0.7540
vn 0.6714 0.0531 0.7392
vn 0.9795 0.0713 0.1885
vn -0.9262 0.0552 -0.3730
vn 0.6530 0.0713 -0.7540
vn 0.8007 0.0750 0.5944
vn -0.7861 0.0552 0.6156
vn -0.6714 0.0531 -0.7392
vn -0.3265 0.0713 -0.9425
vn 0.9151 0.0750 -0.3962
vn 0.1401 0.0552 0.9886
vn -0.9759 0.0531 0.2118
vn -0.9795 0.0713 -0.1885
vn 0.1144 0.0750 -0.9906
vn 0.9262 0.0552 0.3730
vn -0.3045 0.0531 0.9510
vn 0.3265 0.0713 0.9425
vn -0.8007 0.0750 -0.5944
vn -0.1401 0.0552 -0.9886
vn 0.8639 -0.5037 -0.0000
vn -0.4319 -0.5037 -0.7481
vn -0.4319 -0.5037 0.7481
vn 0.4319 -0.5037 -0.7481
vn -0.8639 -0.5037 0.0000
vn 0.4319 -0.5037 0.7481
vn -0.4361 -0.4891 -0.7554
vn -0.4361 -0.4891 0.7554
vn 0.4361 -0.4891 -0.7554
vn -0.8722 -0.4891 0.0000
vn 0.4361 -0.4891 0.7554
vn 0.8722 -0.4891 -0.0000
vn 0.7648 0.5000 -0.4063
vn 0.7648 0.5000 -0.4064
vn -0.4692 -0.0000 -0.8831
vn 0.7648 -0.5000 -0.4063
vn 0.8831 -0.0003 -0.4692
vn -0.8831 -0.0003 0.4692
vn -0.7648 -0.5000 0.4063
vn 0.4692 -0.0000 0.8831
vn -0.7648 0.5000 0.4063
vn -0.8831 0.0003 0.4692
vn 0.8831 0.0003 -0.4692
vn 0.7500 0.5000 0.4330
vn 0.7500 -0.5000 0.4330
vn 0.8660 -0.0003 0.5000
vn -0.8660 -0.0003 -0.5000
vn -0.7500 -0.5000 -0.4330
vn -0.7500 0.5000 -0.4330
vn -0.7500 0.5000 -0.4331
vn -0.8660 0.0003 -0.5000
vn 0.8660 0.0003 0.5000
vn 0.0042 0.5000 -0.8660
vn 0.0043 0.5000 -0.8660
vn -1.0000 -0.0000 -0.0049
vn 0.0043 -0.5000 -0.8660
vn 0.0049 -0.0003 -1.0000
vn -0.0049 -0.0003 1.0000
vn -0.0043 -0.5000 0.8660
vn 1.0000 0.0000 0.0049
vn -0.0043 0.5000 0.8660
vn -0.0042 0.5000 0.8660
vn -0.0048 0.0003 1.0000
vn -0.0049 0.0003 1.0000
vn 0.0048 0.0003 -1.0000
vn 0.0049 0.0003 -1.0000
vn 0.0042 -0.5000 -0.8660
vn 0.4691 -0.0000 0.8831
vn 0.4693 0.0000 0.8831
usemtl mat_grey01
s 1
f 3424/3680/586 3311/3681/586 3419/3682/586
f 3400/3683/587 3291/3684/587 3391/3685/587
f 3344/3686/588 3293/3687/588 3335/3688/588
f 3372/3689/589 3295/3690/589 3363/3691/589
f 3484/3692/590 3297/3693/590 3475/3694/590
f 3451/3695/591 3331/3696/591 3299/3697/591
f 3477/3698/592 3366/3699/592 3338/3700/592
f 3431/3701/586 3668/3702/586 3689/3703/586
f 3399/3704/587 3673/3705/587 3685/3706/587
f 3343/3707/588 3672/3708/588 3677/3709/588
f 3371/3710/589 3671/3711/589 3681/3712/589
f 3483/3713/590 3670/3714/590 3697/3715/590
f 3455/3716/591 3669/3717/591 3693/3718/591
f 3439/3719/586 3325/3720/586 3435/3721/586
f 3411/3722/587 3324/3723/587 3407/3724/587
f 3355/3725/588 3322/3726/588 3351/3727/588
f 3383/3728/589 3320/3729/589 3379/3730/589
f 3495/3731/590 3318/3732/590 3491/3733/590
f 3467/3734/591 3316/3735/591 3463/3736/591
f 3312/3737/593 3424/3738/593 3440/3739/593
f 3301/3740/594 3400/3741/594 3412/3742/594
f 3308/3743/595 3344/3744/595 3356/3745/595
f 3309/3746/596 3372/3747/596 3384/3748/596
f 3310/3749/597 3484/3750/597 3496/3751/597
f 3313/3752/598 3456/3753/598 3468/3754/598
f 3309/3746/595 3347/3755/595 3329/3756/595
f 3468/3754/599 3537/3757/599 3469/3758/599
f 3357/3759/595 3346/3760/595 3358/3761/595
f 3485/3762/600 3540/3763/600 3484/3692/600
f 3319/3764/588 3348/3765/588 3320/3729/588
f 3352/3766/588 3349/3767/588 3348/3765/588
f 3353/3768/588 3350/3769/588 3349/3767/588
f 3354/3770/588 3351/3727/588 3350/3769/588
f 3305/3771/588 3674/3772/588 3671/3711/588
f 3340/3773/588 3675/3774/588 3674/3772/588
f 3341/3775/588 3676/3776/588 3675/3774/588
f 3342/3777/588 3677/3709/588 3676/3776/588
f 3295/3690/588 3347/3778/588 3332/3779/588
f 3347/3778/588 3333/3780/588 3332/3779/588
f 3333/3780/588 3345/3781/588 3334/3782/588
f 3345/3781/588 3335/3688/588 3334/3782/588
f 3310/3749/596 3375/3783/596 3330/3784/596
f 3356/3745/601 3500/3785/602 3504/3786/603
f 3386/3787/596 3373/3788/596 3374/3789/596
f 3425/3790/604 3524/3791/604 3424/3680/604
f 3317/3792/589 3376/3793/589 3318/3732/589
f 3380/3794/589 3377/3795/589 3376/3793/589
f 3381/3796/589 3378/3797/589 3377/3795/589
f 3382/3798/589 3379/3730/589 3378/3797/589
f 3304/3799/589 3678/3800/589 3670/3714/589
f 3368/3801/589 3679/3802/589 3678/3800/589
f 3369/3803/589 3680/3804/589 3679/3802/589
f 3370/3805/589 3681/3712/589 3680/3804/589
f 3330/3806/589 3360/3807/589 3297/3693/589
f 3375/3808/589 3361/3809/589 3360/3807/589
f 3374/3810/589 3362/3811/589 3361/3809/589
f 3373/3812/589 3363/3691/589 3362/3811/589
f 3308/3743/594 3403/3813/594 3328/3814/594
f 3496/3751/605 3545/3815/605 3497/3816/605
f 3413/3817/594 3402/3818/594 3414/3819/594
f 3357/3759/606 3501/3820/607 3345/3821/608
f 3321/3822/587 3404/3823/587 3322/3726/587
f 3408/3824/587 3405/3825/587 3404/3823/587
f 3409/3826/587 3406/3827/587 3405/3825/587
f 3410/3828/587 3407/3724/587 3406/3827/587
f 3306/3829/587 3682/3830/587 3672/3708/587
f 3396/3831/587 3683/3832/587 3682/3830/587
f 3397/3833/587 3684/3834/587 3683/3832/587
f 3398/3835/587 3685/3706/587 3684/3834/587
f 3328/3836/587 3388/3837/587 3293/3687/587
f 3403/3838/587 3389/3839/587 3388/3837/587
f 3402/3840/587 3390/3841/587 3389/3839/587
f 3401/3842/587 3391/3685/587 3390/3841/587
f 3301/3740/593 3427/3843/593 3327/3844/593
f 3384/3748/609 3508/3845/610 3512/3846/611
f 3442/3847/593 3425/3848/593 3426/3849/593
f 3358/3761/612 3502/3850/613 3506/3851/614
f 3323/3852/586 3432/3853/586 3324/3723/586
f 3436/3854/586 3433/3855/586 3432/3853/586
f 3437/3856/586 3434/3857/586 3433/3855/586
f 3438/3858/586 3435/3721/586 3434/3857/586
f 3307/3859/586 3686/3860/586 3673/3705/586
f 3428/3861/586 3687/3862/586 3686/3860/586
f 3429/3863/586 3688/3864/586 3687/3862/586
f 3430/3865/586 3689/3703/586 3688/3864/586
f 3327/3866/586 3416/3867/586 3291/3684/586
f 3427/3868/586 3417/3869/586 3416/3867/586
f 3426/3870/586 3418/3871/586 3417/3869/586
f 3425/3790/586 3419/3682/586 3418/3871/586
f 3312/3737/598 3459/3872/598 3326/3873/598
f 3346/3874/615 3503/3875/615 3502/3876/615
f 3469/3758/598 3458/3877/598 3470/3878/598
f 3385/3879/616 3509/3880/617 3373/3788/618
f 3314/3881/591 3460/3882/591 3325/3883/591
f 3464/3884/591 3461/3885/591 3460/3882/591
f 3465/3886/591 3462/3887/591 3461/3885/591
f 3466/3888/591 3463/3736/591 3462/3887/591
f 3302/3889/591 3690/3890/591 3668/3891/591
f 3452/3892/591 3691/3893/591 3690/3890/591
f 3453/3894/591 3692/3895/591 3691/3893/591
f 3454/3896/591 3693/3718/591 3692/3895/591
f 3326/3897/591 3448/3898/591 3311/3899/591
f 3459/3900/591 3449/3901/591 3448/3898/591
f 3458/3902/591 3450/3903/591 3449/3901/591
f 3457/3904/591 3451/3695/591 3450/3903/591
f 3313/3752/597 3487/3905/597 3331/3906/597
f 3359/3907/619 3503/3908/620 3347/3755/621
f 3497/3816/597 3486/3909/597 3498/3910/597
f 3412/3742/622 3516/3911/623 3520/3912/624
f 3315/3913/590 3488/3914/590 3316/3735/590
f 3492/3915/590 3489/3916/590 3488/3914/590
f 3493/3917/590 3490/3918/590 3489/3916/590
f 3494/3919/590 3491/3733/590 3490/3918/590
f 3303/3920/590 3694/3921/590 3669/3717/590
f 3480/3922/590 3695/3923/590 3694/3921/590
f 3481/3924/590 3696/3925/590 3695/3923/590
f 3482/3926/590 3697/3715/590 3696/3925/590
f 3331/3696/590 3472/3927/590 3299/3697/590
f 3487/3928/590 3473/3929/590 3472/3927/590
f 3486/3930/590 3474/3931/590 3473/3929/590
f 3485/3762/590 3475/3694/590 3474/3931/590
f 3507/3932/625 3502/3850/625 3503/3908/625
f 3504/3786/625 3501/3820/625 3505/3933/625
f 3515/3934/625 3510/3935/625 3511/3936/625
f 3512/3846/625 3509/3880/625 3513/3937/625
f 3523/3938/625 3518/3939/625 3519/3940/625
f 3520/3912/625 3517/3941/625 3521/3942/625
f 3531/3943/625 3526/3944/625 3527/3945/625
f 3528/3946/625 3525/3947/625 3529/3948/625
f 3539/3949/625 3534/3950/625 3535/3951/625
f 3536/3952/625 3533/3953/625 3537/3757/625
f 3547/3954/625 3542/3955/625 3543/3956/625
f 3544/3957/625 3541/3958/625 3545/3815/625
f 3499/3959/605 3546/3960/605 3547/3954/605
f 3426/3870/604 3527/3961/604 3526/3962/604
f 3499/3959/626 3543/3956/627 3487/3905/628
f 3457/3904/629 3532/3963/629 3456/3964/629
f 3440/3739/630 3529/3948/630 3441/3965/630
f 3486/3930/600 3543/3966/600 3542/3967/600
f 3471/3968/599 3538/3969/599 3539/3949/599
f 3498/3910/631 3542/3955/632 3546/3960/633
f 3471/3968/634 3535/3951/635 3459/3872/636
f 3412/3742/637 3521/3942/637 3413/3817/637
f 3497/3816/638 3541/3958/639 3485/3970/640
f 3458/3902/629 3535/3971/629 3534/3972/629
f 3443/3973/630 3530/3974/630 3531/3943/630
f 3470/3878/641 3534/3950/642 3538/3969/643
f 3496/3751/644 3540/3975/645 3544/3957/646
f 3443/3973/647 3527/3945/648 3427/3843/649
f 3401/3842/650 3516/3976/650 3400/3683/650
f 3384/3748/651 3513/3937/651 3385/3879/651
f 3469/3758/652 3533/3953/653 3457/3977/654
f 3415/3978/637 3522/3979/637 3523/3938/637
f 3442/3847/655 3526/3944/656 3530/3974/657
f 3468/3754/658 3532/3980/659 3536/3952/660
f 3415/3978/661 3519/3940/662 3403/3813/663
f 3373/3812/664 3508/3981/664 3372/3689/664
f 3356/3745/665 3505/3933/665 3357/3759/665
f 3441/3965/666 3525/3947/667 3425/3848/668
f 3402/3840/650 3519/3982/650 3518/3983/650
f 3387/3984/651 3514/3985/651 3515/3934/651
f 3414/3819/669 3518/3939/670 3522/3979/671
f 3440/3739/672 3524/3986/673 3528/3946/674
f 3387/3984/675 3511/3936/676 3375/3783/677
f 3345/3781/615 3500/3987/615 3344/3686/615
f 3413/3817/678 3517/3941/679 3401/3988/680
f 3374/3810/664 3511/3989/664 3510/3990/664
f 3359/3907/665 3506/3851/665 3507/3932/665
f 3386/3787/681 3510/3935/682 3514/3985/683
f 3606/3991/590 3577/3992/590 3576/3993/590
f 3605/3994/590 3576/3993/590 3575/3995/590
f 3604/3996/590 3575/3995/590 3574/3997/590
f 3579/3998/590 3574/3997/590 3548/3999/590
f 3602/4000/591 3573/4001/591 3572/4002/591
f 3601/4003/591 3572/4002/591 3571/4004/591
f 3600/4005/591 3571/4004/591 3570/4006/591
f 3578/4007/591 3570/4006/591 3553/4008/591
f 3598/4009/586 3569/4010/586 3568/4011/586
f 3597/4012/586 3568/4011/586 3567/4013/586
f 3596/4014/586 3567/4013/586 3566/4015/586
f 3583/4016/586 3566/4015/586 3552/4017/586
f 3594/4018/587 3565/4019/587 3564/4020/587
f 3593/4021/587 3564/4020/587 3563/4022/587
f 3592/4023/587 3563/4022/587 3562/4024/587
f 3582/4025/587 3562/4024/587 3551/4026/587
f 3590/4027/589 3561/4028/589 3560/4029/589
f 3589/4030/589 3560/4029/589 3559/4031/589
f 3588/4032/589 3559/4031/589 3558/4033/589
f 3580/4034/589 3558/4033/589 3549/4035/589
f 3586/4036/588 3557/4037/588 3556/4038/588
f 3585/4039/588 3556/4038/588 3555/4040/588
f 3584/4041/588 3555/4040/588 3554/4042/588
f 3581/4043/588 3554/4042/588 3550/4044/588
f 3603/4045/591 3548/3999/591 3573/4001/591
f 3607/4046/590 3549/4035/590 3577/3992/590
f 3591/4047/589 3550/4044/589 3561/4028/589
f 3587/4048/588 3551/4026/588 3557/4037/588
f 3595/4049/587 3552/4017/587 3565/4019/587
f 3599/4050/586 3553/4051/586 3569/4010/586
f 3424/3680/586 3326/4052/586 3311/3681/586
f 3400/3683/587 3327/3866/587 3291/3684/587
f 3344/3686/588 3328/3836/588 3293/3687/588
f 3372/3689/589 3329/4053/589 3295/3690/589
f 3484/3692/590 3330/3806/590 3297/3693/590
f 3451/3695/591 3456/3964/591 3331/3696/591
f 3423/4054/592 3290/4055/592 3444/4056/592
f 3444/4056/592 3445/4057/592 3422/4058/592
f 3445/4057/592 3446/4059/592 3394/4060/592
f 3421/4061/592 3394/4060/592 3420/4062/592
f 3422/4058/592 3423/4054/592 3444/4056/592
f 3421/4061/592 3422/4058/592 3445/4057/592
f 3395/4063/592 3300/4064/592 3420/4062/592
f 3392/4065/592 3393/4066/592 3338/3700/592
f 3393/4066/592 3394/4060/592 3446/4059/592
f 3394/4060/592 3395/4063/592 3420/4062/592
f 3421/4061/592 3445/4057/592 3394/4060/592
f 3446/4059/592 3447/4067/592 3476/4068/592
f 3447/4067/592 3292/4069/592 3476/4068/592
f 3339/4070/592 3298/4071/592 3392/4065/592
f 3336/4072/592 3337/4073/592 3367/4074/592
f 3337/4073/592 3338/3700/592 3366/3699/592
f 3367/4074/592 3337/4073/592 3366/3699/592
f 3338/3700/592 3339/4070/592 3392/4065/592
f 3393/4066/592 3446/4059/592 3338/3700/592
f 3477/3698/592 3478/4075/592 3365/4076/592
f 3478/4075/592 3479/4077/592 3364/4078/592
f 3364/4078/592 3479/4077/592 3294/4079/592
f 3446/4059/592 3476/4068/592 3477/3698/592
f 3296/4080/592 3336/4072/592 3367/4074/592
f 3365/4076/592 3366/3699/592 3477/3698/592
f 3338/3700/592 3446/4059/592 3477/3698/592
f 3364/4078/592 3365/4076/592 3478/4075/592
f 3431/3701/586 3302/4081/586 3668/3702/586
f 3399/3704/587 3307/3859/587 3673/3705/587
f 3343/3707/588 3306/3829/588 3672/3708/588
f 3371/3710/589 3305/3771/589 3671/3711/589
f 3483/3713/590 3304/3799/590 3670/3714/590
f 3455/3716/591 3303/3920/591 3669/3717/591
f 3439/3719/586 3314/4082/586 3325/3720/586
f 3411/3722/587 3323/3852/587 3324/3723/587
f 3355/3725/588 3321/3822/588 3322/3726/588
f 3383/3728/589 3319/3764/589 3320/3729/589
f 3495/3731/590 3317/3792/590 3318/3732/590
f 3467/3734/591 3315/3913/591 3316/3735/591
f 3312/3737/593 3326/3873/593 3424/3738/593
f 3301/3740/594 3327/3844/594 3400/3741/594
f 3308/3743/595 3328/3814/595 3344/3744/595
f 3309/3746/596 3329/3756/596 3372/3747/596
f 3310/3749/597 3330/3784/597 3484/3750/597
f 3313/3752/598 3331/3906/598 3456/3753/598
f 3309/3746/595 3359/3907/595 3347/3755/595
f 3468/3754/599 3536/3952/599 3537/3757/599
f 3357/3759/595 3345/3821/595 3346/3760/595
f 3485/3762/600 3541/4083/600 3540/3763/600
f 3319/3764/588 3352/3766/588 3348/3765/588
f 3352/3766/588 3353/3768/588 3349/3767/588
f 3353/3768/588 3354/3770/588 3350/3769/588
f 3354/3770/588 3355/3725/588 3351/3727/588
f 3305/3771/588 3340/3773/588 3674/3772/588
f 3340/3773/588 3341/3775/588 3675/3774/588
f 3341/3775/588 3342/3777/588 3676/3776/588
f 3342/3777/588 3343/3707/588 3677/3709/588
f 3295/3690/588 3329/4053/588 3347/3778/588
f 3347/3778/588 3346/3874/588 3333/3780/588
f 3333/3780/588 3346/3874/588 3345/3781/588
f 3345/3781/588 3344/3686/588 3335/3688/588
f 3310/3749/596 3387/3984/596 3375/3783/596
f 3356/3745/601 3344/3744/684 3500/3785/602
f 3386/3787/596 3385/3879/596 3373/3788/596
f 3425/3790/604 3525/4084/604 3524/3791/604
f 3317/3792/589 3380/3794/589 3376/3793/589
f 3380/3794/589 3381/3796/589 3377/3795/589
f 3381/3796/589 3382/3798/589 3378/3797/589
f 3382/3798/589 3383/3728/589 3379/3730/589
f 3304/3799/589 3368/3801/589 3678/3800/589
f 3368/3801/589 3369/3803/589 3679/3802/589
f 3369/3803/589 3370/3805/589 3680/3804/589
f 3370/3805/589 3371/3710/589 3681/3712/589
f 3330/3806/589 3375/3808/589 3360/3807/589
f 3375/3808/589 3374/3810/589 3361/3809/589
f 3374/3810/589 3373/3812/589 3362/3811/589
f 3373/3812/589 3372/3689/589 3363/3691/589
f 3308/3743/594 3415/3978/594 3403/3813/594
f 3496/3751/605 3544/3957/605 3545/3815/605
f 3413/3817/594 3401/3988/594 3402/3818/594
f 3357/3759/606 3505/3933/685 3501/3820/607
f 3321/3822/587 3408/3824/587 3404/3823/587
f 3408/3824/587 3409/3826/587 3405/3825/587
f 3409/3826/587 3410/3828/587 3406/3827/587
f 3410/3828/587 3411/3722/587 3407/3724/587
f 3306/3829/587 3396/3831/587 3682/3830/587
f 3396/3831/587 3397/3833/587 3683/3832/587
f 3397/3833/587 3398/3835/587 3684/3834/587
f 3398/3835/587 3399/3704/587 3685/3706/587
f 3328/3836/587 3403/3838/587 3388/3837/587
f 3403/3838/587 3402/3840/587 3389/3839/587
f 3402/3840/587 3401/3842/587 3390/3841/587
f 3401/3842/587 3400/3683/587 3391/3685/587
f 3301/3740/593 3443/3973/593 3427/3843/593
f 3384/3748/609 3372/3747/686 3508/3845/610
f 3442/3847/593 3441/3965/593 3425/3848/593
f 3358/3761/612 3346/3760/687 3502/3850/613
f 3323/3852/586 3436/3854/586 3432/3853/586
f 3436/3854/586 3437/3856/586 3433/3855/586
f 3437/3856/586 3438/3858/586 3434/3857/586
f 3438/3858/586 3439/3719/586 3435/3721/586
f 3307/3859/586 3428/3861/586 3686/3860/586
f 3428/3861/586 3429/3863/586 3687/3862/586
f 3429/3863/586 3430/3865/586 3688/3864/586
f 3430/3865/586 3431/3701/586 3689/3703/586
f 3327/3866/586 3427/3868/586 3416/3867/586
f 3427/3868/586 3426/3870/586 3417/3869/586
f 3426/3870/586 3425/3790/586 3418/3871/586
f 3425/3790/586 3424/3680/586 3419/3682/586
f 3312/3737/598 3471/3968/598 3459/3872/598
f 3346/3874/615 3347/3778/615 3503/3875/615
f 3469/3758/598 3457/3977/598 3458/3877/598
f 3385/3879/616 3513/3937/688 3509/3880/617
f 3314/3881/591 3464/3884/591 3460/3882/591
f 3464/3884/591 3465/3886/591 3461/3885/591
f 3465/3886/591 3466/3888/591 3462/3887/591
f 3466/3888/591 3467/3734/591 3463/3736/591
f 3302/3889/591 3452/3892/591 3690/3890/591
f 3452/3892/591 3453/3894/591 3691/3893/591
f 3453/3894/591 3454/3896/591 3692/3895/591
f 3454/3896/591 3455/3716/591 3693/3718/591
f 3326/3897/591 3459/3900/591 3448/3898/591
f 3459/3900/591 3458/3902/591 3449/3901/591
f 3458/3902/591 3457/3904/591 3450/3903/591
f 3457/3904/591 3456/3964/591 3451/3695/591
f 3313/3752/597 3499/3959/597 3487/3905/597
f 3359/3907/619 3507/3932/689 3503/3908/620
f 3497/3816/597 3485/3970/597 3486/3909/597
f 3412/3742/622 3400/3741/690 3516/3911/623
f 3315/3913/590 3492/3915/590 3488/3914/590
f 3492/3915/590 3493/3917/590 3489/3916/590
f 3493/3917/590 3494/3919/590 3490/3918/590
f 3494/3919/590 3495/3731/590 3491/3733/590
f 3303/3920/590 3480/3922/590 3694/3921/590
f 3480/3922/590 3481/3924/590 3695/3923/590
f 3481/3924/590 3482/3926/590 3696/3925/590
f 3482/3926/590 3483/3713/590 3697/3715/590
f 3331/3696/590 3487/3928/590 3472/3927/590
f 3487/3928/590 3486/3930/590 3473/3929/590
f 3486/3930/590 3485/3762/590 3474/3931/590
f 3485/3762/590 3484/3692/590 3475/3694/590
f 3507/3932/625 3506/3851/625 3502/3850/625
f 3504/3786/625 3500/3785/625 3501/3820/625
f 3515/3934/625 3514/3985/625 3510/3935/625
f 3512/3846/625 3508/3845/625 3509/3880/625
f 3523/3938/625 3522/3979/625 3518/3939/625
f 3520/3912/625 3516/3911/625 3517/3941/625
f 3531/3943/625 3530/3974/625 3526/3944/625
f 3528/3946/625 3524/3986/625 3525/3947/625
f 3539/3949/625 3538/3969/625 3534/3950/625
f 3536/3952/625 3532/3980/625 3533/3953/625
f 3547/3954/625 3546/3960/625 3542/3955/625
f 3544/3957/625 3540/3975/625 3541/3958/625
f 3499/3959/605 3498/3910/605 3546/3960/605
f 3426/3870/604 3427/3868/604 3527/3961/604
f 3499/3959/626 3547/3954/691 3543/3956/627
f 3457/3904/629 3533/4085/629 3532/3963/629
f 3440/3739/630 3528/3946/630 3529/3948/630
f 3486/3930/600 3487/3928/600 3543/3966/600
f 3471/3968/599 3470/3878/599 3538/3969/599
f 3498/3910/631 3486/3909/692 3542/3955/632
f 3471/3968/634 3539/3949/693 3535/3951/635
f 3412/3742/637 3520/3912/637 3521/3942/637
f 3497/3816/638 3545/3815/694 3541/3958/639
f 3458/3902/629 3459/3900/629 3535/3971/629
f 3443/3973/630 3442/3847/630 3530/3974/630
f 3470/3878/641 3458/3877/695 3534/3950/642
f 3496/3751/644 3484/3750/696 3540/3975/645
f 3443/3973/647 3531/3943/697 3527/3945/648
f 3401/3842/650 3517/4086/650 3516/3976/650
f 3384/3748/651 3512/3846/651 3513/3937/651
f 3469/3758/652 3537/3757/698 3533/3953/653
f 3415/3978/637 3414/3819/637 3522/3979/637
f 3442/3847/655 3426/3849/699 3526/3944/656
f 3468/3754/658 3456/3753/700 3532/3980/659
f 3415/3978/661 3523/3938/701 3519/3940/662
f 3373/3812/664 3509/4087/664 3508/3981/664
f 3356/3745/665 3504/3786/665 3505/3933/665
f 3441/3965/666 3529/3948/702 3525/3947/667
f 3402/3840/650 3403/3838/650 3519/3982/650
f 3387/3984/651 3386/3787/651 3514/3985/651
f 3414/3819/669 3402/3818/703 3518/3939/670
f 3440/3739/672 3424/3738/704 3524/3986/673
f 3387/3984/675 3515/3934/705 3511/3936/676
f 3345/3781/615 3501/4088/615 3500/3987/615
f 3413/3817/678 3521/3942/706 3517/3941/679
f 3374/3810/664 3375/3808/664 3511/3989/664
f 3359/3907/665 3358/3761/665 3506/3851/665
f 3386/3787/681 3374/3789/707 3510/3935/682
f 3606/3991/590 3607/4046/590 3577/3992/590
f 3605/3994/590 3606/3991/590 3576/3993/590
f 3604/3996/590 3605/3994/590 3575/3995/590
f 3579/3998/590 3604/3996/590 3574/3997/590
f 3602/4000/591 3603/4045/591 3573/4001/591
f 3601/4003/591 3602/4000/591 3572/4002/591
f 3600/4005/591 3601/4003/591 3571/4004/591
f 3578/4007/591 3600/4005/591 3570/4006/591
f 3598/4009/586 3599/4050/586 3569/4010/586
f 3597/4012/586 3598/4009/586 3568/4011/586
f 3596/4014/586 3597/4012/586 3567/4013/586
f 3583/4016/586 3596/4014/586 3566/4015/586
f 3594/4018/587 3595/4049/587 3565/4019/587
f 3593/4021/587 3594/4018/587 3564/4020/587
f 3592/4023/587 3593/4021/587 3563/4022/587
f 3582/4025/587 3592/4023/587 3562/4024/587
f 3590/4027/589 3591/4047/589 3561/4028/589
f 3589/4030/589 3590/4027/589 3560/4029/589
f 3588/4032/589 3589/4030/589 3559/4031/589
f 3580/4034/589 3588/4032/589 3558/4033/589
f 3586/4036/588 3587/4048/588 3557/4037/588
f 3585/4039/588 3586/4036/588 3556/4038/588
f 3584/4041/588 3585/4039/588 3555/4040/588
f 3581/4043/588 3584/4041/588 3554/4042/588
f 3603/4045/591 3579/3998/591 3548/3999/591
f 3607/4046/590 3580/4034/590 3549/4035/590
f 3591/4047/589 3581/4043/589 3550/4044/589
f 3587/4048/588 3582/4025/588 3551/4026/588
f 3595/4049/587 3583/4016/587 3552/4017/587
f 3599/4050/586 3578/4089/586 3553/4051/586
usemtl mat_brown01
f 3636/4090/590 3607/4046/590 3606/3991/590
f 3635/4091/590 3606/3991/590 3605/3994/590
f 3634/4092/590 3605/3994/590 3604/3996/590
f 3609/4093/590 3604/3996/590 3579/3998/590
f 3632/4094/591 3603/4045/591 3602/4000/591
f 3631/4095/591 3602/4000/591 3601/4003/591
f 3630/4096/591 3601/4003/591 3600/4005/591
f 3608/4097/591 3600/4005/591 3578/4007/591
f 3628/4098/586 3599/4050/586 3598/4009/586
f 3627/4099/586 3598/4009/586 3597/4012/586
f 3626/4100/586 3597/4012/586 3596/4014/586
f 3613/4101/586 3596/4014/586 3583/4016/586
f 3624/4102/587 3595/4049/587 3594/4018/587
f 3623/4103/587 3594/4018/587 3593/4021/587
f 3622/4104/587 3593/4021/587 3592/4023/587
f 3612/4105/587 3592/4023/587 3582/4025/587
f 3620/4106/589 3591/4047/589 3590/4027/589
f 3619/4107/589 3590/4027/589 3589/4030/589
f 3618/4108/589 3589/4030/589 3588/4032/589
f 3610/4109/589 3588/4032/589 3580/4034/589
f 3616/4110/588 3587/4048/588 3586/4036/588
f 3615/4111/588 3586/4036/588 3585/4039/588
f 3614/4112/588 3585/4039/588 3584/4041/588
f 3611/4113/588 3584/4041/588 3581/4043/588
f 3633/4114/591 3579/3998/591 3603/4045/591
f 3637/4115/590 3580/4034/590 3607/4046/590
f 3621/4116/589 3581/4043/589 3591/4047/589
f 3617/4117/588 3582/4025/588 3587/4048/588
f 3625/4118/587 3583/4016/587 3595/4049/587
f 3629/4119/586 3578/4089/586 3599/4050/586
f 3696/3925/590 3667/4120/590 3666/4121/590
f 3695/3923/590 3666/4121/590 3665/4122/590
f 3694/3921/590 3665/4122/590 3664/4123/590
f 3669/3717/590 3664/4123/590 3639/4124/590
f 3692/3895/591 3663/4125/591 3662/4126/591
f 3691/3893/591 3662/4126/591 3661/4127/591
f 3690/3890/591 3661/4127/591 3660/4128/591
f 3668/3891/591 3660/4128/591 3638/4129/591
f 3688/3864/586 3659/4130/586 3658/4131/586
f 3687/3862/586 3658/4131/586 3657/4132/586
f 3686/3860/586 3657/4132/586 3656/4133/586
f 3673/3705/586 3656/4133/586 3643/4134/586
f 3684/3834/587 3655/4135/587 3654/4136/587
f 3683/3832/587 3654/4136/587 3653/4137/587
f 3682/3830/587 3653/4137/587 3652/4138/587
f 3672/3708/587 3652/4138/587 3642/4139/587
f 3680/3804/589 3651/4140/589 3650/4141/589
f 3679/3802/589 3650/4141/589 3649/4142/589
f 3678/3800/589 3649/4142/589 3648/4143/589
f 3670/3714/589 3648/4143/589 3640/4144/589
f 3676/3776/588 3647/4145/588 3646/4146/588
f 3675/3774/588 3646/4146/588 3645/4147/588
f 3674/3772/588 3645/4147/588 3644/4148/588
f 3671/3711/588 3644/4148/588 3641/4149/588
f 3693/3718/591 3639/4124/591 3663/4125/591
f 3697/3715/590 3640/4144/590 3667/4120/590
f 3681/3712/589 3641/4149/589 3651/4140/589
f 3677/3709/588 3642/4139/588 3647/4145/588
f 3685/3706/587 3643/4134/587 3655/4135/587
f 3689/3703/586 3638/4150/586 3659/4130/586
f 3636/4090/590 3637/4115/590 3607/4046/590
f 3635/4091/590 3636/4090/590 3606/3991/590
f 3634/4092/590 3635/4091/590 3605/3994/590
f 3609/4093/590 3634/4092/590 3604/3996/590
f 3632/4094/591 3633/4114/591 3603/4045/591
f 3631/4095/591 3632/4094/591 3602/4000/591
f 3630/4096/591 3631/4095/591 3601/4003/591
f 3608/4097/591 3630/4096/591 3600/4005/591
f 3628/4098/586 3629/4119/586 3599/4050/586
f 3627/4099/586 3628/4098/586 3598/4009/586
f 3626/4100/586 3627/4099/586 3597/4012/586
f 3613/4101/586 3626/4100/586 3596/4014/586
f 3624/4102/587 3625/4118/587 3595/4049/587
f 3623/4103/587 3624/4102/587 3594/4018/587
f 3622/4104/587 3623/4103/587 3593/4021/587
f 3612/4105/587 3622/4104/587 3592/4023/587
f 3620/4106/589 3621/4116/589 3591/4047/589
f 3619/4107/589 3620/4106/589 3590/4027/589
f 3618/4108/589 3619/4107/589 3589/4030/589
f 3610/4109/589 3618/4108/589 3588/4032/589
f 3616/4110/588 3617/4117/588 3587/4048/588
f 3615/4111/588 3616/4110/588 3586/4036/588
f 3614/4112/588 3615/4111/588 3585/4039/588
f 3611/4113/588 3614/4112/588 3584/4041/588
f 3633/4114/591 3609/4093/591 3579/3998/591
f 3637/4115/590 3610/4109/590 3580/4034/590
f 3621/4116/589 3611/4113/589 3581/4043/589
f 3617/4117/588 3612/4105/588 3582/4025/588
f 3625/4118/587 3613/4101/587 3583/4016/587
f 3629/4119/586 3608/4151/586 3578/4089/586
f 3696/3925/590 3697/3715/590 3667/4120/590
f 3695/3923/590 3696/3925/590 3666/4121/590
f 3694/3921/590 3695/3923/590 3665/4122/590
f 3669/3717/590 3694/3921/590 3664/4123/590
f 3692/3895/591 3693/3718/591 3663/4125/591
f 3691/3893/591 3692/3895/591 3662/4126/591
f 3690/3890/591 3691/3893/591 3661/4127/591
f 3668/3891/591 3690/3890/591 3660/4128/591
f 3688/3864/586 3689/3703/586 3659/4130/586
f 3687/3862/586 3688/3864/586 3658/4131/586
f 3686/3860/586 3687/3862/586 3657/4132/586
f 3673/3705/586 3686/3860/586 3656/4133/586
f 3684/3834/587 3685/3706/587 3655/4135/587
f 3683/3832/587 3684/3834/587 3654/4136/587
f 3682/3830/587 3683/3832/587 3653/4137/587
f 3672/3708/587 3682/3830/587 3652/4138/587
f 3680/3804/589 3681/3712/589 3651/4140/589
f 3679/3802/589 3680/3804/589 3650/4141/589
f 3678/3800/589 3679/3802/589 3649/4142/589
f 3670/3714/589 3678/3800/589 3648/4143/589
f 3676/3776/588 3677/3709/588 3647/4145/588
f 3675/3774/588 3676/3776/588 3646/4146/588
f 3674/3772/588 3675/3774/588 3645/4147/588
f 3671/3711/588 3674/3772/588 3644/4148/588
f 3693/3718/591 3669/3717/591 3639/4124/591
f 3697/3715/590 3670/3714/590 3640/4144/590
f 3681/3712/589 3671/3711/589 3641/4149/589
f 3677/3709/588 3672/3708/588 3642/4139/588
f 3685/3706/587 3673/3705/587 3643/4134/587
f 3689/3703/586 3668/3702/586 3638/4150/586
usemtl mat_grey02
f 3576/3993/590 3479/4152/590 3478/4153/590
f 3575/3995/590 3478/4153/590 3477/4154/590
f 3574/3997/590 3477/4154/590 3476/4155/590
f 3548/3999/590 3476/4155/590 3292/4156/590
f 3572/4002/591 3447/4157/591 3446/4158/591
f 3571/4004/591 3446/4158/591 3445/4159/591
f 3570/4006/591 3445/4159/591 3444/4160/591
f 3553/4008/591 3444/4160/591 3290/4161/591
f 3568/4011/586 3423/4162/586 3422/4163/586
f 3567/4013/586 3422/4163/586 3421/4164/586
f 3566/4015/586 3421/4164/586 3420/4165/586
f 3552/4017/586 3420/4165/586 3300/4166/586
f 3564/4020/587 3395/4167/587 3394/4168/587
f 3563/4022/587 3394/4168/587 3393/4169/587
f 3562/4024/587 3393/4169/587 3392/4170/587
f 3551/4026/587 3392/4170/587 3298/4171/587
f 3560/4029/589 3367/4172/589 3366/4173/589
f 3559/4031/589 3366/4173/589 3365/4174/589
f 3558/4033/589 3365/4174/589 3364/4175/589
f 3549/4035/589 3364/4175/589 3294/4176/589
f 3556/4038/588 3339/4177/588 3338/4178/588
f 3555/4040/588 3338/4178/588 3337/4179/588
f 3554/4042/588 3337/4179/588 3336/4180/588
f 3550/4044/588 3336/4180/588 3296/4181/588
f 3573/4001/591 3292/4156/591 3447/4157/591
f 3577/3992/590 3294/4176/590 3479/4152/590
f 3561/4028/589 3296/4181/589 3367/4172/589
f 3557/4037/588 3298/4171/588 3339/4177/588
f 3565/4019/587 3300/4166/587 3395/4167/587
f 3569/4010/586 3290/4182/586 3423/4162/586
f 3666/4121/590 3637/4115/590 3636/4090/590
f 3665/4122/590 3636/4090/590 3635/4091/590
f 3664/4123/590 3635/4091/590 3634/4092/590
f 3639/4124/590 3634/4092/590 3609/4093/590
f 3662/4126/591 3633/4114/591 3632/4094/591
f 3661/4127/591 3632/4094/591 3631/4095/591
f 3660/4128/591 3631/4095/591 3630/4096/591
f 3638/4129/591 3630/4096/591 3608/4097/591
f 3658/4131/586 3629/4119/586 3628/4098/586
f 3657/4132/586 3628/4098/586 3627/4099/586
f 3656/4133/586 3627/4099/586 3626/4100/586
f 3643/4134/586 3626/4100/586 3613/4101/586
f 3654/4136/587 3625/4118/587 3624/4102/587
f 3653/4137/587 3624/4102/587 3623/4103/587
f 3652/4138/587 3623/4103/587 3622/4104/587
f 3642/4139/587 3622/4104/587 3612/4105/587
f 3650/4141/589 3621/4116/589 3620/4106/589
f 3649/4142/589 3620/4106/589 3619/4107/589
f 3648/4143/589 3619/4107/589 3618/4108/589
f 3640/4144/589 3618/4108/589 3610/4109/589
f 3646/4146/588 3617/4117/588 3616/4110/588
f 3645/4147/588 3616/4110/588 3615/4111/588
f 3644/4148/588 3615/4111/588 3614/4112/588
f 3641/4149/588 3614/4112/588 3611/4113/588
f 3663/4125/591 3609/4093/591 3633/4114/591
f 3667/4120/590 3610/4109/590 3637/4115/590
f 3651/4140/589 3611/4113/589 3621/4116/589
f 3647/4145/588 3612/4105/588 3617/4117/588
f 3655/4135/587 3613/4101/587 3625/4118/587
f 3659/4130/586 3608/4151/586 3629/4119/586
f 3576/3993/590 3577/3992/590 3479/4152/590
f 3575/3995/590 3576/3993/590 3478/4153/590
f 3574/3997/590 3575/3995/590 3477/4154/590
f 3548/3999/590 3574/3997/590 3476/4155/590
f 3572/4002/591 3573/4001/591 3447/4157/591
f 3571/4004/591 3572/4002/591 3446/4158/591
f 3570/4006/591 3571/4004/591 3445/4159/591
f 3553/4008/591 3570/4006/591 3444/4160/591
f 3568/4011/586 3569/4010/586 3423/4162/586
f 3567/4013/586 3568/4011/586 3422/4163/586
f 3566/4015/586 3567/4013/586 3421/4164/586
f 3552/4017/586 3566/4015/586 3420/4165/586
f 3564/4020/587 3565/4019/587 3395/4167/587
f 3563/4022/587 3564/4020/587 3394/4168/587
f 3562/4024/587 3563/4022/587 3393/4169/587
f 3551/4026/587 3562/4024/587 3392/4170/587
f 3560/4029/589 3561/4028/589 3367/4172/589
f 3559/4031/589 3560/4029/589 3366/4173/589
f 3558/4033/589 3559/4031/589 3365/4174/589
f 3549/4035/589 3558/4033/589 3364/4175/589
f 3556/4038/588 3557/4037/588 3339/4177/588
f 3555/4040/588 3556/4038/588 3338/4178/588
f 3554/4042/588 3555/4040/588 3337/4179/588
f 3550/4044/588 3554/4042/588 3336/4180/588
f 3573/4001/591 3548/3999/591 3292/4156/591
f 3577/3992/590 3549/4035/590 3294/4176/590
f 3561/4028/589 3550/4044/589 3296/4181/589
f 3557/4037/588 3551/4026/588 3298/4171/588
f 3565/4019/587 3552/4017/587 3300/4166/587
f 3569/4010/586 3553/4051/586 3290/4182/586
f 3666/4121/590 3667/4120/590 3637/4115/590
f 3665/4122/590 3666/4121/590 3636/4090/590
f 3664/4123/590 3665/4122/590 3635/4091/590
f 3639/4124/590 3664/4123/590 3634/4092/590
f 3662/4126/591 3663/4125/591 3633/4114/591
f 3661/4127/591 3662/4126/591 3632/4094/591
f 3660/4128/591 3661/4127/591 3631/4095/591
f 3638/4129/591 3660/4128/591 3630/4096/591
f 3658/4131/586 3659/4130/586 3629/4119/586
f 3657/4132/586 3658/4131/586 3628/4098/586
f 3656/4133/586 3657/4132/586 3627/4099/586
f 3643/4134/586 3656/4133/586 3626/4100/586
f 3654/4136/587 3655/4135/587 3625/4118/587
f 3653/4137/587 3654/4136/587 3624/4102/587
f 3652/4138/587 3653/4137/587 3623/4103/587
f 3642/4139/587 3652/4138/587 3622/4104/587
f 3650/4141/589 3651/4140/589 3621/4116/589
f 3649/4142/589 3650/4141/589 3620/4106/589
f 3648/4143/589 3649/4142/589 3619/4107/589
f 3640/4144/589 3648/4143/589 3618/4108/589
f 3646/4146/588 3647/4145/588 3617/4117/588
f 3645/4147/588 3646/4146/588 3616/4110/588
f 3644/4148/588 3645/4147/588 3615/4111/588
f 3641/4149/588 3644/4148/588 3614/4112/588
f 3663/4125/591 3639/4124/591 3609/4093/591
f 3667/4120/590 3640/4144/590 3610/4109/590
f 3651/4140/589 3641/4149/589 3611/4113/589
f 3647/4145/588 3642/4139/588 3612/4105/588
f 3655/4135/587 3643/4134/587 3613/4101/587
f 3659/4130/586 3638/4150/586 3608/4151/586
usemtl mat_grey03
f 3386/3787/625 3414/3819/625 3358/3761/625
f 3307/3859/708 3432/3853/708 3428/3861/708
f 3305/3771/709 3348/3765/709 3340/3773/709
f 3303/3920/710 3488/3914/710 3480/3922/710
f 3306/3829/711 3404/3823/711 3396/3831/711
f 3304/3799/712 3376/3793/712 3368/3801/712
f 3302/3889/713 3460/3882/713 3452/3892/713
f 3319/3764/714 3332/3779/714 3352/3766/714
f 3315/3913/715 3472/3927/715 3492/3915/715
f 3321/3822/716 3388/3837/716 3408/3824/716
f 3317/3792/717 3360/3807/717 3380/3794/717
f 3314/3881/718 3448/3898/718 3464/3884/718
f 3323/3852/719 3416/3867/719 3436/3854/719
f 3321/3822/714 3335/3688/714 3293/3687/714
f 3355/3725/714 3334/3782/714 3335/3688/714
f 3353/3768/714 3334/3782/714 3354/3770/714
f 3352/3766/714 3333/3780/714 3353/3768/714
f 3306/3829/709 3351/3727/709 3322/3726/709
f 3343/3707/709 3350/3769/709 3351/3727/709
f 3341/3775/709 3350/3769/709 3342/3777/709
f 3340/3773/709 3349/3767/709 3341/3775/709
f 3319/3764/717 3363/3691/717 3295/3690/717
f 3383/3728/717 3362/3811/717 3363/3691/717
f 3381/3796/717 3362/3811/717 3382/3798/717
f 3380/3794/717 3361/3809/717 3381/3796/717
f 3305/3771/712 3379/3730/712 3320/3729/712
f 3371/3710/712 3378/3797/712 3379/3730/712
f 3369/3803/712 3378/3797/712 3370/3805/712
f 3368/3801/712 3377/3795/712 3369/3803/712
f 3323/3852/716 3391/3685/716 3291/3684/716
f 3411/3722/716 3390/3841/716 3391/3685/716
f 3409/3826/716 3390/3841/716 3410/3828/716
f 3408/3824/716 3389/3839/716 3409/3826/716
f 3307/3859/711 3407/3724/711 3324/3723/711
f 3399/3704/711 3406/3827/711 3407/3724/711
f 3397/3833/711 3406/3827/711 3398/3835/711
f 3396/3831/711 3405/3825/711 3397/3833/711
f 3314/4082/719 3419/3682/719 3311/3681/719
f 3439/3719/719 3418/3871/719 3419/3682/719
f 3438/3858/719 3417/3869/719 3418/3871/719
f 3436/3854/719 3417/3869/719 3437/3856/719
f 3302/4081/708 3435/3721/708 3325/3720/708
f 3431/3701/708 3434/3857/708 3435/3721/708
f 3429/3863/708 3434/3857/708 3430/3865/708
f 3428/3861/708 3433/3855/708 3429/3863/708
f 3315/3913/718 3451/3695/718 3299/3697/718
f 3467/3734/718 3450/3903/718 3451/3695/718
f 3465/3886/718 3450/3903/718 3466/3888/718
f 3464/3884/718 3449/3901/718 3465/3886/718
f 3303/3920/713 3463/3736/713 3316/3735/713
f 3455/3716/713 3462/3887/713 3463/3736/713
f 3453/3894/713 3462/3887/713 3454/3896/713
f 3452/3892/713 3461/3885/713 3453/3894/713
f 3317/3792/715 3475/3694/715 3297/3693/715
f 3495/3731/715 3474/3931/715 3475/3694/715
f 3493/3917/715 3474/3931/715 3494/3919/715
f 3492/3915/715 3473/3929/715 3493/3917/715
f 3304/3799/710 3491/3733/710 3318/3732/710
f 3483/3713/710 3490/3918/710 3491/3733/710
f 3482/3926/710 3489/3916/710 3490/3918/710
f 3480/3922/710 3489/3916/710 3481/3924/710
f 3703/4183/720 3717/4184/721 3698/4185/721
f 3708/4186/722 3709/4187/722 3704/4188/722
f 3714/4189/723 3707/4190/723 3713/4191/723
f 3712/4192/625 3704/4188/625 3710/4193/625
f 3715/4194/592 3708/4186/592 3714/4189/592
f 3713/4191/724 3706/4195/724 3712/4192/724
f 3711/4196/725 3704/4188/725 3705/4197/725
f 3711/4196/726 3709/4187/726 3715/4194/726
f 3699/4198/727 3711/4196/727 3698/4185/727
f 3700/4199/727 3710/4193/727 3699/4198/727
f 3700/4199/727 3713/4191/727 3712/4192/727
f 3701/4200/727 3714/4189/727 3713/4191/727
f 3702/4201/727 3715/4194/727 3714/4189/727
f 3698/4185/727 3715/4194/727 3703/4183/727
f 3701/4200/728 3720/4202/728 3702/4201/728
f 3699/4198/592 3718/4203/592 3700/4199/592
f 3702/4201/625 3721/4204/625 3703/4183/625
f 3701/4200/729 3718/4203/729 3719/4205/729
f 3698/4185/730 3716/4206/730 3699/4198/730
f 3727/4207/731 3741/4208/731 3722/4209/731
f 3732/4210/587 3733/4211/587 3728/4212/587
f 3737/4213/732 3732/4210/732 3731/4214/732
f 3736/4215/625 3728/4212/625 3734/4216/625
f 3739/4217/592 3732/4210/592 3738/4218/592
f 3737/4213/733 3730/4219/733 3736/4215/733
f 3735/4220/734 3728/4212/734 3729/4221/734
f 3735/4220/735 3733/4211/735 3739/4217/735
f 3723/4222/590 3735/4220/590 3722/4209/590
f 3724/4223/590 3734/4216/590 3723/4222/590
f 3724/4223/590 3737/4213/590 3736/4215/590
f 3725/4224/590 3738/4218/590 3737/4213/590
f 3727/4207/590 3738/4218/590 3726/4225/590
f 3722/4209/590 3739/4217/590 3727/4207/590
f 3725/4224/736 3744/4226/736 3726/4225/737
f 3723/4222/592 3742/4227/592 3724/4223/592
f 3726/4225/625 3745/4228/625 3727/4207/625
f 3724/4223/738 3743/4229/738 3725/4224/738
f 3722/4209/739 3740/4230/739 3723/4222/739
f 3751/4231/740 3765/4232/741 3746/4233/741
f 3756/4234/742 3757/4235/742 3752/4236/742
f 3761/4237/743 3756/4234/743 3755/4238/743
f 3760/4239/625 3752/4236/625 3758/4240/625
f 3763/4241/592 3756/4234/592 3762/4242/592
f 3760/4239/744 3755/4238/744 3754/4243/744
f 3759/4244/745 3752/4236/745 3753/4245/745
f 3759/4244/746 3757/4235/746 3763/4241/746
f 3747/4246/747 3759/4244/747 3746/4233/747
f 3748/4247/747 3758/4240/747 3747/4246/747
f 3748/4247/747 3761/4237/747 3760/4239/747
f 3749/4248/747 3762/4242/747 3761/4237/747
f 3750/4249/747 3763/4241/747 3762/4242/747
f 3746/4233/747 3763/4241/747 3751/4231/747
f 3750/4249/748 3767/4250/749 3768/4251/748
f 3747/4246/592 3766/4252/592 3748/4247/592
f 3750/4249/625 3769/4253/625 3751/4231/625
f 3748/4247/750 3767/4250/751 3749/4248/751
f 3747/4246/752 3765/4232/753 3764/4254/752
f 3499/3959/625 3313/3752/625 3468/3754/625
f 3499/3959/625 3468/3754/625 3469/3758/625
f 3496/3751/625 3497/3816/625 3387/3984/625
f 3497/3816/625 3498/3910/625 3470/3878/625
f 3498/3910/625 3499/3959/625 3469/3758/625
f 3470/3878/625 3471/3968/625 3440/3739/625
f 3471/3968/625 3312/3737/625 3440/3739/625
f 3498/3910/625 3469/3758/625 3470/3878/625
f 3387/3984/625 3310/3749/625 3496/3751/625
f 3497/3816/625 3470/3878/625 3386/3787/625
f 3387/3984/625 3497/3816/625 3386/3787/625
f 3441/3965/625 3442/3847/625 3470/3878/625
f 3442/3847/625 3443/3973/625 3413/3817/625
f 3470/3878/625 3442/3847/625 3386/3787/625
f 3470/3878/625 3440/3739/625 3441/3965/625
f 3384/3748/625 3385/3879/625 3358/3761/625
f 3385/3879/625 3386/3787/625 3358/3761/625
f 3386/3787/625 3442/3847/625 3414/3819/625
f 3443/3973/625 3301/3740/625 3412/3742/625
f 3413/3817/625 3414/3819/625 3442/3847/625
f 3414/3819/625 3415/3978/625 3357/3759/625
f 3443/3973/625 3412/3742/625 3413/3817/625
f 3359/3907/625 3309/3746/625 3384/3748/625
f 3415/3978/625 3308/3743/625 3356/3745/625
f 3356/3745/625 3357/3759/625 3415/3978/625
f 3357/3759/625 3358/3761/625 3414/3819/625
f 3358/3761/625 3359/3907/625 3384/3748/625
f 3307/3859/708 3324/3723/708 3432/3853/708
f 3305/3771/709 3320/3729/709 3348/3765/709
f 3303/3920/710 3316/3735/710 3488/3914/710
f 3306/3829/711 3322/3726/711 3404/3823/711
f 3304/3799/712 3318/3732/712 3376/3793/712
f 3302/3889/713 3325/3883/713 3460/3882/713
f 3319/3764/714 3295/3690/714 3332/3779/714
f 3315/3913/715 3299/3697/715 3472/3927/715
f 3321/3822/716 3293/3687/716 3388/3837/716
f 3317/3792/717 3297/3693/717 3360/3807/717
f 3314/3881/718 3311/3899/718 3448/3898/718
f 3323/3852/719 3291/3684/719 3416/3867/719
f 3321/3822/714 3355/3725/714 3335/3688/714
f 3355/3725/714 3354/3770/714 3334/3782/714
f 3353/3768/714 3333/3780/714 3334/3782/714
f 3352/3766/714 3332/3779/714 3333/3780/714
f 3306/3829/709 3343/3707/709 3351/3727/709
f 3343/3707/709 3342/3777/709 3350/3769/709
f 3341/3775/709 3349/3767/709 3350/3769/709
f 3340/3773/709 3348/3765/709 3349/3767/709
f 3319/3764/717 3383/3728/717 3363/3691/717
f 3383/3728/717 3382/3798/717 3362/3811/717
f 3381/3796/717 3361/3809/717 3362/3811/717
f 3380/3794/717 3360/3807/717 3361/3809/717
f 3305/3771/712 3371/3710/712 3379/3730/712
f 3371/3710/712 3370/3805/712 3378/3797/712
f 3369/3803/712 3377/3795/712 3378/3797/712
f 3368/3801/712 3376/3793/712 3377/3795/712
f 3323/3852/716 3411/3722/716 3391/3685/716
f 3411/3722/716 3410/3828/716 3390/3841/716
f 3409/3826/716 3389/3839/716 3390/3841/716
f 3408/3824/716 3388/3837/716 3389/3839/716
f 3307/3859/711 3399/3704/711 3407/3724/711
f 3399/3704/711 3398/3835/711 3406/3827/711
f 3397/3833/711 3405/3825/711 3406/3827/711
f 3396/3831/711 3404/3823/711 3405/3825/711
f 3314/4082/719 3439/3719/719 3419/3682/719
f 3439/3719/719 3438/3858/719 3418/3871/719
f 3438/3858/719 3437/3856/719 3417/3869/719
f 3436/3854/719 3416/3867/719 3417/3869/719
f 3302/4081/708 3431/3701/708 3435/3721/708
f 3431/3701/708 3430/3865/708 3434/3857/708
f 3429/3863/708 3433/3855/708 3434/3857/708
f 3428/3861/708 3432/3853/708 3433/3855/708
f 3315/3913/718 3467/3734/718 3451/3695/718
f 3467/3734/718 3466/3888/718 3450/3903/718
f 3465/3886/718 3449/3901/718 3450/3903/718
f 3464/3884/718 3448/3898/718 3449/3901/718
f 3303/3920/713 3455/3716/713 3463/3736/713
f 3455/3716/713 3454/3896/713 3462/3887/713
f 3453/3894/713 3461/3885/713 3462/3887/713
f 3452/3892/713 3460/3882/713 3461/3885/713
f 3317/3792/715 3495/3731/715 3475/3694/715
f 3495/3731/715 3494/3919/715 3474/3931/715
f 3493/3917/715 3473/3929/715 3474/3931/715
f 3492/3915/715 3472/3927/715 3473/3929/715
f 3304/3799/710 3483/3713/710 3491/3733/710
f 3483/3713/710 3482/3926/710 3490/3918/710
f 3482/3926/710 3481/3924/710 3489/3916/710
f 3480/3922/710 3488/3914/710 3489/3916/710
f 3703/4183/720 3721/4204/720 3717/4184/721
f 3705/4197/722 3704/4188/722 3709/4187/722
f 3704/4188/722 3706/4195/722 3708/4186/722
f 3706/4195/722 3707/4190/722 3708/4186/722
f 3714/4189/723 3708/4186/723 3707/4190/723
f 3712/4192/625 3706/4195/625 3704/4188/625
f 3715/4194/592 3709/4187/592 3708/4186/592
f 3713/4191/724 3707/4190/724 3706/4195/724
f 3711/4196/725 3710/4193/725 3704/4188/725
f 3711/4196/726 3705/4197/726 3709/4187/726
f 3699/4198/727 3710/4193/727 3711/4196/727
f 3700/4199/727 3712/4192/727 3710/4193/727
f 3700/4199/727 3701/4200/727 3713/4191/727
f 3701/4200/727 3702/4201/727 3714/4189/727
f 3702/4201/727 3703/4183/727 3715/4194/727
f 3698/4185/727 3711/4196/727 3715/4194/727
f 3701/4200/728 3719/4205/728 3720/4202/728
f 3699/4198/592 3716/4206/592 3718/4203/592
f 3702/4201/625 3720/4202/625 3721/4204/625
f 3701/4200/729 3700/4199/729 3718/4203/729
f 3698/4185/730 3717/4184/730 3716/4206/730
f 3727/4207/731 3745/4228/731 3741/4208/731
f 3729/4221/587 3728/4212/587 3733/4211/587
f 3728/4212/587 3730/4219/587 3732/4210/587
f 3730/4219/587 3731/4214/587 3732/4210/587
f 3737/4213/732 3738/4218/732 3732/4210/732
f 3736/4215/625 3730/4219/625 3728/4212/625
f 3739/4217/592 3733/4211/592 3732/4210/592
f 3737/4213/733 3731/4214/733 3730/4219/733
f 3735/4220/734 3734/4216/734 3728/4212/734
f 3735/4220/735 3729/4221/735 3733/4211/735
f 3723/4222/590 3734/4216/590 3735/4220/590
f 3724/4223/590 3736/4215/590 3734/4216/590
f 3724/4223/590 3725/4224/590 3737/4213/590
f 3725/4224/590 3726/4225/590 3738/4218/590
f 3727/4207/590 3739/4217/590 3738/4218/590
f 3722/4209/590 3735/4220/590 3739/4217/590
f 3725/4224/736 3743/4229/736 3744/4226/736
f 3723/4222/592 3740/4230/592 3742/4227/592
f 3726/4225/625 3744/4226/625 3745/4228/625
f 3724/4223/738 3742/4227/738 3743/4229/738
f 3722/4209/739 3741/4208/739 3740/4230/739
f 3751/4231/740 3769/4253/740 3765/4232/741
f 3753/4245/742 3752/4236/742 3757/4235/742
f 3752/4236/742 3754/4243/742 3756/4234/742
f 3754/4243/742 3755/4238/742 3756/4234/742
f 3761/4237/743 3762/4242/754 3756/4234/743
f 3760/4239/625 3754/4243/625 3752/4236/625
f 3763/4241/592 3757/4235/592 3756/4234/592
f 3760/4239/744 3761/4237/744 3755/4238/744
f 3759/4244/745 3758/4240/745 3752/4236/745
f 3759/4244/746 3753/4245/746 3757/4235/746
f 3747/4246/747 3758/4240/747 3759/4244/747
f 3748/4247/747 3760/4239/747 3758/4240/747
f 3748/4247/747 3749/4248/747 3761/4237/747
f 3749/4248/747 3750/4249/747 3762/4242/747
f 3750/4249/747 3751/4231/747 3763/4241/747
f 3746/4233/747 3759/4244/747 3763/4241/747
f 3750/4249/748 3749/4248/749 3767/4250/749
f 3747/4246/592 3764/4254/592 3766/4252/592
f 3750/4249/625 3768/4251/625 3769/4253/625
f 3748/4247/750 3766/4252/750 3767/4250/751
f 3747/4246/752 3746/4233/753 3765/4232/753
usemtl mat_black
f 3720/4202/727 3719/4205/755 3718/4203/727
f 3744/4226/590 3743/4229/590 3742/4227/590
f 3768/4251/747 3767/4250/747 3766/4252/747
f 3718/4203/727 3716/4206/727 3720/4202/727
f 3716/4206/727 3717/4184/756 3721/4204/727
f 3720/4202/727 3716/4206/727 3721/4204/727
f 3742/4227/590 3740/4230/590 3744/4226/590
f 3740/4230/590 3741/4208/590 3745/4228/590
f 3744/4226/590 3740/4230/590 3745/4228/590
f 3766/4252/747 3764/4254/747 3768/4251/747
f 3764/4254/747 3765/4232/747 3769/4253/747
f 3768/4251/747 3764/4254/747 3769/4253/747
o Plane.002
v 81.827560 -0.000014 96.899811
v -94.716705 0.000014 -79.644455
v -94.716705 -0.000014 96.899811
v 81.827560 0.000014 -79.644455
vt 1.000000 0.000000
vt 0.000000 1.000000
vt 0.000000 0.000000
vt 1.000000 1.000000
vn 0.0000 1.0000 0.0000
usemtl Material.013
s 1
f 3770/4255/757 3771/4256/757 3772/4257/757
f 3770/4255/757 3773/4258/757 3771/4256/757
o Cube.004_Cube.006
v 24.775984 0.999996 25.912401
v 24.775984 -0.999996 -25.912401
v 24.775984 -1.000004 25.912401
v 24.775984 1.000004 -25.912401
v 26.775984 -0.999996 -25.912401
v 26.775984 1.000004 -25.912401
v 26.775984 -1.000004 25.912401
v 26.775984 0.999996 25.912401
vt 0.625000 0.000000
vt 0.375000 0.250000
vt 0.375000 0.000000
vt 0.625000 0.250000
vt 0.375000 0.500000
vt 0.625000 0.500000
vt 0.375000 0.750000
vt 0.625000 0.750000
vt 0.375000 1.000000
vt 0.125000 0.750000
vt 0.125000 0.500000
vt 0.875000 0.500000
vt 0.625000 1.000000
vt 0.875000 0.750000
vn -1.0000 0.0000 0.0000
vn 0.0000 0.0000 -1.0000
vn 1.0000 0.0000 0.0000
vn 0.0000 0.0000 1.0000
vn 0.0000 -1.0000 -0.0000
vn 0.0000 1.0000 0.0000
usemtl Material.014
s 1
f 3774/4259/758 3775/4260/758 3776/4261/758
f 3777/4262/759 3778/4263/759 3775/4260/759
f 3779/4264/760 3780/4265/760 3778/4263/760
f 3781/4266/761 3776/4267/761 3780/4265/761
f 3778/4263/762 3776/4268/762 3775/4269/762
f 3777/4270/763 3781/4266/763 3779/4264/763
f 3774/4259/758 3777/4262/758 3775/4260/758
f 3777/4262/759 3779/4264/759 3778/4263/759
f 3779/4264/760 3781/4266/760 3780/4265/760
f 3781/4266/761 3774/4271/761 3776/4267/761
f 3778/4263/762 3780/4265/762 3776/4268/762
f 3777/4270/763 3774/4272/763 3781/4266/763
o Cube.006_Cube.008
v -27.226664 0.999996 25.912401
v -27.226664 -0.999996 -25.912401
v -27.226664 -1.000004 25.912401
v -27.226664 1.000004 -25.912401
v -25.226664 -0.999996 -25.912401
v -25.226664 1.000004 -25.912401
v -25.226664 -1.000004 25.912401
v -25.226664 0.999996 25.912401
vt 0.625000 0.000000
vt 0.375000 0.250000
vt 0.375000 0.000000
vt 0.625000 0.250000
vt 0.375000 0.500000
vt 0.625000 0.500000
vt 0.375000 0.750000
vt 0.625000 0.750000
vt 0.375000 1.000000
vt 0.125000 0.750000
vt 0.125000 0.500000
vt 0.875000 0.500000
vt 0.625000 1.000000
vt 0.875000 0.750000
vn -1.0000 0.0000 0.0000
vn 0.0000 0.0000 -1.0000
vn 1.0000 0.0000 0.0000
vn 0.0000 0.0000 1.0000
vn 0.0000 -1.0000 -0.0000
vn 0.0000 1.0000 0.0000
usemtl Material.015
s 1
f 3782/4273/764 3783/4274/764 3784/4275/764
f 3785/4276/765 3786/4277/765 3783/4274/765
f 3787/4278/766 3788/4279/766 3786/4277/766
f 3789/4280/767 3784/4281/767 3788/4279/767
f 3786/4277/768 3784/4282/768 3783/4283/768
f 3785/4284/769 3789/4280/769 3787/4278/769
f 3782/4273/764 3785/4276/764 3783/4274/764
f 3785/4276/765 3787/4278/765 3786/4277/765
f 3787/4278/766 3789/4280/766 3788/4279/766
f 3789/4280/767 3782/4285/767 3784/4281/767
f 3786/4277/768 3788/4279/768 3784/4282/768
f 3785/4284/769 3782/4286/769 3789/4280/769
o Cube.001_Cube.009
v 25.143801 1.000004 -23.282848
v -26.654871 -0.999996 -24.928394
v 25.143801 -0.999996 -23.282848
v -26.654871 1.000004 -24.928394
v -26.591368 -0.999996 -26.927387
v -26.591368 1.000004 -26.927387
v 25.207304 -0.999996 -25.281841
v 25.207304 1.000004 -25.281841
vt 0.625000 0.000000
vt 0.375000 0.250000
vt 0.375000 0.000000
vt 0.625000 0.250000
vt 0.375000 0.500000
vt 0.625000 0.500000
vt 0.375000 0.750000
vt 0.625000 0.750000
vt 0.375000 1.000000
vt 0.125000 0.750000
vt 0.125000 0.500000
vt 0.875000 0.500000
vt 0.625000 1.000000
vt 0.875000 0.750000
vn -0.0318 0.0000 0.9995
vn -0.9995 0.0000 -0.0318
vn 0.0318 0.0000 -0.9995
vn 0.9995 0.0000 0.0318
vn 0.0000 -1.0000 -0.0000
vn -0.0000 1.0000 0.0000
usemtl Material.016
s 1
f 3790/4287/770 3791/4288/770 3792/4289/770
f 3793/4290/771 3794/4291/771 3791/4288/771
f 3795/4292/772 3796/4293/772 3794/4291/772
f 3797/4294/773 3792/4295/773 3796/4293/773
f 3794/4291/774 3792/4296/774 3791/4297/774
f 3793/4298/775 3797/4294/775 3795/4292/775
f 3790/4287/770 3793/4290/770 3791/4288/770
f 3793/4290/771 3795/4292/771 3794/4291/771
f 3795/4292/772 3797/4294/772 3796/4293/772
f 3797/4294/773 3790/4299/773 3792/4295/773
f 3794/4291/774 3796/4293/774 3792/4296/774
f 3793/4298/775 3790/4300/775 3797/4294/775
o Cube.002_Cube.010
v 25.917671 0.999996 27.187435
v -25.881001 -1.000004 25.541889
v 25.917671 -1.000004 27.187435
v -25.881001 0.999996 25.541889
v -25.817497 -1.000004 23.542896
v -25.817497 0.999996 23.542896
v 25.981174 -1.000004 25.188442
v 25.981174 0.999996 25.188442
vt 0.625000 0.000000
vt 0.375000 0.250000
vt 0.375000 0.000000
vt 0.625000 0.250000
vt 0.375000 0.500000
vt 0.625000 0.500000
vt 0.375000 0.750000
vt 0.625000 0.750000
vt 0.375000 1.000000
vt 0.125000 0.750000
vt 0.125000 0.500000
vt 0.875000 0.500000
vt 0.625000 1.000000
vt 0.875000 0.750000
vn -0.0318 0.0000 0.9995
vn -0.9995 0.0000 -0.0318
vn 0.0318 0.0000 -0.9995
vn 0.9995 0.0000 0.0318
vn 0.0000 -1.0000 -0.0000
vn 0.0000 1.0000 0.0000
usemtl Material.017
s 1
f 3798/4301/776 3799/4302/776 3800/4303/776
f 3801/4304/777 3802/4305/777 3799/4302/777
f 3803/4306/778 3804/4307/778 3802/4305/778
f 3805/4308/779 3800/4309/779 3804/4307/779
f 3802/4305/780 3800/4310/780 3799/4311/780
f 3801/4312/781 3805/4308/781 3803/4306/781
f 3798/4301/776 3801/4304/776 3799/4302/776
f 3801/4304/777 3803/4306/777 3802/4305/777
f 3803/4306/778 3805/4308/778 3804/4307/778
f 3805/4308/779 3798/4313/779 3800/4309/779
f 3802/4305/780 3804/4307/780 3800/4310/780
f 3801/4312/781 3798/4314/781 3805/4308/781
o Icosphere.014_Icosphere.003
v -2.902450 0.035608 8.610363
v -2.725717 0.036051 8.754636
v -2.969955 0.036051 8.843801
v -2.725717 0.036053 8.466091
v -3.120903 0.036051 8.610363
v -2.969955 0.036053 8.376925
v -2.612434 1.379691 8.561847
v -2.803862 1.434480 8.915337
v -3.085688 1.440653 8.828157
v -3.126586 1.400972 8.443769
v -2.884823 1.413678 8.411947
v -2.853599 1.821581 8.641752
vt 0.181819 0.000000
vt 0.272728 0.157461
vt 0.090910 0.157461
vt 0.363637 0.000000
vt 0.454546 0.157461
vt 0.909091 0.000000
vt 1.000000 0.157461
vt 0.818182 0.157461
vt 0.727273 0.000000
vt 0.636364 0.157461
vt 0.545455 0.000000
vt 0.363637 0.314921
vt 0.181819 0.314921
vt 0.909091 0.314921
vt 0.727273 0.314921
vt 0.545455 0.314921
vt 0.000000 0.314921
vt 0.272728 0.472382
vt 0.090910 0.472382
vt 0.818182 0.472382
vt 0.636364 0.472382
vt 0.454546 0.472382
vn 0.0000 -1.0000 -0.0000
vn 0.0016 -1.0000 0.0011
vn -0.0006 -1.0000 0.0017
vn 0.0016 -1.0000 -0.0012
vn -0.0020 -1.0000 -0.0000
vn -0.0006 -1.0000 -0.0017
vn 0.9965 -0.0840 -0.0000
vn 0.3416 -0.0884 0.9357
vn -0.8381 -0.0630 0.5419
vn -0.8377 -0.0696 -0.5417
vn 0.3429 0.0027 -0.9394
vn 0.8790 -0.0057 0.4769
vn -0.2958 -0.0137 0.9552
vn -0.9944 0.0087 0.1049
vn -0.1321 0.0334 -0.9907
vn 0.4841 0.0215 -0.8748
vn 0.8353 0.3849 0.3927
vn -0.2379 0.5400 0.8073
vn -0.8457 0.5324 0.0350
vn -0.1389 0.4941 -0.8582
vn 0.4794 0.4026 -0.7798
usemtl .GWALD_Materialexp.004
s 1
f 3806/4315/782 3807/4316/783 3808/4317/784
f 3807/4316/783 3806/4318/782 3809/4319/785
f 3806/4320/782 3808/4321/784 3810/4322/786
f 3806/4323/782 3810/4322/786 3811/4324/787
f 3806/4325/782 3811/4324/787 3809/4319/785
f 3807/4316/788 3809/4319/788 3812/4326/788
f 3808/4317/789 3807/4316/789 3813/4327/789
f 3810/4322/790 3808/4321/790 3814/4328/790
f 3811/4324/791 3810/4322/791 3815/4329/791
f 3809/4319/792 3811/4324/792 3816/4330/792
f 3807/4316/793 3812/4326/793 3813/4327/793
f 3808/4317/794 3813/4327/794 3814/4331/794
f 3810/4322/795 3814/4328/795 3815/4329/795
f 3811/4324/796 3815/4329/796 3816/4330/796
f 3809/4319/797 3816/4330/797 3812/4326/797
f 3813/4327/798 3812/4326/798 3817/4332/798
f 3814/4331/799 3813/4327/799 3817/4333/799
f 3815/4329/800 3814/4328/800 3817/4334/800
f 3816/4330/801 3815/4329/801 3817/4335/801
f 3812/4326/802 3816/4330/802 3817/4336/802
o Icosphere.016_Icosphere.003
v -2.848943 0.055952 8.752570
v -2.759334 0.029670 8.774090
v -2.851286 0.007802 8.835391
v -2.791187 0.088063 8.683169
v -2.939968 0.052679 8.782356
v -2.902823 0.102285 8.688277
v -2.535890 0.840178 9.106788
v -2.600204 0.744823 9.357918
v -2.815067 0.770740 9.378351
v -2.919343 0.879070 9.169281
v -2.753396 0.903586 9.100801
v -2.659576 1.012016 9.325998
vt 0.181819 0.000000
vt 0.272728 0.157461
vt 0.090910 0.157461
vt 0.363637 0.000000
vt 0.454546 0.157461
vt 0.909091 0.000000
vt 1.000000 0.157461
vt 0.818182 0.157461
vt 0.727273 0.000000
vt 0.636364 0.157461
vt 0.545455 0.000000
vt 0.363637 0.314921
vt 0.181819 0.314921
vt 0.909091 0.314921
vt 0.727273 0.314921
vt 0.545455 0.314921
vt 0.000000 0.314921
vt 0.272728 0.472382
vt 0.090910 0.472382
vt 0.818182 0.472382
vt 0.636364 0.472382
vt 0.454546 0.472382
vn -0.1318 -0.8544 -0.5026
vn -0.1301 -0.8549 -0.5022
vn -0.1319 -0.8553 -0.5010
vn -0.1308 -0.8538 -0.5039
vn -0.1336 -0.8545 -0.5020
vn -0.1329 -0.8536 -0.5038
vn 0.9186 -0.0959 -0.3834
vn 0.5371 -0.6019 0.5909
vn -0.6142 -0.4380 0.6564
vn -0.9441 0.1589 -0.2890
vn 0.0172 0.4551 -0.8903
vn 0.9425 -0.3105 0.1235
vn 0.0075 -0.5800 0.8145
vn -0.9137 -0.1534 0.3763
vn -0.3945 0.4777 -0.7850
vn 0.1539 0.4447 -0.8823
vn 0.9139 0.2420 0.3259
vn 0.1107 0.1421 0.9836
vn -0.6203 0.5260 0.5819
vn -0.2681 0.9069 -0.3250
vn 0.2545 0.8256 -0.5036
usemtl .GWALD_Materialexp.004
s 1
f 3818/4337/803 3819/4338/804 3820/4339/805
f 3819/4338/804 3818/4340/803 3821/4341/806
f 3818/4342/803 3820/4343/805 3822/4344/807
f 3818/4345/803 3822/4344/807 3823/4346/808
f 3818/4347/803 3823/4346/808 3821/4341/806
f 3819/4338/809 3821/4341/809 3824/4348/809
f 3820/4339/810 3819/4338/810 3825/4349/810
f 3822/4344/811 3820/4343/811 3826/4350/811
f 3823/4346/812 3822/4344/812 3827/4351/812
f 3821/4341/813 3823/4346/813 3828/4352/813
f 3819/4338/814 3824/4348/814 3825/4349/814
f 3820/4339/815 3825/4349/815 3826/4353/815
f 3822/4344/816 3826/4350/816 3827/4351/816
f 3823/4346/817 3827/4351/817 3828/4352/817
f 3821/4341/818 3828/4352/818 3824/4348/818
f 3825/4349/819 3824/4348/819 3829/4354/819
f 3826/4353/820 3825/4349/820 3829/4355/820
f 3827/4351/821 3826/4350/821 3829/4356/821
f 3828/4352/822 3827/4351/822 3829/4357/822
f 3824/4348/823 3828/4352/823 3829/4358/823
o Icosphere.017_Icosphere.003
v -3.051501 0.000889 8.637600
v -2.921571 -0.038771 8.821884
v -3.185896 -0.085256 8.801711
v -2.836913 0.063052 8.587576
v -3.264603 -0.012162 8.554932
v -3.048915 0.079497 8.422590
v -3.018434 0.891698 8.956112
v -3.218097 0.833491 9.236531
v -3.490197 0.834371 9.106907
v -3.390422 0.901661 8.808942
v -3.200961 0.927526 8.897784
v -3.367223 1.055493 9.034212
vt 0.181819 0.000000
vt 0.272728 0.157461
vt 0.090910 0.157461
vt 0.363637 0.000000
vt 0.454546 0.157461
vt 0.909091 0.000000
vt 1.000000 0.157461
vt 0.818182 0.157461
vt 0.727273 0.000000
vt 0.636364 0.157461
vt 0.545455 0.000000
vt 0.363637 0.314921
vt 0.181819 0.314921
vt 0.909091 0.314921
vt 0.727273 0.314921
vt 0.545455 0.314921
vt 0.000000 0.314921
vt 0.272728 0.472382
vt 0.090910 0.472382
vt 0.818182 0.472382
vt 0.636364 0.472382
vt 0.454546 0.472382
vn 0.1879 -0.9238 -0.3336
vn 0.1889 -0.9241 -0.3321
vn 0.1869 -0.9245 -0.3323
vn 0.1896 -0.9233 -0.3340
vn 0.1862 -0.9239 -0.3342
vn 0.1879 -0.9232 -0.3353
vn 0.9330 0.0456 0.3569
vn 0.0062 -0.4276 0.9039
vn -0.9134 -0.3632 0.1837
vn -0.5623 0.1487 -0.8135
vn 0.5620 0.4787 -0.6745
vn 0.8145 0.0011 0.5802
vn -0.3944 -0.4044 0.8252
vn -0.9448 -0.0397 -0.3253
vn 0.3084 0.5065 -0.8052
vn 0.3506 0.4436 -0.8248
vn 0.4586 0.7469 0.4815
vn -0.3779 0.4720 0.7965
vn -0.8828 0.4253 -0.1995
vn 0.1560 0.8082 -0.5679
vn 0.3039 0.8511 -0.4281
usemtl .GWALD_Materialexp.004
s 1
f 3830/4359/824 3831/4360/825 3832/4361/826
f 3831/4360/825 3830/4362/824 3833/4363/827
f 3830/4364/824 3832/4365/826 3834/4366/828
f 3830/4367/824 3834/4366/828 3835/4368/829
f 3830/4369/824 3835/4368/829 3833/4363/827
f 3831/4360/830 3833/4363/830 3836/4370/830
f 3832/4361/831 3831/4360/831 3837/4371/831
f 3834/4366/832 3832/4365/832 3838/4372/832
f 3835/4368/833 3834/4366/833 3839/4373/833
f 3833/4363/834 3835/4368/834 3840/4374/834
f 3831/4360/835 3836/4370/835 3837/4371/835
f 3832/4361/836 3837/4371/836 3838/4375/836
f 3834/4366/837 3838/4372/837 3839/4373/837
f 3835/4368/838 3839/4373/838 3840/4374/838
f 3833/4363/839 3840/4374/839 3836/4370/839
f 3837/4371/840 3836/4370/840 3841/4376/840
f 3838/4375/841 3837/4371/841 3841/4377/841
f 3839/4373/842 3838/4372/842 3841/4378/842
f 3840/4374/843 3839/4373/843 3841/4379/843
f 3836/4370/844 3840/4374/844 3841/4380/844
o Icosphere.018_Icosphere.003
v -2.846711 0.036871 8.610905
v -2.977145 0.025269 8.723467
v -2.945438 0.177387 8.592847
v -2.828362 -0.110610 8.698830
v -2.777056 0.135521 8.487477
v -2.704700 -0.042471 8.552980
v -2.486261 0.247510 9.190101
v -2.609501 0.479097 9.212888
v -2.499594 0.597369 9.052858
v -2.344591 0.422337 8.988951
v -2.405294 0.342469 9.112350
v -2.362741 0.516485 9.171827
vt 0.181819 0.000000
vt 0.272728 0.157461
vt 0.090910 0.157461
vt 0.363637 0.000000
vt 0.454546 0.157461
vt 0.909091 0.000000
vt 1.000000 0.157461
vt 0.818182 0.157461
vt 0.727273 0.000000
vt 0.636364 0.157461
vt 0.545455 0.000000
vt 0.363637 0.314921
vt 0.181819 0.314921
vt 0.909091 0.314921
vt 0.727273 0.314921
vt 0.545455 0.314921
vt 0.000000 0.314921
vt 0.272728 0.472382
vt 0.090910 0.472382
vt 0.818182 0.472382
vt 0.636364 0.472382
vt 0.454546 0.472382
vn -0.5485 -0.4760 -0.6874
vn -0.5499 -0.4761 -0.6863
vn -0.5496 -0.4745 -0.6876
vn -0.5483 -0.4775 -0.6865
vn -0.5478 -0.4749 -0.6887
vn -0.5470 -0.4768 -0.6881
vn -0.4101 -0.5771 0.7062
vn -0.8697 0.4132 0.2701
vn -0.1610 0.8016 -0.5758
vn 0.7405 0.0545 -0.6698
vn 0.6304 -0.7547 0.1819
vn -0.5488 -0.3660 0.7516
vn -0.7057 0.7074 0.0381
vn 0.3985 0.6047 -0.6896
vn 0.7926 -0.6097 -0.0047
vn 0.7462 -0.6648 -0.0350
vn 0.1655 -0.0090 0.9862
vn -0.0262 0.8124 0.5825
vn 0.6613 0.6916 -0.2904
vn 0.9171 -0.3099 0.2506
vn 0.8293 -0.3513 0.4345
usemtl .GWALD_Materialexp.004
s 1
f 3842/4381/845 3843/4382/846 3844/4383/847
f 3843/4382/846 3842/4384/845 3845/4385/848
f 3842/4386/845 3844/4387/847 3846/4388/849
f 3842/4389/845 3846/4388/849 3847/4390/850
f 3842/4391/845 3847/4390/850 3845/4385/848
f 3843/4382/851 3845/4385/851 3848/4392/851
f 3844/4383/852 3843/4382/852 3849/4393/852
f 3846/4388/853 3844/4387/853 3850/4394/853
f 3847/4390/854 3846/4388/854 3851/4395/854
f 3845/4385/855 3847/4390/855 3852/4396/855
f 3843/4382/856 3848/4392/856 3849/4393/856
f 3844/4383/857 3849/4393/857 3850/4397/857
f 3846/4388/858 3850/4394/858 3851/4395/858
f 3847/4390/859 3851/4395/859 3852/4396/859
f 3845/4385/860 3852/4396/860 3848/4392/860
f 3849/4393/861 3848/4392/861 3853/4398/861
f 3850/4397/862 3849/4393/862 3853/4399/862
f 3851/4395/863 3850/4394/863 3853/4400/863
f 3852/4396/864 3851/4395/864 3853/4401/864
f 3848/4392/865 3852/4396/865 3853/4402/865
o Icosphere.019_Icosphere.003
v -2.864897 0.036871 8.659919
v -3.031913 0.025270 8.617622
v -2.906722 0.177387 8.568685
v -2.926401 -0.110610 8.725375
v -2.723837 0.135521 8.646195
v -2.735999 -0.042471 8.743035
v -3.089931 0.313684 9.226470
v -3.119815 0.497238 9.198520
v -3.024322 0.563236 9.194362
v -2.860174 0.395297 9.259882
v -3.015230 0.332833 9.321689
v -3.044202 0.581365 9.519156
vt 0.181819 0.000000
vt 0.272728 0.157461
vt 0.090910 0.157461
vt 0.363637 0.000000
vt 0.454546 0.157461
vt 0.909091 0.000000
vt 1.000000 0.157461
vt 0.818182 0.157461
vt 0.727273 0.000000
vt 0.636364 0.157461
vt 0.545455 0.000000
vt 0.363637 0.314921
vt 0.181819 0.314921
vt 0.909091 0.314921
vt 0.727273 0.314921
vt 0.545455 0.314921
vt 0.000000 0.314921
vt 0.272728 0.472382
vt 0.090910 0.472382
vt 0.818182 0.472382
vt 0.636364 0.472382
vt 0.454546 0.472382
vn 0.2486 -0.4760 -0.8436
vn 0.2468 -0.4761 -0.8441
vn 0.2481 -0.4745 -0.8446
vn 0.2479 -0.4775 -0.8429
vn 0.2501 -0.4749 -0.8437
vn 0.2499 -0.4768 -0.8427
vn -0.8383 -0.5193 0.1661
vn -0.7455 0.4576 -0.4846
vn 0.3722 0.8196 -0.4355
vn 0.9789 0.0418 0.1998
vn 0.2186 -0.7672 0.6031
vn -0.9865 -0.1632 -0.0167
vn -0.5007 0.6916 -0.5206
vn 0.7330 0.6694 -0.1205
vn 0.4929 -0.6019 0.6283
vn -0.4369 -0.7517 0.4939
vn -0.9593 -0.1171 0.2569
vn -0.5691 0.8183 -0.0805
vn 0.7142 0.6999 0.0046
vn 0.4876 -0.5076 0.7104
vn -0.6086 -0.5359 0.5852
usemtl .GWALD_Materialexp.004
s 1
f 3854/4403/866 3855/4404/867 3856/4405/868
f 3855/4404/867 3854/4406/866 3857/4407/869
f 3854/4408/866 3856/4409/868 3858/4410/870
f 3854/4411/866 3858/4410/870 3859/4412/871
f 3854/4413/866 3859/4412/871 3857/4407/869
f 3855/4404/872 3857/4407/872 3860/4414/872
f 3856/4405/873 3855/4404/873 3861/4415/873
f 3858/4410/874 3856/4409/874 3862/4416/874
f 3859/4412/875 3858/4410/875 3863/4417/875
f 3857/4407/876 3859/4412/876 3864/4418/876
f 3855/4404/877 3860/4414/877 3861/4415/877
f 3856/4405/878 3861/4415/878 3862/4419/878
f 3858/4410/879 3862/4416/879 3863/4417/879
f 3859/4412/880 3863/4417/880 3864/4418/880
f 3857/4407/881 3864/4418/881 3860/4414/881
f 3861/4415/882 3860/4414/882 3865/4420/882
f 3862/4419/883 3861/4415/883 3865/4421/883
f 3863/4417/884 3862/4416/884 3865/4422/884
f 3864/4418/885 3863/4417/885 3865/4423/885
f 3860/4414/886 3864/4418/886 3865/4424/886
o Icosphere.022_Icosphere.003
v -3.132962 0.020070 8.447265
v -3.236542 0.027040 8.490901
v -3.206818 0.016517 8.362329
v -3.123116 0.028211 8.559151
v -3.075016 0.011183 8.351115
v -3.023285 0.018412 8.472761
v -3.195416 1.082508 8.606023
v -3.343441 1.109043 8.318372
v -3.158494 1.094555 8.142754
v -2.885041 1.063559 8.268628
v -2.972187 1.090675 8.460991
v -3.130611 1.346852 8.373254
vt 0.181819 0.000000
vt 0.272728 0.157461
vt 0.090910 0.157461
vt 0.363637 0.000000
vt 0.454546 0.157461
vt 0.909091 0.000000
vt 1.000000 0.157461
vt 0.818182 0.157461
vt 0.727273 0.000000
vt 0.636364 0.157461
vt 0.545455 0.000000
vt 0.363637 0.314921
vt 0.181819 0.314921
vt 0.909091 0.314921
vt 0.727273 0.314921
vt 0.545455 0.314921
vt 0.000000 0.314921
vt 0.272728 0.472382
vt 0.090910 0.472382
vt 0.818182 0.472382
vt 0.636364 0.472382
vt 0.454546 0.472382
vn -0.0341 -0.9967 0.0737
vn -0.0357 -0.9966 0.0744
vn -0.0352 -0.9968 0.0723
vn -0.0339 -0.9966 0.0755
vn -0.0331 -0.9968 0.0722
vn -0.0323 -0.9967 0.0741
vn -0.5136 -0.0732 0.8549
vn -0.9684 -0.1297 -0.2133
vn -0.0909 -0.1948 -0.9766
vn 0.9070 -0.1931 -0.3742
vn 0.6529 -0.0228 0.7571
vn -0.8896 -0.0151 0.4564
vn -0.6887 -0.1149 -0.7158
vn 0.4004 -0.1432 -0.9051
vn 0.9081 -0.0387 0.4169
vn 0.5448 0.0001 0.8386
vn -0.7218 0.5486 0.4220
vn -0.5223 0.6059 -0.6000
vn 0.3903 0.5971 -0.7008
vn 0.7747 0.5717 0.2704
vn 0.4499 0.5255 0.7221
usemtl .GWALD_Materialexp.004
s 1
f 3866/4425/887 3867/4426/888 3868/4427/889
f 3867/4426/888 3866/4428/887 3869/4429/890
f 3866/4430/887 3868/4431/889 3870/4432/891
f 3866/4433/887 3870/4432/891 3871/4434/892
f 3866/4435/887 3871/4434/892 3869/4429/890
f 3867/4426/893 3869/4429/893 3872/4436/893
f 3868/4427/894 3867/4426/894 3873/4437/894
f 3870/4432/895 3868/4431/895 3874/4438/895
f 3871/4434/896 3870/4432/896 3875/4439/896
f 3869/4429/897 3871/4434/897 3876/4440/897
f 3867/4426/898 3872/4436/898 3873/4437/898
f 3868/4427/899 3873/4437/899 3874/4441/899
f 3870/4432/900 3874/4438/900 3875/4439/900
f 3871/4434/901 3875/4439/901 3876/4440/901
f 3869/4429/902 3876/4440/902 3872/4436/902
f 3873/4437/903 3872/4436/903 3877/4442/903
f 3874/4441/904 3873/4437/904 3877/4443/904
f 3875/4439/905 3874/4438/905 3877/4444/905
f 3876/4440/906 3875/4439/906 3877/4445/906
f 3872/4436/907 3876/4440/907 3877/4446/907
o Icosphere.021_Icosphere.003
v -2.948055 0.017313 8.469620
v -3.050108 -0.012931 8.440787
v -2.941581 -0.038097 8.374495
v -3.017631 0.054266 8.546787
v -2.842030 0.013548 8.439523
v -2.889034 0.070632 8.546006
v -3.291859 0.919761 8.048046
v -3.206452 0.810032 7.762218
v -2.958461 0.839856 7.748525
v -2.848098 0.964518 7.993681
v -3.042033 0.992728 8.064853
v -3.139641 1.117503 7.801629
vt 0.181819 0.000000
vt 0.272728 0.157461
vt 0.090910 0.157461
vt 0.363637 0.000000
vt 0.454546 0.157461
vt 0.909091 0.000000
vt 1.000000 0.157461
vt 0.818182 0.157461
vt 0.727273 0.000000
vt 0.636364 0.157461
vt 0.545455 0.000000
vt 0.363637 0.314921
vt 0.181819 0.314921
vt 0.909091 0.314921
vt 0.727273 0.314921
vt 0.545455 0.314921
vt 0.000000 0.314921
vt 0.272728 0.472382
vt 0.090910 0.472382
vt 0.818182 0.472382
vt 0.636364 0.472382
vt 0.454546 0.472382
vn 0.1118 -0.8544 0.5074
vn 0.1101 -0.8549 0.5069
vn 0.1119 -0.8553 0.5058
vn 0.1107 -0.8538 0.5087
vn 0.1135 -0.8545 0.5069
vn 0.1128 -0.8536 0.5087
vn -0.9331 -0.0959 0.3467
vn -0.5133 -0.6019 -0.6118
vn 0.6398 -0.4380 -0.6316
vn 0.9319 0.1589 0.3262
vn -0.0525 0.4551 0.8889
vn -0.9369 -0.3105 -0.1607
vn 0.0248 -0.5800 -0.8142
vn 0.9279 -0.1534 -0.3397
vn 0.3631 0.4777 0.8000
vn -0.1888 0.4447 0.8755
vn -0.9003 0.2420 -0.3619
vn -0.0716 0.1421 -0.9873
vn 0.6428 0.5260 -0.5569
vn 0.2550 0.9069 0.3354
vn -0.2743 0.8256 0.4931
usemtl .GWALD_Materialexp.004
s 1
f 3878/4447/908 3879/4448/909 3880/4449/910
f 3879/4448/909 3878/4450/908 3881/4451/911
f 3878/4452/908 3880/4453/910 3882/4454/912
f 3878/4455/908 3882/4454/912 3883/4456/913
f 3878/4457/908 3883/4456/913 3881/4451/911
f 3879/4448/914 3881/4451/914 3884/4458/914
f 3880/4449/915 3879/4448/915 3885/4459/915
f 3882/4454/916 3880/4453/916 3886/4460/916
f 3883/4456/917 3882/4454/917 3887/4461/917
f 3881/4451/918 3883/4456/918 3888/4462/918
f 3879/4448/919 3884/4458/919 3885/4459/919
f 3880/4449/920 3885/4459/920 3886/4463/920
f 3882/4454/921 3886/4460/921 3887/4461/921
f 3883/4456/922 3887/4461/922 3888/4462/922
f 3881/4451/923 3888/4462/923 3884/4458/923
f 3885/4459/924 3884/4458/924 3889/4464/924
f 3886/4463/925 3885/4459/925 3889/4465/925
f 3887/4461/926 3886/4460/926 3889/4466/926
f 3888/4462/927 3887/4461/927 3889/4467/927
f 3884/4458/928 3888/4462/928 3889/4468/928
o Icosphere.023_Icosphere.003
v -2.757778 -0.065907 8.669799
v -2.823781 -0.103115 8.605232
v -2.709737 -0.126453 8.606730
v -2.846571 -0.028166 8.692808
v -2.662044 -0.065926 8.695233
v -2.746614 -0.005183 8.748432
v -2.828898 0.670664 8.065512
v -2.633278 0.543945 7.898297
v -2.491005 0.585266 8.112353
v -2.460522 0.733342 8.219116
v -2.699351 0.754407 8.264922
v -2.598325 0.854082 7.917474
vt 0.181819 0.000000
vt 0.272728 0.157461
vt 0.090910 0.157461
vt 0.363637 0.000000
vt 0.454546 0.157461
vt 0.909091 0.000000
vt 1.000000 0.157461
vt 0.818182 0.157461
vt 0.727273 0.000000
vt 0.636364 0.157461
vt 0.545455 0.000000
vt 0.363637 0.314921
vt 0.181819 0.314921
vt 0.909091 0.314921
vt 0.727273 0.314921
vt 0.545455 0.314921
vt 0.000000 0.314921
vt 0.272728 0.472382
vt 0.090910 0.472382
vt 0.818182 0.472382
vt 0.636364 0.472382
vt 0.454546 0.472382
vn -0.1657 -0.7701 0.6160
vn -0.1669 -0.7708 0.6148
vn -0.1648 -0.7712 0.6148
vn -0.1673 -0.7695 0.6164
vn -0.1639 -0.7701 0.6164
vn -0.1655 -0.7691 0.6174
vn -0.9809 -0.1156 -0.1564
vn -0.1367 -0.7121 -0.6886
vn 0.8897 -0.4112 -0.1983
vn 0.6429 0.2658 0.7184
vn -0.5078 0.4849 0.7121
vn -0.7312 -0.3935 -0.5572
vn 0.7571 -0.5134 -0.4041
vn 0.9737 -0.2251 0.0342
vn 0.2050 0.5165 0.8314
vn -0.8420 0.3720 0.3907
vn -0.6006 0.1166 -0.7910
vn 0.8366 -0.0606 -0.5444
vn 0.9189 0.0881 -0.3845
vn 0.1425 0.9397 0.3110
vn -0.5999 0.7982 0.0545
usemtl .GWALD_Materialexp.004
s 1
f 3890/4469/929 3891/4470/930 3892/4471/931
f 3891/4470/930 3890/4472/929 3893/4473/932
f 3890/4474/929 3892/4475/931 3894/4476/933
f 3890/4477/929 3894/4476/933 3895/4478/934
f 3890/4479/929 3895/4478/934 3893/4473/932
f 3891/4470/935 3893/4473/935 3896/4480/935
f 3892/4471/936 3891/4470/936 3897/4481/936
f 3894/4476/937 3892/4475/937 3898/4482/937
f 3895/4478/938 3894/4476/938 3899/4483/938
f 3893/4473/939 3895/4478/939 3900/4484/939
f 3891/4470/940 3896/4480/940 3897/4481/940
f 3892/4471/941 3897/4481/941 3898/4485/941
f 3894/4476/942 3898/4482/942 3899/4483/942
f 3895/4478/943 3899/4483/943 3900/4484/943
f 3893/4473/944 3900/4484/944 3896/4480/944
f 3897/4481/945 3896/4480/945 3901/4486/945
f 3898/4485/946 3897/4481/946 3901/4487/946
f 3899/4483/947 3898/4482/947 3901/4488/947
f 3900/4484/948 3899/4483/948 3901/4489/948
f 3896/4480/949 3900/4484/949 3901/4490/949
o Icosphere.024_Icosphere.003
v -3.134669 -0.008539 8.570197
v -3.183804 -0.032977 8.648758
v -3.221356 -0.038754 8.542704
v -3.078432 0.006794 8.646262
v -3.139194 -0.002552 8.474659
v -3.050861 0.025597 8.538662
v -3.406445 0.820016 8.849690
v -3.644590 0.779936 8.715617
v -3.601822 0.816857 8.505704
v -3.356105 0.883992 8.467816
v -3.330983 0.888349 8.647199
v -3.548655 1.036960 8.689718
vt 0.181819 0.000000
vt 0.272728 0.157461
vt 0.090910 0.157461
vt 0.363637 0.000000
vt 0.454546 0.157461
vt 0.909091 0.000000
vt 1.000000 0.157461
vt 0.818182 0.157461
vt 0.727273 0.000000
vt 0.636364 0.157461
vt 0.545455 0.000000
vt 0.363637 0.314921
vt 0.181819 0.314921
vt 0.909091 0.314921
vt 0.727273 0.314921
vt 0.545455 0.314921
vt 0.000000 0.314921
vt 0.272728 0.472382
vt 0.090910 0.472382
vt 0.818182 0.472382
vt 0.636364 0.472382
vt 0.454546 0.472382
vn 0.3507 -0.9336 -0.0733
vn 0.3497 -0.9341 -0.0718
vn 0.3490 -0.9342 -0.0738
vn 0.3517 -0.9333 -0.0719
vn 0.3506 -0.9335 -0.0751
vn 0.3522 -0.9330 -0.0739
vn 0.0998 -0.2034 0.9740
vn -0.8144 -0.4875 0.3149
vn -0.5389 -0.2741 -0.7965
vn 0.5545 0.1293 -0.8221
vn 0.9223 0.2639 0.2824
vn -0.4259 -0.3113 0.8495
vn -0.8806 -0.4024 -0.2502
vn -0.1410 -0.0421 -0.9891
vn 0.9366 0.3216 -0.1390
vn 0.8764 0.2506 0.4112
vn -0.5065 0.2715 0.8184
vn -0.9330 0.3350 -0.1312
vn -0.2867 0.6543 -0.6998
vn 0.5482 0.8307 -0.0970
vn 0.5626 0.6968 0.4448
usemtl .GWALD_Materialexp.004
s 1
f 3902/4491/950 3903/4492/951 3904/4493/952
f 3903/4492/951 3902/4494/950 3905/4495/953
f 3902/4496/950 3904/4497/952 3906/4498/954
f 3902/4499/950 3906/4498/954 3907/4500/955
f 3902/4501/950 3907/4500/955 3905/4495/953
f 3903/4492/956 3905/4495/956 3908/4502/956
f 3904/4493/957 3903/4492/957 3909/4503/957
f 3906/4498/958 3904/4497/958 3910/4504/958
f 3907/4500/959 3906/4498/959 3911/4505/959
f 3905/4495/960 3907/4500/960 3912/4506/960
f 3903/4492/961 3908/4502/961 3909/4503/961
f 3904/4493/962 3909/4503/962 3910/4507/962
f 3906/4498/963 3910/4504/963 3911/4505/963
f 3907/4500/964 3911/4505/964 3912/4506/964
f 3905/4495/965 3912/4506/965 3908/4502/965
f 3909/4503/966 3908/4502/966 3913/4508/966
f 3910/4507/967 3909/4503/967 3913/4509/967
f 3911/4505/968 3910/4504/968 3913/4510/968
f 3912/4506/969 3911/4505/969 3913/4511/969
f 3908/4502/970 3912/4506/970 3913/4512/970
o Icosphere.024_Icosphere.001_Icosphere.024_Icosphere.004
v 3.425257 -0.008539 8.752875
v 3.376122 -0.032977 8.831436
v 3.338570 -0.038754 8.725382
v 3.481493 0.006794 8.828940
v 3.420732 -0.002552 8.657337
v 3.509065 0.025597 8.721340
v 3.153481 0.820016 9.032369
v 2.915336 0.779936 8.898295
v 2.958104 0.816857 8.688382
v 3.203821 0.883992 8.650495
v 3.228943 0.888349 8.829877
v 3.011271 1.036960 8.872396
vt 0.181819 0.000000
vt 0.272728 0.157461
vt 0.090910 0.157461
vt 0.363637 0.000000
vt 0.454546 0.157461
vt 0.909091 0.000000
vt 1.000000 0.157461
vt 0.818182 0.157461
vt 0.727273 0.000000
vt 0.636364 0.157461
vt 0.545455 0.000000
vt 0.363637 0.314921
vt 0.181819 0.314921
vt 0.909091 0.314921
vt 0.727273 0.314921
vt 0.545455 0.314921
vt 0.000000 0.314921
vt 0.272728 0.472382
vt 0.090910 0.472382
vt 0.818182 0.472382
vt 0.636364 0.472382
vt 0.454546 0.472382
vn 0.3507 -0.9336 -0.0733
vn 0.3497 -0.9341 -0.0718
vn 0.3490 -0.9342 -0.0738
vn 0.3517 -0.9333 -0.0719
vn 0.3506 -0.9335 -0.0751
vn 0.3522 -0.9330 -0.0739
vn 0.0998 -0.2034 0.9740
vn -0.8144 -0.4875 0.3149
vn -0.5389 -0.2741 -0.7965
vn 0.5545 0.1293 -0.8221
vn 0.9223 0.2639 0.2824
vn -0.4259 -0.3113 0.8495
vn -0.8806 -0.4024 -0.2502
vn -0.1410 -0.0421 -0.9891
vn 0.9366 0.3216 -0.1390
vn 0.8764 0.2506 0.4112
vn -0.5065 0.2715 0.8184
vn -0.9330 0.3350 -0.1312
vn -0.2867 0.6543 -0.6998
vn 0.5482 0.8307 -0.0970
vn 0.5626 0.6968 0.4448
usemtl .GWALD_Materialexp.005
s 1
f 3914/4513/971 3915/4514/972 3916/4515/973
f 3915/4514/972 3914/4516/971 3917/4517/974
f 3914/4518/971 3916/4519/973 3918/4520/975
f 3914/4521/971 3918/4520/975 3919/4522/976
f 3914/4523/971 3919/4522/976 3917/4517/974
f 3915/4514/977 3917/4517/977 3920/4524/977
f 3916/4515/978 3915/4514/978 3921/4525/978
f 3918/4520/979 3916/4519/979 3922/4526/979
f 3919/4522/980 3918/4520/980 3923/4527/980
f 3917/4517/981 3919/4522/981 3924/4528/981
f 3915/4514/982 3920/4524/982 3921/4525/982
f 3916/4515/983 3921/4525/983 3922/4529/983
f 3918/4520/984 3922/4526/984 3923/4527/984
f 3919/4522/985 3923/4527/985 3924/4528/985
f 3917/4517/986 3924/4528/986 3920/4524/986
f 3921/4525/987 3920/4524/987 3925/4530/987
f 3922/4529/988 3921/4525/988 3925/4531/988
f 3923/4527/989 3922/4526/989 3925/4532/989
f 3924/4528/990 3923/4527/990 3925/4533/990
f 3920/4524/991 3924/4528/991 3925/4534/991
o Icosphere.023_Icosphere.001_Icosphere.023_Icosphere.004
v 3.802148 -0.065907 8.852477
v 3.736145 -0.103115 8.787910
v 3.850188 -0.126453 8.789408
v 3.713355 -0.028166 8.875486
v 3.897882 -0.065926 8.877912
v 3.813312 -0.005183 8.931110
v 3.731028 0.670664 8.248190
v 3.926648 0.543945 8.080976
v 4.068921 0.585266 8.295032
v 4.099403 0.733342 8.401794
v 3.860574 0.754407 8.447600
v 3.961601 0.854082 8.100152
vt 0.181819 0.000000
vt 0.272728 0.157461
vt 0.090910 0.157461
vt 0.363637 0.000000
vt 0.454546 0.157461
vt 0.909091 0.000000
vt 1.000000 0.157461
vt 0.818182 0.157461
vt 0.727273 0.000000
vt 0.636364 0.157461
vt 0.545455 0.000000
vt 0.363637 0.314921
vt 0.181819 0.314921
vt 0.909091 0.314921
vt 0.727273 0.314921
vt 0.545455 0.314921
vt 0.000000 0.314921
vt 0.272728 0.472382
vt 0.090910 0.472382
vt 0.818182 0.472382
vt 0.636364 0.472382
vt 0.454546 0.472382
vn -0.1657 -0.7701 0.6160
vn -0.1669 -0.7708 0.6148
vn -0.1648 -0.7712 0.6148
vn -0.1673 -0.7695 0.6164
vn -0.1639 -0.7701 0.6164
vn -0.1655 -0.7691 0.6174
vn -0.9809 -0.1156 -0.1564
vn -0.1367 -0.7121 -0.6886
vn 0.8897 -0.4112 -0.1983
vn 0.6429 0.2658 0.7184
vn -0.5078 0.4849 0.7121
vn -0.7312 -0.3935 -0.5572
vn 0.7571 -0.5134 -0.4041
vn 0.9737 -0.2251 0.0342
vn 0.2050 0.5165 0.8314
vn -0.8420 0.3720 0.3907
vn -0.6006 0.1166 -0.7910
vn 0.8366 -0.0606 -0.5444
vn 0.9189 0.0881 -0.3845
vn 0.1425 0.9397 0.3110
vn -0.5999 0.7982 0.0545
usemtl .GWALD_Materialexp.005
s 1
f 3926/4535/992 3927/4536/993 3928/4537/994
f 3927/4536/993 3926/4538/992 3929/4539/995
f 3926/4540/992 3928/4541/994 3930/4542/996
f 3926/4543/992 3930/4542/996 3931/4544/997
f 3926/4545/992 3931/4544/997 3929/4539/995
f 3927/4536/998 3929/4539/998 3932/4546/998
f 3928/4537/999 3927/4536/999 3933/4547/999
f 3930/4542/1000 3928/4541/1000 3934/4548/1000
f 3931/4544/1001 3930/4542/1001 3935/4549/1001
f 3929/4539/1002 3931/4544/1002 3936/4550/1002
f 3927/4536/1003 3932/4546/1003 3933/4547/1003
f 3928/4537/1004 3933/4547/1004 3934/4551/1004
f 3930/4542/1005 3934/4548/1005 3935/4549/1005
f 3931/4544/1006 3935/4549/1006 3936/4550/1006
f 3929/4539/1007 3936/4550/1007 3932/4546/1007
f 3933/4547/1008 3932/4546/1008 3937/4552/1008
f 3934/4551/1009 3933/4547/1009 3937/4553/1009
f 3935/4549/1010 3934/4548/1010 3937/4554/1010
f 3936/4550/1011 3935/4549/1011 3937/4555/1011
f 3932/4546/1012 3936/4550/1012 3937/4556/1012
o Icosphere.022_Icosphere.001_Icosphere.022_Icosphere.004
v 3.426964 0.020070 8.629943
v 3.323384 0.027040 8.673579
v 3.353108 0.016517 8.545007
v 3.436810 0.028211 8.741829
v 3.484910 0.011183 8.533793
v 3.536641 0.018412 8.655439
v 3.364510 1.082508 8.788701
v 3.216485 1.109043 8.501050
v 3.401432 1.094555 8.325432
v 3.674885 1.063559 8.451306
v 3.587739 1.090675 8.643669
v 3.429315 1.346852 8.555932
vt 0.181819 0.000000
vt 0.272728 0.157461
vt 0.090910 0.157461
vt 0.363637 0.000000
vt 0.454546 0.157461
vt 0.909091 0.000000
vt 1.000000 0.157461
vt 0.818182 0.157461
vt 0.727273 0.000000
vt 0.636364 0.157461
vt 0.545455 0.000000
vt 0.363637 0.314921
vt 0.181819 0.314921
vt 0.909091 0.314921
vt 0.727273 0.314921
vt 0.545455 0.314921
vt 0.000000 0.314921
vt 0.272728 0.472382
vt 0.090910 0.472382
vt 0.818182 0.472382
vt 0.636364 0.472382
vt 0.454546 0.472382
vn -0.0341 -0.9967 0.0737
vn -0.0357 -0.9966 0.0744
vn -0.0352 -0.9968 0.0723
vn -0.0339 -0.9966 0.0755
vn -0.0331 -0.9968 0.0722
vn -0.0323 -0.9967 0.0741
vn -0.5136 -0.0732 0.8549
vn -0.9684 -0.1297 -0.2133
vn -0.0909 -0.1948 -0.9766
vn 0.9070 -0.1931 -0.3742
vn 0.6529 -0.0228 0.7571
vn -0.8896 -0.0151 0.4564
vn -0.6887 -0.1149 -0.7158
vn 0.4004 -0.1432 -0.9051
vn 0.9081 -0.0387 0.4169
vn 0.5448 0.0001 0.8386
vn -0.7218 0.5486 0.4220
vn -0.5223 0.6059 -0.6000
vn 0.3903 0.5971 -0.7008
vn 0.7747 0.5717 0.2704
vn 0.4499 0.5255 0.7221
usemtl .GWALD_Materialexp.005
s 1
f 3938/4557/1013 3939/4558/1014 3940/4559/1015
f 3939/4558/1014 3938/4560/1013 3941/4561/1016
f 3938/4562/1013 3940/4563/1015 3942/4564/1017
f 3938/4565/1013 3942/4564/1017 3943/4566/1018
f 3938/4567/1013 3943/4566/1018 3941/4561/1016
f 3939/4558/1019 3941/4561/1019 3944/4568/1019
f 3940/4559/1020 3939/4558/1020 3945/4569/1020
f 3942/4564/1021 3940/4563/1021 3946/4570/1021
f 3943/4566/1022 3942/4564/1022 3947/4571/1022
f 3941/4561/1023 3943/4566/1023 3948/4572/1023
f 3939/4558/1024 3944/4568/1024 3945/4569/1024
f 3940/4559/1025 3945/4569/1025 3946/4573/1025
f 3942/4564/1026 3946/4570/1026 3947/4571/1026
f 3943/4566/1027 3947/4571/1027 3948/4572/1027
f 3941/4561/1028 3948/4572/1028 3944/4568/1028
f 3945/4569/1029 3944/4568/1029 3949/4574/1029
f 3946/4573/1030 3945/4569/1030 3949/4575/1030
f 3947/4571/1031 3946/4570/1031 3949/4576/1031
f 3948/4572/1032 3947/4571/1032 3949/4577/1032
f 3944/4568/1033 3948/4572/1033 3949/4578/1033
o Icosphere.021_Icosphere.001_Icosphere.021_Icosphere.004
v 3.611871 0.017313 8.652298
v 3.509818 -0.012931 8.623466
v 3.618345 -0.038097 8.557173
v 3.542295 0.054266 8.729465
v 3.717896 0.013548 8.622201
v 3.670892 0.070632 8.728684
v 3.268067 0.919761 8.230724
v 3.353474 0.810032 7.944896
v 3.601465 0.839856 7.931203
v 3.711828 0.964518 8.176359
v 3.517893 0.992728 8.247531
v 3.420285 1.117503 7.984307
vt 0.181819 0.000000
vt 0.272728 0.157461
vt 0.090910 0.157461
vt 0.363637 0.000000
vt 0.454546 0.157461
vt 0.909091 0.000000
vt 1.000000 0.157461
vt 0.818182 0.157461
vt 0.727273 0.000000
vt 0.636364 0.157461
vt 0.545455 0.000000
vt 0.363637 0.314921
vt 0.181819 0.314921
vt 0.909091 0.314921
vt 0.727273 0.314921
vt 0.545455 0.314921
vt 0.000000 0.314921
vt 0.272728 0.472382
vt 0.090910 0.472382
vt 0.818182 0.472382
vt 0.636364 0.472382
vt 0.454546 0.472382
vn 0.1118 -0.8544 0.5074
vn 0.1101 -0.8549 0.5069
vn 0.1119 -0.8553 0.5058
vn 0.1107 -0.8538 0.5087
vn 0.1135 -0.8545 0.5069
vn 0.1128 -0.8536 0.5087
vn -0.9331 -0.0959 0.3467
vn -0.5133 -0.6019 -0.6118
vn 0.6398 -0.4380 -0.6316
vn 0.9319 0.1589 0.3262
vn -0.0525 0.4551 0.8889
vn -0.9369 -0.3105 -0.1607
vn 0.0248 -0.5800 -0.8142
vn 0.9279 -0.1534 -0.3397
vn 0.3631 0.4777 0.8000
vn -0.1888 0.4447 0.8755
vn -0.9003 0.2420 -0.3619
vn -0.0716 0.1421 -0.9873
vn 0.6428 0.5260 -0.5569
vn 0.2550 0.9069 0.3354
vn -0.2743 0.8256 0.4931
usemtl .GWALD_Materialexp.005
s 1
f 3950/4579/1034 3951/4580/1035 3952/4581/1036
f 3951/4580/1035 3950/4582/1034 3953/4583/1037
f 3950/4584/1034 3952/4585/1036 3954/4586/1038
f 3950/4587/1034 3954/4586/1038 3955/4588/1039
f 3950/4589/1034 3955/4588/1039 3953/4583/1037
f 3951/4580/1040 3953/4583/1040 3956/4590/1040
f 3952/4581/1041 3951/4580/1041 3957/4591/1041
f 3954/4586/1042 3952/4585/1042 3958/4592/1042
f 3955/4588/1043 3954/4586/1043 3959/4593/1043
f 3953/4583/1044 3955/4588/1044 3960/4594/1044
f 3951/4580/1045 3956/4590/1045 3957/4591/1045
f 3952/4581/1046 3957/4591/1046 3958/4595/1046
f 3954/4586/1047 3958/4592/1047 3959/4593/1047
f 3955/4588/1048 3959/4593/1048 3960/4594/1048
f 3953/4583/1049 3960/4594/1049 3956/4590/1049
f 3957/4591/1050 3956/4590/1050 3961/4596/1050
f 3958/4595/1051 3957/4591/1051 3961/4597/1051
f 3959/4593/1052 3958/4592/1052 3961/4598/1052
f 3960/4594/1053 3959/4593/1053 3961/4599/1053
f 3956/4590/1054 3960/4594/1054 3961/4600/1054
o Icosphere.019_Icosphere.001_Icosphere.019_Icosphere.004
v 3.695029 0.036871 8.842597
v 3.528013 0.025270 8.800301
v 3.653203 0.177387 8.751363
v 3.633525 -0.110610 8.908053
v 3.836089 0.135521 8.828874
v 3.823927 -0.042471 8.925714
v 3.469995 0.313684 9.409148
v 3.440111 0.497238 9.381198
v 3.535604 0.563236 9.377040
v 3.699752 0.395297 9.442560
v 3.544696 0.332833 9.504367
v 3.515724 0.581365 9.701834
vt 0.181819 0.000000
vt 0.272728 0.157461
vt 0.090910 0.157461
vt 0.363637 0.000000
vt 0.454546 0.157461
vt 0.909091 0.000000
vt 1.000000 0.157461
vt 0.818182 0.157461
vt 0.727273 0.000000
vt 0.636364 0.157461
vt 0.545455 0.000000
vt 0.363637 0.314921
vt 0.181819 0.314921
vt 0.909091 0.314921
vt 0.727273 0.314921
vt 0.545455 0.314921
vt 0.000000 0.314921
vt 0.272728 0.472382
vt 0.090910 0.472382
vt 0.818182 0.472382
vt 0.636364 0.472382
vt 0.454546 0.472382
vn 0.2486 -0.4760 -0.8436
vn 0.2468 -0.4761 -0.8440
vn 0.2481 -0.4745 -0.8446
vn 0.2479 -0.4775 -0.8429
vn 0.2501 -0.4749 -0.8437
vn 0.2499 -0.4768 -0.8427
vn -0.8383 -0.5193 0.1661
vn -0.7455 0.4576 -0.4846
vn 0.3722 0.8196 -0.4355
vn 0.9789 0.0418 0.1998
vn 0.2186 -0.7672 0.6031
vn -0.9865 -0.1631 -0.0167
vn -0.5007 0.6916 -0.5206
vn 0.7330 0.6694 -0.1205
vn 0.4929 -0.6019 0.6283
vn -0.4369 -0.7517 0.4939
vn -0.9593 -0.1171 0.2569
vn -0.5691 0.8183 -0.0805
vn 0.7142 0.6999 0.0046
vn 0.4876 -0.5076 0.7104
vn -0.6086 -0.5359 0.5852
usemtl .GWALD_Materialexp.005
s 1
f 3962/4601/1055 3963/4602/1056 3964/4603/1057
f 3963/4602/1056 3962/4604/1055 3965/4605/1058
f 3962/4606/1055 3964/4607/1057 3966/4608/1059
f 3962/4609/1055 3966/4608/1059 3967/4610/1060
f 3962/4611/1055 3967/4610/1060 3965/4605/1058
f 3963/4602/1061 3965/4605/1061 3968/4612/1061
f 3964/4603/1062 3963/4602/1062 3969/4613/1062
f 3966/4608/1063 3964/4607/1063 3970/4614/1063
f 3967/4610/1064 3966/4608/1064 3971/4615/1064
f 3965/4605/1065 3967/4610/1065 3972/4616/1065
f 3963/4602/1066 3968/4612/1066 3969/4613/1066
f 3964/4603/1067 3969/4613/1067 3970/4617/1067
f 3966/4608/1068 3970/4614/1068 3971/4615/1068
f 3967/4610/1069 3971/4615/1069 3972/4616/1069
f 3965/4605/1070 3972/4616/1070 3968/4612/1070
f 3969/4613/1071 3968/4612/1071 3973/4618/1071
f 3970/4617/1072 3969/4613/1072 3973/4619/1072
f 3971/4615/1073 3970/4614/1073 3973/4620/1073
f 3972/4616/1074 3971/4615/1074 3973/4621/1074
f 3968/4612/1075 3972/4616/1075 3973/4622/1075
o Icosphere.018_Icosphere.001_Icosphere.018_Icosphere.004
v 3.713215 0.036871 8.793583
v 3.582781 0.025269 8.906145
v 3.614488 0.177387 8.775525
v 3.731564 -0.110610 8.881508
v 3.782870 0.135521 8.670156
v 3.855226 -0.042471 8.735659
v 4.073665 0.247510 9.372779
v 3.950425 0.479097 9.395566
v 4.060331 0.597369 9.235537
v 4.215334 0.422337 9.171629
v 4.154632 0.342469 9.295029
v 4.197185 0.516485 9.354506
vt 0.181819 0.000000
vt 0.272728 0.157461
vt 0.090910 0.157461
vt 0.363637 0.000000
vt 0.454546 0.157461
vt 0.909091 0.000000
vt 1.000000 0.157461
vt 0.818182 0.157461
vt 0.727273 0.000000
vt 0.636364 0.157461
vt 0.545455 0.000000
vt 0.363637 0.314921
vt 0.181819 0.314921
vt 0.909091 0.314921
vt 0.727273 0.314921
vt 0.545455 0.314921
vt 0.000000 0.314921
vt 0.272728 0.472382
vt 0.090910 0.472382
vt 0.818182 0.472382
vt 0.636364 0.472382
vt 0.454546 0.472382
vn -0.5485 -0.4760 -0.6874
vn -0.5499 -0.4761 -0.6863
vn -0.5496 -0.4745 -0.6876
vn -0.5483 -0.4775 -0.6865
vn -0.5478 -0.4749 -0.6887
vn -0.5470 -0.4768 -0.6881
vn -0.4101 -0.5771 0.7062
vn -0.8697 0.4132 0.2701
vn -0.1610 0.8016 -0.5758
vn 0.7405 0.0545 -0.6698
vn 0.6304 -0.7547 0.1819
vn -0.5488 -0.3660 0.7516
vn -0.7057 0.7074 0.0381
vn 0.3985 0.6047 -0.6896
vn 0.7926 -0.6097 -0.0047
vn 0.7462 -0.6648 -0.0350
vn 0.1655 -0.0090 0.9862
vn -0.0262 0.8124 0.5825
vn 0.6613 0.6916 -0.2904
vn 0.9171 -0.3099 0.2506
vn 0.8293 -0.3513 0.4345
usemtl .GWALD_Materialexp.005
s 1
f 3974/4623/1076 3975/4624/1077 3976/4625/1078
f 3975/4624/1077 3974/4626/1076 3977/4627/1079
f 3974/4628/1076 3976/4629/1078 3978/4630/1080
f 3974/4631/1076 3978/4630/1080 3979/4632/1081
f 3974/4633/1076 3979/4632/1081 3977/4627/1079
f 3975/4624/1082 3977/4627/1082 3980/4634/1082
f 3976/4625/1083 3975/4624/1083 3981/4635/1083
f 3978/4630/1084 3976/4629/1084 3982/4636/1084
f 3979/4632/1085 3978/4630/1085 3983/4637/1085
f 3977/4627/1086 3979/4632/1086 3984/4638/1086
f 3975/4624/1087 3980/4634/1087 3981/4635/1087
f 3976/4625/1088 3981/4635/1088 3982/4639/1088
f 3978/4630/1089 3982/4636/1089 3983/4637/1089
f 3979/4632/1090 3983/4637/1090 3984/4638/1090
f 3977/4627/1091 3984/4638/1091 3980/4634/1091
f 3981/4635/1092 3980/4634/1092 3985/4640/1092
f 3982/4639/1093 3981/4635/1093 3985/4641/1093
f 3983/4637/1094 3982/4636/1094 3985/4642/1094
f 3984/4638/1095 3983/4637/1095 3985/4643/1095
f 3980/4634/1096 3984/4638/1096 3985/4644/1096
o Icosphere.017_Icosphere.001_Icosphere.017_Icosphere.004
v 3.508425 0.000889 8.820278
v 3.638355 -0.038771 9.004562
v 3.374030 -0.085256 8.984389
v 3.723013 0.063052 8.770254
v 3.295323 -0.012162 8.737610
v 3.511011 0.079497 8.605268
v 3.541492 0.891698 9.138790
v 3.341829 0.833491 9.419209
v 3.069729 0.834371 9.289585
v 3.169504 0.901661 8.991620
v 3.358965 0.927526 9.080462
v 3.192703 1.055493 9.216890
vt 0.181819 0.000000
vt 0.272728 0.157461
vt 0.090910 0.157461
vt 0.363637 0.000000
vt 0.454546 0.157461
vt 0.909091 0.000000
vt 1.000000 0.157461
vt 0.818182 0.157461
vt 0.727273 0.000000
vt 0.636364 0.157461
vt 0.545455 0.000000
vt 0.363637 0.314921
vt 0.181819 0.314921
vt 0.909091 0.314921
vt 0.727273 0.314921
vt 0.545455 0.314921
vt 0.000000 0.314921
vt 0.272728 0.472382
vt 0.090910 0.472382
vt 0.818182 0.472382
vt 0.636364 0.472382
vt 0.454546 0.472382
vn 0.1879 -0.9238 -0.3336
vn 0.1889 -0.9241 -0.3321
vn 0.1869 -0.9245 -0.3323
vn 0.1896 -0.9233 -0.3340
vn 0.1862 -0.9239 -0.3342
vn 0.1879 -0.9232 -0.3353
vn 0.9330 0.0456 0.3569
vn 0.0062 -0.4276 0.9039
vn -0.9134 -0.3632 0.1837
vn -0.5623 0.1487 -0.8135
vn 0.5620 0.4787 -0.6745
vn 0.8145 0.0011 0.5802
vn -0.3944 -0.4044 0.8252
vn -0.9448 -0.0397 -0.3253
vn 0.3084 0.5065 -0.8052
vn 0.3506 0.4436 -0.8248
vn 0.4586 0.7469 0.4815
vn -0.3779 0.4720 0.7965
vn -0.8828 0.4253 -0.1995
vn 0.1560 0.8082 -0.5679
vn 0.3039 0.8511 -0.4281
usemtl .GWALD_Materialexp.005
s 1
f 3986/4645/1097 3987/4646/1098 3988/4647/1099
f 3987/4646/1098 3986/4648/1097 3989/4649/1100
f 3986/4650/1097 3988/4651/1099 3990/4652/1101
f 3986/4653/1097 3990/4652/1101 3991/4654/1102
f 3986/4655/1097 3991/4654/1102 3989/4649/1100
f 3987/4646/1103 3989/4649/1103 3992/4656/1103
f 3988/4647/1104 3987/4646/1104 3993/4657/1104
f 3990/4652/1105 3988/4651/1105 3994/4658/1105
f 3991/4654/1106 3990/4652/1106 3995/4659/1106
f 3989/4649/1107 3991/4654/1107 3996/4660/1107
f 3987/4646/1108 3992/4656/1108 3993/4657/1108
f 3988/4647/1109 3993/4657/1109 3994/4661/1109
f 3990/4652/1110 3994/4658/1110 3995/4659/1110
f 3991/4654/1111 3995/4659/1111 3996/4660/1111
f 3989/4649/1112 3996/4660/1112 3992/4656/1112
f 3993/4657/1113 3992/4656/1113 3997/4662/1113
f 3994/4661/1114 3993/4657/1114 3997/4663/1114
f 3995/4659/1115 3994/4658/1115 3997/4664/1115
f 3996/4660/1116 3995/4659/1116 3997/4665/1116
f 3992/4656/1117 3996/4660/1117 3997/4666/1117
o Icosphere.016_Icosphere.001_Icosphere.016_Icosphere.004
v 3.710983 0.055952 8.935248
v 3.800592 0.029670 8.956768
v 3.708640 0.007802 9.018069
v 3.768739 0.088063 8.865848
v 3.619958 0.052679 8.965034
v 3.657103 0.102285 8.870955
v 4.024035 0.840178 9.289466
v 3.959722 0.744823 9.540596
v 3.744859 0.770740 9.561029
v 3.640583 0.879070 9.351959
v 3.806530 0.903586 9.283480
v 3.900350 1.012016 9.508677
vt 0.181819 0.000000
vt 0.272728 0.157461
vt 0.090910 0.157461
vt 0.363637 0.000000
vt 0.454546 0.157461
vt 0.909091 0.000000
vt 1.000000 0.157461
vt 0.818182 0.157461
vt 0.727273 0.000000
vt 0.636364 0.157461
vt 0.545455 0.000000
vt 0.363637 0.314921
vt 0.181819 0.314921
vt 0.909091 0.314921
vt 0.727273 0.314921
vt 0.545455 0.314921
vt 0.000000 0.314921
vt 0.272728 0.472382
vt 0.090910 0.472382
vt 0.818182 0.472382
vt 0.636364 0.472382
vt 0.454546 0.472382
vn -0.1318 -0.8544 -0.5026
vn -0.1302 -0.8549 -0.5022
vn -0.1319 -0.8553 -0.5010
vn -0.1308 -0.8538 -0.5039
vn -0.1336 -0.8545 -0.5020
vn -0.1329 -0.8536 -0.5038
vn 0.9186 -0.0959 -0.3834
vn 0.5371 -0.6019 0.5909
vn -0.6142 -0.4380 0.6564
vn -0.9441 0.1589 -0.2890
vn 0.0172 0.4551 -0.8903
vn 0.9425 -0.3105 0.1235
vn 0.0075 -0.5800 0.8145
vn -0.9137 -0.1534 0.3763
vn -0.3945 0.4777 -0.7850
vn 0.1539 0.4447 -0.8823
vn 0.9139 0.2420 0.3259
vn 0.1107 0.1421 0.9836
vn -0.6203 0.5260 0.5819
vn -0.2681 0.9069 -0.3250
vn 0.2545 0.8256 -0.5036
usemtl .GWALD_Materialexp.005
s 1
f 3998/4667/1118 3999/4668/1119 4000/4669/1120
f 3999/4668/1119 3998/4670/1118 4001/4671/1121
f 3998/4672/1118 4000/4673/1120 4002/4674/1122
f 3998/4675/1118 4002/4674/1122 4003/4676/1123
f 3998/4677/1118 4003/4676/1123 4001/4671/1121
f 3999/4668/1124 4001/4671/1124 4004/4678/1124
f 4000/4669/1125 3999/4668/1125 4005/4679/1125
f 4002/4674/1126 4000/4673/1126 4006/4680/1126
f 4003/4676/1127 4002/4674/1127 4007/4681/1127
f 4001/4671/1128 4003/4676/1128 4008/4682/1128
f 3999/4668/1129 4004/4678/1129 4005/4679/1129
f 4000/4669/1130 4005/4679/1130 4006/4683/1130
f 4002/4674/1131 4006/4680/1131 4007/4681/1131
f 4003/4676/1132 4007/4681/1132 4008/4682/1132
f 4001/4671/1133 4008/4682/1133 4004/4678/1133
f 4005/4679/1134 4004/4678/1134 4009/4684/1134
f 4006/4683/1135 4005/4679/1135 4009/4685/1135
f 4007/4681/1136 4006/4680/1136 4009/4686/1136
f 4008/4682/1137 4007/4681/1137 4009/4687/1137
f 4004/4678/1138 4008/4682/1138 4009/4688/1138
o Icosphere.014_Icosphere.001_Icosphere.014_Icosphere.004
v 3.657476 0.035608 8.793041
v 3.834208 0.036051 8.937314
v 3.589971 0.036051 9.026480
v 3.834208 0.036053 8.648769
v 3.439023 0.036051 8.793041
v 3.589971 0.036053 8.559603
v 3.947492 1.379691 8.744525
v 3.756064 1.434480 9.098015
v 3.474238 1.440653 9.010836
v 3.433340 1.400972 8.626448
v 3.675103 1.413678 8.594625
v 3.706326 1.821581 8.824430
vt 0.181819 0.000000
vt 0.272728 0.157461
vt 0.090910 0.157461
vt 0.363637 0.000000
vt 0.454546 0.157461
vt 0.909091 0.000000
vt 1.000000 0.157461
vt 0.818182 0.157461
vt 0.727273 0.000000
vt 0.636364 0.157461
vt 0.545455 0.000000
vt 0.363637 0.314921
vt 0.181819 0.314921
vt 0.909091 0.314921
vt 0.727273 0.314921
vt 0.545455 0.314921
vt 0.000000 0.314921
vt 0.272728 0.472382
vt 0.090910 0.472382
vt 0.818182 0.472382
vt 0.636364 0.472382
vt 0.454546 0.472382
vn 0.0000 -1.0000 -0.0000
vn 0.0016 -1.0000 0.0011
vn -0.0006 -1.0000 0.0017
vn 0.0016 -1.0000 -0.0012
vn -0.0020 -1.0000 -0.0000
vn -0.0006 -1.0000 -0.0017
vn 0.9965 -0.0840 -0.0000
vn 0.3416 -0.0884 0.9357
vn -0.8381 -0.0630 0.5419
vn -0.8377 -0.0696 -0.5417
vn 0.3429 0.0027 -0.9394
vn 0.8790 -0.0057 0.4769
vn -0.2958 -0.0137 0.9552
vn -0.9944 0.0087 0.1049
vn -0.1321 0.0334 -0.9907
vn 0.4841 0.0215 -0.8748
vn 0.8353 0.3849 0.3927
vn -0.2379 0.5400 0.8073
vn -0.8458 0.5324 0.0350
vn -0.1389 0.4941 -0.8582
vn 0.4794 0.4026 -0.7798
usemtl .GWALD_Materialexp.005
s 1
f 4010/4689/1139 4011/4690/1140 4012/4691/1141
f 4011/4690/1140 4010/4692/1139 4013/4693/1142
f 4010/4694/1139 4012/4695/1141 4014/4696/1143
f 4010/4697/1139 4014/4696/1143 4015/4698/1144
f 4010/4699/1139 4015/4698/1144 4013/4693/1142
f 4011/4690/1145 4013/4693/1145 4016/4700/1145
f 4012/4691/1146 4011/4690/1146 4017/4701/1146
f 4014/4696/1147 4012/4695/1147 4018/4702/1147
f 4015/4698/1148 4014/4696/1148 4019/4703/1148
f 4013/4693/1149 4015/4698/1149 4020/4704/1149
f 4011/4690/1150 4016/4700/1150 4017/4701/1150
f 4012/4691/1151 4017/4701/1151 4018/4705/1151
f 4014/4696/1152 4018/4702/1152 4019/4703/1152
f 4015/4698/1153 4019/4703/1153 4020/4704/1153
f 4013/4693/1154 4020/4704/1154 4016/4700/1154
f 4017/4701/1155 4016/4700/1155 4021/4706/1155
f 4018/4705/1156 4017/4701/1156 4021/4707/1156
f 4019/4703/1157 4018/4702/1157 4021/4708/1157
f 4020/4704/1158 4019/4703/1158 4021/4709/1158
f 4016/4700/1159 4020/4704/1159 4021/4710/1159
