# Blender v3.2.1 OBJ File: 'Golf Ball 12_2_22.blend'
# www.blender.org
mtllib GolfBall.mtl
o Icosphere
v -0.091558 0.056587 -0.066520
v -0.002145 -0.126336 0.006600
v 0.088907 -0.062707 0.064594
v -0.028344 -0.058418 0.108595
v 0.094521 -0.058418 0.060515
v 0.088907 -0.062707 -0.064594
v -0.006940 -0.126336 0.000000
v -0.112039 -0.058418 0.006600
v -0.002145 -0.126336 -0.006600
v -0.040899 -0.058418 -0.104516
v 0.086762 -0.058418 -0.071194
v 0.095847 -0.051478 0.064594
v 0.115509 0.051478 -0.004079
v -0.031814 -0.051478 0.111116
v 0.039573 0.051478 0.108595
v -0.115509 -0.051478 0.004079
v -0.091051 0.051478 0.071194
v -0.039573 -0.051478 -0.108595
v -0.095847 0.051478 -0.064594
v 0.091051 -0.051478 -0.071194
v 0.031814 0.051478 -0.111116
v 0.040899 0.058418 0.104516
v -0.086762 0.058418 0.071194
v -0.094521 0.058418 -0.060515
v 0.028344 0.058418 -0.108595
v 0.112039 0.058418 -0.006600
v 0.033959 0.062707 0.104516
v 0.006940 0.126336 -0.000000
v -0.088907 0.062707 0.064594
v -0.088907 0.062707 -0.064594
v 0.033959 0.062707 -0.104516
v -0.033959 -0.062707 0.104516
v -0.031195 -0.076142 0.096011
v -0.027542 -0.089593 0.084766
v -0.023036 -0.101993 0.070899
v -0.017887 -0.112291 0.055052
v -0.012445 -0.119786 0.038303
v -0.007093 -0.124346 0.021832
v 0.005615 -0.126336 0.004079
v 0.018571 -0.124346 0.013493
v 0.032583 -0.119786 0.023672
v 0.046830 -0.112290 0.034024
v 0.060310 -0.101993 0.043818
v 0.072106 -0.089593 0.052388
v 0.081672 -0.076142 0.059337
v 0.086762 -0.058418 0.071194
v 0.074579 -0.061955 0.081169
v 0.059661 -0.064702 0.090691
v 0.042423 -0.066218 0.098870
v 0.023794 -0.066218 0.104923
v 0.005041 -0.064702 0.108438
v -0.012624 -0.061955 0.109504
v 0.094521 -0.058418 -0.060515
v 0.100243 -0.061954 -0.045845
v 0.104689 -0.064702 -0.028715
v 0.107141 -0.066218 -0.009794
v 0.107141 -0.066218 0.009794
v 0.104689 -0.064702 0.028715
v 0.100243 -0.061954 0.045845
v 0.005615 -0.126336 -0.004079
v 0.018571 -0.124346 -0.013493
v 0.032582 -0.119786 -0.023672
v 0.046830 -0.112290 -0.034024
v 0.060310 -0.101993 -0.043818
v 0.072106 -0.089593 -0.052388
v 0.081672 -0.076142 -0.059337
v -0.109895 -0.062707 -0.000000
v -0.100952 -0.076141 0.000000
v -0.089128 -0.089593 0.000000
v -0.074548 -0.101992 0.000000
v -0.057886 -0.112290 0.000000
v -0.040274 -0.119786 0.000000
v -0.022955 -0.124346 0.000000
v -0.040899 -0.058418 0.104516
v -0.054151 -0.061955 0.096011
v -0.067816 -0.064702 0.084766
v -0.080922 -0.066218 0.070899
v -0.092436 -0.066218 0.055052
v -0.101574 -0.064702 0.038303
v -0.108046 -0.061954 0.021832
v -0.033959 -0.062707 -0.104516
v -0.031195 -0.076142 -0.096011
v -0.027542 -0.089593 -0.084766
v -0.023036 -0.101993 -0.070899
v -0.017887 -0.112291 -0.055052
v -0.012445 -0.119786 -0.038303
v -0.007093 -0.124346 -0.021832
v -0.112039 -0.058418 -0.006600
v -0.108046 -0.061954 -0.021832
v -0.101574 -0.064702 -0.038303
v -0.092436 -0.066217 -0.055052
v -0.080922 -0.066218 -0.070899
v -0.067816 -0.064702 -0.084766
v -0.054151 -0.061955 -0.096011
v -0.028344 -0.058418 -0.108595
v -0.012624 -0.061955 -0.109504
v 0.005041 -0.064702 -0.108438
v 0.023794 -0.066218 -0.104923
v 0.042423 -0.066218 -0.098870
v 0.059661 -0.064702 -0.090691
v 0.074579 -0.061955 -0.081169
v 0.115509 0.051478 0.004079
v 0.119523 0.038999 0.013493
v 0.121711 0.024427 0.023672
v 0.121379 0.008331 0.034024
v 0.118197 -0.008331 0.043818
v 0.112381 -0.024427 0.052388
v 0.104628 -0.038999 0.059338
v 0.095847 -0.051478 -0.064594
v 0.104628 -0.038999 -0.059338
v 0.112381 -0.024427 -0.052388
v 0.118197 -0.008331 -0.043818
v 0.121379 0.008331 -0.034024
v 0.121711 0.024427 -0.023672
v 0.119523 0.038999 -0.013493
v 0.031814 0.051478 0.111116
v 0.024102 0.038999 0.117843
v 0.015096 0.024427 0.123069
v 0.005149 0.008331 0.125952
v -0.005149 -0.008331 0.125952
v -0.015096 -0.024427 0.123069
v -0.024102 -0.038999 0.117843
v 0.091051 -0.051478 0.071194
v 0.088766 -0.038999 0.081170
v 0.084552 -0.024427 0.090691
v 0.078198 -0.008331 0.098871
v 0.069867 0.008331 0.104924
v 0.060125 0.024427 0.108439
v 0.049767 0.038999 0.109504
v -0.095847 0.051478 0.064594
v -0.104628 0.038999 0.059338
v -0.112381 0.024427 0.052388
v -0.118197 0.008331 0.043818
v -0.121379 -0.008331 0.034024
v -0.121711 -0.024427 0.023672
v -0.119523 -0.038999 0.013493
v -0.039573 -0.051478 0.108595
v -0.049767 -0.038999 0.109504
v -0.060125 -0.024427 0.108439
v -0.069867 -0.008331 0.104924
v -0.078198 0.008331 0.098871
v -0.084552 0.024427 0.090691
v -0.088766 0.038999 0.081170
v -0.091051 0.051478 -0.071194
v -0.088766 0.038999 -0.081170
v -0.084552 0.024427 -0.090691
v -0.078198 0.008331 -0.098871
v -0.069867 -0.008331 -0.104924
v -0.060125 -0.024427 -0.108439
v -0.049767 -0.038999 -0.109504
v -0.115509 -0.051478 -0.004079
v -0.119523 -0.038999 -0.013493
v -0.121711 -0.024427 -0.023672
v -0.121379 -0.008331 -0.034024
v -0.118197 0.008331 -0.043818
v -0.112381 0.024427 -0.052388
v -0.104628 0.038999 -0.059338
v 0.039573 0.051478 -0.108595
v 0.049767 0.038999 -0.109504
v 0.060125 0.024427 -0.108439
v 0.069867 0.008331 -0.104924
v 0.078198 -0.008331 -0.098871
v 0.084552 -0.024427 -0.090691
v 0.088766 -0.038999 -0.081170
v -0.031814 -0.051478 -0.111116
v -0.024102 -0.038999 -0.117843
v -0.015096 -0.024427 -0.123069
v -0.005149 -0.008331 -0.125952
v 0.005149 0.008331 -0.125952
v 0.015096 0.024427 -0.123069
v 0.024102 0.038999 -0.117843
v 0.112039 0.058418 0.006600
v 0.108046 0.061954 0.021832
v 0.101574 0.064702 0.038303
v 0.092436 0.066217 0.055052
v 0.080922 0.066218 0.070899
v 0.067816 0.064702 0.084766
v 0.054151 0.061955 0.096011
v 0.028344 0.058418 0.108595
v 0.012624 0.061955 0.109504
v -0.005041 0.064702 0.108438
v -0.023794 0.066218 0.104923
v -0.042423 0.066218 0.098870
v -0.059661 0.064702 0.090691
v -0.074579 0.061955 0.081169
v -0.094521 0.058418 0.060515
v -0.100243 0.061954 0.045845
v -0.104689 0.064702 0.028715
v -0.107141 0.066218 0.009794
v -0.107141 0.066218 -0.009794
v -0.104689 0.064702 -0.028715
v -0.100243 0.061954 -0.045845
v -0.086762 0.058418 -0.071194
v -0.074579 0.061955 -0.081169
v -0.059661 0.064702 -0.090691
v -0.042423 0.066218 -0.098870
v -0.023794 0.066218 -0.104923
v -0.005041 0.064702 -0.108438
v 0.012624 0.061955 -0.109504
v 0.040899 0.058418 -0.104516
v 0.054151 0.061955 -0.096011
v 0.067816 0.064702 -0.084766
v 0.080922 0.066218 -0.070899
v 0.092436 0.066218 -0.055052
v 0.101574 0.064702 -0.038303
v 0.108046 0.061954 -0.021832
v 0.002145 0.126336 0.006600
v 0.007093 0.124346 0.021832
v 0.012445 0.119786 0.038303
v 0.017887 0.112291 0.055052
v 0.023036 0.101993 0.070899
v 0.027542 0.089593 0.084766
v 0.031195 0.076142 0.096011
v 0.109895 0.062707 0.000000
v 0.100952 0.076141 0.000000
v 0.089128 0.089593 0.000000
v 0.074548 0.101992 -0.000000
v 0.057886 0.112290 -0.000000
v 0.040274 0.119786 0.000000
v 0.022955 0.124346 -0.000000
v -0.005615 0.126336 0.004079
v -0.018571 0.124346 0.013493
v -0.032582 0.119786 0.023672
v -0.046830 0.112291 0.034024
v -0.060310 0.101993 0.043818
v -0.072106 0.089593 0.052388
v -0.081672 0.076142 0.059337
v -0.005615 0.126336 -0.004079
v -0.018571 0.124346 -0.013493
v -0.032582 0.119786 -0.023672
v -0.046830 0.112290 -0.034024
v -0.060310 0.101993 -0.043818
v -0.072106 0.089593 -0.052388
v -0.081672 0.076142 -0.059337
v 0.002145 0.126336 -0.006600
v 0.007093 0.124346 -0.021832
v 0.012445 0.119786 -0.038303
v 0.017887 0.112291 -0.055052
v 0.023036 0.101993 -0.070899
v 0.027542 0.089593 -0.084766
v 0.031195 0.076142 -0.096011
v 0.009971 0.125885 -0.007244
v 0.015573 0.123343 -0.022876
v 0.026569 0.123343 -0.007742
v 0.021358 0.118066 -0.039598
v 0.044260 0.118065 -0.008077
v 0.033227 0.119465 -0.024141
v 0.026988 0.109762 -0.056393
v 0.061973 0.109762 -0.008241
v 0.051589 0.112526 -0.024920
v 0.039642 0.112526 -0.041363
v 0.032028 0.098717 -0.072035
v 0.078407 0.098716 -0.008201
v 0.069343 0.102487 -0.025096
v 0.058074 0.103835 -0.042193
v 0.045296 0.102487 -0.058194
v 0.036152 0.085778 -0.085489
v 0.092477 0.085777 -0.007965
v 0.085131 0.089988 -0.024631
v 0.075222 0.092314 -0.041928
v 0.063121 0.092314 -0.058583
v 0.049732 0.089988 -0.073353
v 0.039234 0.072071 -0.096222
v 0.103637 0.072070 -0.007580
v 0.098048 0.076154 -0.023621
v 0.089860 0.078921 -0.040627
v 0.079109 0.079910 -0.057476
v 0.066407 0.078921 -0.072908
v 0.052763 0.076155 -0.085949
v 0.018113 0.124927 -0.007580
v 0.012806 0.124927 -0.014884
v 0.035364 0.121075 -0.007965
v 0.029964 0.121754 -0.015779
v 0.024266 0.121754 -0.023621
v 0.018504 0.121075 -0.031172
v 0.053230 0.114277 -0.008201
v 0.048033 0.115668 -0.016359
v 0.042415 0.116388 -0.024631
v 0.036532 0.116388 -0.032727
v 0.030401 0.115668 -0.040627
v 0.024248 0.114277 -0.048090
v 0.070459 0.104518 -0.008241
v 0.065817 0.106495 -0.016567
v 0.060656 0.107856 -0.025096
v 0.054995 0.108565 -0.033575
v 0.048927 0.108565 -0.041928
v 0.042611 0.107856 -0.049932
v 0.036094 0.106495 -0.057476
v 0.029610 0.104518 -0.064463
v 0.085807 0.092388 -0.008077
v 0.081975 0.094691 -0.016359
v 0.077574 0.096466 -0.024920
v 0.072508 0.097742 -0.033576
v 0.066901 0.098380 -0.042193
v 0.060801 0.098380 -0.050588
v 0.054338 0.097742 -0.058583
v 0.047672 0.096467 -0.066077
v 0.040890 0.094691 -0.072907
v 0.034197 0.092388 -0.079111
v 0.098439 0.078925 -0.007742
v 0.095500 0.081251 -0.015779
v 0.091993 0.083147 -0.024141
v 0.087762 0.084726 -0.032728
v 0.082917 0.085781 -0.041363
v 0.077412 0.086348 -0.049932
v 0.071410 0.086348 -0.058194
v 0.064961 0.085781 -0.066077
v 0.058245 0.084726 -0.073353
v 0.051387 0.083147 -0.080030
v 0.044517 0.081251 -0.085949
v 0.037782 0.078926 -0.091229
v 0.108136 0.065216 -0.007244
v 0.106010 0.067323 -0.014884
v 0.103357 0.069090 -0.022876
v 0.100017 0.070697 -0.031172
v 0.096049 0.071904 -0.039598
v 0.091368 0.072795 -0.048090
v 0.086104 0.073227 -0.056393
v 0.080241 0.073227 -0.064464
v 0.073970 0.072795 -0.072035
v 0.067340 0.071905 -0.079111
v 0.060553 0.070697 -0.085489
v 0.053695 0.069091 -0.091229
v 0.046914 0.067324 -0.096222
v 0.040305 0.065216 -0.100605
v -0.003808 0.125885 -0.011721
v -0.016944 0.123343 -0.021880
v 0.000847 0.123343 -0.027661
v -0.031060 0.118066 -0.032549
v 0.005995 0.118066 -0.044589
v -0.012692 0.119465 -0.039061
v -0.045293 0.109762 -0.043093
v 0.011313 0.109762 -0.061486
v -0.007759 0.112526 -0.056764
v -0.027089 0.112526 -0.050484
v -0.058612 0.098717 -0.052720
v 0.016429 0.098717 -0.077103
v -0.002440 0.102487 -0.073704
v -0.022183 0.103835 -0.068269
v -0.041348 0.102487 -0.061061
v -0.070133 0.085778 -0.060800
v 0.021001 0.085778 -0.090412
v 0.002881 0.089988 -0.088575
v -0.016632 0.092314 -0.084496
v -0.036211 0.092314 -0.078135
v -0.054395 0.089988 -0.069965
v -0.079389 0.072071 -0.067048
v 0.024816 0.072071 -0.100907
v 0.007833 0.076155 -0.100548
v -0.010871 0.078921 -0.098016
v -0.030217 0.079911 -0.092998
v -0.048819 0.078921 -0.085686
v -0.065438 0.076155 -0.076741
v -0.001612 0.124927 -0.019569
v -0.010199 0.124927 -0.016779
v 0.003352 0.121075 -0.036095
v -0.005747 0.121754 -0.033373
v -0.014967 0.121754 -0.030377
v -0.023928 0.121075 -0.027231
v 0.008649 0.114277 -0.053158
v -0.000716 0.115668 -0.050737
v -0.010319 0.116388 -0.047950
v -0.019837 0.116388 -0.044857
v -0.029244 0.115668 -0.041467
v -0.038243 0.114277 -0.037922
v 0.013935 0.104518 -0.069556
v 0.004582 0.106495 -0.067715
v -0.005125 0.107856 -0.065442
v -0.014938 0.108565 -0.062679
v -0.024757 0.108565 -0.059488
v -0.034320 0.107856 -0.055955
v -0.043509 0.106495 -0.052088
v -0.052158 0.104518 -0.048081
v 0.018834 0.092388 -0.084103
v 0.009773 0.094691 -0.083018
v 0.000271 0.096467 -0.081478
v -0.009527 0.097742 -0.079334
v -0.019455 0.098380 -0.076664
v -0.029324 0.098380 -0.073458
v -0.038925 0.097742 -0.069782
v -0.048111 0.096467 -0.065757
v -0.056704 0.094691 -0.061418
v -0.064672 0.092388 -0.056969
v 0.023056 0.078926 -0.096014
v 0.014504 0.081251 -0.095701
v 0.005467 0.083147 -0.094950
v -0.004006 0.084726 -0.093580
v -0.013717 0.085781 -0.091640
v -0.023567 0.086348 -0.089053
v -0.033279 0.086348 -0.085897
v -0.042769 0.085781 -0.082201
v -0.051764 0.084726 -0.078062
v -0.060234 0.083147 -0.073602
v -0.067986 0.081251 -0.068898
v -0.075089 0.078926 -0.064124
v 0.026526 0.065216 -0.105082
v 0.018603 0.067324 -0.105421
v 0.010182 0.069091 -0.105367
v 0.001260 0.070697 -0.104754
v -0.007980 0.071905 -0.103584
v -0.017503 0.072795 -0.101756
v -0.027026 0.073227 -0.099316
v -0.036513 0.073227 -0.096233
v -0.045652 0.072795 -0.092610
v -0.054430 0.071905 -0.088491
v -0.062593 0.070697 -0.084007
v -0.070171 0.069091 -0.079258
v -0.077016 0.067324 -0.074352
v -0.083226 0.065216 -0.069421
v -0.012324 0.125885 0.000000
v -0.026045 0.123343 0.009353
v -0.026045 0.123343 -0.009353
v -0.040554 0.118066 0.019481
v -0.040554 0.118066 -0.019481
v -0.041071 0.119465 0.000000
v -0.054981 0.109762 0.029759
v -0.054981 0.109762 -0.029759
v -0.056384 0.112526 -0.010162
v -0.056384 0.112526 0.010162
v -0.068253 0.098717 0.039451
v -0.068253 0.098717 -0.039451
v -0.070850 0.102487 -0.020455
v -0.071783 0.103835 0.000000
v -0.070850 0.102487 0.020455
v -0.079497 0.085778 0.047912
v -0.079497 0.085778 -0.047912
v -0.083350 0.089988 -0.030112
v -0.085500 0.092314 -0.010293
v -0.085500 0.092314 0.010293
v -0.083350 0.089988 0.030112
v -0.088300 0.072071 0.054783
v -0.088300 0.072071 -0.054783
v -0.093207 0.076155 -0.038520
v -0.096578 0.078921 -0.019950
v -0.097784 0.079910 0.000000
v -0.096578 0.078921 0.019950
v -0.093207 0.076155 0.038520
v -0.019109 0.124927 -0.004514
v -0.019109 0.124927 0.004514
v -0.033292 0.121075 -0.014342
v -0.033515 0.121754 -0.004847
v -0.033515 0.121754 0.004847
v -0.033292 0.121075 0.014342
v -0.047884 0.114277 -0.024652
v -0.048475 0.115668 -0.014998
v -0.048792 0.116388 -0.005004
v -0.048792 0.116388 0.005004
v -0.048475 0.115668 0.014998
v -0.047884 0.114277 0.024652
v -0.061846 0.104518 -0.034747
v -0.062985 0.106495 -0.025283
v -0.063822 0.107856 -0.015349
v -0.064227 0.108565 -0.005162
v -0.064227 0.108565 0.005162
v -0.063822 0.107856 0.015349
v -0.062985 0.106495 0.025283
v -0.061846 0.104518 0.034747
v -0.074166 0.092388 -0.043901
v -0.075935 0.094691 -0.034949
v -0.077407 0.096466 -0.025436
v -0.078395 0.097742 -0.015456
v -0.078924 0.098380 -0.005188
v -0.078924 0.098380 0.005188
v -0.078395 0.097742 0.015456
v -0.077407 0.096466 0.025436
v -0.075935 0.094691 0.034949
v -0.074166 0.092388 0.043901
v -0.084190 0.078926 -0.051597
v -0.086535 0.081251 -0.043367
v -0.088613 0.083147 -0.034541
v -0.090238 0.084726 -0.025108
v -0.091394 0.085781 -0.015274
v -0.091977 0.086348 -0.005106
v -0.091977 0.086348 0.005106
v -0.091394 0.085781 0.015274
v -0.090238 0.084726 0.025108
v -0.088613 0.083147 0.034541
v -0.086535 0.081251 0.043367
v -0.084190 0.078926 0.051597
v -0.091742 0.065216 -0.057700
v -0.094513 0.067324 -0.050269
v -0.097064 0.069091 -0.042244
v -0.099238 0.070697 -0.033569
v -0.100980 0.071905 -0.024420
v -0.102185 0.072795 -0.014799
v -0.102807 0.073227 -0.004988
v -0.102807 0.073227 0.004988
v -0.102185 0.072795 0.014799
v -0.100980 0.071905 0.024420
v -0.099238 0.070697 0.033569
v -0.097064 0.069091 0.042244
v -0.094513 0.067324 0.050269
v -0.091742 0.065216 0.057700
v -0.003808 0.125885 0.011721
v 0.000847 0.123343 0.027661
v -0.016944 0.123343 0.021880
v 0.005995 0.118066 0.044589
v -0.031060 0.118066 0.032549
v -0.012692 0.119465 0.039061
v 0.011313 0.109762 0.061486
v -0.045293 0.109762 0.043093
v -0.027089 0.112526 0.050484
v -0.007759 0.112526 0.056764
v 0.016429 0.098717 0.077103
v -0.058612 0.098717 0.052720
v -0.041348 0.102487 0.061061
v -0.022183 0.103835 0.068269
v -0.002440 0.102487 0.073704
v 0.021001 0.085778 0.090412
v -0.070133 0.085778 0.060800
v -0.054395 0.089988 0.069965
v -0.036211 0.092314 0.078135
v -0.016632 0.092314 0.084496
v 0.002881 0.089988 0.088575
v 0.024816 0.072071 0.100907
v -0.079389 0.072071 0.067048
v -0.065438 0.076155 0.076741
v -0.048819 0.078921 0.085686
v -0.030217 0.079911 0.092998
v -0.010871 0.078921 0.098016
v 0.007833 0.076155 0.100548
v -0.010199 0.124927 0.016779
v -0.001612 0.124927 0.019569
v -0.023928 0.121075 0.027231
v -0.014967 0.121754 0.030377
v -0.005747 0.121754 0.033373
v 0.003352 0.121075 0.036095
v -0.038243 0.114277 0.037922
v -0.029244 0.115668 0.041467
v -0.019837 0.116388 0.044857
v -0.010319 0.116388 0.047950
v -0.000716 0.115668 0.050737
v 0.008649 0.114277 0.053158
v -0.052158 0.104518 0.048081
v -0.043509 0.106495 0.052088
v -0.034320 0.107856 0.055955
v -0.024757 0.108565 0.059488
v -0.014938 0.108565 0.062679
v -0.005125 0.107856 0.065442
v 0.004582 0.106495 0.067715
v 0.013935 0.104518 0.069556
v -0.064672 0.092388 0.056969
v -0.056704 0.094691 0.061418
v -0.048111 0.096467 0.065757
v -0.038925 0.097742 0.069782
v -0.029324 0.098380 0.073458
v -0.019455 0.098380 0.076664
v -0.009527 0.097742 0.079334
v 0.000271 0.096467 0.081478
v 0.009773 0.094691 0.083018
v 0.018834 0.092388 0.084103
v -0.075089 0.078926 0.064124
v -0.067986 0.081251 0.068898
v -0.060234 0.083147 0.073602
v -0.051764 0.084726 0.078062
v -0.042769 0.085781 0.082201
v -0.033279 0.086348 0.085897
v -0.023567 0.086348 0.089053
v -0.013717 0.085781 0.091640
v -0.004006 0.084726 0.093580
v 0.005467 0.083147 0.094950
v 0.014504 0.081251 0.095701
v 0.023056 0.078926 0.096014
v -0.083226 0.065216 0.069421
v -0.077016 0.067324 0.074352
v -0.070171 0.069091 0.079258
v -0.062593 0.070697 0.084007
v -0.054430 0.071905 0.088491
v -0.045652 0.072795 0.092610
v -0.036513 0.073227 0.096233
v -0.027026 0.073227 0.099316
v -0.017503 0.072795 0.101756
v -0.007980 0.071905 0.103584
v 0.001260 0.070697 0.104754
v 0.010182 0.069091 0.105367
v 0.018603 0.067324 0.105421
v 0.026526 0.065216 0.105082
v 0.009971 0.125885 0.007244
v 0.026569 0.123343 0.007742
v 0.015573 0.123343 0.022876
v 0.044260 0.118065 0.008077
v 0.021358 0.118066 0.039598
v 0.033227 0.119465 0.024141
v 0.061973 0.109762 0.008241
v 0.026988 0.109762 0.056393
v 0.039642 0.112526 0.041363
v 0.051589 0.112526 0.024920
v 0.078407 0.098716 0.008201
v 0.032028 0.098717 0.072035
v 0.045296 0.102487 0.058194
v 0.058074 0.103835 0.042193
v 0.069343 0.102487 0.025096
v 0.092477 0.085777 0.007965
v 0.036152 0.085778 0.085489
v 0.049732 0.089988 0.073353
v 0.063121 0.092314 0.058583
v 0.075222 0.092314 0.041928
v 0.085131 0.089988 0.024631
v 0.103637 0.072070 0.007580
v 0.039234 0.072071 0.096222
v 0.052763 0.076155 0.085949
v 0.066407 0.078921 0.072908
v 0.079109 0.079910 0.057476
v 0.089860 0.078921 0.040627
v 0.098048 0.076154 0.023621
v 0.012806 0.124927 0.014884
v 0.018113 0.124927 0.007580
v 0.018504 0.121075 0.031172
v 0.024266 0.121754 0.023621
v 0.029964 0.121754 0.015779
v 0.035364 0.121075 0.007965
v 0.024248 0.114277 0.048090
v 0.030401 0.115668 0.040627
v 0.036532 0.116388 0.032727
v 0.042415 0.116388 0.024631
v 0.048033 0.115668 0.016359
v 0.053230 0.114277 0.008201
v 0.029610 0.104518 0.064463
v 0.036094 0.106495 0.057476
v 0.042611 0.107856 0.049932
v 0.048927 0.108565 0.041928
v 0.054995 0.108565 0.033575
v 0.060656 0.107856 0.025096
v 0.065817 0.106495 0.016567
v 0.070459 0.104518 0.008241
v 0.034197 0.092388 0.079111
v 0.040890 0.094691 0.072907
v 0.047672 0.096466 0.066077
v 0.054338 0.097742 0.058583
v 0.060801 0.098380 0.050588
v 0.066901 0.098380 0.042193
v 0.072508 0.097742 0.033576
v 0.077574 0.096466 0.024920
v 0.081975 0.094691 0.016359
v 0.085807 0.092388 0.008077
v 0.037782 0.078926 0.091229
v 0.044517 0.081251 0.085949
v 0.051387 0.083147 0.080030
v 0.058245 0.084726 0.073353
v 0.064961 0.085781 0.066077
v 0.071410 0.086348 0.058194
v 0.077412 0.086348 0.049932
v 0.082917 0.085781 0.041363
v 0.087762 0.084726 0.032728
v 0.091993 0.083147 0.024141
v 0.095500 0.081251 0.015779
v 0.098439 0.078925 0.007742
v 0.040305 0.065216 0.100605
v 0.046914 0.067324 0.096222
v 0.053695 0.069091 0.091229
v 0.060553 0.070697 0.085489
v 0.067340 0.071905 0.079111
v 0.073970 0.072795 0.072035
v 0.080241 0.073227 0.064464
v 0.086104 0.073227 0.056393
v 0.091368 0.072795 0.048090
v 0.096049 0.071904 0.039598
v 0.100017 0.070697 0.031172
v 0.103357 0.069090 0.022876
v 0.106010 0.067323 0.014884
v 0.108136 0.065216 0.007244
v 0.114298 0.052892 -0.011721
v 0.109943 0.055919 -0.027661
v 0.117899 0.040006 -0.021880
v 0.102919 0.058164 -0.044589
v 0.119491 0.025020 -0.032549
v 0.112529 0.042075 -0.039061
v 0.093114 0.059207 -0.061486
v 0.118430 0.008575 -0.043093
v 0.112761 0.026094 -0.050484
v 0.104116 0.043384 -0.056765
v 0.080947 0.058843 -0.077104
v 0.114507 -0.008277 -0.052721
v 0.110159 0.008850 -0.061062
v 0.102793 0.026596 -0.068270
v 0.092758 0.043652 -0.073704
v 0.067329 0.057146 -0.090412
v 0.108086 -0.024369 -0.060800
v 0.104814 -0.008409 -0.069965
v 0.098762 0.008896 -0.078135
v 0.090005 0.026408 -0.084497
v 0.079198 0.042822 -0.088576
v 0.053362 0.054428 -0.100907
v 0.099965 -0.038778 -0.067048
v 0.097379 -0.024473 -0.076741
v 0.092421 -0.008371 -0.085686
v 0.084987 0.008710 -0.092999
v 0.075450 0.025572 -0.098017
v 0.064611 0.041064 -0.100549
v 0.116299 0.046747 -0.016779
v 0.112458 0.054428 -0.019569
v 0.118994 0.032744 -0.027231
v 0.115593 0.041064 -0.030377
v 0.111470 0.049310 -0.033373
v 0.106793 0.057145 -0.036095
v 0.119315 0.016900 -0.037922
v 0.116535 0.025572 -0.041468
v 0.112971 0.034308 -0.044857
v 0.108715 0.042821 -0.047950
v 0.103776 0.051089 -0.050737
v 0.098344 0.058843 -0.053158
v 0.116809 0.000089 -0.048081
v 0.114710 0.008710 -0.052089
v 0.111818 0.017538 -0.055956
v 0.108175 0.026408 -0.059489
v 0.103783 0.035191 -0.062679
v 0.098761 0.043652 -0.065442
v 0.093202 0.051725 -0.067715
v 0.087251 0.059207 -0.069557
v 0.111557 -0.016528 -0.056970
v 0.110053 -0.008371 -0.061418
v 0.107798 0.000109 -0.065758
v 0.104830 0.008896 -0.069782
v 0.101107 0.017769 -0.073458
v 0.096694 0.026596 -0.076665
v 0.091683 0.035191 -0.079334
v 0.086160 0.043384 -0.081478
v 0.080323 0.051089 -0.083018
v 0.074211 0.058164 -0.084103
v 0.104173 -0.031866 -0.064124
v 0.103077 -0.024473 -0.068898
v 0.101306 -0.016691 -0.073602
v 0.098931 -0.008409 -0.078062
v 0.095851 0.000109 -0.082201
v 0.092115 0.008850 -0.085898
v 0.087771 0.017538 -0.089053
v 0.082858 0.026094 -0.091641
v 0.077572 0.034308 -0.093580
v 0.071923 0.042075 -0.094950
v 0.066186 0.049310 -0.095701
v 0.060281 0.055919 -0.096014
v 0.095551 -0.045275 -0.069421
v 0.094658 -0.038778 -0.074353
v 0.093178 -0.031866 -0.079258
v 0.091226 -0.024369 -0.084007
v 0.088655 -0.016528 -0.088491
v 0.085526 -0.008277 -0.092610
v 0.081824 0.000089 -0.096234
v 0.077581 0.008576 -0.099317
v 0.072937 0.016900 -0.101757
v 0.067881 0.025020 -0.103584
v 0.062669 0.032744 -0.104755
v 0.057242 0.040006 -0.105367
v 0.051896 0.046748 -0.105421
v 0.046467 0.052892 -0.105082
v 0.024172 0.052892 -0.112326
v 0.007666 0.055919 -0.113109
v 0.015623 0.040006 -0.118890
v -0.010604 0.058164 -0.111661
v 0.005968 0.025020 -0.123701
v -0.002377 0.042075 -0.119092
v -0.029703 0.059207 -0.107557
v -0.004388 0.008575 -0.125950
v -0.013169 0.026094 -0.122842
v -0.021814 0.043384 -0.116561
v -0.048316 0.058843 -0.100811
v -0.014756 -0.008277 -0.125194
v -0.024033 0.008850 -0.123636
v -0.033164 0.026596 -0.118858
v -0.041433 0.043652 -0.110994
v -0.065181 0.057146 -0.091972
v -0.024424 -0.024369 -0.121584
v -0.034152 -0.008409 -0.121304
v -0.043792 0.008896 -0.118073
v -0.052548 0.026408 -0.111711
v -0.059768 0.042822 -0.102693
v -0.079479 0.054428 -0.081932
v -0.032876 -0.038778 -0.115791
v -0.042893 -0.024473 -0.116327
v -0.052933 -0.008371 -0.114376
v -0.062185 0.008710 -0.109566
v -0.069905 0.025572 -0.102046
v -0.075662 0.041064 -0.092520
v 0.019980 0.046748 -0.115791
v 0.016140 0.054428 -0.113001
v 0.010872 0.032744 -0.121584
v 0.006829 0.041064 -0.119323
v 0.002706 0.049310 -0.116327
v -0.001328 0.057146 -0.112720
v 0.000804 0.016900 -0.125194
v -0.003427 0.025572 -0.123645
v -0.007753 0.034308 -0.121304
v -0.012009 0.042822 -0.118211
v -0.016186 0.051089 -0.114376
v -0.020167 0.058843 -0.109957
v -0.009632 0.000089 -0.125950
v -0.014093 0.008710 -0.125192
v -0.018664 0.017538 -0.123636
v -0.023150 0.026408 -0.121263
v -0.027541 0.035191 -0.118073
v -0.031721 0.043652 -0.114150
v -0.035600 0.051725 -0.109565
v -0.039191 0.059207 -0.104474
v -0.019709 -0.016528 -0.123701
v -0.024404 -0.008371 -0.123645
v -0.029228 0.000109 -0.122842
v -0.033973 0.008896 -0.121263
v -0.038620 0.017769 -0.118858
v -0.043033 0.026596 -0.115652
v -0.047120 0.035191 -0.111711
v -0.050866 0.043384 -0.107121
v -0.054134 0.051089 -0.102045
v -0.057055 0.058164 -0.096568
v -0.028795 -0.031866 -0.118890
v -0.033674 -0.024473 -0.119323
v -0.038695 -0.016691 -0.119092
v -0.043671 -0.008409 -0.118211
v -0.048559 0.000109 -0.116561
v -0.053229 0.008850 -0.114150
v -0.057572 0.017538 -0.110994
v -0.061551 0.026094 -0.107122
v -0.065029 0.034308 -0.102693
v -0.068078 0.042075 -0.097744
v -0.070565 0.049310 -0.092520
v -0.072687 0.055919 -0.087000
v -0.036497 -0.045275 -0.112326
v -0.041463 -0.038778 -0.113001
v -0.046586 -0.031866 -0.113109
v -0.051705 -0.024369 -0.112720
v -0.056765 -0.016528 -0.111661
v -0.061649 -0.008277 -0.109958
v -0.066239 0.000089 -0.107558
v -0.070482 0.008575 -0.104475
v -0.074238 0.016900 -0.100811
v -0.077538 0.025020 -0.096568
v -0.080262 0.032744 -0.091973
v -0.082522 0.040006 -0.087000
v -0.084225 0.046748 -0.081933
v -0.085580 0.052892 -0.076665
v -0.099359 0.052892 -0.057700
v -0.105204 0.055919 -0.042244
v -0.108243 0.040006 -0.051597
v -0.109472 0.058164 -0.024420
v -0.115803 0.025020 -0.043901
v -0.113997 0.042075 -0.034541
v -0.111472 0.059207 -0.004988
v -0.121142 0.008575 -0.034747
v -0.120899 0.026094 -0.025436
v -0.117597 0.043384 -0.015274
v -0.110808 0.058843 0.014799
v -0.123627 -0.008277 -0.024653
v -0.125012 0.008850 -0.015349
v -0.123289 0.026596 -0.005188
v -0.118365 0.043652 0.005106
v -0.107613 0.057145 0.033569
v -0.123181 -0.024369 -0.014342
v -0.125921 -0.008409 -0.005004
v -0.125826 0.008896 0.005162
v -0.122482 0.026408 0.015456
v -0.116136 0.042821 0.025108
v -0.102483 0.054428 0.050269
v -0.120284 -0.038777 -0.004514
v -0.123889 -0.024473 0.004847
v -0.125135 -0.008371 0.014998
v -0.123419 0.008710 0.025283
v -0.118653 0.025572 0.034949
v -0.111373 0.041064 0.043368
v -0.103950 0.046748 -0.054783
v -0.102483 0.054428 -0.050269
v -0.112274 0.032744 -0.047912
v -0.111373 0.041064 -0.043368
v -0.109798 0.049310 -0.038521
v -0.107613 0.057145 -0.033569
v -0.118818 0.016900 -0.039451
v -0.118653 0.025572 -0.034949
v -0.117763 0.034308 -0.030112
v -0.116137 0.042821 -0.025108
v -0.113779 0.051089 -0.019950
v -0.110808 0.058843 -0.014799
v -0.122762 0.000089 -0.029760
v -0.123419 0.008710 -0.025283
v -0.123353 0.017538 -0.020455
v -0.122482 0.026408 -0.015456
v -0.120805 0.035191 -0.010293
v -0.118365 0.043652 -0.005106
v -0.115204 0.051725 -0.000000
v -0.111472 0.059207 0.004988
v -0.123737 -0.016528 -0.019481
v -0.125135 -0.008371 -0.014998
v -0.125862 0.000109 -0.010162
v -0.125827 0.008896 -0.005162
v -0.124975 0.017769 0.000000
v -0.123289 0.026596 0.005188
v -0.120805 0.035191 0.010293
v -0.117597 0.043384 0.015274
v -0.113779 0.051089 0.019950
v -0.109472 0.058164 0.024420
v -0.121969 -0.031865 -0.009353
v -0.123889 -0.024473 -0.004847
v -0.125221 -0.016691 0.000000
v -0.125921 -0.008409 0.005004
v -0.125862 0.000109 0.010162
v -0.125012 0.008851 0.015349
v -0.123353 0.017538 0.020455
v -0.120899 0.026094 0.025436
v -0.117762 0.034308 0.030112
v -0.113997 0.042075 0.034541
v -0.109797 0.049310 0.038521
v -0.105204 0.055919 0.042244
v -0.118107 -0.045275 0.000000
v -0.120284 -0.038777 0.004514
v -0.121969 -0.031865 0.009353
v -0.123181 -0.024369 0.014342
v -0.123737 -0.016527 0.019481
v -0.123627 -0.008277 0.024653
v -0.122762 0.000090 0.029760
v -0.121142 0.008576 0.034747
v -0.118818 0.016900 0.039451
v -0.115803 0.025020 0.043902
v -0.112274 0.032744 0.047912
v -0.108243 0.040006 0.051597
v -0.103950 0.046748 0.054784
v -0.099359 0.052892 0.057700
v -0.085580 0.052892 0.076665
v -0.072687 0.055919 0.087000
v -0.082522 0.040006 0.087000
v -0.057055 0.058164 0.096568
v -0.077538 0.025020 0.096568
v -0.068078 0.042075 0.097744
v -0.039191 0.059207 0.104474
v -0.070482 0.008575 0.104475
v -0.061551 0.026094 0.107122
v -0.050866 0.043384 0.107121
v -0.020167 0.058843 0.109957
v -0.061649 -0.008277 0.109958
v -0.053229 0.008850 0.114150
v -0.043033 0.026596 0.115652
v -0.031721 0.043652 0.114150
v -0.001328 0.057146 0.112720
v -0.051705 -0.024369 0.112720
v -0.043671 -0.008409 0.118211
v -0.033973 0.008896 0.121263
v -0.023150 0.026408 0.121263
v -0.012009 0.042822 0.118211
v 0.016140 0.054428 0.113001
v -0.041463 -0.038778 0.113001
v -0.033674 -0.024473 0.119323
v -0.024404 -0.008371 0.123645
v -0.014093 0.008710 0.125192
v -0.003427 0.025572 0.123645
v 0.006829 0.041064 0.119323
v -0.084225 0.046748 0.081933
v -0.079479 0.054428 0.081932
v -0.080262 0.032744 0.091973
v -0.075662 0.041064 0.092520
v -0.070565 0.049310 0.092519
v -0.065181 0.057146 0.091972
v -0.074238 0.016900 0.100811
v -0.069905 0.025572 0.102045
v -0.065029 0.034308 0.102693
v -0.059768 0.042822 0.102693
v -0.054134 0.051089 0.102045
v -0.048316 0.058843 0.100811
v -0.066239 0.000089 0.107558
v -0.062185 0.008710 0.109566
v -0.057573 0.017538 0.110994
v -0.052549 0.026408 0.111711
v -0.047121 0.035191 0.111711
v -0.041433 0.043652 0.110994
v -0.035600 0.051725 0.109565
v -0.029703 0.059207 0.107557
v -0.056765 -0.016528 0.111661
v -0.052933 -0.008371 0.114376
v -0.048559 0.000109 0.116561
v -0.043792 0.008896 0.118073
v -0.038620 0.017769 0.118858
v -0.033164 0.026596 0.118858
v -0.027541 0.035191 0.118073
v -0.021814 0.043384 0.116561
v -0.016186 0.051089 0.114376
v -0.010604 0.058164 0.111661
v -0.046586 -0.031866 0.113109
v -0.042893 -0.024473 0.116327
v -0.038695 -0.016691 0.119092
v -0.034152 -0.008409 0.121304
v -0.029228 0.000109 0.122842
v -0.024033 0.008850 0.123636
v -0.018664 0.017538 0.123636
v -0.013169 0.026094 0.122842
v -0.007753 0.034308 0.121304
v -0.002377 0.042075 0.119092
v 0.002706 0.049310 0.116327
v 0.007666 0.055919 0.113109
v -0.036497 -0.045275 0.112326
v -0.032876 -0.038778 0.115791
v -0.028795 -0.031866 0.118890
v -0.024424 -0.024369 0.121584
v -0.019709 -0.016528 0.123701
v -0.014756 -0.008277 0.125194
v -0.009632 0.000089 0.125950
v -0.004388 0.008575 0.125950
v 0.000804 0.016900 0.125194
v 0.005968 0.025020 0.123701
v 0.010872 0.032744 0.121584
v 0.015623 0.040006 0.118890
v 0.019980 0.046748 0.115791
v 0.024172 0.052892 0.112326
v 0.046467 0.052892 0.105082
v 0.060281 0.055919 0.096014
v 0.057242 0.040006 0.105367
v 0.074211 0.058164 0.084103
v 0.067881 0.025020 0.103585
v 0.071923 0.042075 0.094950
v 0.087251 0.059207 0.069557
v 0.077581 0.008575 0.099317
v 0.082858 0.026094 0.091641
v 0.086160 0.043384 0.081478
v 0.098344 0.058843 0.053158
v 0.085526 -0.008277 0.092610
v 0.092115 0.008850 0.085898
v 0.096694 0.026596 0.076665
v 0.098761 0.043652 0.065442
v 0.106793 0.057145 0.036095
v 0.091226 -0.024369 0.084007
v 0.098931 -0.008409 0.078062
v 0.104830 0.008896 0.069782
v 0.108175 0.026408 0.059489
v 0.108715 0.042821 0.047950
v 0.112458 0.054428 0.019569
v 0.094658 -0.038778 0.074353
v 0.103077 -0.024473 0.068898
v 0.110053 -0.008371 0.061418
v 0.114710 0.008710 0.052089
v 0.116535 0.025572 0.041468
v 0.115593 0.041063 0.030377
v 0.051896 0.046748 0.105421
v 0.053362 0.054428 0.100907
v 0.062669 0.032744 0.104755
v 0.064611 0.041064 0.100549
v 0.066186 0.049310 0.095701
v 0.067329 0.057146 0.090412
v 0.072937 0.016900 0.101757
v 0.075450 0.025572 0.098017
v 0.077572 0.034308 0.093580
v 0.079198 0.042821 0.088576
v 0.080323 0.051089 0.083018
v 0.080947 0.058843 0.077104
v 0.081824 0.000089 0.096234
v 0.084987 0.008710 0.092999
v 0.087771 0.017538 0.089054
v 0.090005 0.026408 0.084497
v 0.091683 0.035191 0.079335
v 0.092758 0.043652 0.073704
v 0.093202 0.051725 0.067715
v 0.093114 0.059207 0.061486
v 0.088655 -0.016528 0.088491
v 0.092421 -0.008371 0.085686
v 0.095851 0.000109 0.082201
v 0.098762 0.008896 0.078135
v 0.101107 0.017769 0.073458
v 0.102793 0.026596 0.068270
v 0.103783 0.035191 0.062679
v 0.104116 0.043384 0.056765
v 0.103776 0.051089 0.050737
v 0.102919 0.058164 0.044589
v 0.093178 -0.031866 0.079258
v 0.097379 -0.024473 0.076741
v 0.101306 -0.016691 0.073602
v 0.104813 -0.008409 0.069966
v 0.107798 0.000108 0.065758
v 0.110159 0.008850 0.061062
v 0.111818 0.017537 0.055956
v 0.112761 0.026094 0.050484
v 0.112971 0.034308 0.044858
v 0.112529 0.042075 0.039061
v 0.111470 0.049310 0.033373
v 0.109943 0.055919 0.027661
v 0.095551 -0.045275 0.069421
v 0.099965 -0.038778 0.067048
v 0.104173 -0.031866 0.064124
v 0.108086 -0.024369 0.060800
v 0.111557 -0.016528 0.056970
v 0.114507 -0.008277 0.052721
v 0.116809 0.000089 0.048081
v 0.118430 0.008575 0.043093
v 0.119315 0.016900 0.037922
v 0.119491 0.025020 0.032549
v 0.118994 0.032744 0.027231
v 0.117899 0.040006 0.021880
v 0.116299 0.046747 0.016779
v 0.114298 0.052892 0.011721
v 0.036497 0.045275 -0.112326
v 0.028795 0.031866 -0.118890
v 0.046586 0.031866 -0.113109
v 0.019709 0.016528 -0.123701
v 0.056765 0.016528 -0.111661
v 0.038695 0.016691 -0.119092
v 0.009632 -0.000089 -0.125950
v 0.066239 -0.000089 -0.107558
v 0.048559 -0.000109 -0.116561
v 0.029228 -0.000109 -0.122842
v -0.000804 -0.016900 -0.125194
v 0.074238 -0.016900 -0.100811
v 0.057573 -0.017538 -0.110994
v 0.038620 -0.017769 -0.118858
v 0.018664 -0.017538 -0.123636
v -0.010872 -0.032744 -0.121584
v 0.080262 -0.032744 -0.091973
v 0.065029 -0.034308 -0.102693
v 0.047121 -0.035191 -0.111711
v 0.027541 -0.035191 -0.118073
v 0.007753 -0.034308 -0.121304
v -0.019980 -0.046748 -0.115791
v 0.084225 -0.046748 -0.081933
v 0.070565 -0.049310 -0.092519
v 0.054134 -0.051089 -0.102045
v 0.035600 -0.051725 -0.109565
v 0.016186 -0.051089 -0.114376
v -0.002706 -0.049310 -0.116327
v 0.041463 0.038778 -0.113001
v 0.032876 0.038778 -0.115792
v 0.051705 0.024369 -0.112720
v 0.042893 0.024473 -0.116327
v 0.033674 0.024473 -0.119323
v 0.024424 0.024369 -0.121584
v 0.061649 0.008277 -0.109958
v 0.052933 0.008371 -0.114376
v 0.043671 0.008409 -0.118211
v 0.034152 0.008409 -0.121304
v 0.024404 0.008371 -0.123645
v 0.014756 0.008277 -0.125194
v 0.070482 -0.008576 -0.104475
v 0.062185 -0.008710 -0.109566
v 0.053229 -0.008850 -0.114150
v 0.043792 -0.008896 -0.118073
v 0.033973 -0.008896 -0.121263
v 0.024033 -0.008850 -0.123636
v 0.014093 -0.008710 -0.125192
v 0.004388 -0.008575 -0.125950
v 0.077538 -0.025020 -0.096568
v 0.069905 -0.025572 -0.102045
v 0.061551 -0.026094 -0.107122
v 0.052549 -0.026408 -0.111711
v 0.043033 -0.026596 -0.115652
v 0.033164 -0.026596 -0.118858
v 0.023150 -0.026408 -0.121263
v 0.013169 -0.026094 -0.122842
v 0.003427 -0.025572 -0.123645
v -0.005968 -0.025020 -0.123701
v 0.082522 -0.040006 -0.087000
v 0.075662 -0.041064 -0.092520
v 0.068078 -0.042075 -0.097744
v 0.059768 -0.042822 -0.102693
v 0.050866 -0.043384 -0.107121
v 0.041433 -0.043652 -0.110994
v 0.031721 -0.043652 -0.114150
v 0.021814 -0.043384 -0.116561
v 0.012009 -0.042822 -0.118211
v 0.002377 -0.042075 -0.119092
v -0.006829 -0.041064 -0.119323
v -0.015623 -0.040006 -0.118890
v 0.085580 -0.052892 -0.076665
v 0.079479 -0.054428 -0.081932
v 0.072687 -0.055919 -0.087000
v 0.065181 -0.057146 -0.091972
v 0.057055 -0.058164 -0.096568
v 0.048316 -0.058843 -0.100811
v 0.039191 -0.059207 -0.104474
v 0.029703 -0.059207 -0.107557
v 0.020167 -0.058843 -0.109957
v 0.010604 -0.058164 -0.111661
v 0.001328 -0.057146 -0.112720
v -0.007666 -0.055919 -0.113109
v -0.016140 -0.054428 -0.113001
v -0.024172 -0.052892 -0.112326
v -0.095551 0.045275 -0.069421
v -0.104173 0.031866 -0.064124
v -0.093178 0.031866 -0.079258
v -0.111557 0.016528 -0.056970
v -0.088655 0.016528 -0.088491
v -0.101306 0.016691 -0.073602
v -0.116809 -0.000089 -0.048081
v -0.081824 -0.000089 -0.096234
v -0.095851 -0.000109 -0.082201
v -0.107798 -0.000109 -0.065758
v -0.119315 -0.016900 -0.037922
v -0.072937 -0.016900 -0.101757
v -0.087771 -0.017538 -0.089054
v -0.101107 -0.017769 -0.073458
v -0.111818 -0.017538 -0.055956
v -0.118994 -0.032744 -0.027231
v -0.062669 -0.032744 -0.104755
v -0.077572 -0.034308 -0.093580
v -0.091683 -0.035191 -0.079335
v -0.103783 -0.035191 -0.062679
v -0.112971 -0.034308 -0.044858
v -0.116299 -0.046747 -0.016779
v -0.051896 -0.046748 -0.105422
v -0.066186 -0.049310 -0.095701
v -0.080323 -0.051089 -0.083018
v -0.093202 -0.051725 -0.067715
v -0.103776 -0.051089 -0.050737
v -0.111470 -0.049310 -0.033373
v -0.094658 0.038778 -0.074353
v -0.099965 0.038778 -0.067048
v -0.091226 0.024369 -0.084007
v -0.097379 0.024473 -0.076741
v -0.103077 0.024473 -0.068898
v -0.108086 0.024369 -0.060800
v -0.085526 0.008277 -0.092610
v -0.092421 0.008371 -0.085686
v -0.098931 0.008409 -0.078062
v -0.104813 0.008409 -0.069965
v -0.110053 0.008371 -0.061418
v -0.114507 0.008277 -0.052721
v -0.077581 -0.008576 -0.099317
v -0.084987 -0.008710 -0.092999
v -0.092115 -0.008850 -0.085898
v -0.098762 -0.008896 -0.078135
v -0.104830 -0.008896 -0.069782
v -0.110159 -0.008850 -0.061062
v -0.114710 -0.008710 -0.052089
v -0.118430 -0.008575 -0.043093
v -0.067881 -0.025020 -0.103585
v -0.075449 -0.025572 -0.098017
v -0.082858 -0.026094 -0.091641
v -0.090005 -0.026408 -0.084497
v -0.096694 -0.026596 -0.076665
v -0.102793 -0.026596 -0.068270
v -0.108175 -0.026408 -0.059489
v -0.112761 -0.026094 -0.050484
v -0.116535 -0.025572 -0.041468
v -0.119491 -0.025020 -0.032549
v -0.057242 -0.040006 -0.105367
v -0.064611 -0.041064 -0.100549
v -0.071923 -0.042075 -0.094950
v -0.079198 -0.042822 -0.088576
v -0.086160 -0.043384 -0.081479
v -0.092758 -0.043652 -0.073704
v -0.098761 -0.043652 -0.065442
v -0.104116 -0.043384 -0.056765
v -0.108714 -0.042821 -0.047950
v -0.112529 -0.042075 -0.039061
v -0.115593 -0.041064 -0.030377
v -0.117899 -0.040006 -0.021880
v -0.046467 -0.052892 -0.105082
v -0.053362 -0.054428 -0.100907
v -0.060281 -0.055919 -0.096014
v -0.067329 -0.057146 -0.090412
v -0.074211 -0.058164 -0.084103
v -0.080947 -0.058843 -0.077104
v -0.087251 -0.059207 -0.069557
v -0.093114 -0.059207 -0.061486
v -0.098344 -0.058843 -0.053158
v -0.102919 -0.058164 -0.044589
v -0.106793 -0.057145 -0.036095
v -0.109943 -0.055919 -0.027661
v -0.112458 -0.054428 -0.019569
v -0.114298 -0.052892 -0.011721
v -0.095551 0.045275 0.069421
v -0.093178 0.031866 0.079258
v -0.104173 0.031865 0.064124
v -0.088655 0.016528 0.088491
v -0.111557 0.016528 0.056970
v -0.101306 0.016691 0.073602
v -0.081824 -0.000089 0.096234
v -0.116809 -0.000089 0.048081
v -0.107798 -0.000109 0.065758
v -0.095851 -0.000109 0.082201
v -0.072937 -0.016900 0.101757
v -0.119315 -0.016900 0.037922
v -0.111818 -0.017538 0.055956
v -0.101107 -0.017769 0.073458
v -0.087771 -0.017538 0.089054
v -0.062669 -0.032744 0.104755
v -0.118994 -0.032744 0.027231
v -0.112971 -0.034308 0.044858
v -0.103783 -0.035191 0.062679
v -0.091683 -0.035191 0.079335
v -0.077572 -0.034308 0.093580
v -0.051896 -0.046748 0.105421
v -0.116299 -0.046747 0.016779
v -0.111470 -0.049310 0.033373
v -0.103776 -0.051089 0.050737
v -0.093202 -0.051725 0.067715
v -0.080323 -0.051089 0.083018
v -0.066186 -0.049310 0.095701
v -0.099965 0.038778 0.067048
v -0.094658 0.038778 0.074353
v -0.108086 0.024369 0.060800
v -0.103077 0.024473 0.068898
v -0.097379 0.024473 0.076741
v -0.091226 0.024369 0.084007
v -0.114507 0.008277 0.052721
v -0.110053 0.008371 0.061418
v -0.104813 0.008409 0.069965
v -0.098931 0.008409 0.078062
v -0.092421 0.008371 0.085686
v -0.085526 0.008277 0.092610
v -0.118430 -0.008575 0.043093
v -0.114710 -0.008710 0.052089
v -0.110159 -0.008850 0.061062
v -0.104830 -0.008896 0.069782
v -0.098762 -0.008896 0.078135
v -0.092115 -0.008850 0.085898
v -0.084987 -0.008710 0.092999
v -0.077581 -0.008576 0.099317
v -0.119491 -0.025020 0.032549
v -0.116535 -0.025572 0.041468
v -0.112761 -0.026094 0.050484
v -0.108175 -0.026408 0.059489
v -0.102793 -0.026596 0.068270
v -0.096694 -0.026596 0.076665
v -0.090005 -0.026408 0.084497
v -0.082858 -0.026094 0.091641
v -0.075449 -0.025572 0.098017
v -0.067881 -0.025020 0.103585
v -0.117899 -0.040006 0.021880
v -0.115593 -0.041064 0.030377
v -0.112529 -0.042075 0.039061
v -0.108714 -0.042821 0.047950
v -0.104116 -0.043384 0.056765
v -0.098761 -0.043652 0.065442
v -0.092758 -0.043652 0.073704
v -0.086160 -0.043384 0.081479
v -0.079198 -0.042822 0.088576
v -0.071923 -0.042075 0.094950
v -0.064611 -0.041064 0.100549
v -0.057242 -0.040006 0.105367
v -0.114298 -0.052892 0.011721
v -0.112458 -0.054428 0.019569
v -0.109943 -0.055919 0.027661
v -0.106793 -0.057145 0.036095
v -0.102919 -0.058164 0.044589
v -0.098344 -0.058843 0.053158
v -0.093114 -0.059207 0.061486
v -0.087251 -0.059207 0.069557
v -0.080947 -0.058843 0.077104
v -0.074211 -0.058164 0.084103
v -0.067329 -0.057146 0.090412
v -0.060281 -0.055919 0.096014
v -0.053362 -0.054428 0.100907
v -0.046467 -0.052892 0.105082
v 0.036497 0.045275 0.112326
v 0.046586 0.031866 0.113109
v 0.028795 0.031866 0.118890
v 0.056765 0.016528 0.111661
v 0.019709 0.016528 0.123701
v 0.038695 0.016691 0.119092
v 0.066239 -0.000089 0.107558
v 0.009632 -0.000089 0.125950
v 0.029228 -0.000109 0.122842
v 0.048559 -0.000109 0.116561
v 0.074238 -0.016900 0.100811
v -0.000804 -0.016900 0.125194
v 0.018664 -0.017538 0.123636
v 0.038620 -0.017769 0.118858
v 0.057573 -0.017538 0.110994
v 0.080262 -0.032744 0.091973
v -0.010872 -0.032744 0.121584
v 0.007753 -0.034308 0.121304
v 0.027541 -0.035191 0.118073
v 0.047121 -0.035191 0.111711
v 0.065029 -0.034308 0.102693
v 0.084225 -0.046748 0.081933
v -0.019980 -0.046748 0.115791
v -0.002706 -0.049310 0.116327
v 0.016186 -0.051089 0.114376
v 0.035600 -0.051725 0.109565
v 0.054134 -0.051089 0.102045
v 0.070565 -0.049310 0.092519
v 0.032876 0.038778 0.115791
v 0.041463 0.038778 0.113001
v 0.024424 0.024369 0.121584
v 0.033674 0.024473 0.119323
v 0.042893 0.024473 0.116327
v 0.051705 0.024369 0.112720
v 0.014756 0.008277 0.125194
v 0.024404 0.008371 0.123645
v 0.034152 0.008409 0.121304
v 0.043671 0.008409 0.118211
v 0.052933 0.008371 0.114376
v 0.061649 0.008277 0.109958
v 0.004388 -0.008575 0.125950
v 0.014093 -0.008710 0.125192
v 0.024033 -0.008850 0.123636
v 0.033973 -0.008896 0.121263
v 0.043792 -0.008896 0.118073
v 0.053229 -0.008850 0.114150
v 0.062185 -0.008710 0.109566
v 0.070482 -0.008576 0.104475
v -0.005968 -0.025020 0.123701
v 0.003427 -0.025572 0.123645
v 0.013169 -0.026094 0.122842
v 0.023150 -0.026408 0.121263
v 0.033164 -0.026596 0.118858
v 0.043033 -0.026596 0.115652
v 0.052549 -0.026408 0.111711
v 0.061551 -0.026094 0.107122
v 0.069905 -0.025572 0.102046
v 0.077538 -0.025020 0.096568
v -0.015623 -0.040006 0.118890
v -0.006829 -0.041064 0.119323
v 0.002377 -0.042075 0.119092
v 0.012009 -0.042822 0.118211
v 0.021814 -0.043384 0.116561
v 0.031721 -0.043652 0.114150
v 0.041433 -0.043652 0.110994
v 0.050866 -0.043384 0.107121
v 0.059768 -0.042822 0.102693
v 0.068078 -0.042075 0.097744
v 0.075662 -0.041064 0.092520
v 0.082522 -0.040006 0.087000
v -0.024172 -0.052892 0.112326
v -0.016140 -0.054428 0.113001
v -0.007666 -0.055919 0.113109
v 0.001328 -0.057146 0.112720
v 0.010604 -0.058164 0.111661
v 0.020167 -0.058843 0.109957
v 0.029703 -0.059207 0.107557
v 0.039191 -0.059207 0.104474
v 0.048316 -0.058843 0.100811
v 0.057055 -0.058164 0.096568
v 0.065181 -0.057146 0.091972
v 0.072687 -0.055919 0.087000
v 0.079479 -0.054428 0.081932
v 0.085580 -0.052892 0.076665
v 0.118107 0.045275 0.000000
v 0.121969 0.031865 -0.009353
v 0.121969 0.031865 0.009353
v 0.123737 0.016528 -0.019481
v 0.123737 0.016528 0.019481
v 0.125221 0.016691 0.000000
v 0.122762 -0.000089 -0.029760
v 0.122762 -0.000089 0.029760
v 0.125862 -0.000109 0.010162
v 0.125862 -0.000109 -0.010162
v 0.118818 -0.016900 -0.039451
v 0.118818 -0.016900 0.039451
v 0.123353 -0.017538 0.020455
v 0.124975 -0.017769 0.000000
v 0.123353 -0.017538 -0.020455
v 0.112274 -0.032744 -0.047912
v 0.112274 -0.032744 0.047912
v 0.117763 -0.034308 0.030112
v 0.120805 -0.035191 0.010293
v 0.120805 -0.035191 -0.010293
v 0.117763 -0.034308 -0.030112
v 0.103950 -0.046748 -0.054783
v 0.103950 -0.046748 0.054783
v 0.109798 -0.049310 0.038521
v 0.113779 -0.051089 0.019950
v 0.115204 -0.051725 0.000000
v 0.113779 -0.051089 -0.019950
v 0.109798 -0.049310 -0.038521
v 0.120284 0.038777 0.004514
v 0.120284 0.038777 -0.004514
v 0.123181 0.024369 0.014342
v 0.123889 0.024473 0.004847
v 0.123889 0.024473 -0.004847
v 0.123181 0.024369 -0.014342
v 0.123627 0.008277 0.024653
v 0.125135 0.008371 0.014998
v 0.125921 0.008409 0.005004
v 0.125921 0.008409 -0.005004
v 0.125135 0.008371 -0.014998
v 0.123627 0.008277 -0.024653
v 0.121142 -0.008575 0.034747
v 0.123419 -0.008710 0.025283
v 0.125012 -0.008850 0.015349
v 0.125827 -0.008896 0.005162
v 0.125827 -0.008896 -0.005162
v 0.125012 -0.008850 -0.015349
v 0.123419 -0.008710 -0.025283
v 0.121142 -0.008575 -0.034747
v 0.115803 -0.025020 0.043901
v 0.118653 -0.025572 0.034949
v 0.120899 -0.026094 0.025436
v 0.122482 -0.026408 0.015456
v 0.123289 -0.026596 0.005188
v 0.123289 -0.026596 -0.005188
v 0.122482 -0.026408 -0.015456
v 0.120899 -0.026094 -0.025436
v 0.118653 -0.025572 -0.034949
v 0.115803 -0.025020 -0.043901
v 0.108244 -0.040006 0.051597
v 0.111373 -0.041064 0.043368
v 0.113997 -0.042075 0.034541
v 0.116136 -0.042821 0.025108
v 0.117597 -0.043384 0.015274
v 0.118365 -0.043652 0.005106
v 0.118365 -0.043652 -0.005106
v 0.117597 -0.043384 -0.015274
v 0.116137 -0.042821 -0.025108
v 0.113997 -0.042075 -0.034541
v 0.111373 -0.041064 -0.043368
v 0.108244 -0.040006 -0.051597
v 0.099359 -0.052892 0.057700
v 0.102483 -0.054428 0.050269
v 0.105204 -0.055919 0.042244
v 0.107613 -0.057145 0.033569
v 0.109472 -0.058164 0.024420
v 0.110808 -0.058843 0.014799
v 0.111472 -0.059207 0.004988
v 0.111472 -0.059207 -0.004988
v 0.110808 -0.058843 -0.014799
v 0.109472 -0.058164 -0.024420
v 0.107613 -0.057145 -0.033569
v 0.105204 -0.055919 -0.042244
v 0.102483 -0.054428 -0.050269
v 0.099359 -0.052892 -0.057700
v 0.083226 -0.065216 -0.069421
v 0.070171 -0.069091 -0.079258
v 0.075089 -0.078926 -0.064124
v 0.054430 -0.071905 -0.088491
v 0.064672 -0.092388 -0.056970
v 0.060234 -0.083147 -0.073602
v 0.036513 -0.073227 -0.096233
v 0.052158 -0.104518 -0.048081
v 0.048111 -0.096466 -0.065757
v 0.042769 -0.085781 -0.082201
v 0.017503 -0.072795 -0.101756
v 0.038243 -0.114277 -0.037922
v 0.034320 -0.107856 -0.055955
v 0.029324 -0.098380 -0.073458
v 0.023567 -0.086348 -0.089053
v -0.001260 -0.070697 -0.104754
v 0.023928 -0.121075 -0.027231
v 0.019837 -0.116388 -0.044857
v 0.014938 -0.108565 -0.062679
v 0.009526 -0.097742 -0.079334
v 0.004006 -0.084726 -0.093580
v -0.018603 -0.067324 -0.105421
v 0.010199 -0.124927 -0.016779
v 0.005747 -0.121754 -0.033373
v 0.000715 -0.115668 -0.050737
v -0.004582 -0.106495 -0.067715
v -0.009773 -0.094691 -0.083018
v -0.014504 -0.081251 -0.095701
v 0.079389 -0.072071 -0.067048
v 0.077016 -0.067324 -0.074352
v 0.070133 -0.085778 -0.060800
v 0.067986 -0.081251 -0.068898
v 0.065438 -0.076155 -0.076741
v 0.062593 -0.070697 -0.084007
v 0.058612 -0.098717 -0.052721
v 0.056704 -0.094691 -0.061418
v 0.054395 -0.089988 -0.069965
v 0.051764 -0.084726 -0.078062
v 0.048819 -0.078921 -0.085686
v 0.045652 -0.072795 -0.092610
v 0.045293 -0.109762 -0.043093
v 0.043509 -0.106495 -0.052089
v 0.041348 -0.102487 -0.061061
v 0.038925 -0.097742 -0.069782
v 0.036211 -0.092314 -0.078135
v 0.033279 -0.086348 -0.085897
v 0.030217 -0.079911 -0.092998
v 0.027026 -0.073227 -0.099316
v 0.031060 -0.118066 -0.032549
v 0.029244 -0.115668 -0.041467
v 0.027089 -0.112526 -0.050484
v 0.024757 -0.108565 -0.059488
v 0.022182 -0.103835 -0.068270
v 0.019455 -0.098380 -0.076665
v 0.016632 -0.092314 -0.084496
v 0.013717 -0.085781 -0.091640
v 0.010871 -0.078921 -0.098016
v 0.007980 -0.071905 -0.103584
v 0.016944 -0.123343 -0.021880
v 0.014967 -0.121754 -0.030377
v 0.012692 -0.119465 -0.039061
v 0.010318 -0.116388 -0.047950
v 0.007759 -0.112526 -0.056765
v 0.005124 -0.107856 -0.065442
v 0.002440 -0.102487 -0.073704
v -0.000271 -0.096466 -0.081478
v -0.002881 -0.089988 -0.088576
v -0.005467 -0.083147 -0.094950
v -0.007833 -0.076155 -0.100548
v -0.010182 -0.069091 -0.105367
v 0.003808 -0.125885 -0.011721
v 0.001612 -0.124927 -0.019569
v -0.000847 -0.123343 -0.027661
v -0.003352 -0.121075 -0.036095
v -0.005996 -0.118066 -0.044589
v -0.008649 -0.114277 -0.053158
v -0.011313 -0.109762 -0.061486
v -0.013935 -0.104518 -0.069556
v -0.016429 -0.098717 -0.077103
v -0.018834 -0.092388 -0.084103
v -0.021001 -0.085778 -0.090412
v -0.023056 -0.078926 -0.096014
v -0.024816 -0.072071 -0.100907
v -0.026526 -0.065216 -0.105082
v -0.040305 -0.065216 -0.100605
v -0.053695 -0.069091 -0.091229
v -0.037782 -0.078926 -0.091229
v -0.067340 -0.071905 -0.079111
v -0.034197 -0.092388 -0.079111
v -0.051387 -0.083147 -0.080030
v -0.080241 -0.073227 -0.064463
v -0.029610 -0.104518 -0.064463
v -0.047672 -0.096466 -0.066077
v -0.064962 -0.085781 -0.066077
v -0.091368 -0.072795 -0.048090
v -0.024248 -0.114277 -0.048090
v -0.042611 -0.107856 -0.049932
v -0.060802 -0.098380 -0.050588
v -0.077412 -0.086348 -0.049932
v -0.100017 -0.070697 -0.031172
v -0.018504 -0.121075 -0.031172
v -0.036532 -0.116388 -0.032727
v -0.054996 -0.108565 -0.033575
v -0.072508 -0.097742 -0.033575
v -0.087762 -0.084726 -0.032727
v -0.106010 -0.067323 -0.014884
v -0.012806 -0.124927 -0.014884
v -0.029964 -0.121754 -0.015779
v -0.048033 -0.115668 -0.016359
v -0.065817 -0.106495 -0.016567
v -0.081975 -0.094691 -0.016359
v -0.095500 -0.081251 -0.015779
v -0.039234 -0.072071 -0.096222
v -0.046914 -0.067324 -0.096222
v -0.036152 -0.085778 -0.085489
v -0.044517 -0.081251 -0.085949
v -0.052763 -0.076155 -0.085949
v -0.060553 -0.070697 -0.085489
v -0.032028 -0.098717 -0.072035
v -0.040890 -0.094691 -0.072907
v -0.049732 -0.089988 -0.073353
v -0.058246 -0.084726 -0.073353
v -0.066407 -0.078921 -0.072908
v -0.073971 -0.072795 -0.072035
v -0.026988 -0.109762 -0.056393
v -0.036094 -0.106495 -0.057476
v -0.045296 -0.102487 -0.058193
v -0.054338 -0.097742 -0.058583
v -0.063121 -0.092314 -0.058583
v -0.071410 -0.086348 -0.058194
v -0.079109 -0.079910 -0.057476
v -0.086104 -0.073226 -0.056393
v -0.021358 -0.118066 -0.039598
v -0.030401 -0.115668 -0.040627
v -0.039642 -0.112526 -0.041363
v -0.048927 -0.108565 -0.041928
v -0.058074 -0.103835 -0.042193
v -0.066901 -0.098380 -0.042193
v -0.075222 -0.092314 -0.041928
v -0.082917 -0.085781 -0.041363
v -0.089860 -0.078921 -0.040627
v -0.096049 -0.071904 -0.039598
v -0.015573 -0.123343 -0.022876
v -0.024266 -0.121754 -0.023621
v -0.033227 -0.119465 -0.024141
v -0.042415 -0.116388 -0.024631
v -0.051589 -0.112526 -0.024920
v -0.060656 -0.107856 -0.025096
v -0.069343 -0.102487 -0.025096
v -0.077574 -0.096466 -0.024920
v -0.085131 -0.089988 -0.024631
v -0.091993 -0.083146 -0.024141
v -0.098048 -0.076154 -0.023621
v -0.103357 -0.069090 -0.022876
v -0.009971 -0.125885 -0.007244
v -0.018113 -0.124927 -0.007580
v -0.026569 -0.123343 -0.007742
v -0.035364 -0.121075 -0.007965
v -0.044260 -0.118065 -0.008077
v -0.053230 -0.114277 -0.008201
v -0.061973 -0.109762 -0.008241
v -0.070459 -0.104518 -0.008241
v -0.078407 -0.098716 -0.008201
v -0.085807 -0.092388 -0.008077
v -0.092477 -0.085777 -0.007965
v -0.098439 -0.078925 -0.007742
v -0.103637 -0.072070 -0.007580
v -0.108136 -0.065216 -0.007244
v -0.108136 -0.065216 0.007244
v -0.103357 -0.069090 0.022876
v -0.098439 -0.078925 0.007742
v -0.096049 -0.071904 0.039598
v -0.085807 -0.092388 0.008077
v -0.091993 -0.083146 0.024141
v -0.086104 -0.073226 0.056393
v -0.070459 -0.104518 0.008241
v -0.077574 -0.096466 0.024920
v -0.082917 -0.085781 0.041363
v -0.073971 -0.072795 0.072035
v -0.053230 -0.114277 0.008201
v -0.060656 -0.107856 0.025096
v -0.066901 -0.098380 0.042193
v -0.071410 -0.086348 0.058194
v -0.060553 -0.070697 0.085489
v -0.035364 -0.121075 0.007965
v -0.042415 -0.116387 0.024631
v -0.048927 -0.108565 0.041928
v -0.054338 -0.097742 0.058583
v -0.058246 -0.084726 0.073353
v -0.046914 -0.067324 0.096222
v -0.018113 -0.124927 0.007580
v -0.024266 -0.121754 0.023621
v -0.030401 -0.115668 0.040627
v -0.036094 -0.106495 0.057476
v -0.040890 -0.094691 0.072908
v -0.044517 -0.081251 0.085949
v -0.103637 -0.072070 0.007580
v -0.106010 -0.067323 0.014884
v -0.092477 -0.085777 0.007965
v -0.095500 -0.081251 0.015779
v -0.098048 -0.076154 0.023621
v -0.100017 -0.070697 0.031172
v -0.078407 -0.098716 0.008201
v -0.081975 -0.094691 0.016359
v -0.085131 -0.089988 0.024631
v -0.087762 -0.084726 0.032728
v -0.089860 -0.078921 0.040627
v -0.091368 -0.072795 0.048090
v -0.061973 -0.109762 0.008241
v -0.065817 -0.106495 0.016567
v -0.069343 -0.102487 0.025096
v -0.072508 -0.097742 0.033576
v -0.075222 -0.092314 0.041928
v -0.077412 -0.086348 0.049932
v -0.079109 -0.079910 0.057476
v -0.080241 -0.073227 0.064464
v -0.044260 -0.118065 0.008077
v -0.048033 -0.115668 0.016359
v -0.051589 -0.112526 0.024920
v -0.054996 -0.108565 0.033576
v -0.058074 -0.103835 0.042193
v -0.060802 -0.098380 0.050588
v -0.063121 -0.092314 0.058583
v -0.064962 -0.085781 0.066077
v -0.066407 -0.078921 0.072908
v -0.067340 -0.071905 0.079111
v -0.026569 -0.123343 0.007742
v -0.029964 -0.121754 0.015779
v -0.033228 -0.119465 0.024141
v -0.036532 -0.116388 0.032728
v -0.039642 -0.112526 0.041363
v -0.042611 -0.107856 0.049932
v -0.045296 -0.102487 0.058194
v -0.047672 -0.096466 0.066077
v -0.049732 -0.089988 0.073353
v -0.051387 -0.083147 0.080030
v -0.052763 -0.076155 0.085949
v -0.053695 -0.069091 0.091229
v -0.009971 -0.125885 0.007244
v -0.012806 -0.124927 0.014884
v -0.015573 -0.123343 0.022876
v -0.018504 -0.121075 0.031172
v -0.021358 -0.118065 0.039598
v -0.024248 -0.114277 0.048090
v -0.026988 -0.109762 0.056393
v -0.029610 -0.104518 0.064463
v -0.032028 -0.098717 0.072035
v -0.034197 -0.092388 0.079111
v -0.036152 -0.085778 0.085489
v -0.037782 -0.078926 0.091229
v -0.039234 -0.072071 0.096222
v -0.040305 -0.065216 0.100605
v 0.091742 -0.065216 -0.057700
v 0.084190 -0.078926 -0.051597
v 0.097064 -0.069091 -0.042244
v 0.074166 -0.092388 -0.043901
v 0.100980 -0.071905 -0.024420
v 0.088613 -0.083147 -0.034541
v 0.061846 -0.104518 -0.034747
v 0.102807 -0.073226 -0.004988
v 0.091394 -0.085781 -0.015274
v 0.077407 -0.096466 -0.025436
v 0.047884 -0.114277 -0.024652
v 0.102185 -0.072795 0.014799
v 0.091977 -0.086348 0.005106
v 0.078924 -0.098380 -0.005188
v 0.063823 -0.107856 -0.015349
v 0.033292 -0.121075 -0.014342
v 0.099238 -0.070697 0.033569
v 0.090238 -0.084726 0.025108
v 0.078395 -0.097742 0.015456
v 0.064228 -0.108565 0.005162
v 0.048792 -0.116388 -0.005004
v 0.019109 -0.124927 -0.004514
v 0.094513 -0.067324 0.050269
v 0.086535 -0.081251 0.043368
v 0.075935 -0.094691 0.034949
v 0.062985 -0.106495 0.025283
v 0.048475 -0.115668 0.014998
v 0.033516 -0.121754 0.004847
v 0.094513 -0.067324 -0.050269
v 0.088300 -0.072071 -0.054783
v 0.099238 -0.070697 -0.033569
v 0.093207 -0.076155 -0.038520
v 0.086535 -0.081251 -0.043367
v 0.079497 -0.085778 -0.047912
v 0.102185 -0.072795 -0.014799
v 0.096578 -0.078921 -0.019950
v 0.090238 -0.084726 -0.025108
v 0.083350 -0.089988 -0.030112
v 0.075935 -0.094691 -0.034949
v 0.068253 -0.098717 -0.039451
v 0.102807 -0.073226 0.004988
v 0.097784 -0.079910 0.000000
v 0.091977 -0.086348 -0.005106
v 0.085501 -0.092314 -0.010293
v 0.078395 -0.097742 -0.015455
v 0.070851 -0.102487 -0.020455
v 0.062985 -0.106495 -0.025283
v 0.054981 -0.109762 -0.029759
v 0.100980 -0.071905 0.024420
v 0.096578 -0.078921 0.019950
v 0.091394 -0.085781 0.015274
v 0.085501 -0.092314 0.010293
v 0.078924 -0.098380 0.005188
v 0.071783 -0.103835 0.000000
v 0.064228 -0.108565 -0.005162
v 0.056384 -0.112526 -0.010162
v 0.048475 -0.115668 -0.014998
v 0.040554 -0.118065 -0.019481
v 0.097064 -0.069091 0.042244
v 0.093207 -0.076155 0.038521
v 0.088613 -0.083147 0.034541
v 0.083350 -0.089988 0.030112
v 0.077407 -0.096466 0.025436
v 0.070851 -0.102487 0.020455
v 0.063823 -0.107856 0.015349
v 0.056384 -0.112526 0.010162
v 0.048792 -0.116388 0.005004
v 0.041071 -0.119465 0.000000
v 0.033516 -0.121754 -0.004847
v 0.026045 -0.123343 -0.009353
v 0.091742 -0.065216 0.057700
v 0.088300 -0.072071 0.054783
v 0.084190 -0.078925 0.051597
v 0.079497 -0.085778 0.047912
v 0.074166 -0.092388 0.043901
v 0.068253 -0.098717 0.039451
v 0.061846 -0.104518 0.034747
v 0.054981 -0.109762 0.029759
v 0.047884 -0.114277 0.024653
v 0.040554 -0.118065 0.019481
v 0.033292 -0.121075 0.014342
v 0.026045 -0.123343 0.009353
v 0.019109 -0.124927 0.004514
v 0.012324 -0.125885 0.000000
v -0.026526 -0.065216 0.105082
v -0.010182 -0.069091 0.105367
v -0.023056 -0.078926 0.096014
v 0.007980 -0.071905 0.103584
v -0.018834 -0.092388 0.084103
v -0.005467 -0.083147 0.094950
v 0.027026 -0.073227 0.099316
v -0.013935 -0.104518 0.069556
v -0.000271 -0.096467 0.081478
v 0.013717 -0.085781 0.091640
v 0.045652 -0.072795 0.092610
v -0.008649 -0.114277 0.053158
v 0.005125 -0.107856 0.065442
v 0.019455 -0.098380 0.076664
v 0.033279 -0.086348 0.085897
v 0.062593 -0.070697 0.084007
v -0.003352 -0.121075 0.036095
v 0.010319 -0.116388 0.047950
v 0.024757 -0.108565 0.059488
v 0.038925 -0.097742 0.069782
v 0.051764 -0.084726 0.078062
v 0.077016 -0.067324 0.074352
v 0.001612 -0.124927 0.019569
v 0.014967 -0.121754 0.030377
v 0.029244 -0.115668 0.041467
v 0.043509 -0.106495 0.052089
v 0.056704 -0.094691 0.061418
v 0.067986 -0.081251 0.068898
v -0.024816 -0.072071 0.100907
v -0.018603 -0.067324 0.105421
v -0.021001 -0.085778 0.090412
v -0.014504 -0.081251 0.095701
v -0.007833 -0.076155 0.100548
v -0.001260 -0.070697 0.104754
v -0.016429 -0.098717 0.077103
v -0.009773 -0.094691 0.083018
v -0.002881 -0.089988 0.088576
v 0.004007 -0.084726 0.093580
v 0.010871 -0.078921 0.098016
v 0.017503 -0.072795 0.101756
v -0.011313 -0.109762 0.061486
v -0.004582 -0.106495 0.067715
v 0.002440 -0.102487 0.073704
v 0.009527 -0.097742 0.079334
v 0.016632 -0.092314 0.084496
v 0.023567 -0.086348 0.089053
v 0.030218 -0.079911 0.092998
v 0.036513 -0.073227 0.096233
v -0.005995 -0.118066 0.044589
v 0.000716 -0.115668 0.050737
v 0.007759 -0.112526 0.056765
v 0.014938 -0.108565 0.062679
v 0.022183 -0.103835 0.068270
v 0.029324 -0.098380 0.073458
v 0.036211 -0.092314 0.078135
v 0.042769 -0.085781 0.082201
v 0.048819 -0.078921 0.085686
v 0.054430 -0.071905 0.088491
v -0.000847 -0.123343 0.027661
v 0.005747 -0.121754 0.033373
v 0.012692 -0.119465 0.039061
v 0.019837 -0.116388 0.044857
v 0.027089 -0.112526 0.050484
v 0.034321 -0.107856 0.055955
v 0.041349 -0.102487 0.061061
v 0.048112 -0.096466 0.065757
v 0.054395 -0.089988 0.069965
v 0.060234 -0.083147 0.073602
v 0.065438 -0.076155 0.076741
v 0.070171 -0.069091 0.079258
v 0.003808 -0.125885 0.011721
v 0.010199 -0.124927 0.016779
v 0.016944 -0.123343 0.021880
v 0.023928 -0.121075 0.027231
v 0.031060 -0.118065 0.032549
v 0.038243 -0.114277 0.037922
v 0.045293 -0.109762 0.043093
v 0.052159 -0.104518 0.048081
v 0.058612 -0.098717 0.052721
v 0.064672 -0.092388 0.056970
v 0.070133 -0.085778 0.060800
v 0.075089 -0.078925 0.064124
v 0.079389 -0.072071 0.067048
v 0.083226 -0.065216 0.069421
v 0.002483 -0.126277 0.007641
v 0.091799 -0.062287 0.060858
v -0.006500 -0.126277 0.004722
v -0.006500 -0.126277 -0.004722
v 0.002483 -0.126277 -0.007641
v 0.096764 -0.054253 0.060858
v -0.027978 -0.054253 0.110834
v -0.114055 -0.054252 0.007641
v -0.042511 -0.054253 -0.106112
v 0.087782 -0.054253 -0.073221
v 0.094281 -0.049288 0.068499
v -0.036012 -0.049288 0.110834
v -0.116538 -0.049287 0.000000
v -0.036012 -0.049288 -0.110834
v 0.094281 -0.049288 -0.068499
v 0.038494 0.062287 0.103193
v -0.086247 0.062287 0.068499
v -0.091799 0.062287 -0.060858
v 0.029512 0.062287 -0.106112
v 0.110038 0.062286 -0.004722
v 0.006500 0.126277 -0.004722
v 0.022636 0.124310 -0.005109
v 0.040051 0.119757 -0.005351
v 0.057776 0.112233 -0.005486
v 0.074546 0.101869 -0.005486
v 0.089203 0.089380 -0.005351
v 0.101062 0.075840 -0.005109
v 0.013634 0.125358 -0.009906
v 0.011854 0.124310 -0.019950
v 0.030647 0.122188 -0.010478
v 0.029146 0.121132 -0.021175
v 0.019435 0.122188 -0.025909
v 0.017465 0.119757 -0.036436
v 0.048553 0.116140 -0.010859
v 0.047382 0.115008 -0.021969
v 0.037406 0.117562 -0.027177
v 0.035535 0.115008 -0.038274
v 0.025331 0.116140 -0.042821
v 0.023071 0.112233 -0.053253
v 0.066161 0.107051 -0.010996
v 0.065354 0.105745 -0.022253
v 0.055807 0.109793 -0.027877
v 0.054057 0.107131 -0.039274
v 0.043758 0.109793 -0.044461
v 0.041359 0.105745 -0.055278
v 0.030902 0.107051 -0.059524
v 0.028253 0.101869 -0.069202
v 0.082164 0.095367 -0.010859
v 0.081676 0.093813 -0.021969
v 0.073243 0.099017 -0.027877
v 0.071645 0.096261 -0.039274
v 0.062004 0.100326 -0.045049
v 0.059492 0.096261 -0.056002
v 0.049146 0.099017 -0.061044
v 0.046132 0.093814 -0.070890
v 0.035717 0.095367 -0.074787
v 0.032654 0.089380 -0.083183
v 0.095582 0.082056 -0.010478
v 0.095309 0.080241 -0.021176
v 0.088421 0.086033 -0.027177
v 0.086974 0.083218 -0.038274
v 0.078632 0.088240 -0.044462
v 0.076084 0.084284 -0.055278
v 0.066584 0.088240 -0.061044
v 0.063277 0.083218 -0.070890
v 0.053170 0.086033 -0.075695
v 0.049591 0.080242 -0.084101
v 0.039501 0.082057 -0.087666
v 0.036088 0.075840 -0.094537
v 0.106026 0.068257 -0.009906
v 0.105884 0.066196 -0.019950
v 0.100596 0.072028 -0.025909
v 0.099303 0.069179 -0.036437
v 0.092550 0.074597 -0.042821
v 0.090066 0.070828 -0.053253
v 0.081929 0.075515 -0.059525
v 0.078478 0.070828 -0.069202
v 0.069325 0.074597 -0.074787
v 0.065339 0.069180 -0.083183
v 0.055727 0.072028 -0.087666
v 0.051693 0.066196 -0.094537
v 0.042184 0.068257 -0.097776
v 0.038494 0.062287 -0.103193
v -0.002483 0.126277 -0.007641
v 0.002136 0.124310 -0.023107
v 0.007287 0.119757 -0.039744
v 0.012636 0.112233 -0.056643
v 0.017818 0.101869 -0.072592
v 0.022475 0.089380 -0.086490
v 0.026371 0.075840 -0.097694
v -0.005208 0.125358 -0.016027
v -0.015310 0.124310 -0.017438
v -0.000494 0.122188 -0.032385
v -0.011133 0.121132 -0.034262
v -0.018636 0.122188 -0.026490
v -0.029256 0.119757 -0.027870
v 0.004676 0.116140 -0.049532
v -0.006252 0.115008 -0.051851
v -0.014288 0.117562 -0.043973
v -0.025420 0.115008 -0.045623
v -0.032898 0.116140 -0.037324
v -0.043517 0.112233 -0.038398
v 0.009987 0.107051 -0.066320
v -0.000969 0.105745 -0.069031
v -0.009267 0.109793 -0.061690
v -0.020648 0.107131 -0.063547
v -0.028764 0.109793 -0.055355
v -0.039792 0.105745 -0.056417
v -0.047062 0.107051 -0.047783
v -0.057084 0.101869 -0.048255
v 0.015062 0.095367 -0.081498
v 0.004345 0.093814 -0.084467
v -0.003880 0.099017 -0.078273
v -0.015213 0.096261 -0.080275
v -0.023684 0.100326 -0.072890
v -0.034877 0.096261 -0.073885
v -0.042870 0.099017 -0.065604
v -0.053165 0.093814 -0.065781
v -0.060090 0.095367 -0.057080
v -0.069021 0.089380 -0.056761
v 0.019571 0.082057 -0.094141
v 0.009312 0.080242 -0.097188
v 0.001476 0.086033 -0.092491
v -0.009525 0.083218 -0.094544
v -0.017987 0.088240 -0.088523
v -0.029062 0.084285 -0.089442
v -0.037481 0.088240 -0.082189
v -0.047867 0.083218 -0.082086
v -0.055560 0.086033 -0.073959
v -0.064660 0.080242 -0.073152
v -0.071169 0.082057 -0.064658
v -0.078758 0.075840 -0.063535
v 0.023343 0.068257 -0.103898
v 0.013746 0.066196 -0.106867
v 0.006444 0.072028 -0.103679
v -0.003968 0.069180 -0.105702
v -0.012127 0.074597 -0.101252
v -0.022815 0.070829 -0.102114
v -0.031294 0.075515 -0.096313
v -0.041564 0.070829 -0.096022
v -0.049705 0.074597 -0.089042
v -0.058921 0.069180 -0.087846
v -0.066155 0.072028 -0.080090
v -0.073936 0.066196 -0.078376
v -0.079955 0.068257 -0.070334
v -0.086247 0.062287 -0.068499
v -0.008034 0.126277 0.000000
v -0.021316 0.124310 -0.009172
v -0.035547 0.119757 -0.019212
v -0.049966 0.112233 -0.029521
v -0.063533 0.101869 -0.039378
v -0.075312 0.089380 -0.048102
v -0.084764 0.075840 -0.055269
v -0.016852 0.125358 0.000000
v -0.021316 0.124310 0.009172
v -0.030953 0.122188 -0.009537
v -0.036026 0.121132 0.000000
v -0.030953 0.122188 0.009537
v -0.035547 0.119757 0.019212
v -0.045663 0.116140 -0.019753
v -0.051245 0.115008 -0.010077
v -0.046237 0.117562 0.000000
v -0.051245 0.115008 0.010077
v -0.045663 0.116140 0.019753
v -0.049966 0.112233 0.029521
v -0.059988 0.107051 -0.029992
v -0.065952 0.105745 -0.020410
v -0.061535 0.109793 -0.010250
v -0.066818 0.107131 0.000000
v -0.061535 0.109793 0.010250
v -0.065952 0.105745 0.020410
v -0.059988 0.107051 0.029992
v -0.063533 0.101869 0.039378
v -0.072855 0.095367 -0.039509
v -0.078990 0.093813 -0.030234
v -0.075641 0.099017 -0.020498
v -0.081047 0.096261 -0.010338
v -0.076642 0.100326 0.000000
v -0.081047 0.096261 0.010338
v -0.075641 0.099017 0.020498
v -0.078990 0.093813 0.030234
v -0.072855 0.095367 0.039509
v -0.075312 0.089380 0.048102
v -0.083486 0.082057 -0.047704
v -0.089553 0.080241 -0.038889
v -0.087509 0.086033 -0.029985
v -0.092860 0.083218 -0.020157
v -0.089749 0.088240 -0.010249
v -0.094045 0.084284 0.000000
v -0.089749 0.088240 0.010249
v -0.092860 0.083218 0.020157
v -0.087509 0.086033 0.029985
v -0.089553 0.080241 0.038889
v -0.083486 0.082057 0.047704
v -0.084764 0.075840 0.055269
v -0.091600 0.068257 -0.054306
v -0.097389 0.066196 -0.046097
v -0.096613 0.072028 -0.038167
v -0.101755 0.069179 -0.028890
v -0.100044 0.074597 -0.019756
v -0.104166 0.070828 -0.009857
v -0.101270 0.075515 -0.000000
v -0.104166 0.070828 0.009857
v -0.100044 0.074597 0.019756
v -0.101755 0.069179 0.028890
v -0.096613 0.072028 0.038167
v -0.097388 0.066196 0.046097
v -0.091600 0.068257 0.054306
v -0.091799 0.062287 0.060858
v -0.002483 0.126277 0.007641
v -0.015310 0.124310 0.017438
v -0.029256 0.119757 0.027870
v -0.043517 0.112233 0.038398
v -0.057084 0.101869 0.048255
v -0.069021 0.089380 0.056761
v -0.078758 0.075840 0.063535
v -0.005208 0.125358 0.016027
v 0.002136 0.124310 0.023107
v -0.018636 0.122188 0.026490
v -0.011133 0.121132 0.034262
v -0.000494 0.122188 0.032385
v 0.007287 0.119757 0.039744
v -0.032898 0.116140 0.037324
v -0.025420 0.115008 0.045623
v -0.014288 0.117562 0.043973
v -0.006252 0.115008 0.051851
v 0.004676 0.116140 0.049532
v 0.012636 0.112233 0.056643
v -0.047062 0.107051 0.047783
v -0.039792 0.105745 0.056417
v -0.028764 0.109793 0.055355
v -0.020648 0.107131 0.063547
v -0.009267 0.109793 0.061690
v -0.000969 0.105745 0.069031
v 0.009987 0.107051 0.066320
v 0.017818 0.101869 0.072592
v -0.060090 0.095367 0.057080
v -0.053165 0.093814 0.065781
v -0.042870 0.099017 0.065604
v -0.034877 0.096261 0.073885
v -0.023684 0.100326 0.072890
v -0.015213 0.096261 0.080275
v -0.003880 0.099017 0.078273
v 0.004345 0.093814 0.084467
v 0.015062 0.095367 0.081498
v 0.022475 0.089380 0.086490
v -0.071169 0.082057 0.064658
v -0.064660 0.080242 0.073152
v -0.055560 0.086033 0.073959
v -0.047867 0.083218 0.082086
v -0.037481 0.088240 0.082189
v -0.029062 0.084285 0.089442
v -0.017987 0.088240 0.088523
v -0.009525 0.083218 0.094544
v 0.001476 0.086033 0.092491
v 0.009312 0.080242 0.097188
v 0.019571 0.082057 0.094141
v 0.026371 0.075840 0.097694
v -0.079955 0.068257 0.070334
v -0.073936 0.066196 0.078376
v -0.066155 0.072028 0.080090
v -0.058921 0.069180 0.087846
v -0.049705 0.074597 0.089042
v -0.041564 0.070829 0.096022
v -0.031294 0.075515 0.096313
v -0.022815 0.070829 0.102114
v -0.012127 0.074597 0.101252
v -0.003968 0.069180 0.105702
v 0.006444 0.072028 0.103679
v 0.013746 0.066196 0.106867
v 0.023343 0.068257 0.103898
v 0.029512 0.062287 0.106112
v 0.006500 0.126277 0.004722
v 0.011854 0.124310 0.019950
v 0.017465 0.119757 0.036436
v 0.023071 0.112233 0.053253
v 0.028253 0.101869 0.069202
v 0.032654 0.089380 0.083183
v 0.036088 0.075840 0.094537
v 0.013634 0.125358 0.009906
v 0.022636 0.124310 0.005109
v 0.019435 0.122188 0.025909
v 0.029146 0.121132 0.021175
v 0.030647 0.122188 0.010478
v 0.040051 0.119757 0.005351
v 0.025331 0.116140 0.042821
v 0.035535 0.115008 0.038274
v 0.037406 0.117562 0.027177
v 0.047382 0.115008 0.021969
v 0.048553 0.116140 0.010859
v 0.057776 0.112233 0.005486
v 0.030902 0.107051 0.059524
v 0.041359 0.105745 0.055278
v 0.043758 0.109793 0.044461
v 0.054057 0.107131 0.039274
v 0.055807 0.109793 0.027877
v 0.065354 0.105745 0.022253
v 0.066161 0.107051 0.010996
v 0.074546 0.101869 0.005486
v 0.035717 0.095367 0.074787
v 0.046132 0.093814 0.070890
v 0.049146 0.099017 0.061044
v 0.059492 0.096261 0.056002
v 0.062004 0.100326 0.045049
v 0.071645 0.096261 0.039274
v 0.073243 0.099017 0.027877
v 0.081676 0.093813 0.021969
v 0.082164 0.095367 0.010859
v 0.089203 0.089380 0.005351
v 0.039501 0.082057 0.087666
v 0.049591 0.080242 0.084101
v 0.053170 0.086033 0.075695
v 0.063277 0.083218 0.070890
v 0.066584 0.088240 0.061044
v 0.076084 0.084284 0.055278
v 0.078632 0.088240 0.044462
v 0.086974 0.083218 0.038274
v 0.088421 0.086033 0.027177
v 0.095309 0.080241 0.021176
v 0.095582 0.082056 0.010478
v 0.101062 0.075840 0.005109
v 0.042184 0.068257 0.097776
v 0.051693 0.066196 0.094537
v 0.055727 0.072028 0.087666
v 0.065339 0.069180 0.083183
v 0.069325 0.074597 0.074787
v 0.078478 0.070828 0.069202
v 0.081929 0.075515 0.059525
v 0.090066 0.070828 0.053253
v 0.092550 0.074597 0.042821
v 0.099303 0.069179 0.036437
v 0.100596 0.072028 0.025909
v 0.105884 0.066196 0.019950
v 0.106026 0.068257 0.009906
v 0.110038 0.062286 0.004722
v 0.114055 0.054252 -0.007641
v 0.118033 0.041899 -0.017438
v 0.120198 0.027390 -0.027870
v 0.119846 0.011269 -0.038398
v 0.116643 -0.005501 -0.048255
v 0.110811 -0.021763 -0.056761
v 0.103055 -0.036528 -0.063536
v 0.114453 0.051404 -0.016027
v 0.110230 0.057504 -0.023107
v 0.117622 0.037976 -0.026490
v 0.113323 0.044215 -0.034263
v 0.109509 0.054202 -0.032385
v 0.103855 0.060075 -0.039744
v 0.118591 0.022515 -0.037324
v 0.114235 0.028697 -0.045623
v 0.111540 0.039796 -0.043974
v 0.105662 0.045842 -0.051851
v 0.101787 0.056122 -0.049532
v 0.094733 0.061495 -0.056643
v 0.116796 0.005781 -0.047784
v 0.112377 0.011699 -0.056417
v 0.111065 0.023374 -0.055356
v 0.105055 0.029443 -0.063547
v 0.102346 0.040813 -0.061690
v 0.095014 0.046425 -0.069032
v 0.091283 0.056808 -0.066320
v 0.083145 0.061495 -0.072592
v 0.112172 -0.011097 -0.057080
v 0.107685 -0.005598 -0.065781
v 0.107736 0.005938 -0.065604
v 0.101696 0.011854 -0.073886
v 0.100326 0.023684 -0.072891
v 0.092901 0.029443 -0.080275
v 0.090298 0.040813 -0.078273
v 0.081965 0.045842 -0.084467
v 0.078562 0.056122 -0.081499
v 0.069892 0.060075 -0.086490
v 0.105221 -0.026959 -0.064658
v 0.100687 -0.021949 -0.073153
v 0.101797 -0.011220 -0.073959
v 0.095838 -0.005598 -0.082086
v 0.095686 0.005938 -0.082189
v 0.088383 0.011699 -0.089442
v 0.086968 0.023374 -0.088523
v 0.078691 0.028697 -0.094545
v 0.076289 0.039796 -0.092492
v 0.067604 0.044215 -0.097188
v 0.064640 0.054203 -0.094142
v 0.056039 0.057504 -0.097695
v 0.096808 -0.040989 -0.070334
v 0.092272 -0.036528 -0.078377
v 0.094009 -0.026959 -0.080090
v 0.088226 -0.021763 -0.087847
v 0.088950 -0.011097 -0.089042
v 0.081938 -0.005501 -0.096022
v 0.081537 0.005781 -0.096313
v 0.073553 0.011269 -0.102114
v 0.072144 0.022515 -0.101253
v 0.063649 0.027390 -0.105702
v 0.061541 0.037976 -0.103679
v 0.053059 0.041900 -0.106867
v 0.050611 0.051405 -0.103898
v 0.042511 0.054253 -0.106112
v 0.027978 0.054253 -0.110834
v 0.019889 0.041899 -0.117645
v 0.010636 0.027390 -0.122927
v 0.000515 0.011269 -0.125846
v -0.009849 -0.005501 -0.125846
v -0.019741 -0.021763 -0.122927
v -0.028580 -0.036528 -0.117645
v 0.020124 0.051405 -0.113804
v 0.012086 0.057504 -0.111976
v 0.011153 0.037976 -0.120051
v 0.002432 0.044215 -0.118364
v 0.003040 0.054203 -0.114157
v -0.005706 0.060075 -0.111053
v 0.001149 0.022515 -0.124320
v -0.008090 0.028697 -0.122742
v -0.007354 0.039796 -0.119669
v -0.016663 0.045842 -0.116513
v -0.015655 0.056122 -0.112111
v -0.024598 0.061495 -0.107600
v -0.009353 0.005781 -0.125846
v -0.018930 0.011699 -0.124311
v -0.018326 0.023374 -0.122735
v -0.027974 0.029443 -0.119550
v -0.027045 0.040813 -0.116400
v -0.036293 0.046425 -0.111696
v -0.034867 0.056808 -0.107309
v -0.043347 0.061495 -0.101508
v -0.019624 -0.011097 -0.124320
v -0.029285 -0.005598 -0.122742
v -0.029102 0.005938 -0.122735
v -0.038844 0.011854 -0.119550
v -0.038321 0.023684 -0.117940
v -0.047639 0.029443 -0.113161
v -0.046539 0.040813 -0.110066
v -0.055005 0.045842 -0.104055
v -0.053233 0.056122 -0.099901
v -0.060660 0.060075 -0.093198
v -0.028978 -0.026959 -0.120051
v -0.038459 -0.021950 -0.118364
v -0.038883 -0.011220 -0.119670
v -0.048453 -0.005598 -0.116514
v -0.048598 0.005938 -0.116401
v -0.057753 0.011699 -0.111696
v -0.057316 0.023374 -0.110066
v -0.065601 0.028697 -0.104055
v -0.064391 0.039796 -0.101137
v -0.071541 0.044215 -0.094328
v -0.069559 0.054203 -0.090567
v -0.075596 0.057504 -0.083485
v -0.036977 -0.040989 -0.113804
v -0.046027 -0.036528 -0.111976
v -0.047120 -0.026959 -0.114157
v -0.056284 -0.021763 -0.111054
v -0.057198 -0.011097 -0.112112
v -0.066002 -0.005501 -0.107600
v -0.066403 0.005781 -0.107309
v -0.074387 0.011269 -0.101508
v -0.074003 0.022515 -0.099902
v -0.080860 0.027390 -0.093198
v -0.079588 0.037976 -0.090568
v -0.085241 0.041900 -0.083486
v -0.083174 0.051405 -0.080240
v -0.087782 0.054253 -0.073221
v -0.096764 0.054253 -0.060858
v -0.105741 0.041899 -0.055269
v -0.113624 0.027390 -0.048102
v -0.119527 0.011269 -0.039378
v -0.122730 -0.005501 -0.029521
v -0.123011 -0.021763 -0.019212
v -0.120719 -0.036527 -0.009172
v -0.102015 0.051405 -0.054306
v -0.102760 0.057504 -0.046097
v -0.110729 0.037976 -0.047705
v -0.111819 0.044215 -0.038890
v -0.107630 0.054203 -0.038167
v -0.107381 0.060075 -0.028890
v -0.117881 0.022515 -0.039509
v -0.119235 0.028697 -0.030235
v -0.116085 0.039796 -0.029985
v -0.115960 0.045842 -0.020157
v -0.111462 0.056122 -0.019756
v -0.109935 0.061495 -0.009857
v -0.122577 0.005781 -0.029992
v -0.124076 0.011699 -0.020410
v -0.122391 0.023374 -0.020498
v -0.122343 0.029442 -0.010338
v -0.119061 0.040812 -0.010249
v -0.117444 0.046425 0.000000
v -0.112831 0.056808 -0.000000
v -0.109935 0.061495 0.009857
v -0.124300 -0.011097 -0.019753
v -0.125784 -0.005597 -0.010077
v -0.125721 0.005938 -0.010250
v -0.125702 0.011854 0.000000
v -0.124010 0.023684 0.000000
v -0.122343 0.029443 0.010338
v -0.119061 0.040812 0.010249
v -0.115960 0.045842 0.020157
v -0.111462 0.056122 0.019756
v -0.107381 0.060075 0.028890
v -0.123131 -0.026959 -0.009537
v -0.124455 -0.021949 0.000000
v -0.125828 -0.011219 0.000000
v -0.125784 -0.005597 0.010077
v -0.125721 0.005938 0.010250
v -0.124076 0.011700 0.020410
v -0.122391 0.023374 0.020498
v -0.119234 0.028697 0.030235
v -0.116085 0.039796 0.029986
v -0.111819 0.044215 0.038890
v -0.107630 0.054203 0.038167
v -0.102760 0.057504 0.046097
v -0.119660 -0.040989 0.000000
v -0.120719 -0.036527 0.009172
v -0.123131 -0.026959 0.009537
v -0.123011 -0.021763 0.019212
v -0.124300 -0.011097 0.019754
v -0.122730 -0.005501 0.029521
v -0.122577 0.005781 0.029992
v -0.119527 0.011269 0.039378
v -0.117881 0.022515 0.039509
v -0.113624 0.027390 0.048102
v -0.110729 0.037976 0.047705
v -0.105741 0.041899 0.055269
v -0.102015 0.051405 0.054306
v -0.096764 0.054253 0.060858
v -0.087782 0.054253 0.073221
v -0.085241 0.041900 0.083486
v -0.080860 0.027390 0.093198
v -0.074387 0.011269 0.101508
v -0.066002 -0.005501 0.107600
v -0.056284 -0.021763 0.111054
v -0.046027 -0.036528 0.111976
v -0.083174 0.051405 0.080240
v -0.075596 0.057504 0.083485
v -0.079588 0.037976 0.090568
v -0.071541 0.044215 0.094328
v -0.069559 0.054203 0.090567
v -0.060660 0.060075 0.093198
v -0.074003 0.022515 0.099902
v -0.065601 0.028697 0.104055
v -0.064391 0.039796 0.101137
v -0.055005 0.045842 0.104055
v -0.053233 0.056122 0.099901
v -0.043347 0.061495 0.101508
v -0.066403 0.005781 0.107309
v -0.057753 0.011699 0.111696
v -0.057316 0.023374 0.110066
v -0.047639 0.029443 0.113161
v -0.046539 0.040813 0.110066
v -0.036293 0.046425 0.111696
v -0.034867 0.056808 0.107309
v -0.024598 0.061495 0.107600
v -0.057198 -0.011097 0.112112
v -0.048453 -0.005598 0.116514
v -0.048598 0.005938 0.116401
v -0.038844 0.011854 0.119550
v -0.038321 0.023684 0.117940
v -0.027974 0.029443 0.119550
v -0.027045 0.040813 0.116400
v -0.016663 0.045842 0.116513
v -0.015655 0.056122 0.112111
v -0.005706 0.060075 0.111053
v -0.047120 -0.026959 0.114157
v -0.038459 -0.021950 0.118364
v -0.038883 -0.011220 0.119670
v -0.029285 -0.005598 0.122742
v -0.029102 0.005938 0.122735
v -0.018930 0.011699 0.124311
v -0.018326 0.023374 0.122735
v -0.008091 0.028697 0.122742
v -0.007354 0.039796 0.119669
v 0.002432 0.044215 0.118364
v 0.003040 0.054203 0.114157
v 0.012086 0.057504 0.111976
v -0.036977 -0.040989 0.113804
v -0.028580 -0.036528 0.117645
v -0.028979 -0.026959 0.120051
v -0.019741 -0.021763 0.122927
v -0.019624 -0.011097 0.124320
v -0.009849 -0.005501 0.125846
v -0.009354 0.005781 0.125846
v 0.000515 0.011269 0.125846
v 0.001149 0.022515 0.124320
v 0.010636 0.027390 0.122927
v 0.011153 0.037976 0.120051
v 0.019889 0.041899 0.117645
v 0.020124 0.051405 0.113804
v 0.027978 0.054253 0.110834
v 0.042511 0.054253 0.106112
v 0.053059 0.041900 0.106867
v 0.063649 0.027390 0.105702
v 0.073553 0.011269 0.102114
v 0.081938 -0.005501 0.096022
v 0.088226 -0.021763 0.087847
v 0.092272 -0.036528 0.078377
v 0.050611 0.051405 0.103898
v 0.056039 0.057504 0.097695
v 0.061541 0.037976 0.103679
v 0.067604 0.044215 0.097188
v 0.064640 0.054203 0.094142
v 0.069892 0.060075 0.086490
v 0.072144 0.022515 0.101253
v 0.078691 0.028697 0.094545
v 0.076289 0.039796 0.092492
v 0.081965 0.045842 0.084467
v 0.078562 0.056122 0.081499
v 0.083145 0.061495 0.072592
v 0.081537 0.005781 0.096313
v 0.088383 0.011699 0.089443
v 0.086968 0.023374 0.088523
v 0.092901 0.029442 0.080275
v 0.090298 0.040812 0.078273
v 0.095014 0.046424 0.069032
v 0.091283 0.056808 0.066320
v 0.094733 0.061495 0.056643
v 0.088950 -0.011097 0.089042
v 0.095838 -0.005598 0.082086
v 0.095686 0.005938 0.082189
v 0.101696 0.011854 0.073886
v 0.100326 0.023684 0.072891
v 0.105055 0.029442 0.063548
v 0.102346 0.040812 0.061691
v 0.105662 0.045842 0.051851
v 0.101787 0.056122 0.049532
v 0.103855 0.060075 0.039744
v 0.094009 -0.026959 0.080090
v 0.100687 -0.021950 0.073153
v 0.101797 -0.011220 0.073960
v 0.107685 -0.005598 0.065781
v 0.107735 0.005938 0.065604
v 0.112377 0.011699 0.056417
v 0.111065 0.023374 0.055356
v 0.114235 0.028697 0.045623
v 0.111540 0.039796 0.043974
v 0.113323 0.044215 0.034263
v 0.109509 0.054202 0.032385
v 0.110230 0.057504 0.023107
v 0.096808 -0.040989 0.070334
v 0.103055 -0.036528 0.063536
v 0.105221 -0.026959 0.064658
v 0.110811 -0.021763 0.056761
v 0.112172 -0.011097 0.057080
v 0.116643 -0.005501 0.048255
v 0.116796 0.005781 0.047784
v 0.119846 0.011269 0.038398
v 0.118591 0.022515 0.037324
v 0.120198 0.027390 0.027870
v 0.117622 0.037976 0.026490
v 0.118033 0.041899 0.017438
v 0.114453 0.051404 0.016027
v 0.114055 0.054252 0.007641
v 0.036012 0.049288 -0.110834
v 0.046027 0.036528 -0.111976
v 0.056284 0.021763 -0.111054
v 0.066002 0.005501 -0.107600
v 0.074387 -0.011269 -0.101508
v 0.080860 -0.027390 -0.093198
v 0.085241 -0.041900 -0.083486
v 0.036977 0.040989 -0.113804
v 0.028580 0.036528 -0.117645
v 0.047120 0.026959 -0.114157
v 0.038459 0.021949 -0.118364
v 0.028979 0.026959 -0.120051
v 0.019741 0.021763 -0.122927
v 0.057198 0.011097 -0.112112
v 0.048453 0.005598 -0.116514
v 0.038883 0.011220 -0.119670
v 0.029285 0.005598 -0.122742
v 0.019624 0.011097 -0.124320
v 0.009849 0.005501 -0.125846
v 0.066403 -0.005781 -0.107309
v 0.057753 -0.011700 -0.111696
v 0.048598 -0.005938 -0.116401
v 0.038844 -0.011854 -0.119550
v 0.029102 -0.005938 -0.122735
v 0.018930 -0.011699 -0.124311
v 0.009354 -0.005781 -0.125846
v -0.000515 -0.011269 -0.125846
v 0.074003 -0.022515 -0.099902
v 0.065601 -0.028697 -0.104055
v 0.057316 -0.023374 -0.110066
v 0.047639 -0.029443 -0.113160
v 0.038321 -0.023684 -0.117940
v 0.027974 -0.029443 -0.119550
v 0.018326 -0.023374 -0.122735
v 0.008091 -0.028697 -0.122742
v -0.001149 -0.022515 -0.124320
v -0.010636 -0.027390 -0.122927
v 0.079588 -0.037976 -0.090568
v 0.071541 -0.044215 -0.094328
v 0.064391 -0.039796 -0.101137
v 0.055005 -0.045842 -0.104055
v 0.046539 -0.040813 -0.110066
v 0.036293 -0.046425 -0.111696
v 0.027045 -0.040813 -0.116400
v 0.016663 -0.045842 -0.116513
v 0.007354 -0.039796 -0.119669
v -0.002432 -0.044215 -0.118364
v -0.011153 -0.037976 -0.120051
v -0.019889 -0.041900 -0.117645
v 0.083174 -0.051405 -0.080240
v 0.075596 -0.057504 -0.083485
v 0.069559 -0.054203 -0.090567
v 0.060660 -0.060075 -0.093198
v 0.053233 -0.056122 -0.099901
v 0.043347 -0.061495 -0.101508
v 0.034867 -0.056808 -0.107309
v 0.024598 -0.061495 -0.107600
v 0.015655 -0.056122 -0.112111
v 0.005706 -0.060075 -0.111053
v -0.003040 -0.054203 -0.114157
v -0.012086 -0.057504 -0.111976
v -0.020124 -0.051405 -0.113804
v -0.027978 -0.054253 -0.110834
v -0.094281 0.049288 -0.068499
v -0.092272 0.036528 -0.078377
v -0.088226 0.021763 -0.087847
v -0.081938 0.005501 -0.096022
v -0.073553 -0.011269 -0.102114
v -0.063649 -0.027390 -0.105702
v -0.053059 -0.041900 -0.106867
v -0.096808 0.040989 -0.070334
v -0.103055 0.036528 -0.063536
v -0.094009 0.026959 -0.080090
v -0.100687 0.021949 -0.073153
v -0.105221 0.026959 -0.064658
v -0.110811 0.021763 -0.056761
v -0.088950 0.011097 -0.089042
v -0.095838 0.005598 -0.082087
v -0.101797 0.011220 -0.073960
v -0.107685 0.005598 -0.065781
v -0.112172 0.011097 -0.057080
v -0.116643 0.005501 -0.048255
v -0.081537 -0.005781 -0.096313
v -0.088383 -0.011699 -0.089443
v -0.095686 -0.005938 -0.082189
v -0.101696 -0.011854 -0.073886
v -0.107735 -0.005938 -0.065604
v -0.112377 -0.011699 -0.056417
v -0.116796 -0.005781 -0.047784
v -0.119846 -0.011269 -0.038398
v -0.072144 -0.022515 -0.101253
v -0.078691 -0.028697 -0.094545
v -0.086968 -0.023374 -0.088523
v -0.092901 -0.029443 -0.080275
v -0.100326 -0.023684 -0.072891
v -0.105055 -0.029443 -0.063548
v -0.111065 -0.023374 -0.055356
v -0.114234 -0.028697 -0.045623
v -0.118591 -0.022515 -0.037324
v -0.120198 -0.027390 -0.027870
v -0.061541 -0.037976 -0.103679
v -0.067604 -0.044215 -0.097188
v -0.076289 -0.039796 -0.092492
v -0.081965 -0.045842 -0.084468
v -0.090298 -0.040813 -0.078273
v -0.095014 -0.046425 -0.069032
v -0.102346 -0.040813 -0.061691
v -0.105662 -0.045842 -0.051852
v -0.111540 -0.039796 -0.043974
v -0.113323 -0.044215 -0.034263
v -0.117622 -0.037976 -0.026490
v -0.118033 -0.041899 -0.017438
v -0.050611 -0.051405 -0.103898
v -0.056039 -0.057504 -0.097695
v -0.064640 -0.054203 -0.094142
v -0.069892 -0.060075 -0.086490
v -0.078562 -0.056122 -0.081499
v -0.083145 -0.061495 -0.072592
v -0.091282 -0.056808 -0.066321
v -0.094733 -0.061495 -0.056643
v -0.101787 -0.056122 -0.049533
v -0.103855 -0.060075 -0.039744
v -0.109509 -0.054202 -0.032385
v -0.110230 -0.057504 -0.023107
v -0.114453 -0.051404 -0.016027
v -0.114055 -0.054252 -0.007641
v -0.094281 0.049288 0.068499
v -0.103055 0.036528 0.063536
v -0.110811 0.021763 0.056761
v -0.116643 0.005501 0.048255
v -0.119846 -0.011269 0.038398
v -0.120198 -0.027390 0.027870
v -0.118033 -0.041899 0.017438
v -0.096808 0.040989 0.070334
v -0.092272 0.036528 0.078377
v -0.105221 0.026959 0.064658
v -0.100687 0.021949 0.073153
v -0.094009 0.026959 0.080090
v -0.088226 0.021763 0.087847
v -0.112172 0.011097 0.057080
v -0.107685 0.005598 0.065781
v -0.101797 0.011220 0.073960
v -0.095838 0.005598 0.082087
v -0.088950 0.011097 0.089042
v -0.081938 0.005501 0.096022
v -0.116796 -0.005781 0.047784
v -0.112377 -0.011699 0.056417
v -0.107735 -0.005938 0.065604
v -0.101696 -0.011854 0.073886
v -0.095686 -0.005938 0.082189
v -0.088383 -0.011699 0.089443
v -0.081537 -0.005781 0.096313
v -0.073553 -0.011269 0.102114
v -0.118591 -0.022515 0.037324
v -0.114234 -0.028697 0.045623
v -0.111065 -0.023374 0.055356
v -0.105055 -0.029443 0.063548
v -0.100326 -0.023684 0.072891
v -0.092901 -0.029443 0.080275
v -0.086968 -0.023374 0.088523
v -0.078691 -0.028697 0.094545
v -0.072144 -0.022515 0.101253
v -0.063649 -0.027390 0.105702
v -0.117622 -0.037976 0.026490
v -0.113323 -0.044215 0.034263
v -0.111540 -0.039796 0.043974
v -0.105662 -0.045842 0.051852
v -0.102346 -0.040813 0.061691
v -0.095014 -0.046425 0.069032
v -0.090298 -0.040813 0.078273
v -0.081965 -0.045842 0.084468
v -0.076289 -0.039796 0.092492
v -0.067604 -0.044215 0.097188
v -0.061541 -0.037976 0.103679
v -0.053059 -0.041900 0.106867
v -0.114453 -0.051404 0.016027
v -0.110230 -0.057504 0.023107
v -0.109509 -0.054202 0.032385
v -0.103855 -0.060075 0.039744
v -0.101787 -0.056122 0.049533
v -0.094733 -0.061495 0.056643
v -0.091282 -0.056808 0.066321
v -0.083145 -0.061495 0.072592
v -0.078562 -0.056122 0.081499
v -0.069892 -0.060075 0.086490
v -0.064640 -0.054203 0.094142
v -0.056039 -0.057504 0.097695
v -0.050611 -0.051405 0.103898
v -0.042511 -0.054253 0.106112
v 0.036012 0.049288 0.110834
v 0.028580 0.036528 0.117645
v 0.019741 0.021763 0.122927
v 0.009849 0.005501 0.125846
v -0.000515 -0.011269 0.125846
v -0.010636 -0.027390 0.122927
v -0.019889 -0.041900 0.117645
v 0.036977 0.040989 0.113804
v 0.046027 0.036528 0.111976
v 0.028979 0.026959 0.120051
v 0.038459 0.021949 0.118364
v 0.047120 0.026959 0.114157
v 0.056284 0.021763 0.111054
v 0.019624 0.011097 0.124320
v 0.029285 0.005598 0.122742
v 0.038883 0.011220 0.119670
v 0.048453 0.005598 0.116514
v 0.057198 0.011097 0.112112
v 0.066002 0.005501 0.107600
v 0.009354 -0.005781 0.125846
v 0.018930 -0.011699 0.124311
v 0.029102 -0.005938 0.122735
v 0.038844 -0.011854 0.119550
v 0.048598 -0.005938 0.116401
v 0.057753 -0.011700 0.111696
v 0.066403 -0.005781 0.107309
v 0.074387 -0.011269 0.101508
v -0.001149 -0.022515 0.124320
v 0.008091 -0.028697 0.122742
v 0.018326 -0.023374 0.122735
v 0.027974 -0.029443 0.119550
v 0.038321 -0.023684 0.117940
v 0.047639 -0.029443 0.113160
v 0.057316 -0.023374 0.110066
v 0.065601 -0.028697 0.104055
v 0.074003 -0.022515 0.099902
v 0.080860 -0.027390 0.093198
v -0.011153 -0.037976 0.120051
v -0.002432 -0.044215 0.118364
v 0.007354 -0.039796 0.119669
v 0.016663 -0.045842 0.116513
v 0.027045 -0.040813 0.116400
v 0.036293 -0.046425 0.111696
v 0.046539 -0.040813 0.110066
v 0.055005 -0.045842 0.104055
v 0.064391 -0.039796 0.101137
v 0.071541 -0.044215 0.094328
v 0.079588 -0.037976 0.090568
v 0.085241 -0.041900 0.083486
v -0.020124 -0.051405 0.113804
v -0.012086 -0.057504 0.111976
v -0.003040 -0.054203 0.114157
v 0.005706 -0.060075 0.111053
v 0.015655 -0.056122 0.112111
v 0.024598 -0.061495 0.107600
v 0.034867 -0.056808 0.107309
v 0.043347 -0.061495 0.101508
v 0.053233 -0.056122 0.099901
v 0.060660 -0.060075 0.093198
v 0.069559 -0.054203 0.090567
v 0.075596 -0.057504 0.083485
v 0.083174 -0.051405 0.080240
v 0.087782 -0.054253 0.073221
v 0.116538 0.049287 0.000000
v 0.120719 0.036527 0.009172
v 0.123011 0.021763 0.019212
v 0.122730 0.005501 0.029521
v 0.119527 -0.011269 0.039378
v 0.113624 -0.027390 0.048102
v 0.105741 -0.041899 0.055269
v 0.119660 0.040989 0.000000
v 0.120719 0.036527 -0.009172
v 0.123131 0.026959 0.009537
v 0.124455 0.021949 0.000000
v 0.123131 0.026959 -0.009537
v 0.123011 0.021763 -0.019212
v 0.124300 0.011097 0.019753
v 0.125784 0.005598 0.010077
v 0.125828 0.011220 0.000000
v 0.125784 0.005598 -0.010077
v 0.124300 0.011097 -0.019753
v 0.122730 0.005501 -0.029521
v 0.122577 -0.005781 0.029992
v 0.124076 -0.011699 0.020410
v 0.125721 -0.005938 0.010250
v 0.125702 -0.011854 0.000000
v 0.125721 -0.005938 -0.010250
v 0.124076 -0.011699 -0.020410
v 0.122577 -0.005781 -0.029992
v 0.119527 -0.011269 -0.039378
v 0.117881 -0.022515 0.039509
v 0.119235 -0.028697 0.030235
v 0.122391 -0.023374 0.020498
v 0.122343 -0.029442 0.010338
v 0.124010 -0.023684 0.000000
v 0.122343 -0.029442 -0.010338
v 0.122391 -0.023374 -0.020498
v 0.119235 -0.028697 -0.030235
v 0.117881 -0.022515 -0.039509
v 0.113624 -0.027390 -0.048102
v 0.110729 -0.037976 0.047705
v 0.111819 -0.044215 0.038890
v 0.116085 -0.039796 0.029985
v 0.115960 -0.045842 0.020157
v 0.119061 -0.040812 0.010249
v 0.117444 -0.046425 0.000000
v 0.119061 -0.040812 -0.010249
v 0.115960 -0.045842 -0.020157
v 0.116085 -0.039796 -0.029985
v 0.111819 -0.044215 -0.038890
v 0.110729 -0.037976 -0.047705
v 0.105741 -0.041899 -0.055269
v 0.102015 -0.051405 0.054306
v 0.102760 -0.057504 0.046097
v 0.107630 -0.054203 0.038167
v 0.107381 -0.060075 0.028890
v 0.111462 -0.056122 0.019756
v 0.109935 -0.061495 0.009857
v 0.112831 -0.056808 0.000000
v 0.109935 -0.061495 -0.009857
v 0.111462 -0.056122 -0.019756
v 0.107381 -0.060075 -0.028890
v 0.107630 -0.054203 -0.038167
v 0.102760 -0.057504 -0.046097
v 0.102015 -0.051405 -0.054306
v 0.096764 -0.054253 -0.060858
v 0.086247 -0.062287 -0.068499
v 0.078758 -0.075840 -0.063535
v 0.069021 -0.089380 -0.056761
v 0.057084 -0.101869 -0.048255
v 0.043517 -0.112233 -0.038398
v 0.029256 -0.119757 -0.027870
v 0.015310 -0.124310 -0.017438
v 0.079955 -0.068257 -0.070334
v 0.073936 -0.066196 -0.078376
v 0.071169 -0.082057 -0.064658
v 0.064660 -0.080242 -0.073152
v 0.066155 -0.072028 -0.080090
v 0.058921 -0.069180 -0.087846
v 0.060090 -0.095367 -0.057080
v 0.053165 -0.093814 -0.065781
v 0.055560 -0.086033 -0.073959
v 0.047867 -0.083218 -0.082086
v 0.049705 -0.074597 -0.089042
v 0.041564 -0.070828 -0.096022
v 0.047062 -0.107051 -0.047783
v 0.039792 -0.105745 -0.056417
v 0.042870 -0.099017 -0.065604
v 0.034877 -0.096261 -0.073885
v 0.037481 -0.088240 -0.082189
v 0.029062 -0.084284 -0.089442
v 0.031294 -0.075515 -0.096313
v 0.022815 -0.070828 -0.102114
v 0.032898 -0.116140 -0.037324
v 0.025420 -0.115008 -0.045623
v 0.028764 -0.109793 -0.055355
v 0.020648 -0.107131 -0.063547
v 0.023684 -0.100326 -0.072890
v 0.015213 -0.096261 -0.080275
v 0.017987 -0.088240 -0.088523
v 0.009525 -0.083218 -0.094544
v 0.012127 -0.074597 -0.101252
v 0.003968 -0.069180 -0.105702
v 0.018635 -0.122188 -0.026490
v 0.011133 -0.121132 -0.034263
v 0.014288 -0.117562 -0.043974
v 0.006252 -0.115008 -0.051851
v 0.009267 -0.109793 -0.061690
v 0.000969 -0.105745 -0.069031
v 0.003879 -0.099017 -0.078273
v -0.004345 -0.093813 -0.084467
v -0.001476 -0.086033 -0.092492
v -0.009312 -0.080241 -0.097188
v -0.006444 -0.072028 -0.103679
v -0.013746 -0.066196 -0.106867
v 0.005208 -0.125358 -0.016027
v -0.002136 -0.124310 -0.023107
v 0.000494 -0.122188 -0.032385
v -0.007287 -0.119757 -0.039744
v -0.004676 -0.116140 -0.049532
v -0.012636 -0.112233 -0.056643
v -0.009987 -0.107051 -0.066320
v -0.017818 -0.101869 -0.072592
v -0.015062 -0.095367 -0.081498
v -0.022475 -0.089380 -0.086490
v -0.019571 -0.082057 -0.094141
v -0.026371 -0.075840 -0.097694
v -0.023343 -0.068257 -0.103898
v -0.029512 -0.062287 -0.106112
v -0.038494 -0.062287 -0.103193
v -0.036088 -0.075840 -0.094537
v -0.032654 -0.089380 -0.083183
v -0.028253 -0.101869 -0.069202
v -0.023071 -0.112233 -0.053253
v -0.017465 -0.119757 -0.036436
v -0.011854 -0.124310 -0.019950
v -0.042184 -0.068257 -0.097776
v -0.051693 -0.066196 -0.094537
v -0.039501 -0.082057 -0.087666
v -0.049591 -0.080242 -0.084101
v -0.055727 -0.072028 -0.087666
v -0.065339 -0.069180 -0.083183
v -0.035717 -0.095367 -0.074787
v -0.046133 -0.093814 -0.070890
v -0.053171 -0.086033 -0.075695
v -0.063277 -0.083218 -0.070890
v -0.069325 -0.074597 -0.074787
v -0.078478 -0.070828 -0.069202
v -0.030902 -0.107051 -0.059524
v -0.041359 -0.105745 -0.055278
v -0.049146 -0.099017 -0.061044
v -0.059492 -0.096261 -0.056002
v -0.066584 -0.088240 -0.061044
v -0.076084 -0.084284 -0.055278
v -0.081929 -0.075515 -0.059525
v -0.090066 -0.070828 -0.053253
v -0.025331 -0.116140 -0.042821
v -0.035535 -0.115008 -0.038274
v -0.043758 -0.109793 -0.044461
v -0.054057 -0.107131 -0.039274
v -0.062004 -0.100326 -0.045049
v -0.071645 -0.096261 -0.039274
v -0.078632 -0.088240 -0.044461
v -0.086974 -0.083217 -0.038274
v -0.092550 -0.074597 -0.042821
v -0.099303 -0.069179 -0.036437
v -0.019435 -0.122188 -0.025909
v -0.029146 -0.121132 -0.021175
v -0.037406 -0.117562 -0.027177
v -0.047382 -0.115008 -0.021969
v -0.055807 -0.109793 -0.027877
v -0.065354 -0.105745 -0.022253
v -0.073244 -0.099017 -0.027877
v -0.081676 -0.093813 -0.021969
v -0.088421 -0.086033 -0.027177
v -0.095309 -0.080241 -0.021175
v -0.100596 -0.072028 -0.025909
v -0.105884 -0.066196 -0.019950
v -0.013634 -0.125358 -0.009906
v -0.022636 -0.124310 -0.005109
v -0.030647 -0.122188 -0.010478
v -0.040051 -0.119757 -0.005351
v -0.048553 -0.116140 -0.010859
v -0.057776 -0.112233 -0.005486
v -0.066161 -0.107051 -0.010996
v -0.074546 -0.101869 -0.005486
v -0.082164 -0.095367 -0.010859
v -0.089203 -0.089380 -0.005351
v -0.095582 -0.082056 -0.010478
v -0.101062 -0.075840 -0.005109
v -0.106026 -0.068257 -0.009906
v -0.110038 -0.062286 -0.004722
v -0.110038 -0.062286 0.004722
v -0.101062 -0.075840 0.005109
v -0.089203 -0.089380 0.005351
v -0.074546 -0.101869 0.005486
v -0.057776 -0.112233 0.005486
v -0.040051 -0.119757 0.005351
v -0.022636 -0.124310 0.005109
v -0.106026 -0.068257 0.009906
v -0.105884 -0.066196 0.019950
v -0.095582 -0.082056 0.010478
v -0.095309 -0.080241 0.021176
v -0.100596 -0.072028 0.025909
v -0.099303 -0.069179 0.036437
v -0.082164 -0.095367 0.010859
v -0.081676 -0.093813 0.021969
v -0.088421 -0.086033 0.027177
v -0.086974 -0.083217 0.038274
v -0.092550 -0.074597 0.042821
v -0.090066 -0.070828 0.053253
v -0.066161 -0.107051 0.010996
v -0.065354 -0.105745 0.022253
v -0.073244 -0.099017 0.027877
v -0.071645 -0.096261 0.039274
v -0.078632 -0.088240 0.044461
v -0.076084 -0.084284 0.055278
v -0.081929 -0.075515 0.059525
v -0.078478 -0.070828 0.069202
v -0.048553 -0.116140 0.010859
v -0.047382 -0.115008 0.021969
v -0.055807 -0.109793 0.027877
v -0.054057 -0.107131 0.039274
v -0.062004 -0.100326 0.045049
v -0.059492 -0.096261 0.056002
v -0.066584 -0.088240 0.061044
v -0.063277 -0.083218 0.070890
v -0.069325 -0.074597 0.074787
v -0.065339 -0.069180 0.083183
v -0.030647 -0.122188 0.010478
v -0.029146 -0.121132 0.021176
v -0.037406 -0.117562 0.027177
v -0.035535 -0.115008 0.038274
v -0.043758 -0.109793 0.044462
v -0.041359 -0.105745 0.055278
v -0.049146 -0.099017 0.061044
v -0.046133 -0.093813 0.070890
v -0.053171 -0.086033 0.075695
v -0.049591 -0.080241 0.084101
v -0.055727 -0.072028 0.087666
v -0.051693 -0.066196 0.094537
v -0.013634 -0.125358 0.009906
v -0.011854 -0.124310 0.019950
v -0.019435 -0.122188 0.025909
v -0.017465 -0.119757 0.036436
v -0.025331 -0.116140 0.042821
v -0.023071 -0.112233 0.053253
v -0.030902 -0.107051 0.059525
v -0.028253 -0.101869 0.069202
v -0.035717 -0.095367 0.074787
v -0.032654 -0.089380 0.083183
v -0.039501 -0.082057 0.087666
v -0.036088 -0.075840 0.094537
v -0.042184 -0.068257 0.097776
v -0.038494 -0.062287 0.103193
v 0.091799 -0.062287 -0.060858
v 0.097388 -0.066196 -0.046097
v 0.101755 -0.069179 -0.028890
v 0.104166 -0.070828 -0.009857
v 0.104166 -0.070828 0.009857
v 0.101755 -0.069179 0.028890
v 0.097389 -0.066196 0.046097
v 0.091600 -0.068257 -0.054306
v 0.084764 -0.075840 -0.055269
v 0.096613 -0.072028 -0.038167
v 0.089553 -0.080241 -0.038889
v 0.083486 -0.082057 -0.047704
v 0.075312 -0.089380 -0.048102
v 0.100044 -0.074597 -0.019756
v 0.092860 -0.083218 -0.020157
v 0.087509 -0.086033 -0.029985
v 0.078990 -0.093813 -0.030234
v 0.072855 -0.095367 -0.039509
v 0.063533 -0.101869 -0.039378
v 0.101270 -0.075515 0.000000
v 0.094045 -0.084284 0.000000
v 0.089749 -0.088240 -0.010248
v 0.081047 -0.096261 -0.010338
v 0.075641 -0.099017 -0.020498
v 0.065952 -0.105745 -0.020410
v 0.059988 -0.107051 -0.029992
v 0.049966 -0.112233 -0.029521
v 0.100044 -0.074597 0.019756
v 0.092860 -0.083218 0.020157
v 0.089749 -0.088240 0.010249
v 0.081047 -0.096261 0.010338
v 0.076642 -0.100326 0.000000
v 0.066818 -0.107131 0.000000
v 0.061535 -0.109793 -0.010250
v 0.051246 -0.115008 -0.010077
v 0.045663 -0.116140 -0.019753
v 0.035547 -0.119757 -0.019212
v 0.096613 -0.072028 0.038167
v 0.089554 -0.080241 0.038890
v 0.087509 -0.086033 0.029985
v 0.078990 -0.093813 0.030235
v 0.075641 -0.099017 0.020498
v 0.065952 -0.105745 0.020410
v 0.061535 -0.109793 0.010250
v 0.051246 -0.115008 0.010077
v 0.046237 -0.117562 0.000000
v 0.036026 -0.121132 0.000000
v 0.030953 -0.122188 -0.009537
v 0.021316 -0.124310 -0.009172
v 0.091600 -0.068257 0.054306
v 0.084764 -0.075840 0.055269
v 0.083486 -0.082056 0.047705
v 0.075312 -0.089380 0.048102
v 0.072855 -0.095367 0.039509
v 0.063533 -0.101869 0.039378
v 0.059988 -0.107051 0.029992
v 0.049966 -0.112233 0.029521
v 0.045663 -0.116140 0.019753
v 0.035547 -0.119757 0.019212
v 0.030953 -0.122188 0.009537
v 0.021316 -0.124310 0.009172
v 0.016852 -0.125358 0.000000
v 0.008034 -0.126277 0.000000
v -0.029512 -0.062287 0.106112
v -0.026370 -0.075840 0.097694
v -0.022475 -0.089380 0.086490
v -0.017818 -0.101869 0.072592
v -0.012636 -0.112233 0.056643
v -0.007287 -0.119757 0.039744
v -0.002136 -0.124310 0.023107
v -0.023343 -0.068257 0.103898
v -0.013746 -0.066196 0.106867
v -0.019571 -0.082057 0.094141
v -0.009312 -0.080242 0.097188
v -0.006444 -0.072028 0.103679
v 0.003968 -0.069180 0.105702
v -0.015062 -0.095367 0.081498
v -0.004345 -0.093814 0.084467
v -0.001476 -0.086033 0.092492
v 0.009525 -0.083218 0.094544
v 0.012127 -0.074597 0.101252
v 0.022815 -0.070828 0.102114
v -0.009987 -0.107051 0.066320
v 0.000969 -0.105745 0.069031
v 0.003880 -0.099017 0.078273
v 0.015213 -0.096261 0.080275
v 0.017987 -0.088240 0.088523
v 0.029062 -0.084284 0.089442
v 0.031295 -0.075515 0.096313
v 0.041564 -0.070828 0.096022
v -0.004676 -0.116140 0.049532
v 0.006252 -0.115008 0.051851
v 0.009268 -0.109793 0.061690
v 0.020648 -0.107131 0.063547
v 0.023684 -0.100326 0.072890
v 0.034878 -0.096261 0.073885
v 0.037481 -0.088240 0.082189
v 0.047867 -0.083218 0.082086
v 0.049705 -0.074597 0.089042
v 0.058921 -0.069180 0.087846
v 0.000495 -0.122188 0.032385
v 0.011133 -0.121132 0.034263
v 0.014288 -0.117562 0.043974
v 0.025420 -0.115008 0.045623
v 0.028764 -0.109793 0.055355
v 0.039792 -0.105745 0.056417
v 0.042870 -0.099017 0.065604
v 0.053165 -0.093813 0.065781
v 0.055560 -0.086033 0.073959
v 0.064660 -0.080241 0.073152
v 0.066155 -0.072028 0.080090
v 0.073936 -0.066196 0.078376
v 0.005208 -0.125358 0.016027
v 0.015310 -0.124310 0.017438
v 0.018636 -0.122188 0.026490
v 0.029256 -0.119757 0.027870
v 0.032898 -0.116140 0.037324
v 0.043517 -0.112233 0.038398
v 0.047062 -0.107051 0.047783
v 0.057084 -0.101869 0.048255
v 0.060090 -0.095367 0.057080
v 0.069021 -0.089380 0.056761
v 0.071169 -0.082057 0.064658
v 0.078758 -0.075840 0.063535
v 0.079955 -0.068257 0.070334
v 0.086247 -0.062287 0.068499
vt 0.176137 0.009841
vt 0.181819 0.019683
vt 0.176137 0.029524
vt 0.295455 0.137778
vt 0.289773 0.147620
vt 0.267046 0.147620
vt 0.284092 0.157461
vt 0.301137 0.147620
vt 0.903409 0.009841
vt 0.909091 0.019683
vt 0.903409 0.029524
vt 0.721591 0.009841
vt 0.727273 0.019683
vt 0.721591 0.029524
vt 0.187501 0.009841
vt 0.914773 0.009841
vt 0.551137 0.009841
vt 0.278410 0.167302
vt 0.289773 0.167302
vt 0.295455 0.177144
vt 0.119319 0.167302
vt 0.107955 0.167302
vt 0.102274 0.157461
vt 0.096592 0.167302
vt 0.113637 0.177144
vt 0.846591 0.167302
vt 0.835227 0.167302
vt 0.829546 0.157461
vt 0.823864 0.167302
vt 0.840909 0.177144
vt 0.664773 0.167302
vt 0.653409 0.167302
vt 0.647728 0.157461
vt 0.642046 0.167302
vt 0.659091 0.177144
vt 0.482955 0.167302
vt 0.471591 0.167302
vt 0.465910 0.157461
vt 0.460228 0.167302
vt 0.477273 0.177144
vt 0.267046 0.167302
vt 0.261364 0.157461
vt 0.448864 0.167302
vt 0.443182 0.157461
vt 0.210228 0.324762
vt 0.198864 0.324762
vt 0.193183 0.314921
vt 0.028409 0.324762
vt 0.017046 0.324762
vt 0.011364 0.314921
vt 0.727273 0.314921
vt 0.738637 0.321482
vt 0.732955 0.324762
vt 0.755682 0.324762
vt 0.744318 0.324762
vt 0.738637 0.314921
vt 0.573864 0.324762
vt 0.562500 0.324762
vt 0.556819 0.314921
vt 0.392046 0.324762
vt 0.380682 0.324762
vt 0.375001 0.314921
vt 0.448864 0.442858
vt 0.454546 0.452699
vt 0.278410 0.462541
vt 0.460228 0.462541
vt 0.460228 0.442858
vt 0.448864 0.423175
vt 0.437501 0.423175
vt 0.448864 0.403493
vt 0.426137 0.403493
vt 0.420455 0.393652
vt 0.437501 0.383810
vt 0.409092 0.373969
vt 0.431819 0.373969
vt 0.414773 0.383810
vt 0.414773 0.364128
vt 0.403410 0.364128
vt 0.397728 0.354286
vt 0.403410 0.344445
vt 0.392046 0.344445
vt 0.386364 0.334604
vt 0.619319 0.423175
vt 0.471591 0.442858
vt 0.471591 0.423175
vt 0.607955 0.403493
vt 0.482955 0.423175
vt 0.482955 0.403493
vt 0.460228 0.403493
vt 0.448864 0.383810
vt 0.465910 0.426456
vt 0.460228 0.423175
vt 0.488637 0.393652
vt 0.488637 0.387091
vt 0.494319 0.383810
vt 0.454546 0.373969
vt 0.460228 0.383810
vt 0.471591 0.383810
vt 0.500001 0.373969
vt 0.573864 0.364128
vt 0.590910 0.373969
vt 0.437501 0.364128
vt 0.426137 0.364128
vt 0.420455 0.354286
vt 0.448864 0.364128
vt 0.448864 0.344445
vt 0.460228 0.364128
vt 0.482955 0.344445
vt 0.488637 0.347725
vt 0.488637 0.354286
vt 0.500000 0.380530
vt 0.511364 0.354286
vt 0.562500 0.344445
vt 0.579546 0.354286
vt 0.426137 0.344445
vt 0.414773 0.344445
vt 0.409092 0.334604
vt 0.437501 0.344445
vt 0.437501 0.324762
vt 0.460228 0.344445
vt 0.471591 0.324762
vt 0.471591 0.344445
vt 0.500001 0.334604
vt 0.494319 0.324762
vt 0.505682 0.344445
vt 0.517046 0.344445
vt 0.522728 0.334604
vt 0.647728 0.433017
vt 0.642046 0.442858
vt 0.642046 0.423175
vt 0.534091 0.314921
vt 0.539773 0.305080
vt 0.642046 0.462541
vt 0.636364 0.452699
vt 0.630682 0.423175
vt 0.630682 0.403493
vt 0.602273 0.393652
vt 0.619319 0.383810
vt 0.613637 0.373969
vt 0.596591 0.383810
vt 0.596591 0.364128
vt 0.585228 0.364128
vt 0.585228 0.344445
vt 0.573864 0.344445
vt 0.568182 0.334604
vt 0.801137 0.423175
vt 0.653409 0.442858
vt 0.653409 0.423175
vt 0.789773 0.403493
vt 0.664773 0.423175
vt 0.664773 0.403493
vt 0.642046 0.403493
vt 0.630682 0.383810
vt 0.647728 0.426456
vt 0.778409 0.383810
vt 0.784091 0.393652
vt 0.676137 0.383810
vt 0.636364 0.373969
vt 0.653409 0.383810
vt 0.659091 0.373969
vt 0.670455 0.393652
vt 0.681819 0.373969
vt 0.755682 0.364128
vt 0.772728 0.373969
vt 0.619319 0.364128
vt 0.607955 0.364128
vt 0.602273 0.354286
vt 0.630682 0.364128
vt 0.630682 0.344445
vt 0.642046 0.364128
vt 0.653410 0.364128
vt 0.647728 0.354286
vt 0.670455 0.354286
vt 0.681818 0.380530
vt 0.693182 0.354286
vt 0.744319 0.344445
vt 0.761364 0.354286
vt 0.528410 0.344445
vt 0.551137 0.324762
vt 0.607955 0.344445
vt 0.596591 0.344445
vt 0.590910 0.334604
vt 0.619319 0.344445
vt 0.619319 0.324762
vt 0.642046 0.344445
vt 0.653410 0.324762
vt 0.653409 0.344445
vt 0.681819 0.334604
vt 0.664773 0.344445
vt 0.676137 0.324762
vt 0.687500 0.344445
vt 0.698864 0.344445
vt 0.704546 0.334604
vt 0.812500 0.442858
vt 0.823864 0.423175
vt 0.823864 0.442858
vt 0.715909 0.321482
vt 0.715909 0.314921
vt 0.823864 0.462541
vt 0.818182 0.452699
vt 0.085228 0.462541
vt 0.267046 0.462541
vt 0.630682 0.462541
vt 0.812500 0.423175
vt 0.812500 0.403493
vt 0.801137 0.383810
vt 0.795455 0.373969
vt 0.778409 0.364128
vt 0.767046 0.364128
vt 0.767046 0.344445
vt 0.755682 0.344445
vt 0.750000 0.334604
vt 0.073864 0.423175
vt 0.835228 0.442858
vt 0.835227 0.423175
vt 0.062501 0.403493
vt 0.846591 0.423175
vt 0.846591 0.403493
vt 0.823864 0.403493
vt 0.812500 0.383810
vt 0.829546 0.426456
vt 0.852273 0.393652
vt 0.852273 0.387091
vt 0.857955 0.383810
vt 0.818182 0.373969
vt 0.823864 0.383810
vt 0.835227 0.383810
vt 0.863637 0.373969
vt 0.028409 0.364128
vt 0.045455 0.373969
vt 0.801137 0.364128
vt 0.789773 0.364128
vt 0.784091 0.354286
vt 0.812500 0.364128
vt 0.812500 0.344445
vt 0.823864 0.364128
vt 0.835227 0.364128
vt 0.829546 0.354286
vt 0.852273 0.354286
vt 0.863636 0.380530
vt 0.875000 0.354286
vt 0.017046 0.344445
vt 0.034091 0.354286
vt 0.710228 0.344445
vt 0.789773 0.344445
vt 0.778409 0.344445
vt 0.772728 0.334604
vt 0.801137 0.344445
vt 0.801137 0.324762
vt 0.823864 0.344445
vt 0.835227 0.324762
vt 0.835227 0.344445
vt 0.863637 0.334604
vt 0.846591 0.344445
vt 0.857955 0.324762
vt 0.869318 0.344445
vt 0.880682 0.344445
vt 0.886364 0.334604
vt 0.085228 0.442858
vt 0.096592 0.423175
vt 0.096592 0.442858
vt 0.897727 0.314921
vt 0.005682 0.305080
vt 0.096592 0.462541
vt 0.090910 0.452699
vt 0.085228 0.423175
vt 0.085228 0.403493
vt 0.056819 0.393652
vt 0.073864 0.383810
vt 0.068182 0.373969
vt 0.051137 0.383810
vt 0.051137 0.364128
vt 0.039773 0.364128
vt 0.039773 0.344445
vt 0.028409 0.344445
vt 0.022727 0.334604
vt 0.255683 0.423175
vt 0.107955 0.442858
vt 0.107955 0.423175
vt 0.244319 0.403493
vt 0.119319 0.423175
vt 0.119319 0.403493
vt 0.096592 0.403493
vt 0.085228 0.383810
vt 0.102274 0.426456
vt 0.125001 0.393652
vt 0.125001 0.387091
vt 0.130683 0.383810
vt 0.090910 0.373969
vt 0.096592 0.383810
vt 0.107955 0.383810
vt 0.136364 0.373969
vt 0.210228 0.364128
vt 0.227274 0.373969
vt 0.073864 0.364128
vt 0.062500 0.364128
vt 0.056819 0.354286
vt 0.085228 0.364128
vt 0.085228 0.344445
vt 0.096592 0.364128
vt 0.107955 0.364128
vt 0.102273 0.354286
vt 0.125001 0.354286
vt 0.136364 0.380530
vt 0.147728 0.354286
vt 0.198864 0.344445
vt 0.215910 0.354286
vt 0.892046 0.344445
vt 0.005682 0.324762
vt 0.062500 0.344445
vt 0.051137 0.344445
vt 0.045455 0.334604
vt 0.073864 0.344445
vt 0.073864 0.324762
vt 0.096591 0.344445
vt 0.107955 0.324762
vt 0.107955 0.344445
vt 0.136364 0.334604
vt 0.119319 0.344445
vt 0.130682 0.324762
vt 0.142046 0.344445
vt 0.153410 0.344445
vt 0.159092 0.334604
vt 0.284092 0.433017
vt 0.278410 0.442858
vt 0.278410 0.423175
vt 0.170455 0.314921
vt 0.187501 0.305080
vt 0.267046 0.423175
vt 0.267046 0.403493
vt 0.238637 0.393652
vt 0.255683 0.383810
vt 0.250001 0.373969
vt 0.232955 0.383810
vt 0.232955 0.364128
vt 0.221592 0.364128
vt 0.221592 0.344445
vt 0.210228 0.344445
vt 0.204546 0.334604
vt 0.278410 0.403493
vt 0.267046 0.383810
vt 0.289773 0.423175
vt 0.284092 0.426456
vt 0.289773 0.442858
vt 0.272728 0.373969
vt 0.289773 0.383810
vt 0.295455 0.373969
vt 0.301137 0.403493
vt 0.306819 0.393652
vt 0.301137 0.423175
vt 0.255683 0.364128
vt 0.244319 0.364128
vt 0.238637 0.354286
vt 0.267046 0.364128
vt 0.267046 0.344445
vt 0.278410 0.364128
vt 0.289773 0.364128
vt 0.284092 0.354286
vt 0.306819 0.354286
vt 0.318182 0.373969
vt 0.318182 0.380530
vt 0.312501 0.383810
vt 0.164774 0.344445
vt 0.187501 0.324762
vt 0.244319 0.344445
vt 0.232955 0.344445
vt 0.227274 0.334604
vt 0.255683 0.344445
vt 0.255683 0.324762
vt 0.278410 0.344445
vt 0.289773 0.324762
vt 0.289773 0.344445
vt 0.318182 0.334604
vt 0.301137 0.344445
vt 0.312501 0.324762
vt 0.323864 0.344445
vt 0.329546 0.354286
vt 0.392046 0.364128
vt 0.369319 0.324762
vt 0.335228 0.344445
vt 0.340910 0.334604
vt 0.386364 0.295239
vt 0.409092 0.295239
vt 0.392046 0.305080
vt 0.380682 0.344445
vt 0.380682 0.305080
vt 0.369319 0.305080
vt 0.403410 0.285397
vt 0.397728 0.275556
vt 0.420455 0.275556
vt 0.409092 0.255874
vt 0.414773 0.246032
vt 0.431819 0.255874
vt 0.426137 0.226350
vt 0.437501 0.246032
vt 0.420455 0.236191
vt 0.437501 0.226350
vt 0.431819 0.216509
vt 0.437501 0.206667
vt 0.448864 0.206667
vt 0.443182 0.196826
vt 0.448864 0.186985
vt 0.426137 0.285397
vt 0.437501 0.265715
vt 0.414773 0.305080
vt 0.409092 0.301799
vt 0.397728 0.314921
vt 0.414773 0.324762
vt 0.454546 0.255874
vt 0.443182 0.275556
vt 0.448864 0.265715
vt 0.448864 0.285397
vt 0.437501 0.305080
vt 0.448864 0.305080
vt 0.420455 0.314921
vt 0.448864 0.246032
vt 0.443182 0.236191
vt 0.448864 0.226350
vt 0.471592 0.246032
vt 0.460228 0.265715
vt 0.488637 0.275556
vt 0.488637 0.282117
vt 0.482955 0.285397
vt 0.471591 0.305080
vt 0.465910 0.308360
vt 0.460228 0.305080
vt 0.460228 0.324762
vt 0.448864 0.324762
vt 0.460228 0.226350
vt 0.454546 0.216509
vt 0.460228 0.206667
vt 0.465910 0.236191
vt 0.482955 0.226350
vt 0.477273 0.255874
vt 0.500001 0.255874
vt 0.482955 0.265715
vt 0.505682 0.285397
vt 0.511364 0.275556
vt 0.500001 0.295239
vt 0.494319 0.305080
vt 0.488637 0.314921
vt 0.482955 0.324762
vt 0.505682 0.305080
vt 0.517046 0.305080
vt 0.568182 0.295239
vt 0.590910 0.295239
vt 0.573864 0.305080
vt 0.511364 0.314921
vt 0.505682 0.324762
vt 0.562501 0.305080
vt 0.551137 0.305080
vt 0.585228 0.285397
vt 0.579546 0.275556
vt 0.602273 0.275556
vt 0.590910 0.255874
vt 0.596591 0.246032
vt 0.613637 0.255874
vt 0.607955 0.226350
vt 0.619319 0.246032
vt 0.602273 0.236191
vt 0.619319 0.226350
vt 0.613637 0.216509
vt 0.619319 0.206667
vt 0.630682 0.206667
vt 0.625000 0.196826
vt 0.630682 0.186985
vt 0.528410 0.324762
vt 0.517046 0.324762
vt 0.607955 0.285397
vt 0.619319 0.265715
vt 0.596591 0.305080
vt 0.590910 0.301799
vt 0.579546 0.314921
vt 0.596591 0.324762
vt 0.636364 0.255874
vt 0.630682 0.285397
vt 0.642046 0.265715
vt 0.642046 0.285397
vt 0.619319 0.305080
vt 0.630682 0.305080
vt 0.602273 0.314921
vt 0.630682 0.246032
vt 0.625000 0.236191
vt 0.630682 0.226350
vt 0.653410 0.246032
vt 0.670455 0.275556
vt 0.670455 0.282117
vt 0.664773 0.285397
vt 0.653410 0.305080
vt 0.647728 0.308360
vt 0.642046 0.305080
vt 0.642046 0.324762
vt 0.630682 0.324762
vt 0.642046 0.226350
vt 0.636364 0.216509
vt 0.642046 0.206667
vt 0.647728 0.236191
vt 0.664773 0.226350
vt 0.659091 0.255874
vt 0.681819 0.255874
vt 0.664773 0.265715
vt 0.687500 0.285397
vt 0.693182 0.275556
vt 0.681819 0.295239
vt 0.676137 0.305080
vt 0.670455 0.314921
vt 0.664773 0.324762
vt 0.687500 0.305080
vt 0.698864 0.305080
vt 0.750000 0.295239
vt 0.772728 0.295239
vt 0.755682 0.305080
vt 0.693182 0.314921
vt 0.687500 0.324762
vt 0.715909 0.308360
vt 0.721591 0.305080
vt 0.744318 0.305080
vt 0.732955 0.305080
vt 0.738637 0.308360
vt 0.767046 0.285397
vt 0.761364 0.275556
vt 0.784091 0.275556
vt 0.772728 0.255874
vt 0.778409 0.246032
vt 0.795455 0.255874
vt 0.789773 0.226350
vt 0.801137 0.246032
vt 0.784091 0.236191
vt 0.801137 0.226350
vt 0.795455 0.216509
vt 0.801137 0.206667
vt 0.812500 0.206667
vt 0.806818 0.196826
vt 0.812500 0.186985
vt 0.710228 0.324762
vt 0.698864 0.324762
vt 0.789773 0.285397
vt 0.801137 0.265715
vt 0.778409 0.305080
vt 0.772728 0.301799
vt 0.761364 0.314921
vt 0.778409 0.324762
vt 0.818182 0.255874
vt 0.812500 0.285397
vt 0.812500 0.265715
vt 0.823864 0.285397
vt 0.801137 0.305080
vt 0.812500 0.305080
vt 0.784091 0.314921
vt 0.812500 0.246032
vt 0.806818 0.236191
vt 0.812500 0.226350
vt 0.835227 0.246032
vt 0.823864 0.265715
vt 0.852273 0.275556
vt 0.852273 0.282117
vt 0.846591 0.285397
vt 0.835227 0.305080
vt 0.829546 0.308360
vt 0.823864 0.305080
vt 0.823864 0.324762
vt 0.812500 0.324762
vt 0.823864 0.226350
vt 0.818182 0.216509
vt 0.823864 0.206667
vt 0.829546 0.236191
vt 0.846591 0.226350
vt 0.840909 0.255874
vt 0.863637 0.255874
vt 0.846591 0.265715
vt 0.869318 0.285397
vt 0.875000 0.275556
vt 0.863637 0.295239
vt 0.857955 0.305080
vt 0.852273 0.314921
vt 0.846591 0.324762
vt 0.869318 0.305080
vt 0.880682 0.305080
vt 0.022727 0.295239
vt 0.045455 0.295239
vt 0.028409 0.305080
vt 0.875000 0.314921
vt 0.869318 0.324762
vt 0.017046 0.305080
vt 0.914773 0.305080
vt 0.039773 0.285397
vt 0.034091 0.275556
vt 0.056819 0.275556
vt 0.045455 0.255874
vt 0.051137 0.246032
vt 0.068182 0.255874
vt 0.062501 0.226350
vt 0.073864 0.246032
vt 0.056819 0.236191
vt 0.073864 0.226350
vt 0.068182 0.216509
vt 0.073864 0.206667
vt 0.085228 0.206667
vt 0.079546 0.196826
vt 0.085228 0.186985
vt 0.892046 0.324762
vt 0.880682 0.324762
vt 0.062500 0.285397
vt 0.073864 0.265715
vt 0.051137 0.305080
vt 0.045455 0.301799
vt 0.034091 0.314921
vt 0.051137 0.324762
vt 0.090910 0.255874
vt 0.079546 0.275556
vt 0.085228 0.265715
vt 0.085228 0.285397
vt 0.073864 0.305080
vt 0.085228 0.305080
vt 0.056818 0.314921
vt 0.085228 0.246032
vt 0.079546 0.236191
vt 0.085228 0.226350
vt 0.107955 0.246032
vt 0.096592 0.265715
vt 0.125001 0.275556
vt 0.125001 0.282117
vt 0.119319 0.285397
vt 0.107955 0.305080
vt 0.102273 0.308360
vt 0.096591 0.305080
vt 0.096591 0.324762
vt 0.085228 0.324762
vt 0.096592 0.226350
vt 0.090910 0.216509
vt 0.096592 0.206667
vt 0.102273 0.236191
vt 0.119319 0.226350
vt 0.113637 0.255874
vt 0.136364 0.255874
vt 0.119319 0.265715
vt 0.142046 0.285397
vt 0.147728 0.275556
vt 0.136364 0.295239
vt 0.130682 0.305080
vt 0.125001 0.314921
vt 0.119319 0.324762
vt 0.142046 0.305080
vt 0.153410 0.305080
vt 0.204546 0.295239
vt 0.227274 0.295239
vt 0.210228 0.305080
vt 0.147728 0.314921
vt 0.142046 0.324762
vt 0.198864 0.305080
vt 0.221592 0.285397
vt 0.215910 0.275556
vt 0.238637 0.275556
vt 0.227274 0.255874
vt 0.232955 0.246032
vt 0.250001 0.255874
vt 0.244319 0.226350
vt 0.255683 0.246032
vt 0.238637 0.236191
vt 0.255683 0.226350
vt 0.250001 0.216509
vt 0.255683 0.206667
vt 0.267046 0.206667
vt 0.261364 0.196826
vt 0.267046 0.186985
vt 0.164774 0.324762
vt 0.153410 0.324762
vt 0.244319 0.285397
vt 0.255683 0.265715
vt 0.232955 0.305080
vt 0.227274 0.301799
vt 0.215910 0.314921
vt 0.232955 0.324762
vt 0.267046 0.265715
vt 0.261364 0.275556
vt 0.267046 0.285397
vt 0.255683 0.305080
vt 0.267046 0.305080
vt 0.238637 0.314921
vt 0.267046 0.246032
vt 0.261364 0.236191
vt 0.267046 0.226350
vt 0.272728 0.255874
vt 0.289773 0.246032
vt 0.278410 0.265715
vt 0.306819 0.275556
vt 0.306819 0.282117
vt 0.301137 0.285397
vt 0.278410 0.324762
vt 0.267046 0.324762
vt 0.278410 0.226350
vt 0.272728 0.216509
vt 0.278410 0.206667
vt 0.284092 0.236191
vt 0.301137 0.226350
vt 0.295455 0.255874
vt 0.318182 0.255874
vt 0.301137 0.265715
vt 0.323864 0.285397
vt 0.329546 0.275556
vt 0.318183 0.295239
vt 0.312501 0.305080
vt 0.306819 0.314921
vt 0.301137 0.324762
vt 0.323864 0.305080
vt 0.335228 0.305080
vt 0.539773 0.285397
vt 0.551137 0.265715
vt 0.551137 0.285397
vt 0.329546 0.314921
vt 0.323864 0.324762
vt 0.352273 0.314921
vt 0.357955 0.305080
vt 0.539773 0.265715
vt 0.528410 0.265715
vt 0.539773 0.246032
vt 0.517046 0.246032
vt 0.511364 0.236191
vt 0.528410 0.226350
vt 0.500001 0.216509
vt 0.522728 0.216509
vt 0.505682 0.226350
vt 0.505682 0.206667
vt 0.494319 0.206667
vt 0.488637 0.196826
vt 0.494319 0.186985
vt 0.482955 0.186985
vt 0.528410 0.285397
vt 0.517046 0.285397
vt 0.346592 0.324762
vt 0.335228 0.324762
vt 0.517046 0.265715
vt 0.505682 0.265715
vt 0.494319 0.246032
vt 0.488637 0.236191
vt 0.551137 0.246032
vt 0.539773 0.226350
vt 0.562500 0.265715
vt 0.556819 0.268995
vt 0.562500 0.285397
vt 0.482955 0.206667
vt 0.545455 0.216509
vt 0.551137 0.226350
vt 0.562500 0.226350
vt 0.573864 0.246032
vt 0.579546 0.236191
vt 0.573864 0.265715
vt 0.471591 0.186985
vt 0.471591 0.206667
vt 0.528410 0.206667
vt 0.517046 0.206667
vt 0.511364 0.196826
vt 0.539773 0.206667
vt 0.539773 0.186985
vt 0.551137 0.206667
vt 0.562500 0.206667
vt 0.556819 0.196826
vt 0.579546 0.196826
vt 0.590910 0.216509
vt 0.590910 0.223069
vt 0.585228 0.226350
vt 0.517046 0.186985
vt 0.505682 0.186985
vt 0.500001 0.177144
vt 0.528410 0.186985
vt 0.528410 0.167302
vt 0.551137 0.186985
vt 0.562500 0.167302
vt 0.562500 0.186985
vt 0.590910 0.177144
vt 0.573864 0.186985
vt 0.585228 0.167302
vt 0.596591 0.186985
vt 0.602273 0.196826
vt 0.607955 0.206667
vt 0.630682 0.167302
vt 0.636364 0.177144
vt 0.607955 0.186985
vt 0.613637 0.177144
vt 0.721591 0.285397
vt 0.732955 0.265715
vt 0.732955 0.285397
vt 0.619319 0.186985
vt 0.727273 0.301799
vt 0.721591 0.265715
vt 0.710227 0.265715
vt 0.721591 0.246032
vt 0.698864 0.246032
vt 0.693182 0.236191
vt 0.710228 0.226350
vt 0.681819 0.216509
vt 0.704546 0.216509
vt 0.687500 0.226350
vt 0.687500 0.206667
vt 0.676137 0.206667
vt 0.670455 0.196826
vt 0.676137 0.186985
vt 0.664773 0.186985
vt 0.710228 0.285397
vt 0.698864 0.285397
vt 0.528410 0.305080
vt 0.522728 0.295239
vt 0.698864 0.265715
vt 0.687500 0.265715
vt 0.676137 0.246032
vt 0.670455 0.236191
vt 0.732955 0.246032
vt 0.721591 0.226350
vt 0.744319 0.265715
vt 0.738637 0.268995
vt 0.744318 0.285397
vt 0.664773 0.206667
vt 0.727273 0.216509
vt 0.732955 0.226350
vt 0.744318 0.226350
vt 0.755682 0.246032
vt 0.761364 0.236191
vt 0.755682 0.265715
vt 0.653409 0.186985
vt 0.653410 0.206667
vt 0.710228 0.206667
vt 0.698864 0.206667
vt 0.693182 0.196826
vt 0.721591 0.206667
vt 0.721591 0.186985
vt 0.732955 0.206667
vt 0.744319 0.206667
vt 0.738637 0.196826
vt 0.761364 0.196826
vt 0.772728 0.216509
vt 0.772728 0.223069
vt 0.767046 0.226350
vt 0.698864 0.186985
vt 0.687500 0.186985
vt 0.681819 0.177144
vt 0.710227 0.186985
vt 0.710228 0.167302
vt 0.732955 0.186985
vt 0.744319 0.167302
vt 0.744318 0.186985
vt 0.772728 0.177144
vt 0.755682 0.186985
vt 0.767046 0.167302
vt 0.778409 0.186985
vt 0.784091 0.196826
vt 0.789773 0.206667
vt 0.812500 0.167302
vt 0.818182 0.177144
vt 0.789773 0.186985
vt 0.795455 0.177144
vt 0.920455 0.275556
vt 0.914773 0.285397
vt 0.914773 0.265715
vt 0.801137 0.186985
vt 0.903409 0.265715
vt 0.892046 0.265715
vt 0.903409 0.246032
vt 0.880682 0.246032
vt 0.875000 0.236191
vt 0.892046 0.226350
vt 0.863637 0.216509
vt 0.886364 0.216509
vt 0.869318 0.226350
vt 0.869318 0.206667
vt 0.857955 0.206667
vt 0.852273 0.196826
vt 0.857955 0.186985
vt 0.846591 0.186985
vt 0.892046 0.285397
vt 0.880682 0.285397
vt 0.710227 0.305080
vt 0.704546 0.295239
vt 0.880682 0.265715
vt 0.869318 0.265715
vt 0.857955 0.246032
vt 0.852273 0.236191
vt 0.914773 0.246032
vt 0.903409 0.226350
vt 0.926137 0.265715
vt 0.920455 0.268995
vt 0.926137 0.285397
vt 0.846591 0.206667
vt 0.909091 0.216509
vt 0.914773 0.226350
vt 0.926137 0.226350
vt 0.937500 0.246032
vt 0.943182 0.236191
vt 0.937500 0.265715
vt 0.835227 0.186985
vt 0.835227 0.206667
vt 0.892046 0.206667
vt 0.880682 0.206667
vt 0.875000 0.196826
vt 0.903409 0.206667
vt 0.903409 0.186985
vt 0.914773 0.206667
vt 0.926137 0.206667
vt 0.920455 0.196826
vt 0.943182 0.196826
vt 0.954546 0.216509
vt 0.954545 0.223069
vt 0.948864 0.226350
vt 0.880682 0.186985
vt 0.869318 0.186985
vt 0.863637 0.177144
vt 0.892046 0.186985
vt 0.892046 0.167302
vt 0.914773 0.186985
vt 0.926137 0.167302
vt 0.926137 0.186985
vt 0.954546 0.177144
vt 0.937500 0.186985
vt 0.948864 0.167302
vt 0.960227 0.186985
vt 0.965909 0.196826
vt 0.062501 0.206667
vt 0.085228 0.167302
vt 0.090910 0.177144
vt 0.971591 0.186985
vt 0.977273 0.177144
vt 0.193183 0.275556
vt 0.187501 0.285397
vt 0.187501 0.265715
vt 0.073864 0.186985
vt 0.176137 0.265715
vt 0.164774 0.265715
vt 0.176137 0.246032
vt 0.153410 0.246032
vt 0.147728 0.236191
vt 0.164774 0.226350
vt 0.136365 0.216509
vt 0.159092 0.216509
vt 0.142046 0.226350
vt 0.142046 0.206667
vt 0.130683 0.206667
vt 0.125001 0.196826
vt 0.130683 0.186985
vt 0.119319 0.186985
vt 0.164774 0.285397
vt 0.153410 0.285397
vt 0.903409 0.305080
vt 0.892046 0.305080
vt 0.886364 0.295239
vt 0.153410 0.265715
vt 0.142046 0.265715
vt 0.130683 0.246032
vt 0.125001 0.236191
vt 0.187501 0.246032
vt 0.176137 0.226350
vt 0.198864 0.265715
vt 0.193183 0.268995
vt 0.198864 0.285397
vt 0.119319 0.206667
vt 0.181819 0.216509
vt 0.187501 0.226350
vt 0.198864 0.226350
vt 0.210228 0.246032
vt 0.215910 0.236191
vt 0.210228 0.265715
vt 0.107955 0.186985
vt 0.107955 0.206667
vt 0.164774 0.206667
vt 0.153410 0.206667
vt 0.147728 0.196826
vt 0.176137 0.206667
vt 0.176137 0.186985
vt 0.187501 0.206667
vt 0.198864 0.206667
vt 0.193183 0.196826
vt 0.215910 0.196826
vt 0.227274 0.216509
vt 0.227273 0.223069
vt 0.221592 0.226350
vt 0.153410 0.186985
vt 0.142046 0.186985
vt 0.136364 0.177144
vt 0.164774 0.186985
vt 0.164774 0.167302
vt 0.187501 0.186985
vt 0.198864 0.167302
vt 0.198864 0.186985
vt 0.227274 0.177144
vt 0.210228 0.186985
vt 0.221592 0.167302
vt 0.232955 0.186985
vt 0.238637 0.196826
vt 0.244319 0.206667
vt 0.272728 0.177144
vt 0.244319 0.186985
vt 0.250001 0.177144
vt 0.375001 0.275556
vt 0.369319 0.285397
vt 0.369319 0.265715
vt 0.255683 0.186985
vt 0.357955 0.265715
vt 0.346592 0.265715
vt 0.357955 0.246032
vt 0.335228 0.246032
vt 0.329546 0.236191
vt 0.346592 0.226350
vt 0.318182 0.216509
vt 0.340910 0.216509
vt 0.323864 0.226350
vt 0.323864 0.206667
vt 0.312501 0.206667
vt 0.306819 0.196826
vt 0.312501 0.186985
vt 0.301137 0.186985
vt 0.346592 0.285397
vt 0.335228 0.285397
vt 0.176137 0.305080
vt 0.164774 0.305080
vt 0.159092 0.295239
vt 0.335228 0.265715
vt 0.323864 0.265715
vt 0.312501 0.246032
vt 0.306819 0.236191
vt 0.369319 0.246032
vt 0.357955 0.226350
vt 0.380682 0.265715
vt 0.375001 0.268995
vt 0.380683 0.285397
vt 0.301137 0.206667
vt 0.363637 0.216509
vt 0.369319 0.226350
vt 0.380682 0.226350
vt 0.392046 0.246032
vt 0.397728 0.236191
vt 0.392046 0.265715
vt 0.289773 0.186985
vt 0.289773 0.206667
vt 0.346592 0.206667
vt 0.335228 0.206667
vt 0.329546 0.196826
vt 0.357955 0.206667
vt 0.357955 0.186985
vt 0.369319 0.206667
vt 0.380683 0.206667
vt 0.375001 0.196826
vt 0.397728 0.196826
vt 0.409092 0.216509
vt 0.409092 0.223069
vt 0.403410 0.226350
vt 0.335228 0.186985
vt 0.323864 0.186985
vt 0.318182 0.177144
vt 0.346592 0.186985
vt 0.346592 0.167302
vt 0.369319 0.186985
vt 0.380682 0.167302
vt 0.380682 0.186985
vt 0.409092 0.177144
vt 0.392046 0.186985
vt 0.403410 0.167302
vt 0.414773 0.186985
vt 0.420455 0.196826
vt 0.426137 0.206667
vt 0.454546 0.177144
vt 0.426137 0.186985
vt 0.431819 0.177144
vt 0.494319 0.147620
vt 0.482955 0.147620
vt 0.500001 0.137778
vt 0.437501 0.186985
vt 0.477273 0.137778
vt 0.471591 0.147620
vt 0.448864 0.147620
vt 0.494319 0.127937
vt 0.488637 0.118096
vt 0.511364 0.118096
vt 0.500001 0.098413
vt 0.505682 0.088572
vt 0.522728 0.098413
vt 0.517046 0.068889
vt 0.528410 0.088572
vt 0.511364 0.078731
vt 0.528410 0.068889
vt 0.522728 0.059048
vt 0.528410 0.049207
vt 0.539773 0.049207
vt 0.534091 0.039365
vt 0.539773 0.029524
vt 0.346592 0.305080
vt 0.340910 0.295239
vt 0.517046 0.127937
vt 0.528410 0.108254
vt 0.505682 0.147620
vt 0.500000 0.144339
vt 0.488637 0.157461
vt 0.505682 0.167302
vt 0.539773 0.108254
vt 0.539773 0.127937
vt 0.551137 0.127937
vt 0.528410 0.147620
vt 0.539773 0.147620
vt 0.511364 0.157461
vt 0.539773 0.088572
vt 0.534091 0.078731
vt 0.539773 0.068889
vt 0.545455 0.098413
vt 0.562500 0.088572
vt 0.551137 0.108254
vt 0.556819 0.118096
vt 0.562500 0.108254
vt 0.573864 0.127937
vt 0.562501 0.147620
vt 0.556819 0.150900
vt 0.551137 0.147620
vt 0.551137 0.167302
vt 0.539773 0.167302
vt 0.551137 0.068889
vt 0.545455 0.059048
vt 0.551137 0.049207
vt 0.556819 0.078731
vt 0.573864 0.068889
vt 0.568182 0.098413
vt 0.590910 0.098413
vt 0.573864 0.108254
vt 0.596591 0.127937
vt 0.579546 0.118096
vt 0.602273 0.118096
vt 0.590910 0.137778
vt 0.585228 0.147620
vt 0.579546 0.157461
vt 0.573864 0.167302
vt 0.596591 0.147620
vt 0.607955 0.147620
vt 0.676137 0.147620
vt 0.664773 0.147620
vt 0.681819 0.137778
vt 0.602273 0.157461
vt 0.596591 0.167302
vt 0.625000 0.157461
vt 0.676137 0.127937
vt 0.670455 0.118096
vt 0.693182 0.118096
vt 0.681819 0.098413
vt 0.687500 0.088572
vt 0.704546 0.098413
vt 0.698864 0.068889
vt 0.710228 0.088572
vt 0.693182 0.078731
vt 0.710227 0.068889
vt 0.704546 0.059048
vt 0.710228 0.049207
vt 0.721591 0.049207
vt 0.715909 0.039365
vt 0.619319 0.127937
vt 0.607955 0.127937
vt 0.619319 0.167302
vt 0.607955 0.167302
vt 0.607955 0.108254
vt 0.596591 0.108254
vt 0.585228 0.088572
vt 0.579546 0.078731
vt 0.698864 0.127937
vt 0.710228 0.108254
vt 0.687500 0.147620
vt 0.681818 0.144339
vt 0.670455 0.157461
vt 0.687500 0.167302
vt 0.698864 0.049207
vt 0.721591 0.108254
vt 0.721591 0.127937
vt 0.732955 0.108254
vt 0.732955 0.127937
vt 0.710227 0.147620
vt 0.721591 0.147620
vt 0.693182 0.157461
vt 0.710228 0.029524
vt 0.562500 0.049207
vt 0.721591 0.088572
vt 0.715909 0.078731
vt 0.721591 0.068889
vt 0.727273 0.098413
vt 0.744318 0.088572
vt 0.761364 0.118096
vt 0.761364 0.124657
vt 0.755682 0.127937
vt 0.744318 0.147620
vt 0.738637 0.150900
vt 0.732955 0.147620
vt 0.732955 0.167302
vt 0.721591 0.167302
vt 0.732955 0.068889
vt 0.727273 0.059048
vt 0.732955 0.049207
vt 0.738637 0.078731
vt 0.755682 0.068889
vt 0.750000 0.098413
vt 0.772728 0.098413
vt 0.755682 0.108254
vt 0.778409 0.127937
vt 0.784091 0.118096
vt 0.772728 0.137778
vt 0.767046 0.147620
vt 0.761364 0.157461
vt 0.755682 0.167302
vt 0.806818 0.157461
vt 0.801137 0.167302
vt 0.789773 0.167302
vt 0.778409 0.147620
vt 0.789773 0.147620
vt 0.840909 0.137778
vt 0.863637 0.137778
vt 0.846591 0.147620
vt 0.784091 0.157461
vt 0.778409 0.167302
vt 0.857955 0.127937
vt 0.852273 0.118096
vt 0.875000 0.118096
vt 0.863637 0.098413
vt 0.869318 0.088572
vt 0.886364 0.098413
vt 0.880682 0.068889
vt 0.892046 0.088572
vt 0.875000 0.078731
vt 0.892046 0.068889
vt 0.886364 0.059048
vt 0.892046 0.049207
vt 0.903409 0.049207
vt 0.897727 0.039365
vt 0.801137 0.127937
vt 0.789773 0.127937
vt 0.630682 0.147620
vt 0.619318 0.147620
vt 0.613637 0.137778
vt 0.789773 0.108254
vt 0.778409 0.108254
vt 0.767046 0.088572
vt 0.761364 0.078731
vt 0.880682 0.127937
vt 0.892046 0.108254
vt 0.869318 0.147620
vt 0.863637 0.144339
vt 0.852273 0.157461
vt 0.869318 0.167302
vt 0.880682 0.049207
vt 0.903409 0.108254
vt 0.897727 0.118096
vt 0.903409 0.127937
vt 0.892046 0.147620
vt 0.903409 0.147620
vt 0.875000 0.157461
vt 0.892046 0.029524
vt 0.744318 0.049207
vt 0.903409 0.088572
vt 0.897727 0.078731
vt 0.903409 0.068889
vt 0.909091 0.098413
vt 0.926137 0.088572
vt 0.914773 0.108254
vt 0.920455 0.118096
vt 0.926137 0.108254
vt 0.937500 0.127937
vt 0.926137 0.147620
vt 0.920455 0.150900
vt 0.914773 0.147620
vt 0.914773 0.167302
vt 0.903409 0.167302
vt 0.914773 0.068889
vt 0.909091 0.059048
vt 0.914773 0.049207
vt 0.920455 0.078731
vt 0.937500 0.068889
vt 0.931818 0.098413
vt 0.954546 0.098413
vt 0.937500 0.108254
vt 0.960227 0.127937
vt 0.943182 0.118096
vt 0.965909 0.118096
vt 0.954546 0.137778
vt 0.948864 0.147620
vt 0.943182 0.157461
vt 0.937500 0.167302
vt 0.988636 0.157461
vt 0.982955 0.167302
vt 0.971591 0.167302
vt 0.960227 0.147620
vt 0.971591 0.147620
vt 0.426137 0.127937
vt 0.431819 0.137778
vt 0.414773 0.127937
vt 0.965909 0.157461
vt 0.960227 0.167302
vt 0.994318 0.167302
vt 0.409092 0.137778
vt 0.403410 0.147620
vt 0.392046 0.127937
vt 0.380682 0.147620
vt 0.369319 0.147620
vt 0.369319 0.127937
vt 0.346592 0.147620
vt 0.357955 0.127937
vt 0.357955 0.147620
vt 0.340910 0.137778
vt 0.335228 0.147620
vt 0.323864 0.147620
vt 0.318182 0.137778
vt 0.312501 0.147620
vt 0.420455 0.157461
vt 0.414773 0.167302
vt 0.812500 0.147620
vt 0.801137 0.147620
vt 0.795455 0.137778
vt 0.397728 0.157461
vt 0.392046 0.167302
vt 0.369319 0.167302
vt 0.357955 0.167302
vt 0.397728 0.118096
vt 0.375001 0.118096
vt 0.420455 0.118096
vt 0.420455 0.124657
vt 0.437501 0.127937
vt 0.329546 0.157461
vt 0.369319 0.108254
vt 0.386364 0.098413
vt 0.363637 0.098413
vt 0.380682 0.088572
vt 0.409092 0.098413
vt 0.403410 0.088572
vt 0.426137 0.108254
vt 0.306819 0.157461
vt 0.323864 0.167302
vt 0.352273 0.118096
vt 0.346592 0.127937
vt 0.335228 0.127937
vt 0.357955 0.108254
vt 0.340910 0.098413
vt 0.357955 0.068889
vt 0.363637 0.065609
vt 0.369319 0.068889
vt 0.392046 0.068889
vt 0.397728 0.072170
vt 0.397728 0.078731
vt 0.329546 0.118096
vt 0.323864 0.127937
vt 0.312501 0.127937
vt 0.335228 0.108254
vt 0.318183 0.098413
vt 0.346592 0.088572
vt 0.335228 0.068889
vt 0.352273 0.078731
vt 0.357955 0.049207
vt 0.346592 0.049207
vt 0.369319 0.049207
vt 0.380682 0.049207
vt 0.517046 0.049207
vt 0.539773 0.009841
vt 0.545455 0.019683
vt 0.375001 0.039365
vt 0.369319 0.029524
vt 0.130683 0.147620
vt 0.119319 0.147620
vt 0.136365 0.137778
vt 0.528410 0.029524
vt 0.130683 0.127937
vt 0.125001 0.118096
vt 0.147728 0.118096
vt 0.136364 0.098413
vt 0.142046 0.088572
vt 0.159092 0.098413
vt 0.153410 0.068889
vt 0.164774 0.088572
vt 0.147728 0.078731
vt 0.164774 0.068889
vt 0.159092 0.059048
vt 0.164774 0.049207
vt 0.176137 0.049207
vt 0.170455 0.039365
vt 0.982955 0.127937
vt 0.971591 0.127937
vt 0.437501 0.167302
vt 0.426137 0.167302
vt 0.971591 0.108254
vt 0.960227 0.108254
vt 0.948864 0.088572
vt 0.943182 0.078731
vt 0.153410 0.127937
vt 0.164774 0.108254
vt 0.142046 0.147620
vt 0.136365 0.144339
vt 0.125001 0.157461
vt 0.142046 0.167302
vt 0.153410 0.049207
vt 0.176137 0.108254
vt 0.176137 0.127937
vt 0.187501 0.127937
vt 0.164774 0.147620
vt 0.176137 0.147620
vt 0.147728 0.157461
vt 0.164774 0.029524
vt 0.926137 0.049207
vt 0.176137 0.088572
vt 0.170455 0.078731
vt 0.176137 0.068889
vt 0.181819 0.098413
vt 0.198864 0.088572
vt 0.187501 0.108254
vt 0.215910 0.118096
vt 0.215910 0.124657
vt 0.210228 0.127937
vt 0.198864 0.147620
vt 0.193183 0.150900
vt 0.187501 0.147620
vt 0.187501 0.167302
vt 0.176137 0.167302
vt 0.187501 0.068889
vt 0.181819 0.059048
vt 0.187501 0.049207
vt 0.193183 0.078731
vt 0.210228 0.068889
vt 0.204546 0.098413
vt 0.227274 0.098413
vt 0.210228 0.108254
vt 0.232955 0.127937
vt 0.238637 0.118096
vt 0.227273 0.137778
vt 0.221592 0.147620
vt 0.215910 0.157461
vt 0.210228 0.167302
vt 0.357955 0.009841
vt 0.363637 0.019683
vt 0.357955 0.029524
vt 0.346592 0.029524
vt 0.352273 0.039365
vt 0.335228 0.049207
vt 0.340910 0.059048
vt 0.329546 0.078731
vt 0.323864 0.088572
vt 0.221592 0.088572
vt 0.244319 0.108254
vt 0.255683 0.127937
vt 0.306819 0.118096
vt 0.232955 0.147620
vt 0.244319 0.147620
vt 0.255683 0.167302
vt 0.244319 0.167302
vt 0.238637 0.157461
vt 0.232955 0.167302
vt 0.994318 0.147620
vt 0.982955 0.147620
vt 0.977273 0.137778
vt 0.289773 0.305080
vt 0.284092 0.308360
vt 0.278410 0.305080
vt 0.909091 0.026244
vt 0.914773 0.029524
vt 0.909091 0.013122
vt 0.181819 0.013122
vt 0.920455 0.032804
vt 0.926137 0.029524
vt 0.170455 0.032804
vt 0.181819 0.026244
vt 0.261364 0.150900
vt 0.255683 0.147620
vt 0.250001 0.144339
vt 0.250001 0.137778
vt 0.250001 0.131217
vt 0.289773 0.127937
vt 0.295455 0.131217
vt 0.295455 0.144339
vt 0.284092 0.150900
vt 0.295455 0.170583
vt 0.301137 0.167302
vt 0.284092 0.164022
vt 0.306819 0.164022
vt 0.306819 0.150900
vt 0.727273 0.026244
vt 0.732955 0.029524
vt 0.727273 0.013122
vt 0.738637 0.032804
vt 0.744318 0.029524
vt 0.897727 0.032804
vt 0.545455 0.026244
vt 0.551137 0.029524
vt 0.545455 0.013122
vt 0.556819 0.032804
vt 0.562500 0.029524
vt 0.715909 0.032804
vt 0.732955 0.009841
vt 0.369319 0.009841
vt 0.363637 0.013122
vt 0.272728 0.183704
vt 0.278410 0.186985
vt 0.272728 0.170583
vt 0.284092 0.190265
vt 0.295455 0.183704
vt 0.102274 0.150900
vt 0.107955 0.147620
vt 0.113637 0.144339
vt 0.125001 0.150900
vt 0.125001 0.164022
vt 0.113637 0.170583
vt 0.102274 0.164022
vt 0.090910 0.183704
vt 0.096592 0.186985
vt 0.090910 0.170583
vt 0.102274 0.190265
vt 0.113637 0.183704
vt 0.829546 0.150900
vt 0.835227 0.147620
vt 0.840909 0.144339
vt 0.852273 0.150900
vt 0.852273 0.164022
vt 0.840909 0.170583
vt 0.829546 0.164022
vt 0.818182 0.183704
vt 0.823864 0.186985
vt 0.818182 0.170583
vt 0.829546 0.190265
vt 0.840909 0.183704
vt 0.647728 0.150900
vt 0.653409 0.147620
vt 0.659091 0.144339
vt 0.670455 0.150900
vt 0.670455 0.164022
vt 0.659091 0.170583
vt 0.647728 0.164022
vt 0.636364 0.183704
vt 0.642046 0.186985
vt 0.636364 0.170583
vt 0.647728 0.190265
vt 0.659091 0.183704
vt 0.465910 0.150900
vt 0.477273 0.144339
vt 0.488637 0.150900
vt 0.488637 0.164022
vt 0.477273 0.170583
vt 0.465910 0.164022
vt 0.454546 0.183704
vt 0.460228 0.186985
vt 0.454546 0.170583
vt 0.465910 0.190265
vt 0.477273 0.183704
vt 0.261364 0.164022
vt 0.278410 0.147620
vt 0.443182 0.164022
vt 0.443182 0.150900
vt 0.460228 0.147620
vt 0.193183 0.308360
vt 0.204546 0.301799
vt 0.215910 0.308360
vt 0.215910 0.321482
vt 0.204546 0.328043
vt 0.193183 0.321482
vt 0.011364 0.308360
vt 0.022727 0.301799
vt 0.034091 0.308360
vt 0.034091 0.321482
vt 0.022727 0.328043
vt 0.011364 0.321482
vt 0.750000 0.301799
vt 0.761364 0.308360
vt 0.761364 0.321482
vt 0.750000 0.328043
vt 0.556819 0.308360
vt 0.568182 0.301799
vt 0.579546 0.308360
vt 0.579546 0.321482
vt 0.568182 0.328043
vt 0.556819 0.321482
vt 0.375001 0.308360
vt 0.386364 0.301799
vt 0.397728 0.308360
vt 0.397728 0.321482
vt 0.386364 0.328043
vt 0.375001 0.321482
vt 0.272728 0.459260
vt 0.272728 0.452699
vt 0.272728 0.446139
vt 0.284092 0.439578
vt 0.437501 0.442858
vt 0.443182 0.439578
vt 0.454546 0.446139
vt 0.454546 0.459260
vt 0.636364 0.446139
vt 0.630682 0.442858
vt 0.636364 0.459260
vt 0.625000 0.439578
vt 0.619319 0.442858
vt 0.465910 0.439578
vt 0.431819 0.413334
vt 0.431819 0.406773
vt 0.437501 0.403493
vt 0.443182 0.400212
vt 0.454546 0.406773
vt 0.454546 0.413334
vt 0.454546 0.419895
vt 0.443182 0.426456
vt 0.431819 0.419895
vt 0.420455 0.387091
vt 0.426137 0.383810
vt 0.431819 0.380530
vt 0.443182 0.387091
vt 0.443182 0.393652
vt 0.420455 0.400212
vt 0.409092 0.367408
vt 0.420455 0.360847
vt 0.431819 0.367408
vt 0.409091 0.380530
vt 0.397728 0.347725
vt 0.409092 0.341165
vt 0.420455 0.347725
vt 0.397728 0.360847
vt 0.403410 0.324762
vt 0.409092 0.328043
vt 0.386364 0.341165
vt 0.625000 0.426456
vt 0.625000 0.433017
vt 0.465910 0.433017
vt 0.613637 0.419895
vt 0.607955 0.423176
vt 0.477273 0.419895
vt 0.613637 0.406773
vt 0.613637 0.413334
vt 0.477273 0.413334
vt 0.602273 0.400212
vt 0.596591 0.403493
vt 0.488637 0.400212
vt 0.477273 0.406773
vt 0.454546 0.380530
vt 0.465910 0.387091
vt 0.465910 0.393652
vt 0.465910 0.400212
vt 0.471591 0.403493
vt 0.602273 0.387091
vt 0.494319 0.403493
vt 0.590910 0.380530
vt 0.585228 0.383810
vt 0.443182 0.360847
vt 0.454546 0.367408
vt 0.477273 0.373969
vt 0.471591 0.364128
vt 0.465910 0.360847
vt 0.477273 0.367408
vt 0.477273 0.380530
vt 0.482955 0.383810
vt 0.590910 0.367408
vt 0.505682 0.383810
vt 0.500001 0.367408
vt 0.505682 0.364128
vt 0.511364 0.360847
vt 0.579546 0.360847
vt 0.431819 0.341165
vt 0.443182 0.347725
vt 0.443182 0.354286
vt 0.454546 0.341164
vt 0.465910 0.354286
vt 0.465910 0.347725
vt 0.477273 0.341164
vt 0.482955 0.364128
vt 0.488637 0.360847
vt 0.494319 0.364128
vt 0.579546 0.347725
vt 0.517046 0.364128
vt 0.511364 0.347725
vt 0.522728 0.341164
vt 0.568182 0.341165
vt 0.420455 0.321482
vt 0.426137 0.324762
vt 0.431819 0.328043
vt 0.431819 0.334604
vt 0.443182 0.321482
vt 0.454546 0.328043
vt 0.454546 0.334604
vt 0.465910 0.321482
vt 0.477273 0.334604
vt 0.477273 0.328043
vt 0.488637 0.321482
vt 0.494319 0.344445
vt 0.500001 0.341164
vt 0.500000 0.328043
vt 0.511364 0.321482
vt 0.522728 0.328043
vt 0.636364 0.419895
vt 0.647728 0.439578
vt 0.534091 0.308360
vt 0.545455 0.301799
vt 0.539773 0.324762
vt 0.534091 0.321482
vt 0.818182 0.446139
vt 0.818182 0.459260
vt 0.806818 0.439578
vt 0.801137 0.442858
vt 0.619319 0.403493
vt 0.625000 0.400212
vt 0.636364 0.406773
vt 0.636364 0.413334
vt 0.607955 0.383810
vt 0.613637 0.380530
vt 0.625000 0.387091
vt 0.625000 0.393652
vt 0.602273 0.360847
vt 0.613637 0.367408
vt 0.590909 0.341164
vt 0.602273 0.347725
vt 0.585228 0.324762
vt 0.590909 0.328043
vt 0.806818 0.426456
vt 0.806818 0.433017
vt 0.795455 0.419895
vt 0.789773 0.423176
vt 0.659091 0.419895
vt 0.795455 0.406773
vt 0.795455 0.413334
vt 0.659091 0.413334
vt 0.784091 0.400212
vt 0.778409 0.403493
vt 0.670455 0.400212
vt 0.659091 0.406773
vt 0.636364 0.380530
vt 0.642046 0.383810
vt 0.647728 0.387091
vt 0.647728 0.393652
vt 0.647728 0.400212
vt 0.653410 0.403493
vt 0.784091 0.387091
vt 0.676137 0.403493
vt 0.772727 0.380530
vt 0.767046 0.383810
vt 0.670455 0.387091
vt 0.625000 0.360847
vt 0.636364 0.367408
vt 0.647728 0.360847
vt 0.659091 0.367408
vt 0.659091 0.380530
vt 0.664773 0.383810
vt 0.772728 0.367408
vt 0.687500 0.383810
vt 0.681819 0.367408
vt 0.687500 0.364128
vt 0.693182 0.360847
vt 0.761364 0.360847
vt 0.613637 0.341164
vt 0.625000 0.347725
vt 0.625000 0.354286
vt 0.636364 0.341164
vt 0.647728 0.347725
vt 0.659091 0.341164
vt 0.664773 0.364128
vt 0.670455 0.360847
vt 0.670455 0.347725
vt 0.676137 0.364128
vt 0.761364 0.347725
vt 0.698864 0.364128
vt 0.693182 0.347725
vt 0.704546 0.341164
vt 0.750000 0.341165
vt 0.602273 0.321482
vt 0.607955 0.324762
vt 0.613637 0.328043
vt 0.613637 0.334604
vt 0.625000 0.321482
vt 0.636364 0.328043
vt 0.636364 0.334604
vt 0.647728 0.321482
vt 0.659091 0.334604
vt 0.659091 0.328043
vt 0.670455 0.321482
vt 0.676137 0.344445
vt 0.681818 0.341164
vt 0.681818 0.328043
vt 0.443182 0.433017
vt 0.693182 0.321482
vt 0.704546 0.328043
vt 0.818182 0.419895
vt 0.829546 0.433017
vt 0.829546 0.439578
vt 0.721591 0.324762
vt 0.090910 0.446139
vt 0.090910 0.459260
vt 0.079546 0.439578
vt 0.073864 0.442858
vt 0.448864 0.462541
vt 0.812500 0.462541
vt 0.801137 0.403493
vt 0.806818 0.400212
vt 0.818182 0.406773
vt 0.818182 0.413334
vt 0.789773 0.383810
vt 0.795455 0.380530
vt 0.806818 0.387091
vt 0.806818 0.393652
vt 0.784091 0.360847
vt 0.795455 0.367408
vt 0.772728 0.341164
vt 0.784091 0.347725
vt 0.767046 0.324762
vt 0.772727 0.328043
vt 0.079546 0.426456
vt 0.079546 0.433017
vt 0.068182 0.419895
vt 0.062501 0.423176
vt 0.840909 0.419895
vt 0.068182 0.406773
vt 0.068182 0.413334
vt 0.840909 0.413334
vt 0.056819 0.400212
vt 0.051137 0.403493
vt 0.852273 0.400212
vt 0.840909 0.406773
vt 0.818182 0.380530
vt 0.829546 0.387091
vt 0.829546 0.393652
vt 0.829546 0.400212
vt 0.835227 0.403493
vt 0.056819 0.387091
vt 0.857955 0.403493
vt 0.045455 0.380530
vt 0.039773 0.383810
vt 0.806818 0.360847
vt 0.818182 0.367408
vt 0.840909 0.373969
vt 0.829546 0.360847
vt 0.840909 0.367408
vt 0.840909 0.380530
vt 0.846591 0.383810
vt 0.045455 0.367408
vt 0.869318 0.383810
vt 0.863636 0.367408
vt 0.869318 0.364128
vt 0.875000 0.360847
vt 0.034091 0.360847
vt 0.795455 0.341164
vt 0.806818 0.347725
vt 0.806818 0.354286
vt 0.818182 0.341164
vt 0.829546 0.347725
vt 0.840909 0.341164
vt 0.846591 0.364128
vt 0.852273 0.360847
vt 0.852273 0.347725
vt 0.857955 0.364128
vt 0.034091 0.347725
vt 0.880682 0.364128
vt 0.875000 0.347725
vt 0.886364 0.341164
vt 0.022727 0.341165
vt 0.784091 0.321482
vt 0.789773 0.324762
vt 0.795455 0.328043
vt 0.795455 0.334604
vt 0.806818 0.321482
vt 0.818182 0.328043
vt 0.818182 0.334604
vt 0.829546 0.321482
vt 0.840909 0.334604
vt 0.840909 0.328043
vt 0.852273 0.321482
vt 0.857955 0.344445
vt 0.863636 0.341164
vt 0.863636 0.328043
vt 0.875000 0.321482
vt 0.886364 0.328043
vt 0.090910 0.419895
vt 0.102274 0.433017
vt 0.102274 0.439578
vt 0.897727 0.308360
vt 0.909091 0.301799
vt 0.903409 0.324762
vt 0.897727 0.321482
vt 0.267046 0.442858
vt 0.261364 0.439578
vt 0.255683 0.442858
vt 0.073864 0.403493
vt 0.079546 0.400212
vt 0.090910 0.406773
vt 0.090910 0.413334
vt 0.062501 0.383810
vt 0.068182 0.380530
vt 0.079546 0.387091
vt 0.079546 0.393652
vt 0.056819 0.360847
vt 0.068182 0.367408
vt 0.045455 0.341164
vt 0.056819 0.347725
vt 0.039773 0.324762
vt 0.045455 0.328043
vt 0.261364 0.426456
vt 0.261364 0.433017
vt 0.250001 0.419895
vt 0.244319 0.423176
vt 0.113637 0.419895
vt 0.250001 0.406773
vt 0.250001 0.413334
vt 0.113637 0.413334
vt 0.238637 0.400212
vt 0.232955 0.403493
vt 0.125001 0.400212
vt 0.113637 0.406773
vt 0.090910 0.380530
vt 0.102273 0.387091
vt 0.102273 0.393652
vt 0.102273 0.400212
vt 0.107955 0.403493
vt 0.238637 0.387091
vt 0.130683 0.403493
vt 0.227274 0.380530
vt 0.221592 0.383810
vt 0.079546 0.360847
vt 0.090910 0.367408
vt 0.113637 0.373969
vt 0.102273 0.360847
vt 0.113637 0.367408
vt 0.113637 0.380530
vt 0.119319 0.383810
vt 0.227274 0.367408
vt 0.142046 0.383810
vt 0.136364 0.367408
vt 0.142046 0.364128
vt 0.147728 0.360847
vt 0.215910 0.360847
vt 0.068182 0.341164
vt 0.079546 0.347725
vt 0.079546 0.354286
vt 0.090910 0.341164
vt 0.102273 0.347725
vt 0.113637 0.341164
vt 0.119319 0.364128
vt 0.125001 0.360847
vt 0.125001 0.347725
vt 0.130683 0.364128
vt 0.215910 0.347725
vt 0.153410 0.364128
vt 0.147728 0.347725
vt 0.159092 0.341164
vt 0.204546 0.341165
vt 0.056818 0.321482
vt 0.062500 0.324762
vt 0.068182 0.328043
vt 0.068182 0.334604
vt 0.079546 0.321482
vt 0.090910 0.328043
vt 0.090910 0.334604
vt 0.102273 0.321482
vt 0.113637 0.334604
vt 0.113637 0.328043
vt 0.125001 0.321482
vt 0.130683 0.344445
vt 0.136364 0.341164
vt 0.136364 0.328043
vt 0.147728 0.321482
vt 0.159092 0.328043
vt 0.272728 0.419895
vt 0.170455 0.308360
vt 0.181819 0.301799
vt 0.176137 0.324762
vt 0.170455 0.321482
vt 0.255683 0.403493
vt 0.261364 0.400212
vt 0.272728 0.406773
vt 0.272728 0.413334
vt 0.244319 0.383810
vt 0.250001 0.380530
vt 0.261364 0.387091
vt 0.261364 0.393652
vt 0.238637 0.360847
vt 0.250001 0.367408
vt 0.227273 0.341164
vt 0.238637 0.347725
vt 0.221592 0.324762
vt 0.227274 0.328043
vt 0.272728 0.380530
vt 0.278410 0.383810
vt 0.284092 0.387091
vt 0.284092 0.393652
vt 0.284092 0.400212
vt 0.289773 0.403493
vt 0.295455 0.406773
vt 0.295455 0.413334
vt 0.295455 0.419895
vt 0.426137 0.423175
vt 0.261364 0.360847
vt 0.272728 0.367408
vt 0.284092 0.360847
vt 0.295455 0.367408
vt 0.295455 0.380530
vt 0.301137 0.383810
vt 0.306819 0.387091
vt 0.306819 0.400212
vt 0.414773 0.403493
vt 0.250001 0.341164
vt 0.261364 0.347725
vt 0.261364 0.354286
vt 0.272728 0.341164
vt 0.284092 0.347725
vt 0.295455 0.341164
vt 0.301137 0.364128
vt 0.306819 0.360847
vt 0.306819 0.347725
vt 0.312501 0.364128
vt 0.318182 0.367408
vt 0.312501 0.403493
vt 0.403410 0.383810
vt 0.238637 0.321482
vt 0.244319 0.324762
vt 0.250001 0.328043
vt 0.250001 0.334604
vt 0.261364 0.321482
vt 0.272728 0.328043
vt 0.272728 0.334604
vt 0.284092 0.321482
vt 0.295455 0.334604
vt 0.295455 0.328043
vt 0.306819 0.321482
vt 0.312501 0.344445
vt 0.318182 0.341164
vt 0.318183 0.328043
vt 0.329546 0.347725
vt 0.323864 0.364128
vt 0.329546 0.360847
vt 0.323864 0.383810
vt 0.346592 0.344445
vt 0.340910 0.341165
vt 0.340910 0.328043
vt 0.352273 0.321482
vt 0.329546 0.321482
vt 0.386364 0.288678
vt 0.392046 0.285397
vt 0.397728 0.282117
vt 0.409091 0.288678
vt 0.403410 0.305080
vt 0.335228 0.364128
vt 0.363637 0.301799
vt 0.363637 0.295238
vt 0.363637 0.288678
vt 0.375001 0.282117
vt 0.403410 0.265715
vt 0.409092 0.262434
vt 0.414773 0.265715
vt 0.420455 0.268995
vt 0.420455 0.282117
vt 0.414773 0.285397
vt 0.397728 0.268995
vt 0.420455 0.242752
vt 0.426137 0.246032
vt 0.431819 0.249313
vt 0.431819 0.262434
vt 0.426137 0.265715
vt 0.409092 0.249313
vt 0.431819 0.223069
vt 0.443182 0.229630
vt 0.443182 0.242752
vt 0.420455 0.229630
vt 0.443182 0.203387
vt 0.454546 0.209948
vt 0.454546 0.223069
vt 0.431819 0.209948
vt 0.465910 0.196826
vt 0.465910 0.203387
vt 0.443182 0.190265
vt 0.443182 0.268995
vt 0.443182 0.282117
vt 0.437501 0.285397
vt 0.431819 0.288678
vt 0.431819 0.295239
vt 0.431819 0.301799
vt 0.426137 0.305080
vt 0.420455 0.308360
vt 0.454546 0.249313
vt 0.454546 0.262434
vt 0.460228 0.285397
vt 0.465910 0.275556
vt 0.465910 0.268995
vt 0.465910 0.282117
vt 0.454546 0.288678
vt 0.454546 0.295239
vt 0.454546 0.301799
vt 0.443182 0.308360
vt 0.443182 0.314921
vt 0.465910 0.229630
vt 0.465910 0.242752
vt 0.460228 0.246032
vt 0.477273 0.249313
vt 0.471592 0.265715
vt 0.477273 0.262434
vt 0.488637 0.268995
vt 0.471591 0.285397
vt 0.477273 0.288678
vt 0.477273 0.295239
vt 0.477273 0.301799
vt 0.465910 0.314921
vt 0.477273 0.209948
vt 0.477273 0.216509
vt 0.477273 0.223069
vt 0.471592 0.226350
vt 0.488637 0.229630
vt 0.488637 0.242752
vt 0.482955 0.246032
vt 0.500000 0.249313
vt 0.494319 0.265715
vt 0.500000 0.262434
vt 0.511364 0.268995
vt 0.494319 0.285397
vt 0.500000 0.288678
vt 0.511364 0.282117
vt 0.500000 0.301799
vt 0.482955 0.305080
vt 0.488637 0.308360
vt 0.522728 0.288678
vt 0.522728 0.301799
vt 0.511364 0.308360
vt 0.568182 0.288678
vt 0.573864 0.285397
vt 0.579546 0.282117
vt 0.590910 0.288678
vt 0.585228 0.305080
vt 0.545455 0.295238
vt 0.545455 0.288678
vt 0.556819 0.282117
vt 0.585228 0.265715
vt 0.590910 0.262434
vt 0.596591 0.265715
vt 0.602273 0.268995
vt 0.602273 0.282117
vt 0.596591 0.285397
vt 0.579546 0.268995
vt 0.602273 0.242752
vt 0.607955 0.246032
vt 0.613637 0.249313
vt 0.613637 0.262434
vt 0.607955 0.265715
vt 0.590910 0.249313
vt 0.613637 0.223069
vt 0.625000 0.229630
vt 0.625000 0.242752
vt 0.602273 0.229630
vt 0.625000 0.203387
vt 0.636364 0.209948
vt 0.636364 0.223069
vt 0.613637 0.209948
vt 0.647728 0.196826
vt 0.647728 0.203387
vt 0.625000 0.190265
vt 0.625000 0.268995
vt 0.625000 0.275556
vt 0.625000 0.282117
vt 0.619319 0.285397
vt 0.613637 0.288678
vt 0.613637 0.295239
vt 0.613637 0.301799
vt 0.607955 0.305080
vt 0.602273 0.308360
vt 0.636364 0.249313
vt 0.636364 0.262434
vt 0.630682 0.265715
vt 0.647728 0.268995
vt 0.647728 0.275556
vt 0.647728 0.282117
vt 0.636364 0.288678
vt 0.636364 0.295239
vt 0.636364 0.301799
vt 0.625000 0.308360
vt 0.625000 0.314921
vt 0.647728 0.229630
vt 0.647728 0.242752
vt 0.642046 0.246032
vt 0.659091 0.249313
vt 0.653410 0.265715
vt 0.659091 0.262434
vt 0.670455 0.268995
vt 0.653410 0.285397
vt 0.659091 0.288678
vt 0.659091 0.295239
vt 0.659091 0.301799
vt 0.647728 0.314921
vt 0.659091 0.209948
vt 0.659091 0.216509
vt 0.659091 0.223069
vt 0.653410 0.226350
vt 0.670455 0.229630
vt 0.670455 0.242752
vt 0.664773 0.246032
vt 0.681818 0.249313
vt 0.676137 0.265715
vt 0.681818 0.262434
vt 0.693182 0.268995
vt 0.676137 0.285397
vt 0.681818 0.288678
vt 0.693182 0.282117
vt 0.681819 0.301799
vt 0.664773 0.305080
vt 0.670455 0.308360
vt 0.704546 0.288678
vt 0.704546 0.301799
vt 0.693182 0.308360
vt 0.750000 0.288678
vt 0.755682 0.285397
vt 0.761364 0.282117
vt 0.772727 0.288678
vt 0.767046 0.305080
vt 0.727273 0.295238
vt 0.727273 0.288678
vt 0.738637 0.282117
vt 0.767046 0.265715
vt 0.772727 0.262434
vt 0.778409 0.265715
vt 0.784091 0.268995
vt 0.784091 0.282117
vt 0.778409 0.285397
vt 0.761364 0.268995
vt 0.784091 0.242752
vt 0.789773 0.246032
vt 0.795455 0.249313
vt 0.795455 0.262434
vt 0.789773 0.265715
vt 0.772728 0.249313
vt 0.795455 0.223069
vt 0.806818 0.229630
vt 0.806818 0.242752
vt 0.784091 0.229630
vt 0.806818 0.203387
vt 0.818182 0.209948
vt 0.818182 0.223069
vt 0.795455 0.209948
vt 0.829546 0.196826
vt 0.829546 0.203387
vt 0.806818 0.190265
vt 0.806818 0.268995
vt 0.806818 0.275556
vt 0.806818 0.282117
vt 0.801137 0.285397
vt 0.795455 0.288678
vt 0.795455 0.295239
vt 0.795455 0.301799
vt 0.789773 0.305080
vt 0.784091 0.308360
vt 0.818182 0.249313
vt 0.818182 0.262434
vt 0.829546 0.268995
vt 0.829546 0.275556
vt 0.829546 0.282117
vt 0.818182 0.288678
vt 0.818182 0.295239
vt 0.818182 0.301799
vt 0.806818 0.308360
vt 0.806818 0.314921
vt 0.829546 0.229630
vt 0.829546 0.242752
vt 0.823864 0.246032
vt 0.840909 0.249313
vt 0.835227 0.265715
vt 0.840909 0.262434
vt 0.852273 0.268995
vt 0.835227 0.285397
vt 0.840909 0.288678
vt 0.840909 0.295239
vt 0.840909 0.301799
vt 0.829546 0.314921
vt 0.840909 0.209948
vt 0.840909 0.216509
vt 0.840909 0.223069
vt 0.835227 0.226350
vt 0.852273 0.229630
vt 0.852273 0.242752
vt 0.846591 0.246032
vt 0.863637 0.249313
vt 0.857955 0.265715
vt 0.863637 0.262434
vt 0.875000 0.268995
vt 0.857955 0.285397
vt 0.863637 0.288678
vt 0.875000 0.282117
vt 0.863637 0.301799
vt 0.846591 0.305080
vt 0.852273 0.308360
vt 0.886364 0.288678
vt 0.886364 0.301799
vt 0.875000 0.308360
vt 0.022727 0.288678
vt 0.028409 0.285397
vt 0.034091 0.282117
vt 0.045455 0.288678
vt 0.039773 0.305080
vt 0.909091 0.295239
vt 0.909091 0.288678
vt 0.920455 0.282117
vt 0.017046 0.285397
vt 0.039773 0.265715
vt 0.045455 0.262434
vt 0.051137 0.265715
vt 0.056819 0.268995
vt 0.056819 0.282117
vt 0.051137 0.285397
vt 0.034091 0.268995
vt 0.056819 0.242752
vt 0.062501 0.246032
vt 0.068182 0.249313
vt 0.068182 0.262434
vt 0.062500 0.265715
vt 0.045455 0.249313
vt 0.068182 0.223069
vt 0.079546 0.229630
vt 0.079546 0.242752
vt 0.056819 0.229630
vt 0.079546 0.203387
vt 0.090910 0.209948
vt 0.090910 0.223069
vt 0.068182 0.209948
vt 0.102274 0.196826
vt 0.102274 0.203387
vt 0.079546 0.190265
vt 0.079546 0.268995
vt 0.079546 0.282117
vt 0.073864 0.285397
vt 0.068182 0.288678
vt 0.068182 0.295239
vt 0.068182 0.301799
vt 0.062500 0.305080
vt 0.056818 0.308360
vt 0.090910 0.249313
vt 0.090910 0.262434
vt 0.096591 0.285397
vt 0.102273 0.275556
vt 0.102273 0.268995
vt 0.102273 0.282117
vt 0.090910 0.288678
vt 0.090910 0.295239
vt 0.090910 0.301799
vt 0.079546 0.308360
vt 0.079546 0.314921
vt 0.102273 0.229630
vt 0.102273 0.242752
vt 0.096592 0.246032
vt 0.113637 0.249313
vt 0.107955 0.265715
vt 0.113637 0.262434
vt 0.125001 0.268995
vt 0.107955 0.285397
vt 0.113637 0.288678
vt 0.113637 0.295239
vt 0.113637 0.301799
vt 0.102273 0.314921
vt 0.113637 0.209948
vt 0.113637 0.216509
vt 0.113637 0.223069
vt 0.107955 0.226350
vt 0.125001 0.229630
vt 0.125001 0.242752
vt 0.119319 0.246032
vt 0.136364 0.249313
vt 0.130683 0.265715
vt 0.136364 0.262434
vt 0.147728 0.268995
vt 0.130683 0.285397
vt 0.136364 0.288678
vt 0.147728 0.282117
vt 0.136364 0.301799
vt 0.119319 0.305080
vt 0.125001 0.308360
vt 0.159092 0.288678
vt 0.159092 0.301799
vt 0.147728 0.308360
vt 0.204546 0.288678
vt 0.210228 0.285397
vt 0.215910 0.282117
vt 0.227274 0.288678
vt 0.221592 0.305080
vt 0.181819 0.295238
vt 0.181819 0.288678
vt 0.193183 0.282117
vt 0.221592 0.265715
vt 0.227273 0.262434
vt 0.232955 0.265715
vt 0.238637 0.268995
vt 0.238637 0.282117
vt 0.232955 0.285397
vt 0.215910 0.268995
vt 0.238637 0.242752
vt 0.244319 0.246032
vt 0.250001 0.249313
vt 0.250001 0.262434
vt 0.244319 0.265715
vt 0.227273 0.249313
vt 0.250001 0.223069
vt 0.261364 0.229630
vt 0.261364 0.242752
vt 0.238637 0.229630
vt 0.261364 0.203387
vt 0.272728 0.209948
vt 0.272728 0.223069
vt 0.250001 0.209948
vt 0.284092 0.196826
vt 0.284092 0.203387
vt 0.261364 0.190265
vt 0.261364 0.268995
vt 0.261364 0.282117
vt 0.255683 0.285397
vt 0.250001 0.288678
vt 0.250001 0.295239
vt 0.250001 0.301799
vt 0.244319 0.305080
vt 0.238637 0.308360
vt 0.272728 0.249313
vt 0.272728 0.262434
vt 0.278410 0.285397
vt 0.284092 0.275556
vt 0.284092 0.268995
vt 0.284092 0.282117
vt 0.272728 0.288678
vt 0.272728 0.295239
vt 0.272728 0.301799
vt 0.261364 0.308360
vt 0.261364 0.314921
vt 0.284092 0.229630
vt 0.284092 0.242752
vt 0.278410 0.246032
vt 0.295455 0.249313
vt 0.289773 0.265715
vt 0.295455 0.262434
vt 0.306819 0.268995
vt 0.289774 0.285397
vt 0.295455 0.288678
vt 0.284092 0.314921
vt 0.295455 0.209948
vt 0.295455 0.216509
vt 0.295455 0.223069
vt 0.289773 0.226350
vt 0.306819 0.229630
vt 0.306819 0.242752
vt 0.301137 0.246032
vt 0.318183 0.249313
vt 0.312501 0.265715
vt 0.318183 0.262434
vt 0.329546 0.268995
vt 0.312501 0.285397
vt 0.318182 0.288678
vt 0.329546 0.282117
vt 0.295455 0.295239
vt 0.318183 0.301799
vt 0.301137 0.305080
vt 0.295455 0.301799
vt 0.306819 0.308360
vt 0.340910 0.288678
vt 0.340910 0.301799
vt 0.329546 0.308360
vt 0.534091 0.282117
vt 0.534091 0.275556
vt 0.534091 0.268995
vt 0.545455 0.262434
vt 0.556819 0.275556
vt 0.352273 0.308360
vt 0.357955 0.324762
vt 0.522728 0.255874
vt 0.522728 0.249313
vt 0.528410 0.246032
vt 0.534091 0.242752
vt 0.545455 0.249313
vt 0.545455 0.255874
vt 0.522728 0.262434
vt 0.511364 0.229630
vt 0.517046 0.226350
vt 0.522728 0.223069
vt 0.534091 0.229630
vt 0.534091 0.236191
vt 0.511364 0.242752
vt 0.500000 0.209948
vt 0.511364 0.203387
vt 0.522728 0.209948
vt 0.500000 0.223069
vt 0.488637 0.190265
vt 0.500001 0.183704
vt 0.511364 0.190265
vt 0.488637 0.203387
vt 0.494319 0.167302
vt 0.500000 0.170583
vt 0.505682 0.246032
vt 0.494319 0.226350
vt 0.545455 0.223069
vt 0.556819 0.229630
vt 0.556819 0.236191
vt 0.556819 0.242752
vt 0.562500 0.246032
vt 0.568182 0.249313
vt 0.568182 0.255874
vt 0.568182 0.262434
vt 0.534091 0.203387
vt 0.545455 0.209948
vt 0.568182 0.216509
vt 0.556819 0.203387
vt 0.568182 0.209948
vt 0.568182 0.223069
vt 0.573864 0.226350
vt 0.579546 0.229630
vt 0.579546 0.242752
vt 0.585228 0.246032
vt 0.522728 0.183704
vt 0.534091 0.190265
vt 0.534091 0.196826
vt 0.545455 0.183704
vt 0.556819 0.190265
vt 0.568182 0.183704
vt 0.573864 0.206667
vt 0.579546 0.203387
vt 0.579546 0.190265
vt 0.585228 0.206667
vt 0.590910 0.209948
vt 0.596591 0.226350
vt 0.511364 0.164022
vt 0.517046 0.167302
vt 0.522728 0.170583
vt 0.522728 0.177144
vt 0.534091 0.164022
vt 0.545455 0.170583
vt 0.545455 0.177144
vt 0.556819 0.164022
vt 0.568182 0.177144
vt 0.568182 0.170583
vt 0.579546 0.164022
vt 0.585228 0.186985
vt 0.590909 0.183704
vt 0.590909 0.170583
vt 0.602273 0.190265
vt 0.596591 0.206667
vt 0.602273 0.203387
vt 0.613637 0.183704
vt 0.613637 0.170583
vt 0.625000 0.164022
vt 0.602273 0.164022
vt 0.715909 0.282117
vt 0.715909 0.275556
vt 0.715909 0.268995
vt 0.727273 0.262434
vt 0.738637 0.275556
vt 0.704546 0.255874
vt 0.704546 0.249313
vt 0.710228 0.246032
vt 0.715909 0.242752
vt 0.727273 0.249313
vt 0.727273 0.255874
vt 0.704546 0.262434
vt 0.693182 0.229630
vt 0.698864 0.226350
vt 0.704546 0.223069
vt 0.715909 0.229630
vt 0.715909 0.236191
vt 0.693182 0.242752
vt 0.681818 0.209948
vt 0.693182 0.203387
vt 0.704546 0.209948
vt 0.681818 0.223069
vt 0.670455 0.190265
vt 0.681818 0.183704
vt 0.693182 0.190265
vt 0.670455 0.203387
vt 0.676137 0.167302
vt 0.681818 0.170583
vt 0.687500 0.246032
vt 0.676137 0.226350
vt 0.727273 0.223069
vt 0.738637 0.229630
vt 0.738637 0.236191
vt 0.738637 0.242752
vt 0.744319 0.246032
vt 0.750000 0.249313
vt 0.750000 0.255874
vt 0.750000 0.262434
vt 0.715909 0.203387
vt 0.727273 0.209948
vt 0.750000 0.216509
vt 0.738637 0.203387
vt 0.750000 0.209948
vt 0.750000 0.223069
vt 0.755682 0.226350
vt 0.761364 0.229630
vt 0.761364 0.242752
vt 0.767046 0.246032
vt 0.704546 0.183704
vt 0.715909 0.190265
vt 0.715909 0.196826
vt 0.727273 0.183704
vt 0.738637 0.190265
vt 0.750000 0.183704
vt 0.755682 0.206667
vt 0.761364 0.203387
vt 0.761364 0.190265
vt 0.767046 0.206667
vt 0.772727 0.209948
vt 0.778409 0.226350
vt 0.693182 0.164022
vt 0.698864 0.167302
vt 0.704546 0.170583
vt 0.704546 0.177144
vt 0.715909 0.164022
vt 0.727273 0.170583
vt 0.727273 0.177144
vt 0.738637 0.164022
vt 0.750000 0.177144
vt 0.750000 0.170583
vt 0.761364 0.164022
vt 0.767046 0.186985
vt 0.772728 0.183704
vt 0.772727 0.170583
vt 0.784091 0.190265
vt 0.778409 0.206667
vt 0.784091 0.203387
vt 0.795455 0.183704
vt 0.795455 0.170583
vt 0.806818 0.164022
vt 0.784091 0.164022
vt 0.897727 0.282117
vt 0.897727 0.275556
vt 0.903409 0.285397
vt 0.897727 0.268995
vt 0.909091 0.262434
vt 0.886364 0.255874
vt 0.886364 0.249313
vt 0.892046 0.246032
vt 0.897727 0.242752
vt 0.909091 0.249313
vt 0.909091 0.255874
vt 0.886364 0.262434
vt 0.875000 0.229630
vt 0.880682 0.226350
vt 0.886364 0.223069
vt 0.897727 0.229630
vt 0.897727 0.236191
vt 0.875000 0.242752
vt 0.863637 0.209948
vt 0.875000 0.203387
vt 0.886364 0.209948
vt 0.863637 0.223069
vt 0.852273 0.190265
vt 0.863636 0.183704
vt 0.875000 0.190265
vt 0.852273 0.203387
vt 0.857955 0.167302
vt 0.863636 0.170583
vt 0.869318 0.246032
vt 0.857955 0.226350
vt 0.909091 0.223069
vt 0.920455 0.229630
vt 0.920455 0.236191
vt 0.920455 0.242752
vt 0.926137 0.246032
vt 0.931818 0.249313
vt 0.931818 0.255874
vt 0.931818 0.262434
vt 0.028409 0.265715
vt 0.897727 0.203387
vt 0.909091 0.209948
vt 0.931818 0.216509
vt 0.920455 0.203387
vt 0.931818 0.209948
vt 0.931818 0.223069
vt 0.937500 0.226350
vt 0.943182 0.229630
vt 0.943182 0.242752
vt 0.039773 0.246032
vt 0.886364 0.183704
vt 0.897727 0.190265
vt 0.897727 0.196826
vt 0.909091 0.183704
vt 0.920455 0.190265
vt 0.931818 0.183704
vt 0.937500 0.206667
vt 0.943182 0.203387
vt 0.943182 0.190265
vt 0.948864 0.206667
vt 0.954545 0.209948
vt 0.948864 0.246032
vt 0.051137 0.226350
vt 0.875000 0.164022
vt 0.880682 0.167302
vt 0.886364 0.170583
vt 0.886364 0.177144
vt 0.897727 0.164022
vt 0.909091 0.170583
vt 0.909091 0.177144
vt 0.920455 0.164022
vt 0.931818 0.177144
vt 0.931818 0.170583
vt 0.943182 0.164022
vt 0.948864 0.186985
vt 0.954546 0.183704
vt 0.954546 0.170583
vt 0.965909 0.190265
vt 0.960227 0.206667
vt 0.965909 0.203387
vt 0.960227 0.226350
vt 0.982955 0.186985
vt 0.977273 0.183704
vt 0.977273 0.170583
vt 0.988636 0.164022
vt 0.965909 0.164022
vt 0.170455 0.282117
vt 0.170455 0.275556
vt 0.176137 0.285397
vt 0.170455 0.268995
vt 0.181819 0.262434
vt 0.971591 0.206667
vt 0.159092 0.255874
vt 0.159092 0.249313
vt 0.164774 0.246032
vt 0.170455 0.242752
vt 0.181819 0.249313
vt 0.181819 0.255874
vt 0.159092 0.262434
vt 0.147728 0.229630
vt 0.153410 0.226350
vt 0.159092 0.223069
vt 0.170455 0.229630
vt 0.170455 0.236191
vt 0.147728 0.242752
vt 0.136365 0.209948
vt 0.147728 0.203387
vt 0.159092 0.209948
vt 0.136365 0.223069
vt 0.125001 0.190265
vt 0.136365 0.183704
vt 0.147728 0.190265
vt 0.125001 0.203387
vt 0.130683 0.167302
vt 0.136365 0.170583
vt 0.142046 0.246032
vt 0.130683 0.226350
vt 0.181819 0.223069
vt 0.193183 0.229630
vt 0.193183 0.236191
vt 0.193183 0.242752
vt 0.198864 0.246032
vt 0.204546 0.249313
vt 0.204546 0.255874
vt 0.204546 0.262434
vt 0.170455 0.203387
vt 0.181819 0.209948
vt 0.204546 0.216509
vt 0.193183 0.203387
vt 0.204546 0.209948
vt 0.204546 0.223069
vt 0.210228 0.226350
vt 0.215910 0.229630
vt 0.215910 0.242752
vt 0.221592 0.246032
vt 0.159092 0.183704
vt 0.170455 0.190265
vt 0.170455 0.196826
vt 0.181819 0.183704
vt 0.193183 0.190265
vt 0.204546 0.183704
vt 0.210228 0.206667
vt 0.215910 0.203387
vt 0.215910 0.190265
vt 0.221592 0.206667
vt 0.227274 0.209948
vt 0.232955 0.226350
vt 0.147728 0.164022
vt 0.153410 0.167302
vt 0.159092 0.170583
vt 0.159092 0.177144
vt 0.170455 0.164022
vt 0.181819 0.170583
vt 0.181819 0.177144
vt 0.193183 0.164022
vt 0.204546 0.177144
vt 0.204546 0.170583
vt 0.215910 0.164022
vt 0.221592 0.186985
vt 0.227273 0.183704
vt 0.227273 0.170583
vt 0.238637 0.190265
vt 0.232955 0.206667
vt 0.238637 0.203387
vt 0.250001 0.183704
vt 0.250001 0.170583
vt 0.238637 0.164022
vt 0.352273 0.282117
vt 0.352273 0.275556
vt 0.357955 0.285397
vt 0.352273 0.268995
vt 0.363637 0.262434
vt 0.340910 0.255874
vt 0.340910 0.249313
vt 0.346592 0.246032
vt 0.352273 0.242752
vt 0.363637 0.249313
vt 0.363637 0.255874
vt 0.340910 0.262434
vt 0.329546 0.229630
vt 0.335228 0.226350
vt 0.340910 0.223069
vt 0.352273 0.229630
vt 0.352273 0.236191
vt 0.329546 0.242752
vt 0.318183 0.209948
vt 0.329546 0.203387
vt 0.340910 0.209948
vt 0.318183 0.223069
vt 0.306819 0.190265
vt 0.318182 0.183704
vt 0.329546 0.190265
vt 0.306819 0.203387
vt 0.312501 0.167302
vt 0.318183 0.170583
vt 0.323864 0.246032
vt 0.312501 0.226350
vt 0.363637 0.223069
vt 0.375001 0.229630
vt 0.375001 0.236191
vt 0.375001 0.242752
vt 0.380683 0.246032
vt 0.386364 0.249313
vt 0.386364 0.255874
vt 0.386364 0.262434
vt 0.352273 0.203387
vt 0.363637 0.209948
vt 0.386364 0.216509
vt 0.375001 0.203387
vt 0.386364 0.209948
vt 0.386364 0.223069
vt 0.392046 0.226350
vt 0.397728 0.229630
vt 0.397728 0.242752
vt 0.403410 0.246032
vt 0.340910 0.183704
vt 0.352273 0.190265
vt 0.352273 0.196826
vt 0.363637 0.183704
vt 0.375001 0.190265
vt 0.386364 0.183704
vt 0.392046 0.206667
vt 0.397728 0.203387
vt 0.397728 0.190265
vt 0.403410 0.206667
vt 0.409092 0.209948
vt 0.414773 0.226350
vt 0.329546 0.164022
vt 0.335228 0.167302
vt 0.340910 0.170583
vt 0.340910 0.177144
vt 0.352273 0.164022
vt 0.363637 0.170583
vt 0.363637 0.177144
vt 0.375001 0.164022
vt 0.386364 0.177144
vt 0.386364 0.170583
vt 0.397728 0.164022
vt 0.403410 0.186985
vt 0.409092 0.183704
vt 0.409092 0.170583
vt 0.420455 0.190265
vt 0.414773 0.206667
vt 0.420455 0.203387
vt 0.431819 0.183704
vt 0.431819 0.170583
vt 0.420455 0.164022
vt 0.477273 0.131217
vt 0.482955 0.127937
vt 0.488637 0.124657
vt 0.500000 0.131218
vt 0.437501 0.147620
vt 0.431819 0.144339
vt 0.431819 0.131218
vt 0.471591 0.127937
vt 0.494319 0.108254
vt 0.500001 0.104974
vt 0.505682 0.108254
vt 0.511364 0.111535
vt 0.511364 0.124657
vt 0.505682 0.127937
vt 0.488637 0.111535
vt 0.511364 0.085291
vt 0.517046 0.088572
vt 0.522728 0.091852
vt 0.522728 0.104974
vt 0.517046 0.108254
vt 0.500001 0.091852
vt 0.522728 0.065609
vt 0.534091 0.072170
vt 0.534091 0.085291
vt 0.511364 0.072170
vt 0.534091 0.045926
vt 0.545455 0.052487
vt 0.545455 0.065609
vt 0.522728 0.052487
vt 0.556819 0.039365
vt 0.556819 0.045926
vt 0.534091 0.032804
vt 0.534091 0.111535
vt 0.534091 0.118096
vt 0.534091 0.124657
vt 0.528410 0.127937
vt 0.522728 0.131218
vt 0.522728 0.137778
vt 0.522728 0.144339
vt 0.517046 0.147620
vt 0.511364 0.150900
vt 0.545455 0.091852
vt 0.545455 0.104974
vt 0.556819 0.111535
vt 0.556819 0.124657
vt 0.545455 0.131218
vt 0.545455 0.137778
vt 0.545455 0.144339
vt 0.534091 0.150900
vt 0.534091 0.157461
vt 0.556819 0.072170
vt 0.556819 0.085291
vt 0.551137 0.088572
vt 0.568182 0.091852
vt 0.568182 0.104974
vt 0.579546 0.111535
vt 0.562500 0.127937
vt 0.568182 0.131218
vt 0.579546 0.124657
vt 0.568182 0.137778
vt 0.568182 0.144339
vt 0.556819 0.157461
vt 0.568182 0.052487
vt 0.568182 0.059048
vt 0.568182 0.065609
vt 0.562501 0.068889
vt 0.579546 0.072170
vt 0.579546 0.085291
vt 0.573864 0.088572
vt 0.590910 0.091852
vt 0.585228 0.108254
vt 0.590910 0.104974
vt 0.602273 0.111535
vt 0.585228 0.127937
vt 0.590909 0.131218
vt 0.602273 0.124657
vt 0.590909 0.144339
vt 0.573864 0.147620
vt 0.579546 0.150900
vt 0.613637 0.131217
vt 0.613637 0.144339
vt 0.602273 0.150900
vt 0.659091 0.131217
vt 0.664773 0.127937
vt 0.659091 0.137778
vt 0.670455 0.124657
vt 0.681818 0.131218
vt 0.625000 0.150900
vt 0.642046 0.147620
vt 0.676137 0.108254
vt 0.681819 0.104974
vt 0.687500 0.108254
vt 0.693182 0.111535
vt 0.693182 0.124657
vt 0.687500 0.127937
vt 0.670455 0.111535
vt 0.693182 0.085291
vt 0.698864 0.088572
vt 0.704546 0.091852
vt 0.704546 0.104974
vt 0.698864 0.108254
vt 0.681819 0.091852
vt 0.704546 0.065609
vt 0.715909 0.072170
vt 0.715909 0.085291
vt 0.693182 0.072170
vt 0.715909 0.045926
vt 0.727273 0.052487
vt 0.727273 0.065609
vt 0.704546 0.052487
vt 0.738637 0.039365
vt 0.738637 0.045926
vt 0.664773 0.108254
vt 0.676137 0.088572
vt 0.687500 0.068889
vt 0.596591 0.088572
vt 0.715909 0.111535
vt 0.715909 0.118096
vt 0.715909 0.124657
vt 0.710228 0.127937
vt 0.704546 0.131218
vt 0.704546 0.137778
vt 0.704546 0.144339
vt 0.698864 0.147620
vt 0.693182 0.150900
vt 0.585228 0.068889
vt 0.727273 0.091852
vt 0.727273 0.104974
vt 0.738637 0.111535
vt 0.738637 0.118096
vt 0.738637 0.124657
vt 0.727273 0.131218
vt 0.727273 0.137778
vt 0.727273 0.144339
vt 0.715909 0.150900
vt 0.715909 0.157461
vt 0.573864 0.049207
vt 0.738637 0.072170
vt 0.738637 0.085291
vt 0.732955 0.088572
vt 0.750000 0.091852
vt 0.744318 0.108254
vt 0.750000 0.104974
vt 0.761364 0.111535
vt 0.744318 0.127937
vt 0.750000 0.131218
vt 0.750000 0.137778
vt 0.750000 0.144339
vt 0.738637 0.157461
vt 0.750000 0.052487
vt 0.750000 0.059048
vt 0.750000 0.065609
vt 0.744318 0.068889
vt 0.761364 0.072170
vt 0.761364 0.085291
vt 0.755682 0.088572
vt 0.772728 0.091852
vt 0.767046 0.108254
vt 0.772727 0.104974
vt 0.784091 0.111535
vt 0.767046 0.127937
vt 0.772727 0.131218
vt 0.784091 0.124657
vt 0.772728 0.144339
vt 0.755682 0.147620
vt 0.761364 0.150900
vt 0.784091 0.150900
vt 0.795455 0.144339
vt 0.806818 0.150900
vt 0.795455 0.131217
vt 0.840909 0.131217
vt 0.846591 0.127937
vt 0.852273 0.124657
vt 0.863637 0.131218
vt 0.857955 0.147620
vt 0.823864 0.147620
vt 0.857955 0.108254
vt 0.863636 0.104974
vt 0.869318 0.108254
vt 0.875000 0.111535
vt 0.875000 0.124657
vt 0.869318 0.127937
vt 0.852273 0.111535
vt 0.875000 0.085291
vt 0.880682 0.088572
vt 0.886364 0.091852
vt 0.886364 0.104974
vt 0.880682 0.108254
vt 0.863637 0.091852
vt 0.886364 0.065609
vt 0.897727 0.072170
vt 0.897727 0.085291
vt 0.875000 0.072170
vt 0.897727 0.045926
vt 0.909091 0.052487
vt 0.909091 0.065609
vt 0.886364 0.052487
vt 0.920455 0.039365
vt 0.920455 0.045926
vt 0.846591 0.108254
vt 0.653409 0.127937
vt 0.857955 0.088572
vt 0.869318 0.068889
vt 0.778409 0.088572
vt 0.897727 0.111535
vt 0.897727 0.124657
vt 0.892046 0.127937
vt 0.886364 0.131218
vt 0.886364 0.137778
vt 0.886364 0.144339
vt 0.880682 0.147620
vt 0.875000 0.150900
vt 0.767046 0.068889
vt 0.909091 0.091852
vt 0.909091 0.104974
vt 0.914773 0.127937
vt 0.920455 0.111535
vt 0.920455 0.124657
vt 0.909091 0.131218
vt 0.909091 0.137778
vt 0.909091 0.144339
vt 0.897727 0.150900
vt 0.897727 0.157461
vt 0.755682 0.049207
vt 0.920455 0.072170
vt 0.920455 0.085291
vt 0.914773 0.088572
vt 0.931818 0.091852
vt 0.931818 0.104974
vt 0.943182 0.111535
vt 0.926137 0.127937
vt 0.931818 0.131218
vt 0.943182 0.124657
vt 0.931818 0.137778
vt 0.931818 0.144339
vt 0.920455 0.157461
vt 0.931818 0.052487
vt 0.931818 0.059048
vt 0.931818 0.065609
vt 0.926137 0.068889
vt 0.943182 0.072170
vt 0.943182 0.085291
vt 0.937500 0.088572
vt 0.954546 0.091852
vt 0.948864 0.108254
vt 0.954546 0.104974
vt 0.965909 0.111535
vt 0.948864 0.127937
vt 0.954545 0.131218
vt 0.965909 0.124657
vt 0.954546 0.144339
vt 0.937500 0.147620
vt 0.943182 0.150900
vt 0.965909 0.150900
vt 0.977273 0.144339
vt 0.988636 0.150900
vt 0.977273 0.131217
vt 0.420455 0.150900
vt 0.414773 0.147620
vt 0.426137 0.147620
vt 0.409091 0.144339
vt 0.409091 0.131218
vt 0.096592 0.147620
vt 0.392046 0.147620
vt 0.386364 0.144339
vt 0.386364 0.137778
vt 0.386364 0.131218
vt 0.397728 0.124657
vt 0.403410 0.127937
vt 0.397728 0.150900
vt 0.363637 0.144339
vt 0.363637 0.137778
vt 0.363637 0.131218
vt 0.375001 0.124657
vt 0.380682 0.127937
vt 0.375001 0.150900
vt 0.340910 0.144339
vt 0.340910 0.131218
vt 0.352273 0.124657
vt 0.352273 0.150900
vt 0.318183 0.144339
vt 0.318182 0.131218
vt 0.329546 0.124657
vt 0.329546 0.150900
vt 0.301137 0.127937
vt 0.306819 0.124657
vt 0.835228 0.127937
vt 0.375001 0.157461
vt 0.352273 0.157461
vt 0.375001 0.111535
vt 0.380682 0.108254
vt 0.386364 0.104974
vt 0.392046 0.108254
vt 0.397728 0.111535
vt 0.403410 0.108254
vt 0.409092 0.104974
vt 0.414773 0.108254
vt 0.420455 0.111535
vt 0.482955 0.108254
vt 0.352273 0.111535
vt 0.363637 0.104974
vt 0.363637 0.091852
vt 0.369319 0.088572
vt 0.375001 0.085291
vt 0.386364 0.091852
vt 0.392046 0.088572
vt 0.397728 0.085291
vt 0.409092 0.091852
vt 0.494319 0.088572
vt 0.329546 0.111535
vt 0.340910 0.104974
vt 0.346592 0.108254
vt 0.340910 0.091852
vt 0.357955 0.088572
vt 0.352273 0.085291
vt 0.352273 0.072170
vt 0.375001 0.078731
vt 0.375001 0.072170
vt 0.380682 0.068889
vt 0.386364 0.065609
vt 0.414773 0.088572
vt 0.505682 0.068889
vt 0.306819 0.111535
vt 0.312501 0.108254
vt 0.318183 0.104974
vt 0.323864 0.108254
vt 0.318183 0.091852
vt 0.329546 0.085291
vt 0.335228 0.088572
vt 0.329546 0.072170
vt 0.346592 0.068889
vt 0.340910 0.065609
vt 0.340910 0.052487
vt 0.363637 0.059048
vt 0.363637 0.052487
vt 0.352273 0.045926
vt 0.375001 0.045926
vt 0.386364 0.059048
vt 0.386364 0.052487
vt 0.403410 0.068889
vt 0.380682 0.029524
vt 0.375001 0.032804
vt 0.363637 0.026244
vt 0.352273 0.032804
vt 0.113637 0.131217
vt 0.119319 0.127937
vt 0.113637 0.137778
vt 0.125001 0.124657
vt 0.136365 0.131218
vt 0.392046 0.049207
vt 0.130683 0.108254
vt 0.136365 0.104974
vt 0.142046 0.108254
vt 0.147728 0.111535
vt 0.147728 0.124657
vt 0.142046 0.127937
vt 0.125001 0.111535
vt 0.147728 0.085291
vt 0.153410 0.088572
vt 0.159092 0.091852
vt 0.159092 0.104974
vt 0.153410 0.108254
vt 0.136364 0.091852
vt 0.159092 0.065609
vt 0.170455 0.072170
vt 0.170455 0.085291
vt 0.147728 0.072170
vt 0.170455 0.045926
vt 0.181819 0.052487
vt 0.181819 0.065609
vt 0.159092 0.052487
vt 0.187501 0.029524
vt 0.193183 0.032804
vt 0.193183 0.039365
vt 0.193183 0.045926
vt 0.119319 0.108254
vt 0.130683 0.088572
vt 0.142046 0.068889
vt 0.960227 0.088572
vt 0.170455 0.111535
vt 0.170455 0.118096
vt 0.170455 0.124657
vt 0.164774 0.127937
vt 0.159092 0.131218
vt 0.159092 0.137778
vt 0.159092 0.144339
vt 0.153410 0.147620
vt 0.147728 0.150900
vt 0.948864 0.068889
vt 0.181819 0.091852
vt 0.181819 0.104974
vt 0.193183 0.111535
vt 0.193183 0.118096
vt 0.193183 0.124657
vt 0.181819 0.131218
vt 0.181819 0.137778
vt 0.181819 0.144339
vt 0.170455 0.150900
vt 0.170455 0.157461
vt 0.937500 0.049207
vt 0.193183 0.072170
vt 0.193183 0.085291
vt 0.187501 0.088572
vt 0.204546 0.091852
vt 0.198864 0.108254
vt 0.204546 0.104974
vt 0.215910 0.111535
vt 0.198864 0.127937
vt 0.204546 0.131218
vt 0.204546 0.137778
vt 0.204546 0.144339
vt 0.193183 0.157461
vt 0.198864 0.049207
vt 0.204546 0.052487
vt 0.204546 0.059048
vt 0.204546 0.065609
vt 0.198864 0.068889
vt 0.215910 0.072170
vt 0.215910 0.078731
vt 0.215910 0.085291
vt 0.210228 0.088572
vt 0.227273 0.091852
vt 0.221592 0.108254
vt 0.227273 0.104974
vt 0.232955 0.108254
vt 0.238637 0.111535
vt 0.221592 0.127937
vt 0.227273 0.131218
vt 0.238637 0.124657
vt 0.227273 0.144339
vt 0.210228 0.147620
vt 0.215910 0.150900
vt 0.198864 0.029524
vt 0.210228 0.049207
vt 0.221592 0.068889
vt 0.232955 0.088572
vt 0.323864 0.068889
vt 0.312501 0.088572
vt 0.244319 0.127937
vt 0.301137 0.108254
vt 0.238637 0.150900
vt 0.107955 0.127937
vn -0.0235 -0.9931 0.1147
vn 0.6842 -0.5483 0.4809
vn 0.7638 -0.4874 0.4231
vn -0.1164 -0.9931 0.0131
vn -0.0484 -0.9931 -0.1067
vn 0.0000 -1.0000 -0.0000
vn 0.7964 -0.3668 0.4809
vn -0.1621 -0.4652 0.8702
vn -0.2113 -0.3668 0.9060
vn -0.8777 -0.4652 0.1147
vn -0.9269 -0.3668 0.0790
vn -0.3804 -0.4652 -0.7993
vn -0.3616 -0.3668 -0.8572
vn 0.6427 -0.4652 -0.6088
vn 0.7035 -0.3668 -0.6088
vn 0.7236 -0.4472 0.5257
vn 0.7236 -0.4472 -0.5257
vn 0.3692 0.4874 0.7912
vn -0.6384 0.4874 0.5957
vn -0.7220 0.4720 -0.5058
vn -0.7638 0.4874 -0.4231
vn 0.1664 0.4874 -0.8572
vn 0.8666 0.4874 -0.1067
vn 0.1164 0.9931 -0.0131
vn 0.0484 0.9931 -0.1067
vn 0.3110 0.9411 -0.1331
vn 0.4541 0.8806 -0.1351
vn 0.5846 0.8000 -0.1351
vn 0.6992 0.7033 -0.1280
vn 0.7927 0.5983 -0.1168
vn 0.0788 0.9670 -0.2424
vn 0.1209 0.9203 -0.3722
vn 0.3657 0.8920 -0.2657
vn 0.1973 0.9515 -0.2362
vn 0.1984 0.8500 -0.4879
vn 0.5063 0.8193 -0.2691
vn 0.4123 0.8196 -0.3979
vn 0.2688 0.8806 -0.3902
vn 0.2003 0.7616 -0.6164
vn 0.6336 0.7273 -0.2637
vn 0.5483 0.7353 -0.3984
vn 0.4379 0.7085 -0.5534
vn 0.2748 0.8036 -0.5279
vn 0.2320 0.6604 -0.7141
vn 0.7410 0.6231 -0.2505
vn 0.6681 0.6354 -0.3872
vn 0.5747 0.6354 -0.5158
vn 0.4715 0.6200 -0.6271
vn 0.3437 0.6990 -0.6271
vn 0.3561 0.5983 -0.7178
vn -0.0775 0.9766 -0.2007
vn 0.2764 0.4472 -0.8506
vn -0.0865 0.9931 -0.0790
vn -0.0305 0.9411 -0.3369
vn 0.0119 0.8806 -0.4736
vn 0.0522 0.8000 -0.5977
vn 0.0944 0.7033 -0.7046
vn 0.1338 0.5983 -0.7900
vn -0.2062 0.9670 -0.1498
vn -0.3166 0.9203 -0.2300
vn -0.1397 0.8920 -0.4299
vn -0.1637 0.9515 -0.2607
vn -0.4253 0.8507 -0.3090
vn -0.0995 0.8193 -0.5647
vn -0.2514 0.8193 -0.5153
vn -0.2880 0.8806 -0.3762
vn -0.5243 0.7616 -0.3809
vn -0.0550 0.7273 -0.6841
vn -0.2094 0.7353 -0.6446
vn -0.3569 0.7260 -0.5878
vn -0.4172 0.8036 -0.4245
vn -0.6075 0.6604 -0.4414
vn 0.2546 0.5541 -0.7925
vn -0.0092 0.6231 -0.7821
vn -0.1618 0.6354 -0.7551
vn -0.3130 0.6354 -0.7060
vn -0.4507 0.6200 -0.6422
vn -0.4902 0.6990 -0.5207
vn 0.1740 0.9766 -0.1264
vn -0.5726 0.5983 -0.5605
vn -0.2151 0.9766 0.0000
vn -0.7020 0.4677 -0.5371
vn -0.1019 0.9931 0.0578
vn 0.0000 1.0000 0.0000
vn -0.3298 0.9411 -0.0751
vn -0.4468 0.8806 -0.1576
vn -0.5523 0.8000 -0.2343
vn -0.6409 0.7033 -0.3075
vn -0.7100 0.5983 -0.3714
vn -0.2062 0.9670 0.1498
vn -0.3166 0.9203 0.2300
vn -0.4521 0.8920 0.0000
vn -0.2985 0.9515 0.0751
vn -0.4473 0.8500 0.2781
vn -0.5678 0.8193 -0.0799
vn -0.5674 0.8196 0.0796
vn -0.4468 0.8806 0.1576
vn -0.5243 0.7616 0.3809
vn -0.6676 0.7273 -0.1591
vn -0.6778 0.7353 0.0000
vn -0.6693 0.7260 0.1578
vn -0.5326 0.8036 0.2656
vn -0.6075 0.6604 0.4414
vn -0.6751 0.5541 -0.4871
vn -0.7467 0.6231 -0.2329
vn -0.7681 0.6354 -0.0795
vn -0.7681 0.6354 0.0795
vn -0.7500 0.6200 0.2302
vn -0.6467 0.6990 0.3053
vn -0.7100 0.5983 0.3714
vn -0.0665 0.9766 0.2045
vn -0.7236 0.4472 0.5257
vn 0.0235 0.9931 0.1147
vn -0.1733 0.9411 0.2905
vn -0.2880 0.8806 0.3762
vn -0.3935 0.8000 0.4529
vn -0.4905 0.7033 0.5145
vn -0.5726 0.5983 0.5605
vn 0.0788 0.9670 0.2424
vn 0.1209 0.9203 0.3722
vn -0.1397 0.8920 0.4299
vn -0.0208 0.9515 0.3071
vn 0.1263 0.8500 0.5114
vn -0.2514 0.8193 0.5153
vn -0.0997 0.8196 0.5642
vn 0.0119 0.8806 0.4736
vn 0.2003 0.7616 0.6164
vn -0.3576 0.7273 0.5858
vn -0.2094 0.7353 0.6446
vn -0.0567 0.7260 0.6853
vn 0.0880 0.8036 0.5886
vn 0.2320 0.6604 0.7141
vn -0.6719 0.5541 0.4915
vn -0.4522 0.6231 0.6382
vn -0.3130 0.6354 0.7060
vn -0.1618 0.6354 0.7551
vn -0.0128 0.6200 0.7845
vn 0.0905 0.6990 0.7094
vn 0.1338 0.5983 0.7900
vn 0.1806 0.9766 0.1168
vn 0.2764 0.4472 0.8507
vn 0.2227 0.9411 0.2546
vn 0.2688 0.8806 0.3902
vn 0.3091 0.8000 0.5142
vn 0.3378 0.7033 0.6255
vn 0.3561 0.5983 0.7178
vn 0.3657 0.8920 0.2657
vn 0.2856 0.9515 0.1147
vn 0.2549 0.9670 0.0000
vn 0.4124 0.8193 0.3984
vn 0.5063 0.8193 0.2691
vn 0.4541 0.8806 0.1351
vn 0.3913 0.9203 -0.0000
vn 0.4466 0.7273 0.5211
vn 0.5483 0.7353 0.3984
vn 0.6342 0.7260 0.2657
vn 0.5870 0.8036 0.0982
vn 0.5257 0.8507 -0.0000
vn 0.2598 0.5541 0.7908
vn 0.4672 0.6231 0.6273
vn 0.5747 0.6354 0.5158
vn 0.6681 0.6354 0.3872
vn 0.7421 0.6200 0.2546
vn 0.7026 0.6990 0.1331
vn 0.6500 0.7599 -0.0042
vn 0.8362 0.5483 -0.0131
vn 0.7927 0.5983 0.1168
vn 0.9032 0.3773 -0.2045
vn 0.7545 0.6562 -0.0089
vn 0.9269 0.3668 -0.0790
vn 0.9192 0.2658 -0.2905
vn 0.9165 0.1362 -0.3762
vn 0.8916 0.0058 -0.4529
vn 0.8484 -0.1242 -0.5145
vn 0.7912 -0.2446 -0.5605
vn 0.8603 0.2740 -0.4299
vn 0.8603 0.4069 -0.3071
vn 0.8297 0.5029 -0.2424
vn 0.8452 0.1415 -0.5154
vn 0.7776 0.2774 -0.5642
vn 0.7824 0.4045 -0.4736
vn 0.7690 0.5197 -0.3722
vn 0.8104 0.0054 -0.5858
vn 0.7513 0.1415 -0.6446
vn 0.6467 0.2910 -0.7051
vn 0.6794 0.4381 -0.5886
vn 0.6882 0.5257 -0.5000
vn 0.7595 -0.1259 -0.6382
vn 0.7082 0.0042 -0.7060
vn 0.6406 0.1395 -0.7551
vn 0.5603 0.2658 -0.7845
vn 0.5847 0.3936 -0.7094
vn 0.5881 0.5231 -0.6168
vn 0.4753 0.3873 -0.7900
vn 0.0846 0.3773 -0.9222
vn 0.4789 0.5096 -0.7148
vn 0.2113 0.3668 -0.9060
vn 0.0078 0.2658 -0.9640
vn -0.0746 0.1362 -0.9879
vn -0.1552 0.0058 -0.9879
vn -0.2272 -0.1242 -0.9659
vn -0.2885 -0.2446 -0.9257
vn 0.3692 0.4874 -0.7912
vn -0.1431 0.2740 -0.9510
vn -0.0262 0.4069 -0.9131
vn 0.0258 0.5029 -0.8640
vn -0.2289 0.1415 -0.9631
vn -0.2969 0.2774 -0.9137
vn -0.2087 0.4045 -0.8904
vn -0.1163 0.5197 -0.8464
vn -0.3067 0.0054 -0.9518
vn -0.3809 0.1415 -0.9137
vn -0.4708 0.2910 -0.8329
vn -0.3499 0.4381 -0.8280
vn -0.2629 0.5257 -0.8090
vn -0.3722 -0.1259 -0.9196
vn -0.4526 0.0042 -0.8917
vn -0.5202 0.1395 -0.8426
vn -0.5729 0.2658 -0.7753
vn -0.4940 0.3936 -0.7753
vn -0.4049 0.5231 -0.7499
vn -0.6045 0.3873 -0.6961
vn -0.8509 0.3773 -0.3654
vn -0.5318 0.5096 -0.6764
vn -0.7113 0.4347 -0.5523
vn -0.7964 0.3668 -0.4809
vn -0.7438 0.4418 -0.5016
vn -0.9144 0.2658 -0.3053
vn -0.9626 0.1362 -0.2343
vn -0.9875 0.0058 -0.1576
vn -0.9888 -0.1242 -0.0824
vn -0.9695 -0.2446 -0.0116
vn -0.6384 0.4874 -0.5957
vn -0.9487 0.2740 -0.1578
vn -0.8765 0.4069 -0.2572
vn -0.8137 0.5029 -0.2915
vn -0.9867 0.1415 -0.0799
vn -0.9608 0.2774 0.0000
vn -0.9113 0.4045 -0.0767
vn -0.8409 0.5197 -0.1509
vn -1.0000 0.0054 -0.0024
vn -0.9867 0.1415 0.0799
vn -0.9376 0.2910 0.1904
vn -0.8956 0.4381 0.0769
vn -0.8506 0.5257 0.0000
vn -0.9896 -0.1259 0.0699
vn -0.9879 0.0042 0.1548
vn -0.9621 0.1395 0.2343
vn -0.9144 0.2658 0.3053
vn -0.8900 0.3936 0.2302
vn -0.8383 0.5231 0.1534
vn -0.8489 0.3873 0.3598
vn -0.6105 0.3773 0.6964
vn -0.8076 0.5096 0.2968
vn -0.7035 0.3668 0.6088
vn -0.5729 0.2658 0.7753
vn -0.5203 0.1362 0.8430
vn -0.4551 0.0058 0.8904
vn -0.3840 -0.1242 0.9150
vn -0.3107 -0.2446 0.9185
vn -0.7638 0.4874 0.4231
vn -0.4433 0.2740 0.8535
vn -0.5155 0.4069 0.7541
vn -0.5287 0.5029 0.6838
vn -0.3809 0.1415 0.9137
vn -0.2975 0.2774 0.9135
vn -0.3545 0.4045 0.8430
vn -0.4034 0.5197 0.7531
vn -0.3113 0.0054 0.9503
vn -0.2289 0.1415 0.9631
vn -0.1087 0.2910 0.9505
vn -0.2037 0.4381 0.8756
vn -0.2629 0.5257 0.8090
vn -0.2394 -0.1259 0.9627
vn -0.1580 0.0042 0.9874
vn -0.0744 0.1395 0.9874
vn 0.0078 0.2658 0.9640
vn -0.0561 0.3936 0.9176
vn -0.1132 0.5231 0.8447
vn 0.0799 0.3873 0.9185
vn 0.4736 0.3773 0.7958
vn 0.0327 0.5096 0.8598
vn 0.3616 0.3668 0.8572
vn 0.5603 0.2658 0.7845
vn 0.6410 0.1362 0.7554
vn 0.7062 0.0058 0.7080
vn 0.7515 -0.1242 0.6479
vn 0.7775 -0.2446 0.5793
vn 0.1664 0.4874 0.8572
vn 0.6747 0.2740 0.6853
vn 0.5579 0.4069 0.7233
vn 0.4869 0.5029 0.7141
vn 0.7513 0.1415 0.6446
vn 0.7769 0.2774 0.5652
vn 0.6922 0.4045 0.5977
vn 0.5916 0.5197 0.6164
vn 0.8076 0.0054 0.5897
vn 0.8452 0.1415 0.5154
vn 0.8704 0.2910 0.3971
vn 0.6882 0.5257 0.5000
vn 0.8417 -0.1259 0.5251
vn 0.8903 0.0042 0.4554
vn 0.9161 0.1395 0.3759
vn 0.9192 0.2658 0.2905
vn 0.8553 0.3936 0.3369
vn 0.7684 0.5231 0.3687
vn 0.8982 0.3873 0.2079
vn 0.2996 0.2444 -0.9222
vn 0.8278 0.5096 0.2346
vn 0.8944 0.4472 -0.0000
vn 0.3771 0.1259 -0.9176
vn 0.4551 -0.0058 -0.8904
vn 0.5203 -0.1362 -0.8430
vn 0.5754 -0.2587 -0.7759
vn 0.6167 -0.3675 -0.6961
vn 0.4411 0.2572 -0.8598
vn 0.8666 0.4874 0.1067
vn 0.5185 0.1327 -0.8447
vn 0.5878 -0.0000 -0.8090
vn 0.3090 -0.0054 -0.9510
vn 0.2328 0.1585 -0.9595
vn 0.1533 0.2480 -0.9566
vn 0.6452 -0.1284 -0.7531
vn 0.3809 -0.1415 -0.9137
vn 0.2293 -0.1410 -0.9631
vn 0.1552 -0.0058 -0.9879
vn 0.0793 0.1284 -0.9885
vn 0.6863 -0.2480 -0.6838
vn 0.4446 -0.2719 -0.8535
vn 0.2969 -0.2774 -0.9137
vn 0.1431 -0.2740 -0.9510
vn 0.0431 -0.1170 -0.9922
vn 0.0000 0.0000 -1.0000
vn 0.4969 -0.3892 -0.7756
vn 0.3574 -0.4029 -0.8426
vn 0.2062 -0.4029 -0.8917
vn 0.0561 -0.3936 -0.9176
vn -0.0078 -0.2658 -0.9640
vn -0.0842 -0.1282 -0.9882
vn -0.2336 -0.3530 -0.9060
vn -0.0898 -0.3675 -0.9257
vn -0.7845 0.2444 -0.5700
vn -0.1636 -0.2478 -0.9549
vn -0.7371 0.4187 -0.5304
vn -0.7561 0.1259 -0.6422
vn -0.7062 -0.0058 -0.7080
vn -0.6410 -0.1362 -0.7554
vn -0.5601 -0.2587 -0.7870
vn -0.4715 -0.3675 -0.8017
vn -0.6814 0.2572 -0.6853
vn 0.3616 0.3668 -0.8572
vn -0.6431 0.1327 -0.7542
vn -0.5878 0.0000 -0.8090
vn -0.8090 -0.0054 -0.5878
vn -0.8406 0.1585 -0.5179
vn -0.8624 0.2480 -0.4414
vn -0.5169 -0.1284 -0.8464
vn -0.7513 -0.1415 -0.6446
vn -0.8451 -0.1410 -0.5157
vn -0.8916 -0.0058 -0.4529
vn -0.9156 0.1284 -0.3809
vn -0.4382 -0.2480 -0.8640
vn -0.6743 -0.2719 -0.6865
vn -0.7773 -0.2774 -0.5647
vn -0.8603 -0.2740 -0.4299
vn -0.9303 -0.1170 -0.3476
vn -0.9511 0.0000 -0.3090
vn -0.5841 -0.3892 -0.7123
vn -0.6909 -0.4029 -0.6002
vn -0.7844 -0.4029 -0.4716
vn -0.8553 -0.3936 -0.3369
vn -0.9192 -0.2658 -0.2905
vn -0.9658 -0.1282 -0.2252
vn -0.9338 -0.3530 -0.0578
vn -0.9081 -0.3675 -0.2007
vn -0.7775 0.2446 0.5793
vn -0.9587 -0.2478 -0.1395
vn -0.8444 0.1259 0.5207
vn -0.8916 -0.0058 0.4529
vn -0.9165 -0.1362 0.3762
vn -0.9216 -0.2587 0.2895
vn -0.9081 -0.3675 0.2007
vn -0.8623 0.2572 0.4363
vn -0.7035 0.3668 -0.6088
vn -0.9160 0.1327 0.3786
vn -0.9511 0.0000 0.3090
vn -0.8090 -0.0054 0.5878
vn -0.7523 0.1585 0.6394
vn -0.6863 0.2480 0.6838
vn -0.9647 -0.1284 0.2300
vn -0.8452 -0.1415 0.5154
vn -0.7516 -0.1410 0.6444
vn -0.7062 -0.0058 0.7080
vn -0.6452 0.1284 0.7531
vn -0.9571 -0.2480 0.1498
vn -0.8613 -0.2719 0.4292
vn -0.7773 -0.2774 0.5647
vn -0.6747 -0.2740 0.6853
vn -0.6181 -0.1170 0.7773
vn -0.5878 0.0000 0.8090
vn -0.8579 -0.3892 0.3354
vn -0.7844 -0.4029 0.4716
vn -0.6909 -0.4029 0.6002
vn -0.5847 -0.3936 0.7094
vn -0.5603 -0.2658 0.7845
vn -0.5127 -0.1282 0.8490
vn -0.3436 -0.3530 0.8702
vn -0.4715 -0.3675 0.8017
vn 0.3107 0.2446 0.9185
vn -0.4289 -0.2478 0.8687
vn 0.2343 0.1259 0.9640
vn 0.1552 -0.0058 0.9879
vn 0.0746 -0.1362 0.9879
vn -0.0095 -0.2587 0.9659
vn -0.0898 -0.3675 0.9257
vn 0.1485 0.2572 0.9549
vn -0.7964 0.3668 0.4809
vn 0.0770 0.1327 0.9882
vn -0.0000 -0.0000 1.0000
vn 0.3090 -0.0054 0.9510
vn 0.3756 0.1585 0.9131
vn 0.4382 0.2480 0.8640
vn -0.0793 -0.1284 0.9885
vn 0.2289 -0.1415 0.9631
vn 0.3806 -0.1410 0.9139
vn 0.4551 -0.0058 0.8904
vn 0.5169 0.1284 0.8464
vn -0.1533 -0.2480 0.9566
vn 0.1420 -0.2719 0.9518
vn 0.2969 -0.2774 0.9137
vn 0.4433 -0.2740 0.8535
vn 0.5483 -0.1170 0.8281
vn 0.5878 0.0000 0.8090
vn 0.0539 -0.3892 0.9196
vn 0.2062 -0.4029 0.8917
vn 0.3574 -0.4029 0.8426
vn 0.4940 -0.3936 0.7753
vn 0.5729 -0.2658 0.7753
vn 0.6490 -0.1282 0.7499
vn 0.7215 -0.3530 0.5957
vn 0.6167 -0.3675 0.6961
vn 0.9695 0.2446 -0.0116
vn 0.6936 -0.2478 0.6764
vn 0.9892 0.1259 0.0751
vn 0.9875 -0.0058 0.1576
vn 0.9626 -0.1362 0.2343
vn 0.9157 -0.2587 0.3075
vn 0.8527 -0.3675 0.3714
vn 0.9540 0.2572 0.1539
vn 0.2113 0.3668 0.9060
vn 0.9636 0.1327 0.2321
vn 0.9511 0.0000 0.3090
vn 1.0000 -0.0054 0.0000
vn 0.9845 0.1585 -0.0751
vn 0.9571 0.2480 -0.1498
vn 0.9156 -0.1284 0.3809
vn 0.9867 -0.1415 0.0799
vn 0.9868 -0.1410 -0.0796
vn 0.9875 -0.0058 -0.1576
vn 0.9647 0.1284 -0.2300
vn 0.8624 -0.2480 0.4414
vn 0.9491 -0.2719 0.1591
vn 0.9608 -0.2774 -0.0000
vn 0.9487 -0.2740 -0.1578
vn 0.9570 -0.1170 -0.2656
vn 0.9511 0.0000 -0.3090
vn 0.8912 -0.3892 0.2329
vn 0.9118 -0.4029 0.0795
vn 0.9118 -0.4029 -0.0795
vn 0.8900 -0.3936 -0.2302
vn 0.9144 -0.2658 -0.3053
vn 0.9138 -0.1282 -0.3855
vn 0.7895 -0.3530 -0.5021
vn 0.8527 -0.3675 -0.3714
vn 0.5665 -0.5861 -0.5793
vn 0.8576 -0.2478 -0.4507
vn 0.6688 -0.5483 -0.5021
vn 0.4902 -0.6990 -0.5207
vn 0.3935 -0.8000 -0.4529
vn 0.2880 -0.8806 -0.3762
vn 0.1807 -0.9400 -0.2895
vn 0.0774 -0.9766 -0.2007
vn 0.9269 0.3668 0.0790
vn 0.3569 -0.7260 -0.5878
vn 0.4782 -0.6020 -0.6394
vn 0.5287 -0.5029 -0.6838
vn 0.2514 -0.8193 -0.5154
vn 0.2094 -0.7353 -0.6446
vn 0.3107 -0.6343 -0.7080
vn 0.4034 -0.5197 -0.7531
vn 0.1420 -0.8920 -0.4292
vn 0.0995 -0.8193 -0.5647
vn 0.0567 -0.7260 -0.6853
vn 0.1718 -0.6052 -0.7773
vn 0.2629 -0.5257 -0.8090
vn 0.0355 -0.9414 -0.3354
vn -0.0096 -0.8817 -0.4716
vn -0.0514 -0.7982 -0.6002
vn -0.0905 -0.6990 -0.7094
vn 0.0128 -0.6200 -0.7845
vn 0.1146 -0.5159 -0.8490
vn -0.1178 -0.5861 -0.8017
vn -0.3759 -0.5861 -0.7178
vn -0.0298 -0.4945 -0.8687
vn -0.2764 -0.4472 -0.8506
vn -0.3437 -0.6990 -0.6271
vn -0.3091 -0.8000 -0.5142
vn -0.2688 -0.8806 -0.3902
vn -0.2195 -0.9400 -0.2614
vn -0.1669 -0.9766 -0.1357
vn -0.2247 -0.6563 -0.7203
vn -0.1621 -0.4652 -0.8702
vn -0.1968 -0.7599 -0.6195
vn -0.1625 -0.8507 -0.5000
vn -0.4487 -0.7260 -0.5211
vn -0.4603 -0.6020 -0.6524
vn -0.4869 -0.5029 -0.7141
vn -0.1209 -0.9203 -0.3722
vn -0.4124 -0.8193 -0.3984
vn -0.5483 -0.7353 -0.3984
vn -0.5773 -0.6343 -0.5142
vn -0.5916 -0.5197 -0.6164
vn -0.0788 -0.9670 -0.2424
vn -0.3643 -0.8920 -0.2677
vn -0.5063 -0.8193 -0.2691
vn -0.6617 -0.7085 -0.2454
vn -0.6862 -0.6052 -0.4036
vn -0.6882 -0.5257 -0.5000
vn -0.3080 -0.9414 -0.1374
vn -0.4515 -0.8817 -0.1366
vn -0.5867 -0.7982 -0.1366
vn -0.7026 -0.6990 -0.1331
vn -0.7421 -0.6200 -0.2546
vn -0.7720 -0.5159 -0.3713
vn -0.8777 -0.4652 -0.1147
vn -0.7988 -0.5861 -0.1357
vn -0.7957 -0.5924 0.1264
vn -0.8354 -0.4945 -0.2401
vn -0.8944 -0.4472 -0.0000
vn -0.7026 -0.6990 0.1331
vn -0.5846 -0.8000 0.1351
vn -0.4541 -0.8806 0.1351
vn -0.3164 -0.9400 0.1280
vn -0.1806 -0.9766 0.1168
vn -0.7545 -0.6562 -0.0089
vn -0.2460 -0.5483 -0.7993
vn -0.6500 -0.7599 -0.0042
vn -0.5257 -0.8507 -0.0000
vn -0.6343 -0.7260 0.2657
vn -0.7627 -0.6020 0.2362
vn -0.8297 -0.5029 0.2424
vn -0.3913 -0.9203 0.0000
vn -0.5063 -0.8193 0.2691
vn -0.5487 -0.7353 0.3979
vn -0.6675 -0.6343 0.3902
vn -0.7690 -0.5197 0.3722
vn -0.2549 -0.9670 -0.0000
vn -0.3671 -0.8920 0.2637
vn -0.4124 -0.8193 0.3984
vn -0.4487 -0.7260 0.5211
vn -0.5959 -0.6052 0.5279
vn -0.6882 -0.5257 0.5000
vn -0.2259 -0.9414 0.2505
vn -0.2695 -0.8817 0.3872
vn -0.3113 -0.7982 0.5158
vn -0.3437 -0.6990 0.6271
vn -0.4715 -0.6200 0.6271
vn -0.5917 -0.5159 0.6195
vn -0.3804 -0.4652 0.7993
vn -0.3759 -0.5861 0.7178
vn 0.7100 -0.5983 -0.3714
vn -0.4865 -0.4945 0.7203
vn -0.2764 -0.4472 0.8507
vn 0.7500 -0.6200 -0.2302
vn 0.7693 -0.6343 -0.0767
vn 0.7693 -0.6343 0.0767
vn 0.7544 -0.6167 0.2250
vn 0.7260 -0.5861 0.3598
vn 0.8170 -0.4945 -0.2968
vn -0.8362 -0.5483 -0.0131
vn 0.8428 -0.5159 -0.1534
vn 0.8506 -0.5257 0.0000
vn 0.6693 -0.7260 -0.1578
vn 0.6526 -0.6810 -0.3323
vn 0.6075 -0.6604 -0.4414
vn 0.8409 -0.5197 0.1509
vn 0.6778 -0.7353 0.0000
vn 0.5678 -0.8193 -0.0799
vn 0.5523 -0.8000 -0.2343
vn 0.5243 -0.7616 -0.3809
vn 0.8137 -0.5029 0.2915
vn 0.6710 -0.7247 0.1566
vn 0.5678 -0.8193 0.0799
vn 0.4175 -0.9087 0.0000
vn 0.4268 -0.8844 -0.1887
vn 0.4253 -0.8507 -0.3090
vn 0.6505 -0.6965 0.3028
vn 0.5550 -0.7982 0.2343
vn 0.4456 -0.8817 0.1548
vn 0.3298 -0.9411 0.0751
vn 0.3298 -0.9411 -0.0751
vn 0.3122 -0.9212 -0.2321
vn 0.0865 -0.9931 -0.0790
vn 0.2148 -0.9766 -0.0116
vn -0.1178 -0.5861 0.8017
vn 0.1967 -0.9683 -0.1539
vn -0.0905 -0.6990 0.7094
vn -0.0522 -0.8000 0.5977
vn -0.0119 -0.8806 0.4736
vn 0.0239 -0.9400 0.3404
vn 0.0553 -0.9766 0.2079
vn -0.2416 -0.6563 0.7148
vn 0.7776 -0.4652 -0.4231
vn -0.2049 -0.7599 0.6168
vn -0.1625 -0.8507 0.5000
vn 0.0567 -0.7260 0.6853
vn -0.0111 -0.6020 0.7984
vn -0.0258 -0.5029 0.8640
vn -0.1209 -0.9203 0.3722
vn 0.0995 -0.8193 0.5647
vn 0.2094 -0.7353 0.6446
vn 0.1648 -0.6343 0.7554
vn 0.1163 -0.5197 0.8464
vn -0.0788 -0.9670 0.2424
vn 0.1374 -0.8920 0.4307
vn 0.2514 -0.8193 0.5154
vn 0.3910 -0.7085 0.5875
vn 0.3180 -0.6052 0.7298
vn 0.2629 -0.5257 0.8090
vn 0.1684 -0.9414 0.2922
vn 0.2850 -0.8817 0.3759
vn 0.3944 -0.7982 0.4554
vn 0.4902 -0.6990 0.5207
vn 0.4507 -0.6200 0.6422
vn 0.4063 -0.5159 0.7542
vn 0.1019 -0.9931 0.0578
vn 0.2071 -0.9683 0.1395
vn 0.3172 -0.9212 0.2252
vn 0.4253 -0.8507 0.3090
vn 0.5243 -0.7616 0.3809
vn 0.6075 -0.6604 0.4414
vn 0.5665 -0.5861 0.5793
vn 0.6427 -0.4652 0.6088
vn 0.5347 -0.4945 0.6852
vn -0.2708 -0.5483 0.7912
vn 0.7698 0.4381 0.4643
vn -0.0716 -0.9926 0.0980
vn -0.0503 -0.9951 0.0851
vn -0.0093 -0.9951 0.0984
vn -0.0484 -0.9931 0.1067
vn -0.0596 -0.9895 0.1317
vn -0.0292 -0.9895 0.1416
vn -0.0355 -0.9924 0.1181
vn 0.0004 -0.9926 0.1214
vn -0.0407 -0.9924 0.1165
vn 0.6725 -0.5313 0.5152
vn 0.6543 -0.5471 0.5222
vn 0.6546 -0.5710 0.4953
vn 0.6734 -0.5710 0.4695
vn 0.6988 -0.5471 0.4609
vn 0.6978 -0.5314 0.4804
vn 0.6688 -0.5483 0.5021
vn 0.6719 -0.5541 0.4915
vn 0.6751 -0.5541 0.4871
vn 0.7897 -0.4436 0.4237
vn 0.7745 -0.4534 0.4411
vn 0.7519 -0.4900 0.4410
vn 0.7776 -0.4652 0.4231
vn 0.7887 -0.4687 0.3980
vn 0.7719 -0.4958 0.3980
vn 0.7718 -0.4802 0.4168
vn 0.7499 -0.5080 0.4237
vn 0.7747 -0.4756 0.4168
vn -0.1153 -0.9926 -0.0379
vn -0.0965 -0.9951 -0.0215
vn -0.0965 -0.9951 0.0215
vn -0.1164 -0.9931 -0.0131
vn -0.1437 -0.9895 -0.0160
vn -0.1437 -0.9895 0.0160
vn -0.1233 -0.9924 0.0027
vn -0.1153 -0.9926 0.0379
vn -0.1233 -0.9924 -0.0027
vn 0.0004 -0.9926 -0.1214
vn -0.0093 -0.9951 -0.0984
vn -0.0503 -0.9951 -0.0851
vn -0.0235 -0.9931 -0.1147
vn -0.0292 -0.9895 -0.1416
vn -0.0596 -0.9895 -0.1317
vn -0.0407 -0.9924 -0.1165
vn -0.0717 -0.9926 -0.0980
vn -0.0355 -0.9924 -0.1181
vn 0.0076 -0.9997 0.0234
vn -0.0199 -0.9997 0.0145
vn -0.0199 -0.9997 -0.0144
vn 0.0076 -0.9997 -0.0234
vn 0.0246 -0.9997 0.0000
vn 0.7819 -0.3406 0.5222
vn 0.7760 -0.3639 0.5152
vn 0.7873 -0.3865 0.4804
vn 0.7895 -0.3530 0.5021
vn 0.8035 -0.3302 0.4953
vn 0.8119 -0.3469 0.4695
vn 0.7975 -0.3560 0.4871
vn 0.8018 -0.3804 0.4609
vn 0.7961 -0.3531 0.4915
vn -0.1871 -0.4900 0.8514
vn -0.1713 -0.5080 0.8442
vn -0.1400 -0.4958 0.8571
vn -0.1348 -0.4687 0.8730
vn -0.1590 -0.4436 0.8820
vn -0.1801 -0.4534 0.8729
vn -0.1664 -0.4874 0.8572
vn -0.1579 -0.4802 0.8628
vn -0.1570 -0.4756 0.8656
vn -0.2550 -0.3406 0.9050
vn -0.2502 -0.3639 0.8972
vn -0.2136 -0.3865 0.8972
vn -0.2336 -0.3530 0.9060
vn -0.2228 -0.3302 0.9173
vn -0.1957 -0.3469 0.9173
vn -0.2168 -0.3560 0.9090
vn -0.1906 -0.3804 0.9050
vn -0.2214 -0.3531 0.9090
vn -0.8675 -0.4900 0.0851
vn -0.8558 -0.5080 0.0980
vn -0.8584 -0.4958 0.1317
vn -0.8720 -0.4687 0.1416
vn -0.8880 -0.4436 0.1214
vn -0.8859 -0.4534 0.0984
vn -0.8666 -0.4874 0.1067
vn -0.8694 -0.4802 0.1165
vn -0.8717 -0.4756 0.1181
vn -0.9395 -0.3406 0.0372
vn -0.9306 -0.3639 0.0393
vn -0.9193 -0.3865 0.0741
vn -0.9338 -0.3530 0.0578
vn -0.9412 -0.3302 0.0716
vn -0.9328 -0.3469 0.0974
vn -0.9315 -0.3560 0.0747
vn -0.9196 -0.3804 0.0984
vn -0.9329 -0.3531 0.0703
vn -0.3490 -0.4900 -0.7988
vn -0.3576 -0.5080 -0.7836
vn -0.3905 -0.4958 -0.7757
vn -0.4041 -0.4687 -0.7855
vn -0.3898 -0.4436 -0.8070
vn -0.3674 -0.4534 -0.8121
vn -0.3692 -0.4874 -0.7912
vn -0.3794 -0.4802 -0.7909
vn -0.3817 -0.4756 -0.7925
vn -0.3257 -0.3406 -0.8820
vn -0.3250 -0.3639 -0.8729
vn -0.3546 -0.3865 -0.8514
vn -0.3436 -0.3530 -0.8702
vn -0.3589 -0.3302 -0.8730
vn -0.3809 -0.3469 -0.8571
vn -0.3589 -0.3560 -0.8628
vn -0.3778 -0.3804 -0.8442
vn -0.3551 -0.3531 -0.8656
vn 0.6518 -0.4900 -0.5788
vn 0.6347 -0.5080 -0.5823
vn 0.6170 -0.4958 -0.6111
vn 0.6222 -0.4687 -0.6271
vn 0.6470 -0.4436 -0.6201
vn 0.6588 -0.4534 -0.6003
vn 0.6384 -0.4874 -0.5957
vn 0.6349 -0.4802 -0.6052
vn 0.6358 -0.4756 -0.6080
vn 0.7382 -0.3406 -0.5823
vn 0.7298 -0.3639 -0.5788
vn 0.7001 -0.3865 -0.6003
vn 0.7215 -0.3530 -0.5957
vn 0.7194 -0.3302 -0.6111
vn 0.6974 -0.3469 -0.6271
vn 0.7097 -0.3560 -0.6080
vn 0.6861 -0.3804 -0.6201
vn 0.7134 -0.3531 -0.6052
vn 0.7124 -0.4403 0.5465
vn 0.7077 -0.4649 0.5320
vn 0.7247 -0.4649 0.5087
vn 0.7399 -0.4403 0.5087
vn 0.7323 -0.4251 0.5320
vn 0.7399 -0.4403 -0.5087
vn 0.7247 -0.4649 -0.5087
vn 0.7077 -0.4649 -0.5320
vn 0.7124 -0.4403 -0.5465
vn 0.7323 -0.4251 -0.5320
vn 0.3674 0.4534 0.8121
vn 0.3898 0.4436 0.8070
vn 0.4041 0.4687 0.7855
vn 0.3905 0.4958 0.7757
vn 0.3576 0.5080 0.7836
vn 0.3490 0.4900 0.7988
vn 0.3804 0.4652 0.7993
vn 0.3817 0.4756 0.7925
vn 0.3794 0.4802 0.7908
vn -0.6588 0.4534 0.6003
vn -0.6470 0.4436 0.6201
vn -0.6222 0.4687 0.6271
vn -0.6170 0.4958 0.6111
vn -0.6347 0.5080 0.5823
vn -0.6518 0.4900 0.5788
vn -0.6427 0.4652 0.6088
vn -0.6358 0.4756 0.6080
vn -0.6349 0.4802 0.6052
vn -0.7278 0.4677 -0.5016
vn -0.7745 0.4534 -0.4411
vn -0.7897 0.4436 -0.4237
vn -0.7887 0.4687 -0.3980
vn -0.7719 0.4958 -0.3980
vn -0.7499 0.5080 -0.4237
vn -0.7519 0.4900 -0.4411
vn -0.7776 0.4652 -0.4231
vn -0.7747 0.4756 -0.4168
vn -0.7718 0.4802 -0.4168
vn 0.1801 0.4534 -0.8729
vn 0.1590 0.4436 -0.8820
vn 0.1348 0.4687 -0.8730
vn 0.1400 0.4958 -0.8571
vn 0.1713 0.5080 -0.8442
vn 0.1871 0.4900 -0.8514
vn 0.1621 0.4652 -0.8702
vn 0.1570 0.4756 -0.8656
vn 0.1579 0.4802 -0.8628
vn 0.8859 0.4534 -0.0984
vn 0.8880 0.4436 -0.1214
vn 0.8720 0.4687 -0.1416
vn 0.8584 0.4958 -0.1317
vn 0.8558 0.5080 -0.0980
vn 0.8675 0.4900 -0.0851
vn 0.8777 0.4652 -0.1147
vn 0.8717 0.4756 -0.1181
vn 0.8694 0.4802 -0.1165
vn 0.0965 0.9951 0.0215
vn 0.1153 0.9926 0.0379
vn 0.1437 0.9895 0.0160
vn 0.1437 0.9895 -0.0160
vn 0.1153 0.9926 -0.0379
vn 0.0965 0.9951 -0.0215
vn 0.1164 0.9931 0.0131
vn 0.1233 0.9924 0.0027
vn 0.1233 0.9924 -0.0027
vn -0.0004 0.9926 -0.1214
vn 0.0093 0.9951 -0.0984
vn 0.0503 0.9951 -0.0851
vn 0.0235 0.9931 -0.1147
vn 0.0292 0.9895 -0.1416
vn 0.0596 0.9895 -0.1317
vn 0.0407 0.9924 -0.1165
vn 0.0716 0.9926 -0.0980
vn 0.0355 0.9924 -0.1181
vn 0.3450 0.9318 -0.1126
vn 0.3377 0.9295 -0.1485
vn 0.3051 0.9374 -0.1678
vn 0.2775 0.9487 -0.1514
vn 0.2856 0.9515 -0.1147
vn 0.3180 0.9434 -0.0945
vn 0.3164 0.9400 -0.1280
vn 0.3141 0.9402 -0.1315
vn 0.3080 0.9414 -0.1374
vn 0.4846 0.8669 -0.1165
vn 0.4806 0.8635 -0.1530
vn 0.4485 0.8773 -0.1709
vn 0.4197 0.8945 -0.1539
vn 0.4243 0.8979 -0.1172
vn 0.4562 0.8844 -0.0982
vn 0.4554 0.8800 -0.1351
vn 0.4515 0.8817 -0.1366
vn 0.4506 0.8822 -0.1366
vn 0.6134 0.7811 -0.1172
vn 0.6123 0.7755 -0.1539
vn 0.5841 0.7935 -0.1709
vn 0.5574 0.8160 -0.1530
vn 0.5587 0.8212 -0.1165
vn 0.5870 0.8036 -0.0982
vn 0.5875 0.7976 -0.1366
vn 0.5867 0.7982 -0.1366
vn 0.5834 0.8008 -0.1351
vn 0.7233 0.6810 -0.1147
vn 0.7244 0.6725 -0.1514
vn 0.7020 0.6921 -0.1678
vn 0.6803 0.7177 -0.1485
vn 0.6792 0.7253 -0.1126
vn 0.7016 0.7063 -0.0945
vn 0.7026 0.6990 -0.1331
vn 0.7043 0.6965 -0.1374
vn 0.7005 0.7014 -0.1315
vn 0.8105 0.5752 -0.1104
vn 0.8134 0.5631 -0.1456
vn 0.7970 0.5819 -0.1618
vn 0.7812 0.6081 -0.1413
vn 0.7789 0.6182 -0.1060
vn 0.7947 0.6005 -0.0880
vn 0.7957 0.5924 -0.1264
vn 0.7988 0.5861 -0.1357
vn 0.0406 0.9678 -0.2483
vn 0.0497 0.9741 -0.2208
vn 0.0895 0.9741 -0.2078
vn 0.0687 0.9683 -0.2401
vn 0.0703 0.9601 -0.2708
vn 0.1023 0.9601 -0.2604
vn 0.0785 0.9672 -0.2415
vn 0.1130 0.9678 -0.2247
vn 0.0856 0.9683 -0.2346
vn 0.0839 0.9207 -0.3811
vn 0.0926 0.9321 -0.3501
vn 0.1309 0.9321 -0.3377
vn 0.1162 0.9212 -0.3713
vn 0.1124 0.9079 -0.4038
vn 0.1464 0.9079 -0.3928
vn 0.1213 0.9198 -0.3732
vn 0.1561 0.9207 -0.3576
vn 0.1243 0.9212 -0.3687
vn 0.3988 0.8831 -0.2472
vn 0.3918 0.8749 -0.2847
vn 0.3583 0.8831 -0.3029
vn 0.3309 0.9001 -0.2833
vn 0.3378 0.9087 -0.2454
vn 0.3717 0.9001 -0.2271
vn 0.3671 0.8920 -0.2637
vn 0.3643 0.8920 -0.2677
vn 0.2297 0.9487 -0.2171
vn 0.2539 0.9374 -0.2383
vn 0.2456 0.9295 -0.2753
vn 0.2137 0.9318 -0.2933
vn 0.1881 0.9434 -0.2732
vn 0.2195 0.9400 -0.2614
vn 0.2222 0.9402 -0.2581
vn 0.2259 0.9414 -0.2505
vn 0.2227 0.9411 -0.2546
vn 0.1263 0.8500 -0.5114
vn 0.1358 0.8670 -0.4795
vn 0.1720 0.8670 -0.4677
vn 0.1626 0.8505 -0.5003
vn 0.1625 0.8507 -0.5000
vn 0.1527 0.8331 -0.5316
vn 0.1624 0.8509 -0.4997
vn 0.1889 0.8331 -0.5198
vn 0.5381 0.8050 -0.2497
vn 0.5325 0.7961 -0.2875
vn 0.5005 0.8098 -0.3062
vn 0.4740 0.8323 -0.2875
vn 0.4794 0.8413 -0.2497
vn 0.5115 0.8277 -0.2308
vn 0.5069 0.8189 -0.2691
vn 0.5058 0.8196 -0.2691
vn 0.4199 0.8323 -0.3619
vn 0.4458 0.8098 -0.3814
vn 0.4126 0.8189 -0.3989
vn 0.4379 0.7961 -0.4176
vn 0.4124 0.8193 -0.3984
vn 0.4038 0.8050 -0.4346
vn 0.3775 0.8277 -0.4152
vn 0.3856 0.8413 -0.3788
vn 0.2761 0.8945 -0.3516
vn 0.3011 0.8773 -0.3738
vn 0.2940 0.8635 -0.4098
vn 0.2605 0.8669 -0.4249
vn 0.2344 0.8844 -0.4036
vn 0.2692 0.8800 -0.3913
vn 0.2695 0.8817 -0.3872
vn 0.2692 0.8822 -0.3864
vn 0.2425 0.8979 -0.3673
vn 0.1647 0.7591 -0.6298
vn 0.1761 0.7806 -0.5997
vn 0.1968 0.7600 -0.6195
vn 0.2100 0.7806 -0.5887
vn 0.2369 0.7591 -0.6063
vn 0.2268 0.7403 -0.6329
vn 0.1885 0.7403 -0.6453
vn 0.2049 0.7600 -0.6168
vn 0.2000 0.7623 -0.6155
vn 0.6617 0.7085 -0.2454
vn 0.6571 0.6985 -0.2833
vn 0.6296 0.7154 -0.3029
vn 0.6073 0.7417 -0.2847
vn 0.6115 0.7516 -0.2472
vn 0.6389 0.7350 -0.2271
vn 0.6343 0.7260 -0.2657
vn 0.6349 0.7247 -0.2677
vn 0.6342 0.7260 -0.2657
vn 0.5566 0.7478 -0.3619
vn 0.5801 0.7212 -0.3788
vn 0.5715 0.7078 -0.4152
vn 0.5487 0.7353 -0.3979
vn 0.5249 0.7609 -0.3814
vn 0.5162 0.7478 -0.4176
vn 0.5395 0.7212 -0.4346
vn 0.5480 0.7353 -0.3989
vn 0.4584 0.7417 -0.4896
vn 0.4826 0.7154 -0.5052
vn 0.4725 0.6985 -0.5374
vn 0.4508 0.7247 -0.5211
vn 0.4487 0.7260 -0.5211
vn 0.4241 0.7516 -0.5052
vn 0.4466 0.7273 -0.5211
vn 0.4134 0.7350 -0.5374
vn 0.3177 0.8160 -0.4829
vn 0.3430 0.7935 -0.5027
vn 0.3088 0.8008 -0.5131
vn 0.3356 0.7755 -0.5348
vn 0.3010 0.7811 -0.5471
vn 0.3115 0.7976 -0.5166
vn 0.3113 0.7982 -0.5158
vn 0.3091 0.8000 -0.5142
vn 0.2834 0.8212 -0.4953
vn 0.1969 0.6553 -0.7293
vn 0.2108 0.6792 -0.7031
vn 0.2247 0.6563 -0.7203
vn 0.2427 0.6792 -0.6927
vn 0.2693 0.6553 -0.7058
vn 0.2580 0.6371 -0.7263
vn 0.2182 0.6372 -0.7392
vn 0.2416 0.6563 -0.7148
vn 0.2322 0.6597 -0.7148
vn 0.7627 0.6020 -0.2362
vn 0.7596 0.5902 -0.2732
vn 0.7379 0.6078 -0.2933
vn 0.7215 0.6354 -0.2753
vn 0.7249 0.6463 -0.2383
vn 0.7458 0.6297 -0.2172
vn 0.7421 0.6200 -0.2546
vn 0.7426 0.6167 -0.2614
vn 0.7416 0.6192 -0.2581
vn 0.6947 0.6185 -0.3673
vn 0.6862 0.6052 -0.4036
vn 0.6589 0.6207 -0.4249
vn 0.6409 0.6491 -0.4098
vn 0.6500 0.6617 -0.3738
vn 0.6766 0.6470 -0.3516
vn 0.6687 0.6353 -0.3864
vn 0.6675 0.6343 -0.3902
vn 0.6667 0.6343 -0.3913
vn 0.5878 0.6491 -0.4829
vn 0.6077 0.6207 -0.4953
vn 0.5959 0.6052 -0.5279
vn 0.5782 0.6343 -0.5131
vn 0.5563 0.6617 -0.5027
vn 0.5435 0.6470 -0.5348
vn 0.5741 0.6353 -0.5166
vn 0.5640 0.6185 -0.5471
vn 0.5773 0.6343 -0.5142
vn 0.4848 0.6354 -0.6011
vn 0.5070 0.6078 -0.6111
vn 0.4946 0.5902 -0.6380
vn 0.4780 0.6167 -0.6255
vn 0.4746 0.6192 -0.6256
vn 0.4506 0.6463 -0.6158
vn 0.4370 0.6297 -0.6422
vn 0.4672 0.6231 -0.6273
vn 0.4603 0.6020 -0.6524
vn 0.3515 0.7177 -0.6011
vn 0.3765 0.6921 -0.6158
vn 0.3416 0.7014 -0.6256
vn 0.3678 0.6725 -0.6422
vn 0.3326 0.6810 -0.6524
vn 0.3483 0.6965 -0.6273
vn 0.3378 0.7034 -0.6255
vn 0.3169 0.7253 -0.6111
vn 0.3067 0.7063 -0.6380
vn 0.3758 0.6081 -0.6993
vn 0.4002 0.5819 -0.7080
vn 0.3661 0.5924 -0.7177
vn 0.3898 0.5631 -0.7286
vn 0.3555 0.5752 -0.7367
vn 0.3759 0.5861 -0.7178
vn 0.3415 0.6182 -0.7080
vn 0.3293 0.6005 -0.7286
vn -0.0276 0.9794 -0.2000
vn -0.0376 0.9731 -0.2273
vn -0.0553 0.9766 -0.2079
vn -0.0743 0.9707 -0.2286
vn -0.0665 0.9766 -0.2045
vn -0.1032 0.9731 -0.2060
vn -0.0952 0.9794 -0.1780
vn -0.0581 0.9822 -0.1787
vn 0.2996 0.4403 -0.8464
vn 0.2797 0.4251 -0.8608
vn 0.2551 0.4403 -0.8608
vn 0.2598 0.4649 -0.8464
vn 0.2873 0.4649 -0.8375
vn -0.1156 0.9926 -0.0372
vn -0.0907 0.9951 -0.0393
vn -0.0654 0.9951 -0.0741
vn -0.1019 0.9931 -0.0578
vn -0.1256 0.9895 -0.0716
vn -0.1069 0.9895 -0.0974
vn -0.0982 0.9924 -0.0747
vn -0.0710 0.9926 -0.0984
vn -0.1014 0.9924 -0.0703
vn -0.0004 0.9318 -0.3629
vn -0.0369 0.9295 -0.3671
vn -0.0653 0.9374 -0.3420
vn -0.0582 0.9487 -0.3107
vn -0.0208 0.9515 -0.3071
vn 0.0084 0.9434 -0.3316
vn -0.0239 0.9400 -0.3404
vn -0.0280 0.9402 -0.3394
vn -0.0355 0.9414 -0.3354
vn 0.0390 0.8669 -0.4969
vn 0.0030 0.8635 -0.5043
vn -0.0239 0.8773 -0.4794
vn -0.0167 0.8945 -0.4468
vn 0.0197 0.8979 -0.4397
vn 0.0476 0.8844 -0.4643
vn 0.0122 0.8800 -0.4748
vn 0.0096 0.8817 -0.4716
vn 0.0093 0.8822 -0.4708
vn 0.0781 0.7811 -0.6195
vn 0.0428 0.7755 -0.6299
vn 0.0180 0.7935 -0.6083
vn 0.0268 0.8160 -0.5774
vn 0.0619 0.8212 -0.5673
vn 0.0880 0.8036 -0.5886
vn 0.0516 0.7976 -0.6010
vn 0.0514 0.7982 -0.6002
vn 0.0518 0.8009 -0.5966
vn 0.1144 0.6810 -0.7233
vn 0.0799 0.6725 -0.7358
vn 0.0573 0.6921 -0.7195
vn 0.0690 0.7177 -0.6929
vn 0.1028 0.7253 -0.6807
vn 0.1269 0.7063 -0.6965
vn 0.0905 0.6990 -0.7094
vn 0.0869 0.6965 -0.7123
vn 0.0913 0.7014 -0.7069
vn 0.1454 0.5752 -0.8050
vn 0.1129 0.5631 -0.8186
vn 0.0924 0.5819 -0.8080
vn 0.1070 0.6081 -0.7866
vn 0.1398 0.6182 -0.7735
vn 0.1619 0.6005 -0.7831
vn 0.1256 0.5924 -0.7958
vn 0.1178 0.5861 -0.8017
vn -0.2236 0.9678 -0.1154
vn -0.1946 0.9741 -0.1155
vn -0.1700 0.9741 -0.1494
vn -0.2071 0.9683 -0.1395
vn -0.2358 0.9601 -0.1506
vn -0.2161 0.9601 -0.1778
vn -0.2054 0.9672 -0.1492
vn -0.1788 0.9678 -0.1770
vn -0.1967 0.9683 -0.1539
vn -0.3365 0.9207 -0.1976
vn -0.3044 0.9321 -0.1963
vn -0.2807 0.9321 -0.2288
vn -0.3172 0.9212 -0.2252
vn -0.3493 0.9079 -0.2317
vn -0.3283 0.9079 -0.2606
vn -0.3175 0.9198 -0.2307
vn -0.2919 0.9207 -0.2590
vn -0.3122 0.9212 -0.2321
vn -0.1119 0.8831 -0.4557
vn -0.1497 0.8749 -0.4606
vn -0.1773 0.8831 -0.4344
vn -0.1672 0.9001 -0.4023
vn -0.1290 0.9087 -0.3971
vn -0.1012 0.9001 -0.4237
vn -0.1374 0.8920 -0.4307
vn -0.1420 0.8920 -0.4292
vn -0.1356 0.9487 -0.2856
vn -0.1482 0.9374 -0.3151
vn -0.1859 0.9295 -0.3187
vn -0.2129 0.9318 -0.2938
vn -0.2017 0.9434 -0.2633
vn -0.1807 0.9400 -0.2895
vn -0.1768 0.9402 -0.2911
vn -0.1684 0.9414 -0.2922
vn -0.1733 0.9411 -0.2905
vn -0.4473 0.8500 -0.2781
vn -0.4140 0.8670 -0.2773
vn -0.3917 0.8670 -0.3081
vn -0.4256 0.8505 -0.3092
vn -0.4584 0.8331 -0.3095
vn -0.4251 0.8509 -0.3088
vn -0.4360 0.8331 -0.3403
vn -0.4027 0.8500 -0.3395
vn -0.0712 0.8050 -0.5889
vn -0.1089 0.7961 -0.5952
vn -0.1365 0.8098 -0.5706
vn -0.1269 0.8323 -0.5396
vn -0.0893 0.8413 -0.5331
vn -0.0614 0.8277 -0.5578
vn -0.0993 0.8189 -0.5652
vn -0.0997 0.8196 -0.5642
vn -0.2145 0.8323 -0.5112
vn -0.2249 0.8098 -0.5419
vn -0.2618 0.7961 -0.5455
vn -0.2886 0.8050 -0.5183
vn -0.2782 0.8277 -0.4874
vn -0.2519 0.8189 -0.5157
vn -0.2510 0.8196 -0.5150
vn -0.2411 0.8413 -0.4838
vn -0.2491 0.8945 -0.3713
vn -0.2624 0.8773 -0.4019
vn -0.2989 0.8635 -0.4062
vn -0.3236 0.8669 -0.3791
vn -0.3114 0.8844 -0.3476
vn -0.2890 0.8800 -0.3770
vn -0.2850 0.8817 -0.3759
vn -0.2843 0.8822 -0.3754
vn -0.2744 0.8979 -0.3442
vn -0.5480 0.7591 -0.3512
vn -0.5159 0.7806 -0.3528
vn -0.5283 0.7600 -0.3786
vn -0.4949 0.7806 -0.3817
vn -0.5034 0.7591 -0.4127
vn -0.5318 0.7403 -0.4113
vn -0.5555 0.7403 -0.3787
vn -0.5233 0.7599 -0.3855
vn -0.5236 0.7623 -0.3804
vn -0.0290 0.7085 -0.7051
vn -0.0664 0.6985 -0.7125
vn -0.0935 0.7154 -0.6924
vn -0.0831 0.7417 -0.6656
vn -0.0461 0.7516 -0.6580
vn -0.0186 0.7350 -0.6778
vn -0.0567 0.7260 -0.6853
vn -0.0584 0.7247 -0.6865
vn -0.1722 0.7478 -0.6412
vn -0.1810 0.7212 -0.6687
vn -0.2183 0.7078 -0.6718
vn -0.2088 0.7353 -0.6448
vn -0.2005 0.7609 -0.6171
vn -0.2376 0.7478 -0.6200
vn -0.2467 0.7212 -0.6474
vn -0.2100 0.7353 -0.6444
vn -0.3240 0.7417 -0.5873
vn -0.3313 0.7154 -0.6151
vn -0.3651 0.6985 -0.6155
vn -0.3563 0.7247 -0.5897
vn -0.3494 0.7516 -0.5594
vn -0.3576 0.7273 -0.5858
vn -0.3833 0.7350 -0.5593
vn -0.3910 0.7085 -0.5875
vn -0.3611 0.8160 -0.4514
vn -0.3721 0.7935 -0.4815
vn -0.3926 0.8008 -0.4522
vn -0.4049 0.7755 -0.4844
vn -0.4274 0.7811 -0.4553
vn -0.3950 0.7976 -0.4559
vn -0.3944 0.7982 -0.4554
vn -0.3935 0.8000 -0.4529
vn -0.3835 0.8212 -0.4226
vn -0.6327 0.6553 -0.4127
vn -0.6035 0.6792 -0.4177
vn -0.6156 0.6563 -0.4363
vn -0.5838 0.6792 -0.4449
vn -0.5880 0.6553 -0.4742
vn -0.6110 0.6372 -0.4698
vn -0.6356 0.6372 -0.4359
vn -0.6052 0.6563 -0.4507
vn -0.6080 0.6597 -0.4418
vn 0.2224 0.5471 -0.8070
vn 0.2385 0.5710 -0.7855
vn 0.2460 0.5483 -0.7993
vn 0.2688 0.5710 -0.7757
vn 0.2944 0.5471 -0.7836
vn 0.2822 0.5313 -0.7988
vn 0.2412 0.5314 -0.8121
vn 0.2708 0.5483 -0.7912
vn 0.2598 0.5541 -0.7908
vn 0.0111 0.6020 -0.7984
vn -0.0251 0.5902 -0.8069
vn -0.0510 0.6078 -0.7924
vn -0.0389 0.6354 -0.7712
vn -0.0026 0.6463 -0.7631
vn 0.0239 0.6297 -0.7764
vn -0.0128 0.6200 -0.7845
vn -0.0191 0.6167 -0.7870
vn -0.0163 0.6192 -0.7851
vn -0.1347 0.6185 -0.7742
vn -0.1718 0.6052 -0.7773
vn -0.2005 0.6207 -0.7580
vn -0.1917 0.6491 -0.7361
vn -0.1546 0.6617 -0.7337
vn -0.1254 0.6470 -0.7521
vn -0.1608 0.6353 -0.7553
vn -0.1648 0.6343 -0.7554
vn -0.1662 0.6343 -0.7550
vn -0.2776 0.6491 -0.7082
vn -0.2833 0.6207 -0.7310
vn -0.3180 0.6052 -0.7298
vn -0.3093 0.6343 -0.7085
vn -0.3062 0.6617 -0.6844
vn -0.3407 0.6470 -0.6822
vn -0.3139 0.6353 -0.7056
vn -0.3461 0.6185 -0.7055
vn -0.3107 0.6343 -0.7080
vn -0.4219 0.6354 -0.6468
vn -0.4246 0.6078 -0.6710
vn -0.4540 0.5902 -0.6675
vn -0.4471 0.6167 -0.6479
vn -0.4483 0.6192 -0.6447
vn -0.4464 0.6463 -0.6189
vn -0.4757 0.6297 -0.6141
vn -0.4522 0.6231 -0.6382
vn -0.4782 0.6020 -0.6394
vn -0.4631 0.7177 -0.5200
vn -0.4693 0.6921 -0.5484
vn -0.4894 0.7014 -0.5182
vn -0.4971 0.6725 -0.5483
vn -0.5177 0.6810 -0.5179
vn -0.4890 0.6965 -0.5251
vn -0.4905 0.7033 -0.5145
vn -0.4833 0.7253 -0.4903
vn -0.5120 0.7063 -0.4888
vn 0.1817 0.9794 -0.0880
vn 0.2046 0.9731 -0.1060
vn 0.1806 0.9766 -0.1168
vn 0.1945 0.9707 -0.1413
vn 0.1641 0.9731 -0.1618
vn 0.1399 0.9794 -0.1456
vn 0.1520 0.9822 -0.1104
vn 0.1669 0.9766 -0.1357
vn -0.5490 0.6081 -0.5735
vn -0.5497 0.5819 -0.5994
vn -0.5694 0.5924 -0.5700
vn -0.5725 0.5631 -0.5959
vn -0.5908 0.5752 -0.5658
vn -0.5665 0.5861 -0.5793
vn -0.5678 0.6182 -0.5436
vn -0.5912 0.6005 -0.5384
vn -0.1987 0.9794 -0.0356
vn -0.2278 0.9731 -0.0345
vn -0.2148 0.9766 -0.0116
vn -0.2404 0.9707 0.0000
vn -0.2278 0.9731 0.0345
vn -0.1987 0.9794 0.0356
vn -0.1879 0.9822 0.0000
vn -0.2148 0.9766 0.0116
vn -0.7042 0.4720 -0.5304
vn -0.0710 0.9926 0.0984
vn -0.0654 0.9951 0.0741
vn -0.0907 0.9951 0.0393
vn -0.0865 0.9931 0.0790
vn -0.1069 0.9895 0.0974
vn -0.1256 0.9895 0.0716
vn -0.1014 0.9924 0.0703
vn -0.1156 0.9926 0.0371
vn -0.0982 0.9924 0.0747
vn -0.0076 0.9997 0.0234
vn 0.0199 0.9997 0.0144
vn 0.0199 0.9997 -0.0145
vn -0.0076 0.9997 -0.0234
vn -0.0246 0.9997 0.0000
vn -0.3453 0.9318 -0.1117
vn -0.3605 0.9295 -0.0783
vn -0.3454 0.9374 -0.0436
vn -0.3135 0.9487 -0.0407
vn -0.2985 0.9515 -0.0751
vn -0.3128 0.9434 -0.1104
vn -0.3312 0.9400 -0.0824
vn -0.3314 0.9402 -0.0782
vn -0.3300 0.9414 -0.0699
vn -0.4605 0.8669 -0.1906
vn -0.4787 0.8635 -0.1587
vn -0.4633 0.8773 -0.1254
vn -0.4301 0.8945 -0.1222
vn -0.4121 0.8979 -0.1546
vn -0.4268 0.8844 -0.1887
vn -0.4478 0.8800 -0.1584
vn -0.4456 0.8817 -0.1548
vn -0.4449 0.8822 -0.1544
vn -0.5651 0.7811 -0.2657
vn -0.5859 0.7755 -0.2354
vn -0.5730 0.7935 -0.2051
vn -0.5409 0.8160 -0.2039
vn -0.5204 0.8212 -0.2342
vn -0.5326 0.8036 -0.2656
vn -0.5556 0.7976 -0.2348
vn -0.5550 0.7982 -0.2343
vn -0.5514 0.8008 -0.2336
vn -0.6526 0.6810 -0.3323
vn -0.6751 0.6725 -0.3034
vn -0.6666 0.6921 -0.2769
vn -0.6377 0.7177 -0.2797
vn -0.6156 0.7253 -0.3081
vn -0.6231 0.7063 -0.3359
vn -0.6467 0.6990 -0.3053
vn -0.6505 0.6965 -0.3027
vn -0.6440 0.7014 -0.3053
vn -0.7206 0.5752 -0.3871
vn -0.7437 0.5631 -0.3603
vn -0.7399 0.5819 -0.3376
vn -0.7151 0.6081 -0.3449
vn -0.6924 0.6182 -0.3720
vn -0.6947 0.6005 -0.3959
vn -0.7180 0.5924 -0.3654
vn -0.7260 0.5861 -0.3598
vn -0.1788 0.9678 0.1770
vn -0.1700 0.9741 0.1494
vn -0.1946 0.9741 0.1155
vn -0.1967 0.9683 0.1539
vn -0.2161 0.9601 0.1778
vn -0.2358 0.9601 0.1506
vn -0.2054 0.9672 0.1492
vn -0.2236 0.9678 0.1154
vn -0.2071 0.9683 0.1395
vn -0.2919 0.9207 0.2590
vn -0.2807 0.9321 0.2288
vn -0.3044 0.9321 0.1963
vn -0.3122 0.9212 0.2321
vn -0.3283 0.9079 0.2606
vn -0.3493 0.9079 0.2317
vn -0.3175 0.9198 0.2307
vn -0.3365 0.9207 0.1976
vn -0.3172 0.9212 0.2252
vn -0.4679 0.8831 -0.0344
vn -0.4843 0.8749 0.0000
vn -0.4679 0.8831 0.0344
vn -0.4342 0.9001 0.0347
vn -0.4175 0.9087 0.0000
vn -0.4342 0.9001 -0.0347
vn -0.4520 0.8920 -0.0024
vn -0.4520 0.8920 0.0024
vn -0.3135 0.9487 0.0407
vn -0.3454 0.9374 0.0436
vn -0.3605 0.9295 0.0784
vn -0.3453 0.9318 0.1117
vn -0.3128 0.9434 0.1104
vn -0.3312 0.9400 0.0824
vn -0.3314 0.9402 0.0782
vn -0.3300 0.9414 0.0699
vn -0.3298 0.9411 0.0751
vn -0.4027 0.8500 0.3395
vn -0.3917 0.8670 0.3081
vn -0.4140 0.8670 0.2773
vn -0.4256 0.8505 0.3092
vn -0.4253 0.8507 0.3090
vn -0.4360 0.8331 0.3403
vn -0.4251 0.8509 0.3088
vn -0.4584 0.8331 0.3095
vn -0.5821 0.8050 -0.1143
vn -0.5997 0.7961 -0.0804
vn -0.5849 0.8098 -0.0465
vn -0.5524 0.8323 -0.0460
vn -0.5346 0.8413 -0.0798
vn -0.5495 0.8277 -0.1140
vn -0.5683 0.8189 -0.0802
vn -0.5674 0.8196 -0.0796
vn -0.5524 0.8323 0.0460
vn -0.5849 0.8098 0.0465
vn -0.5683 0.8189 0.0802
vn -0.5997 0.7961 0.0804
vn -0.5678 0.8193 0.0799
vn -0.5821 0.8050 0.1143
vn -0.5495 0.8277 0.1140
vn -0.5346 0.8413 0.0798
vn -0.4301 0.8945 0.1222
vn -0.4633 0.8773 0.1254
vn -0.4787 0.8635 0.1587
vn -0.4605 0.8669 0.1906
vn -0.4268 0.8844 0.1887
vn -0.4478 0.8800 0.1584
vn -0.4456 0.8817 0.1548
vn -0.4448 0.8822 0.1544
vn -0.4121 0.8979 0.1546
vn -0.5034 0.7591 0.4127
vn -0.4949 0.7806 0.3817
vn -0.5233 0.7600 0.3855
vn -0.5159 0.7806 0.3528
vn -0.5480 0.7591 0.3512
vn -0.5555 0.7403 0.3787
vn -0.5318 0.7403 0.4113
vn -0.5283 0.7600 0.3786
vn -0.5236 0.7623 0.3804
vn -0.6795 0.7085 -0.1904
vn -0.6982 0.6985 -0.1570
vn -0.6874 0.7154 -0.1250
vn -0.6586 0.7417 -0.1267
vn -0.6400 0.7516 -0.1594
vn -0.6504 0.7350 -0.1917
vn -0.6693 0.7260 -0.1578
vn -0.6710 0.7247 -0.1566
vn -0.6631 0.7478 -0.0344
vn -0.6919 0.7212 -0.0345
vn -0.7064 0.7078 -0.0000
vn -0.6778 0.7353 -0.0006
vn -0.6488 0.7609 0.0000
vn -0.6631 0.7478 0.0344
vn -0.6919 0.7212 0.0345
vn -0.6778 0.7353 0.0006
vn -0.6586 0.7417 0.1267
vn -0.6874 0.7154 0.1250
vn -0.6982 0.6985 0.1570
vn -0.6710 0.7247 0.1566
vn -0.6400 0.7516 0.1594
vn -0.6676 0.7273 0.1591
vn -0.6504 0.7350 0.1917
vn -0.6795 0.7085 0.1904
vn -0.5409 0.8160 0.2039
vn -0.5730 0.7935 0.2051
vn -0.5514 0.8008 0.2336
vn -0.5859 0.7755 0.2354
vn -0.5651 0.7811 0.2657
vn -0.5556 0.7976 0.2348
vn -0.5550 0.7982 0.2343
vn -0.5523 0.8000 0.2343
vn -0.5205 0.8212 0.2342
vn -0.5880 0.6553 0.4742
vn -0.5838 0.6792 0.4449
vn -0.6052 0.6563 0.4507
vn -0.6035 0.6792 0.4177
vn -0.6327 0.6553 0.4127
vn -0.6356 0.6371 0.4359
vn -0.6110 0.6371 0.4698
vn -0.6156 0.6563 0.4363
vn -0.6080 0.6597 0.4418
vn -0.6988 0.5471 -0.4609
vn -0.6734 0.5710 -0.4695
vn -0.6842 0.5483 -0.4809
vn -0.6546 0.5711 -0.4953
vn -0.6543 0.5471 -0.5222
vn -0.6725 0.5313 -0.5152
vn -0.6978 0.5314 -0.4804
vn -0.6688 0.5483 -0.5021
vn -0.6719 0.5541 -0.4915
vn -0.7559 0.6020 -0.2572
vn -0.7751 0.5902 -0.2255
vn -0.7694 0.6078 -0.1964
vn -0.7455 0.6354 -0.2014
vn -0.7265 0.6463 -0.2333
vn -0.7310 0.6297 -0.2627
vn -0.7500 0.6200 -0.2302
vn -0.7544 0.6167 -0.2250
vn -0.7517 0.6192 -0.2271
vn -0.7779 0.6185 -0.1111
vn -0.7924 0.6052 -0.0769
vn -0.7828 0.6207 -0.0435
vn -0.7593 0.6491 -0.0452
vn -0.7456 0.6617 -0.0797
vn -0.7540 0.6470 -0.1132
vn -0.7681 0.6353 -0.0805
vn -0.7693 0.6343 -0.0767
vn -0.7694 0.6343 -0.0753
vn -0.7593 0.6491 0.0452
vn -0.7828 0.6207 0.0435
vn -0.7924 0.6052 0.0769
vn -0.7694 0.6343 0.0753
vn -0.7455 0.6617 0.0797
vn -0.7540 0.6470 0.1132
vn -0.7681 0.6353 0.0805
vn -0.7779 0.6185 0.1111
vn -0.7693 0.6343 0.0767
vn -0.7455 0.6354 0.2014
vn -0.7694 0.6078 0.1964
vn -0.7751 0.5902 0.2255
vn -0.7544 0.6167 0.2250
vn -0.7517 0.6192 0.2271
vn -0.7265 0.6463 0.2333
vn -0.7310 0.6297 0.2627
vn -0.7467 0.6231 0.2329
vn -0.7559 0.6020 0.2572
vn -0.6377 0.7177 0.2797
vn -0.6666 0.6921 0.2769
vn -0.6440 0.7014 0.3053
vn -0.6751 0.6725 0.3034
vn -0.6526 0.6810 0.3323
vn -0.6505 0.6965 0.3027
vn -0.6409 0.7033 0.3075
vn -0.6156 0.7253 0.3081
vn -0.6232 0.7063 0.3359
vn -0.7151 0.6081 0.3449
vn -0.7399 0.5819 0.3376
vn -0.7180 0.5924 0.3654
vn -0.7437 0.5631 0.3603
vn -0.7206 0.5752 0.3871
vn -0.7260 0.5861 0.3598
vn -0.6924 0.6182 0.3720
vn -0.6947 0.6005 0.3959
vn -0.0952 0.9794 0.1780
vn -0.1032 0.9731 0.2060
vn -0.0774 0.9766 0.2007
vn -0.0743 0.9707 0.2286
vn -0.0376 0.9731 0.2273
vn -0.0276 0.9794 0.2000
vn -0.0581 0.9822 0.1787
vn -0.0553 0.9766 0.2079
vn -0.7399 0.4403 0.5087
vn -0.7323 0.4251 0.5320
vn -0.7124 0.4403 0.5465
vn -0.7077 0.4649 0.5320
vn -0.7247 0.4649 0.5087
vn 0.0716 0.9926 0.0980
vn 0.0503 0.9951 0.0851
vn 0.0093 0.9951 0.0984
vn 0.0484 0.9931 0.1067
vn 0.0596 0.9895 0.1317
vn 0.0292 0.9895 0.1416
vn 0.0355 0.9924 0.1181
vn -0.0004 0.9926 0.1214
vn 0.0407 0.9924 0.1165
vn -0.2129 0.9318 0.2938
vn -0.1859 0.9295 0.3187
vn -0.1482 0.9374 0.3151
vn -0.1356 0.9487 0.2856
vn -0.1637 0.9515 0.2607
vn -0.2017 0.9434 0.2633
vn -0.1807 0.9400 0.2895
vn -0.1768 0.9402 0.2911
vn -0.1684 0.9414 0.2922
vn -0.3236 0.8669 0.3791
vn -0.2989 0.8635 0.4062
vn -0.2624 0.8773 0.4019
vn -0.2491 0.8945 0.3713
vn -0.2744 0.8979 0.3442
vn -0.3114 0.8844 0.3476
vn -0.2890 0.8800 0.3770
vn -0.2850 0.8817 0.3759
vn -0.2843 0.8822 0.3754
vn -0.4274 0.7811 0.4553
vn -0.4049 0.7755 0.4845
vn -0.3721 0.7935 0.4815
vn -0.3611 0.8160 0.4514
vn -0.3835 0.8212 0.4226
vn -0.4172 0.8036 0.4245
vn -0.3950 0.7976 0.4559
vn -0.3944 0.7982 0.4554
vn -0.3926 0.8008 0.4522
vn -0.5177 0.6810 0.5179
vn -0.4971 0.6725 0.5483
vn -0.4693 0.6921 0.5484
vn -0.4631 0.7177 0.5200
vn -0.4833 0.7253 0.4903
vn -0.5121 0.7063 0.4888
vn -0.4902 0.6990 0.5207
vn -0.4890 0.6965 0.5251
vn -0.4894 0.7014 0.5182
vn -0.5908 0.5752 0.5657
vn -0.5725 0.5631 0.5959
vn -0.5497 0.5819 0.5994
vn -0.5490 0.6081 0.5735
vn -0.5678 0.6182 0.5436
vn -0.5912 0.6005 0.5384
vn -0.5694 0.5924 0.5700
vn -0.5665 0.5861 0.5793
vn 0.1130 0.9678 0.2247
vn 0.0895 0.9741 0.2078
vn 0.0497 0.9741 0.2208
vn 0.0856 0.9683 0.2346
vn 0.1023 0.9601 0.2604
vn 0.0703 0.9601 0.2708
vn 0.0785 0.9672 0.2415
vn 0.0406 0.9678 0.2483
vn 0.0687 0.9683 0.2401
vn 0.1561 0.9207 0.3576
vn 0.1309 0.9321 0.3377
vn 0.0926 0.9321 0.3501
vn 0.1243 0.9212 0.3687
vn 0.1464 0.9079 0.3928
vn 0.1124 0.9079 0.4038
vn 0.1213 0.9198 0.3732
vn 0.0839 0.9207 0.3811
vn 0.1162 0.9212 0.3713
vn -0.1773 0.8831 0.4344
vn -0.1497 0.8749 0.4606
vn -0.1119 0.8831 0.4557
vn -0.1012 0.9001 0.4237
vn -0.1290 0.9087 0.3971
vn -0.1672 0.9001 0.4023
vn -0.1420 0.8920 0.4292
vn -0.1374 0.8920 0.4307
vn -0.0582 0.9487 0.3107
vn -0.0653 0.9374 0.3420
vn -0.0369 0.9295 0.3671
vn -0.0004 0.9318 0.3629
vn 0.0084 0.9434 0.3316
vn -0.0239 0.9400 0.3404
vn -0.0280 0.9402 0.3394
vn -0.0355 0.9414 0.3354
vn -0.0305 0.9411 0.3369
vn 0.1984 0.8500 0.4879
vn 0.1720 0.8670 0.4677
vn 0.1358 0.8670 0.4795
vn 0.1626 0.8505 0.5003
vn 0.1625 0.8507 0.5000
vn 0.1889 0.8331 0.5198
vn 0.1624 0.8509 0.4997
vn 0.1527 0.8331 0.5316
vn -0.2886 0.8050 0.5183
vn -0.2618 0.7961 0.5455
vn -0.2249 0.8098 0.5419
vn -0.2145 0.8323 0.5112
vn -0.2411 0.8413 0.4838
vn -0.2782 0.8277 0.4874
vn -0.2519 0.8189 0.5157
vn -0.2510 0.8196 0.5150
vn -0.1269 0.8323 0.5396
vn -0.1365 0.8098 0.5706
vn -0.0993 0.8189 0.5652
vn -0.1089 0.7961 0.5952
vn -0.0995 0.8193 0.5647
vn -0.0712 0.8050 0.5889
vn -0.0614 0.8277 0.5578
vn -0.0893 0.8413 0.5331
vn -0.0167 0.8945 0.4468
vn -0.0239 0.8773 0.4794
vn 0.0030 0.8635 0.5043
vn 0.0390 0.8669 0.4969
vn 0.0476 0.8844 0.4643
vn 0.0122 0.8800 0.4748
vn 0.0096 0.8817 0.4716
vn 0.0093 0.8822 0.4708
vn 0.0197 0.8979 0.4397
vn 0.2369 0.7591 0.6063
vn 0.2100 0.7806 0.5887
vn 0.2049 0.7600 0.6168
vn 0.1761 0.7806 0.5997
vn 0.1647 0.7591 0.6298
vn 0.1885 0.7403 0.6453
vn 0.2268 0.7403 0.6329
vn 0.1968 0.7600 0.6195
vn 0.2000 0.7623 0.6155
vn -0.3910 0.7085 0.5875
vn -0.3651 0.6985 0.6155
vn -0.3313 0.7154 0.6151
vn -0.3240 0.7417 0.5873
vn -0.3494 0.7516 0.5594
vn -0.3833 0.7350 0.5593
vn -0.3569 0.7260 0.5878
vn -0.3563 0.7247 0.5897
vn -0.2376 0.7478 0.6200
vn -0.2467 0.7212 0.6474
vn -0.2183 0.7078 0.6718
vn -0.2100 0.7353 0.6444
vn -0.2005 0.7609 0.6171
vn -0.1722 0.7478 0.6412
vn -0.1810 0.7212 0.6687
vn -0.2088 0.7353 0.6448
vn -0.0831 0.7417 0.6655
vn -0.0935 0.7154 0.6924
vn -0.0664 0.6985 0.7125
vn -0.0584 0.7247 0.6865
vn -0.0461 0.7516 0.6580
vn -0.0550 0.7273 0.6841
vn -0.0186 0.7350 0.6778
vn -0.0290 0.7085 0.7051
vn 0.0268 0.8160 0.5774
vn 0.0180 0.7935 0.6083
vn 0.0518 0.8009 0.5966
vn 0.0428 0.7755 0.6299
vn 0.0781 0.7811 0.6195
vn 0.0516 0.7976 0.6010
vn 0.0514 0.7982 0.6002
vn 0.0522 0.8000 0.5977
vn 0.0619 0.8212 0.5673
vn 0.2693 0.6553 0.7058
vn 0.2427 0.6792 0.6927
vn 0.2416 0.6563 0.7148
vn 0.2108 0.6792 0.7031
vn 0.1969 0.6553 0.7293
vn 0.2182 0.6372 0.7392
vn 0.2580 0.6371 0.7263
vn 0.2247 0.6563 0.7203
vn 0.2322 0.6597 0.7148
vn -0.6543 0.5471 0.5222
vn -0.6546 0.5711 0.4953
vn -0.6688 0.5483 0.5021
vn -0.6734 0.5710 0.4695
vn -0.6988 0.5471 0.4609
vn -0.6978 0.5313 0.4804
vn -0.6725 0.5313 0.5152
vn -0.6842 0.5483 0.4809
vn -0.6751 0.5541 0.4871
vn -0.4782 0.6020 0.6394
vn -0.4540 0.5902 0.6675
vn -0.4246 0.6078 0.6710
vn -0.4219 0.6354 0.6468
vn -0.4464 0.6463 0.6189
vn -0.4757 0.6297 0.6141
vn -0.4507 0.6200 0.6422
vn -0.4471 0.6167 0.6479
vn -0.4483 0.6192 0.6447
vn -0.3461 0.6185 0.7055
vn -0.3180 0.6052 0.7298
vn -0.2833 0.6207 0.7310
vn -0.2776 0.6491 0.7082
vn -0.3062 0.6617 0.6844
vn -0.3407 0.6470 0.6822
vn -0.3139 0.6353 0.7056
vn -0.3107 0.6343 0.7080
vn -0.3093 0.6343 0.7085
vn -0.1917 0.6491 0.7361
vn -0.2005 0.6207 0.7579
vn -0.1718 0.6052 0.7773
vn -0.1662 0.6343 0.7550
vn -0.1546 0.6617 0.7337
vn -0.1254 0.6470 0.7521
vn -0.1608 0.6353 0.7553
vn -0.1347 0.6185 0.7742
vn -0.1648 0.6343 0.7554
vn -0.0389 0.6354 0.7712
vn -0.0509 0.6078 0.7924
vn -0.0251 0.5902 0.8069
vn -0.0191 0.6167 0.7870
vn -0.0163 0.6192 0.7851
vn -0.0026 0.6463 0.7631
vn 0.0239 0.6297 0.7764
vn -0.0092 0.6231 0.7821
vn 0.0111 0.6020 0.7984
vn 0.0690 0.7177 0.6929
vn 0.0573 0.6921 0.7195
vn 0.0913 0.7014 0.7069
vn 0.0799 0.6725 0.7358
vn 0.1144 0.6810 0.7233
vn 0.0869 0.6965 0.7123
vn 0.0944 0.7034 0.7046
vn 0.1028 0.7253 0.6807
vn 0.1269 0.7063 0.6965
vn 0.1070 0.6081 0.7866
vn 0.0924 0.5819 0.8080
vn 0.1256 0.5924 0.7958
vn 0.1129 0.5631 0.8186
vn 0.1454 0.5752 0.8050
vn 0.1178 0.5861 0.8017
vn 0.1398 0.6182 0.7735
vn 0.1619 0.6005 0.7831
vn 0.1399 0.9794 0.1456
vn 0.1641 0.9731 0.1618
vn 0.1669 0.9766 0.1357
vn 0.1945 0.9707 0.1413
vn 0.1740 0.9766 0.1264
vn 0.2046 0.9731 0.1060
vn 0.1817 0.9794 0.0880
vn 0.1520 0.9822 0.1104
vn 0.2551 0.4403 0.8608
vn 0.2797 0.4251 0.8608
vn 0.2996 0.4403 0.8464
vn 0.2873 0.4649 0.8375
vn 0.2598 0.4649 0.8464
vn 0.2764 0.4472 0.8506
vn 0.2137 0.9318 0.2933
vn 0.2456 0.9295 0.2753
vn 0.2539 0.9374 0.2383
vn 0.2297 0.9487 0.2172
vn 0.1973 0.9515 0.2362
vn 0.1881 0.9434 0.2732
vn 0.2195 0.9400 0.2614
vn 0.2222 0.9402 0.2581
vn 0.2259 0.9414 0.2505
vn 0.2605 0.8669 0.4249
vn 0.2940 0.8635 0.4098
vn 0.3011 0.8773 0.3738
vn 0.2761 0.8945 0.3516
vn 0.2425 0.8979 0.3673
vn 0.2344 0.8844 0.4036
vn 0.2692 0.8800 0.3913
vn 0.2695 0.8817 0.3872
vn 0.2692 0.8822 0.3864
vn 0.3010 0.7811 0.5471
vn 0.3356 0.7755 0.5348
vn 0.3430 0.7935 0.5027
vn 0.3177 0.8160 0.4829
vn 0.2834 0.8212 0.4953
vn 0.2748 0.8036 0.5279
vn 0.3115 0.7976 0.5166
vn 0.3113 0.7982 0.5158
vn 0.3088 0.8008 0.5131
vn 0.3326 0.6810 0.6524
vn 0.3678 0.6725 0.6422
vn 0.3765 0.6921 0.6158
vn 0.3515 0.7177 0.6011
vn 0.3169 0.7253 0.6111
vn 0.3067 0.7063 0.6380
vn 0.3437 0.6990 0.6271
vn 0.3483 0.6965 0.6273
vn 0.3416 0.7014 0.6256
vn 0.3555 0.5752 0.7367
vn 0.3898 0.5631 0.7286
vn 0.4002 0.5819 0.7080
vn 0.3758 0.6081 0.6993
vn 0.3415 0.6182 0.7080
vn 0.3293 0.6005 0.7286
vn 0.3661 0.5924 0.7177
vn 0.3759 0.5861 0.7178
vn 0.3583 0.8831 0.3029
vn 0.3918 0.8749 0.2847
vn 0.3988 0.8831 0.2472
vn 0.3717 0.9001 0.2271
vn 0.3378 0.9087 0.2454
vn 0.3309 0.9001 0.2833
vn 0.3643 0.8920 0.2677
vn 0.3671 0.8920 0.2637
vn 0.2775 0.9487 0.1514
vn 0.3051 0.9374 0.1678
vn 0.3377 0.9295 0.1485
vn 0.3450 0.9318 0.1126
vn 0.3180 0.9434 0.0945
vn 0.3164 0.9400 0.1280
vn 0.3141 0.9402 0.1315
vn 0.3080 0.9414 0.1374
vn 0.3110 0.9411 0.1331
vn 0.2253 0.9741 0.0209
vn 0.2487 0.9678 0.0381
vn 0.2793 0.9601 0.0168
vn 0.2793 0.9601 -0.0168
vn 0.2487 0.9678 -0.0381
vn 0.2253 0.9741 -0.0209
vn 0.2495 0.9683 0.0089
vn 0.2539 0.9672 0.0000
vn 0.2495 0.9683 -0.0089
vn 0.4038 0.8050 0.4346
vn 0.4379 0.7961 0.4176
vn 0.4458 0.8098 0.3814
vn 0.4199 0.8323 0.3619
vn 0.3856 0.8413 0.3788
vn 0.3775 0.8277 0.4152
vn 0.4126 0.8189 0.3989
vn 0.4123 0.8196 0.3979
vn 0.4740 0.8323 0.2875
vn 0.5005 0.8098 0.3062
vn 0.5325 0.7961 0.2875
vn 0.5381 0.8050 0.2497
vn 0.5115 0.8277 0.2308
vn 0.5069 0.8189 0.2691
vn 0.5058 0.8196 0.2691
vn 0.4794 0.8413 0.2497
vn 0.4197 0.8945 0.1539
vn 0.4485 0.8773 0.1709
vn 0.4806 0.8635 0.1530
vn 0.4846 0.8669 0.1165
vn 0.4562 0.8844 0.0982
vn 0.4554 0.8800 0.1351
vn 0.4515 0.8817 0.1366
vn 0.4506 0.8822 0.1366
vn 0.4243 0.8979 0.1172
vn 0.3616 0.9321 0.0201
vn 0.3884 0.9207 0.0380
vn 0.4188 0.9079 0.0179
vn 0.4188 0.9079 -0.0179
vn 0.3884 0.9207 -0.0380
vn 0.3616 0.9321 -0.0201
vn 0.3890 0.9212 0.0042
vn 0.3924 0.9198 -0.0000
vn 0.3890 0.9212 -0.0042
vn 0.4379 0.7085 0.5534
vn 0.4725 0.6985 0.5374
vn 0.4826 0.7154 0.5052
vn 0.4584 0.7417 0.4896
vn 0.4241 0.7516 0.5052
vn 0.4134 0.7350 0.5374
vn 0.4487 0.7260 0.5211
vn 0.4508 0.7247 0.5211
vn 0.5162 0.7478 0.4176
vn 0.5395 0.7212 0.4346
vn 0.5715 0.7078 0.4152
vn 0.5480 0.7353 0.3989
vn 0.5249 0.7609 0.3814
vn 0.5566 0.7478 0.3619
vn 0.5801 0.7212 0.3788
vn 0.5487 0.7353 0.3979
vn 0.6073 0.7417 0.2847
vn 0.6296 0.7154 0.3029
vn 0.6571 0.6985 0.2833
vn 0.6349 0.7247 0.2677
vn 0.6115 0.7516 0.2472
vn 0.6336 0.7273 0.2637
vn 0.6389 0.7350 0.2271
vn 0.6617 0.7085 0.2454
vn 0.5574 0.8160 0.1530
vn 0.5841 0.7935 0.1709
vn 0.5834 0.8008 0.1351
vn 0.6123 0.7755 0.1539
vn 0.6134 0.7811 0.1172
vn 0.5875 0.7976 0.1366
vn 0.5867 0.7982 0.1366
vn 0.5846 0.8000 0.1351
vn 0.5587 0.8212 0.1165
vn 0.4980 0.8670 0.0190
vn 0.5254 0.8500 0.0379
vn 0.5528 0.8331 0.0190
vn 0.5528 0.8331 -0.0190
vn 0.5254 0.8500 -0.0379
vn 0.4980 0.8670 -0.0190
vn 0.5261 0.8504 0.0000
vn 0.5254 0.8509 0.0000
vn 0.2944 0.5471 0.7836
vn 0.2688 0.5710 0.7757
vn 0.2708 0.5483 0.7912
vn 0.2385 0.5710 0.7855
vn 0.2224 0.5471 0.8070
vn 0.2412 0.5313 0.8121
vn 0.2822 0.5314 0.7988
vn 0.2460 0.5483 0.7993
vn 0.2546 0.5541 0.7925
vn 0.4603 0.6020 0.6524
vn 0.4946 0.5902 0.6380
vn 0.5070 0.6078 0.6111
vn 0.4848 0.6354 0.6011
vn 0.4506 0.6463 0.6158
vn 0.4370 0.6297 0.6422
vn 0.4715 0.6200 0.6271
vn 0.4780 0.6167 0.6255
vn 0.4746 0.6192 0.6256
vn 0.5640 0.6185 0.5471
vn 0.5959 0.6052 0.5279
vn 0.6077 0.6207 0.4954
vn 0.5878 0.6491 0.4829
vn 0.5563 0.6617 0.5027
vn 0.5435 0.6470 0.5348
vn 0.5741 0.6353 0.5166
vn 0.5773 0.6343 0.5142
vn 0.5782 0.6343 0.5131
vn 0.6409 0.6491 0.4098
vn 0.6589 0.6207 0.4249
vn 0.6862 0.6052 0.4036
vn 0.6667 0.6343 0.3913
vn 0.6500 0.6617 0.3738
vn 0.6766 0.6470 0.3516
vn 0.6687 0.6353 0.3864
vn 0.6947 0.6185 0.3673
vn 0.6675 0.6343 0.3902
vn 0.7215 0.6354 0.2753
vn 0.7379 0.6078 0.2933
vn 0.7596 0.5902 0.2732
vn 0.7426 0.6167 0.2614
vn 0.7416 0.6192 0.2581
vn 0.7249 0.6463 0.2383
vn 0.7458 0.6297 0.2172
vn 0.7410 0.6231 0.2505
vn 0.7627 0.6020 0.2362
vn 0.6803 0.7177 0.1485
vn 0.7020 0.6921 0.1678
vn 0.7005 0.7014 0.1315
vn 0.7244 0.6725 0.1514
vn 0.7233 0.6810 0.1147
vn 0.7043 0.6965 0.1374
vn 0.6992 0.7033 0.1280
vn 0.6792 0.7253 0.1126
vn 0.7016 0.7063 0.0945
vn 0.6248 0.7806 -0.0179
vn 0.6247 0.7806 0.0179
vn 0.6498 0.7591 0.0380
vn 0.6720 0.7403 0.0201
vn 0.6720 0.7403 -0.0201
vn 0.6500 0.7599 0.0042
vn 0.6472 0.7623 0.0000
vn 0.6498 0.7591 -0.0380
vn 0.6481 0.7616 0.0000
vn 0.8208 0.5710 -0.0160
vn 0.8208 0.5710 0.0160
vn 0.8362 0.5471 0.0379
vn 0.8324 0.5541 -0.0027
vn 0.8469 0.5313 0.0215
vn 0.8469 0.5313 -0.0215
vn 0.8362 0.5483 0.0131
vn 0.8324 0.5541 0.0027
vn 0.8362 0.5471 -0.0379
vn 0.7812 0.6081 0.1413
vn 0.7970 0.5819 0.1618
vn 0.7957 0.5924 0.1264
vn 0.8135 0.5631 0.1456
vn 0.8105 0.5752 0.1104
vn 0.7988 0.5861 0.1357
vn 0.7789 0.6182 0.1060
vn 0.7947 0.6005 0.0880
vn 0.9186 0.3528 -0.1780
vn 0.9165 0.3429 -0.2060
vn 0.9081 0.3675 -0.2007
vn 0.9014 0.3677 -0.2286
vn 0.8872 0.4015 -0.2273
vn 0.8883 0.4133 -0.2000
vn 0.9045 0.3873 -0.1787
vn 0.8982 0.3873 -0.2079
vn 0.7338 0.6792 -0.0168
vn 0.7338 0.6792 0.0168
vn 0.7544 0.6553 0.0381
vn 0.7705 0.6372 0.0209
vn 0.7705 0.6371 -0.0209
vn 0.7545 0.6562 0.0089
vn 0.7516 0.6597 0.0000
vn 0.7544 0.6553 -0.0381
vn 0.7509 0.6604 -0.0000
vn 0.9306 0.3639 -0.0393
vn 0.9395 0.3406 -0.0372
vn 0.9412 0.3301 -0.0716
vn 0.9328 0.3469 -0.0974
vn 0.9196 0.3804 -0.0984
vn 0.9193 0.3865 -0.0741
vn 0.9338 0.3530 -0.0578
vn 0.9329 0.3531 -0.0703
vn 0.9315 0.3560 -0.0747
vn 0.9287 0.2263 -0.2938
vn 0.9145 0.2494 -0.3187
vn 0.9047 0.2867 -0.3151
vn 0.9092 0.3030 -0.2856
vn 0.9242 0.2791 -0.2607
vn 0.9340 0.2415 -0.2634
vn 0.9216 0.2587 -0.2895
vn 0.9200 0.2624 -0.2911
vn 0.9173 0.2704 -0.2923
vn 0.9201 0.0983 -0.3791
vn 0.9060 0.1189 -0.4062
vn 0.9020 0.1576 -0.4019
vn 0.9115 0.1772 -0.3713
vn 0.9258 0.1561 -0.3442
vn 0.9303 0.1170 -0.3476
vn 0.9163 0.1351 -0.3770
vn 0.9161 0.1395 -0.3759
vn 0.9162 0.1403 -0.3754
vn 0.8897 -0.0329 -0.4553
vn 0.8747 -0.0154 -0.4845
vn 0.8761 0.0221 -0.4816
vn 0.8913 0.0420 -0.4514
vn 0.9060 0.0242 -0.4226
vn 0.9053 -0.0137 -0.4245
vn 0.8900 0.0034 -0.4559
vn 0.8903 0.0042 -0.4554
vn 0.8919 0.0070 -0.4522
vn 0.8406 -0.1585 -0.5179
vn 0.8238 -0.1439 -0.5483
vn 0.8289 -0.1103 -0.5484
vn 0.8491 -0.0932 -0.5200
vn 0.8649 -0.1079 -0.4903
vn 0.8607 -0.1421 -0.4888
vn 0.8444 -0.1259 -0.5207
vn 0.8417 -0.1259 -0.5251
vn 0.8462 -0.1240 -0.5182
vn 0.7787 -0.2712 -0.5658
vn 0.7597 -0.2602 -0.5959
vn 0.7663 -0.2314 -0.5994
vn 0.7894 -0.2191 -0.5735
vn 0.8068 -0.2314 -0.5436
vn 0.8015 -0.2602 -0.5384
vn 0.7845 -0.2444 -0.5700
vn 0.7775 -0.2446 -0.5793
vn 0.8692 0.2363 -0.4344
vn 0.8495 0.2574 -0.4606
vn 0.8399 0.2949 -0.4557
vn 0.8503 0.3121 -0.4237
vn 0.8704 0.2910 -0.3971
vn 0.8799 0.2530 -0.4023
vn 0.8613 0.2719 -0.4292
vn 0.8593 0.2760 -0.4307
vn 0.8746 0.3722 -0.3107
vn 0.8677 0.3608 -0.3420
vn 0.8478 0.3827 -0.3671
vn 0.8336 0.4163 -0.3629
vn 0.8400 0.4294 -0.3316
vn 0.8514 0.3990 -0.3404
vn 0.8535 0.3954 -0.3394
vn 0.8579 0.3892 -0.3354
vn 0.8553 0.3936 -0.3369
vn 0.8490 0.4801 -0.2208
vn 0.8475 0.4692 -0.2483
vn 0.8273 0.4922 -0.2708
vn 0.8129 0.5209 -0.2604
vn 0.8151 0.5339 -0.2247
vn 0.8312 0.5157 -0.2078
vn 0.8354 0.4945 -0.2401
vn 0.8300 0.5027 -0.2415
vn 0.8278 0.5096 -0.2346
vn 0.8491 0.1019 -0.5183
vn 0.8292 0.1219 -0.5455
vn 0.8249 0.1610 -0.5419
vn 0.8403 0.1804 -0.5112
vn 0.8603 0.1606 -0.4838
vn 0.8647 0.1213 -0.4874
vn 0.8451 0.1410 -0.5157
vn 0.8453 0.1420 -0.5150
vn 0.8012 0.2587 -0.5396
vn 0.7854 0.2401 -0.5706
vn 0.7769 0.2774 -0.5652
vn 0.7608 0.2587 -0.5952
vn 0.7773 0.2774 -0.5647
vn 0.7519 0.2964 -0.5890
vn 0.7678 0.3153 -0.5578
vn 0.7925 0.2964 -0.5331
vn 0.8075 0.3851 -0.4468
vn 0.7954 0.3709 -0.4794
vn 0.7710 0.3889 -0.5043
vn 0.7580 0.4226 -0.4969
vn 0.7698 0.4381 -0.4643
vn 0.7816 0.4045 -0.4748
vn 0.7844 0.4029 -0.4716
vn 0.7849 0.4029 -0.4708
vn 0.7943 0.4192 -0.4397
vn 0.7923 0.4997 -0.3501
vn 0.7860 0.4868 -0.3811
vn 0.7618 0.5066 -0.4038
vn 0.7466 0.5370 -0.3928
vn 0.7537 0.5514 -0.3576
vn 0.7752 0.5339 -0.3377
vn 0.7720 0.5159 -0.3713
vn 0.7684 0.5198 -0.3732
vn 0.7684 0.5231 -0.3687
vn 0.8086 -0.0329 -0.5875
vn 0.7880 -0.0142 -0.6155
vn 0.7881 0.0236 -0.6151
vn 0.8083 0.0419 -0.5873
vn 0.8285 0.0236 -0.5594
vn 0.8289 -0.0141 -0.5593
vn 0.8090 0.0054 -0.5878
vn 0.8076 0.0054 -0.5897
vn 0.7751 0.1219 -0.6200
vn 0.7553 0.1019 -0.6474
vn 0.7307 0.1213 -0.6718
vn 0.7516 0.1410 -0.6444
vn 0.7703 0.1610 -0.6171
vn 0.7458 0.1804 -0.6412
vn 0.7260 0.1607 -0.6687
vn 0.7511 0.1420 -0.6448
vn 0.7005 0.2574 -0.6656
vn 0.6817 0.2363 -0.6924
vn 0.6545 0.2530 -0.7125
vn 0.6743 0.2719 -0.6865
vn 0.6747 0.2740 -0.6853
vn 0.6929 0.2949 -0.6580
vn 0.6751 0.2760 -0.6841
vn 0.6657 0.3121 -0.6778
vn 0.7179 0.3889 -0.5774
vn 0.7017 0.3709 -0.6083
vn 0.6931 0.4045 -0.5966
vn 0.6745 0.3851 -0.6299
vn 0.6637 0.4192 -0.6195
vn 0.6903 0.4029 -0.6010
vn 0.6909 0.4029 -0.6002
vn 0.6922 0.4045 -0.5977
vn 0.7068 0.4226 -0.5673
vn 0.7147 0.5092 -0.4795
vn 0.7038 0.4931 -0.5114
vn 0.6769 0.5092 -0.5316
vn 0.6607 0.5415 -0.5198
vn 0.6716 0.5576 -0.4879
vn 0.6986 0.5415 -0.4677
vn 0.6880 0.5257 -0.5003
vn 0.6884 0.5257 -0.4997
vn 0.7523 -0.1585 -0.6394
vn 0.7309 -0.1421 -0.6675
vn 0.7335 -0.1079 -0.6710
vn 0.7569 -0.0932 -0.6468
vn 0.7777 -0.1103 -0.6189
vn 0.7760 -0.1439 -0.6141
vn 0.7562 -0.1259 -0.6422
vn 0.7515 -0.1242 -0.6479
vn 0.7543 -0.1240 -0.6447
vn 0.7080 -0.0329 -0.7055
vn 0.6835 -0.0138 -0.7298
vn 0.6819 0.0242 -0.7310
vn 0.7048 0.0420 -0.7082
vn 0.7287 0.0221 -0.6844
vn 0.7310 -0.0154 -0.6822
vn 0.7086 0.0034 -0.7056
vn 0.7062 0.0058 -0.7080
vn 0.7057 0.0070 -0.7085
vn 0.6663 0.1189 -0.7361
vn 0.6449 0.0983 -0.7580
vn 0.6181 0.1170 -0.7773
vn 0.6417 0.1351 -0.7550
vn 0.6610 0.1576 -0.7337
vn 0.6347 0.1772 -0.7521
vn 0.6401 0.1403 -0.7554
vn 0.6134 0.1561 -0.7742
vn 0.6410 0.1362 -0.7554
vn 0.5857 0.2494 -0.7712
vn 0.5664 0.2263 -0.7924
vn 0.5391 0.2415 -0.8069
vn 0.5601 0.2587 -0.7870
vn 0.5611 0.2624 -0.7851
vn 0.5792 0.2867 -0.7631
vn 0.5526 0.3030 -0.7764
vn 0.5614 0.2704 -0.7821
vn 0.5335 0.2791 -0.7984
vn 0.6111 0.3827 -0.6929
vn 0.5934 0.3608 -0.7195
vn 0.5865 0.3954 -0.7069
vn 0.5658 0.3722 -0.7358
vn 0.5579 0.4069 -0.7233
vn 0.5841 0.3892 -0.7123
vn 0.5869 0.3990 -0.7046
vn 0.6027 0.4163 -0.6807
vn 0.5750 0.4294 -0.6965
vn 0.6043 0.5370 -0.5887
vn 0.6195 0.5066 -0.5997
vn 0.6053 0.4868 -0.6298
vn 0.5778 0.4997 -0.6453
vn 0.5607 0.5339 -0.6329
vn 0.5917 0.5159 -0.6195
vn 0.5924 0.5198 -0.6155
vn 0.5730 0.5514 -0.6063
vn 0.5916 0.5197 -0.6164
vn 0.4960 0.3677 -0.7867
vn 0.4792 0.3429 -0.8080
vn 0.4736 0.3773 -0.7958
vn 0.4532 0.3528 -0.8186
vn 0.4494 0.3873 -0.8050
vn 0.4715 0.3675 -0.8017
vn 0.4904 0.4015 -0.7735
vn 0.4647 0.4133 -0.7831
vn 0.1145 0.3528 -0.9287
vn 0.0873 0.3429 -0.9353
vn 0.0898 0.3675 -0.9257
vn 0.0611 0.3677 -0.9280
vn 0.0579 0.4015 -0.9140
vn 0.0843 0.4133 -0.9067
vn 0.1095 0.3873 -0.9154
vn 0.0799 0.3873 -0.9185
vn 0.4989 0.5209 -0.6927
vn 0.5132 0.4922 -0.7031
vn 0.4980 0.4692 -0.7293
vn 0.4723 0.4801 -0.7392
vn 0.4545 0.5157 -0.7263
vn 0.4865 0.4945 -0.7203
vn 0.4861 0.5027 -0.7148
vn 0.4656 0.5339 -0.7058
vn 0.4869 0.5029 -0.7141
vn 0.2502 0.3639 -0.8972
vn 0.2550 0.3406 -0.9050
vn 0.2228 0.3302 -0.9173
vn 0.1957 0.3469 -0.9173
vn 0.1906 0.3804 -0.9050
vn 0.2136 0.3865 -0.8972
vn 0.2336 0.3530 -0.9060
vn 0.2214 0.3531 -0.9090
vn 0.2168 0.3560 -0.9090
vn 0.0075 0.2263 -0.9740
vn -0.0205 0.2494 -0.9682
vn -0.0201 0.2867 -0.9578
vn 0.0094 0.3030 -0.9529
vn 0.0377 0.2791 -0.9595
vn 0.0381 0.2415 -0.9696
vn 0.0095 0.2587 -0.9659
vn 0.0075 0.2624 -0.9649
vn 0.0055 0.2704 -0.9627
vn -0.0762 0.0983 -0.9922
vn -0.1064 0.1189 -0.9872
vn -0.1035 0.1576 -0.9821
vn -0.0714 0.1772 -0.9816
vn -0.0412 0.1561 -0.9869
vn -0.0431 0.1170 -0.9922
vn -0.0753 0.1351 -0.9880
vn -0.0744 0.1395 -0.9874
vn -0.0739 0.1403 -0.9874
vn -0.1581 -0.0329 -0.9869
vn -0.1905 -0.0154 -0.9816
vn -0.1873 0.0221 -0.9821
vn -0.1539 0.0420 -0.9872
vn -0.1220 0.0242 -0.9922
vn -0.1240 -0.0138 -0.9922
vn -0.1585 0.0034 -0.9874
vn -0.1580 0.0042 -0.9874
vn -0.1545 0.0070 -0.9880
vn -0.2328 -0.1585 -0.9595
vn -0.2669 -0.1439 -0.9529
vn -0.2654 -0.1103 -0.9578
vn -0.2322 -0.0932 -0.9682
vn -0.1990 -0.1079 -0.9740
vn -0.1989 -0.1421 -0.9696
vn -0.2343 -0.1259 -0.9640
vn -0.2394 -0.1259 -0.9627
vn -0.2313 -0.1240 -0.9649
vn -0.2974 -0.2712 -0.9154
vn -0.3320 -0.2602 -0.9067
vn -0.3332 -0.2314 -0.9140
vn -0.3015 -0.2191 -0.9280
vn -0.2676 -0.2314 -0.9353
vn -0.2643 -0.2602 -0.9287
vn -0.2996 -0.2444 -0.9222
vn -0.3107 -0.2446 -0.9185
vn 0.3905 0.4958 -0.7757
vn 0.4041 0.4687 -0.7855
vn 0.3898 0.4436 -0.8070
vn 0.3794 0.4802 -0.7908
vn 0.3674 0.4534 -0.8121
vn 0.3490 0.4900 -0.7988
vn 0.3804 0.4652 -0.7993
vn 0.3817 0.4756 -0.7925
vn 0.3576 0.5080 -0.7836
vn -0.1446 0.2363 -0.9609
vn -0.1755 0.2574 -0.9502
vn -0.1738 0.2949 -0.9396
vn -0.1402 0.3121 -0.9397
vn -0.1087 0.2910 -0.9505
vn -0.1107 0.2530 -0.9611
vn -0.1420 0.2719 -0.9518
vn -0.1441 0.2760 -0.9503
vn -0.0252 0.3722 -0.9278
vn -0.0571 0.3608 -0.9309
vn -0.0871 0.3827 -0.9198
vn -0.0875 0.4163 -0.9050
vn -0.0558 0.4294 -0.9014
vn -0.0607 0.3990 -0.9150
vn -0.0590 0.3954 -0.9166
vn -0.0539 0.3892 -0.9196
vn -0.0561 0.3936 -0.9176
vn 0.0524 0.4801 -0.8757
vn 0.0258 0.4692 -0.8827
vn -0.0019 0.4922 -0.8705
vn 0.0035 0.5209 -0.8536
vn 0.0381 0.5339 -0.8447
vn 0.0592 0.5157 -0.8547
vn 0.0298 0.4945 -0.8687
vn 0.0268 0.5027 -0.8640
vn 0.0327 0.5096 -0.8598
vn -0.2306 0.1019 -0.9677
vn -0.2626 0.1219 -0.9572
vn -0.2604 0.1610 -0.9520
vn -0.2265 0.1804 -0.9572
vn -0.1942 0.1607 -0.9677
vn -0.1963 0.1213 -0.9730
vn -0.2293 0.1410 -0.9631
vn -0.2286 0.1420 -0.9631
vn -0.2656 0.2587 -0.9287
vn -0.3000 0.2401 -0.9232
vn -0.3310 0.2587 -0.9075
vn -0.3278 0.2964 -0.8971
vn -0.2933 0.3153 -0.9026
vn -0.2975 0.2774 -0.9135
vn -0.2963 0.2774 -0.9139
vn -0.2621 0.2964 -0.9184
vn -0.1754 0.3851 -0.9061
vn -0.2102 0.3709 -0.9046
vn -0.2414 0.3889 -0.8891
vn -0.2383 0.4226 -0.8744
vn -0.2037 0.4381 -0.8756
vn -0.2101 0.4045 -0.8901
vn -0.2062 0.4029 -0.8917
vn -0.2052 0.4029 -0.8920
vn -0.1728 0.4192 -0.8913
vn -0.0881 0.4997 -0.8617
vn -0.1196 0.4868 -0.8653
vn -0.1487 0.5066 -0.8493
vn -0.1429 0.5370 -0.8314
vn -0.1072 0.5514 -0.8273
vn -0.0816 0.5339 -0.8416
vn -0.1146 0.5159 -0.8490
vn -0.1175 0.5198 -0.8462
vn -0.1132 0.5231 -0.8447
vn -0.3089 -0.0329 -0.9505
vn -0.3418 -0.0142 -0.9397
vn -0.3415 0.0236 -0.9396
vn -0.3087 0.0419 -0.9502
vn -0.2760 0.0236 -0.9609
vn -0.2758 -0.0142 -0.9611
vn -0.3090 0.0054 -0.9510
vn -0.3113 0.0054 -0.9503
vn -0.3502 0.1219 -0.9287
vn -0.3823 0.1019 -0.9184
vn -0.4131 0.1213 -0.9026
vn -0.3806 0.1410 -0.9139
vn -0.3489 0.1610 -0.9232
vn -0.3794 0.1804 -0.9075
vn -0.4117 0.1606 -0.8971
vn -0.3811 0.1420 -0.9135
vn -0.4165 0.2574 -0.8719
vn -0.4478 0.2363 -0.8623
vn -0.4754 0.2530 -0.8426
vn -0.4446 0.2719 -0.8535
vn -0.4433 0.2740 -0.8535
vn -0.4116 0.2949 -0.8623
vn -0.4420 0.2760 -0.8535
vn -0.4389 0.3121 -0.8426
vn -0.3273 0.3889 -0.8612
vn -0.3617 0.3709 -0.8553
vn -0.3532 0.4045 -0.8436
vn -0.3907 0.3851 -0.8361
vn -0.3842 0.4192 -0.8226
vn -0.3583 0.4029 -0.8422
vn -0.3574 0.4029 -0.8426
vn -0.3545 0.4045 -0.8430
vn -0.3212 0.4226 -0.8475
vn -0.2351 0.5092 -0.8279
vn -0.2688 0.4931 -0.8274
vn -0.2964 0.5092 -0.8080
vn -0.2902 0.5415 -0.7890
vn -0.2565 0.5576 -0.7895
vn -0.2290 0.5415 -0.8089
vn -0.2632 0.5257 -0.8089
vn -0.2625 0.5257 -0.8091
vn -0.3756 -0.1585 -0.9131
vn -0.4090 -0.1421 -0.9014
vn -0.4115 -0.1079 -0.9050
vn -0.3812 -0.0932 -0.9198
vn -0.3483 -0.1103 -0.9309
vn -0.3442 -0.1439 -0.9278
vn -0.3771 -0.1259 -0.9176
vn -0.3840 -0.1242 -0.9150
vn -0.3801 -0.1240 -0.9166
vn -0.4522 -0.0329 -0.8913
vn -0.4829 -0.0138 -0.8756
vn -0.4845 0.0242 -0.8744
vn -0.4558 0.0420 -0.8891
vn -0.4258 0.0221 -0.9046
vn -0.4229 -0.0154 -0.9061
vn -0.4521 0.0034 -0.8920
vn -0.4551 0.0058 -0.8904
vn -0.4557 0.0070 -0.8901
vn -0.4942 0.1189 -0.8612
vn -0.5216 0.0983 -0.8475
vn -0.5483 0.1170 -0.8281
vn -0.5198 0.1351 -0.8436
vn -0.4935 0.1576 -0.8553
vn -0.5192 0.1772 -0.8361
vn -0.5206 0.1403 -0.8422
vn -0.5467 0.1561 -0.8226
vn -0.5203 0.1362 -0.8430
vn -0.5525 0.2494 -0.7953
vn -0.5786 0.2263 -0.7836
vn -0.6008 0.2415 -0.7620
vn -0.5754 0.2587 -0.7759
vn -0.5732 0.2624 -0.7762
vn -0.5467 0.2867 -0.7867
vn -0.5677 0.3030 -0.7654
vn -0.5704 0.2704 -0.7756
vn -0.5945 0.2791 -0.7541
vn -0.4701 0.3827 -0.7953
vn -0.5009 0.3608 -0.7867
vn -0.4910 0.3954 -0.7762
vn -0.5249 0.3722 -0.7654
vn -0.5155 0.4069 -0.7541
vn -0.4969 0.3892 -0.7756
vn -0.4887 0.3990 -0.7759
vn -0.4611 0.4163 -0.7836
vn -0.4847 0.4294 -0.7620
vn -0.3731 0.5370 -0.7566
vn -0.3789 0.5066 -0.7745
vn -0.4119 0.4868 -0.7703
vn -0.4352 0.4997 -0.7489
vn -0.4287 0.5339 -0.7288
vn -0.4063 0.5159 -0.7542
vn -0.4023 0.5198 -0.7536
vn -0.3996 0.5514 -0.7323
vn -0.4034 0.5197 -0.7531
vn -0.5949 0.3677 -0.7148
vn -0.6204 0.3429 -0.7054
vn -0.6105 0.3773 -0.6964
vn -0.6385 0.3528 -0.6840
vn -0.6267 0.3873 -0.6762
vn -0.6167 0.3675 -0.6961
vn -0.5841 0.4015 -0.7054
vn -0.6011 0.4133 -0.6840
vn -0.8478 0.3528 -0.3959
vn -0.8626 0.3429 -0.3720
vn -0.8526 0.3675 -0.3714
vn -0.8637 0.3677 -0.3449
vn -0.8514 0.4015 -0.3376
vn -0.8362 0.4133 -0.3603
vn -0.8368 0.3873 -0.3871
vn -0.8489 0.3873 -0.3598
vn -0.5046 0.5209 -0.6885
vn -0.5101 0.4922 -0.7053
vn -0.5397 0.4692 -0.6990
vn -0.5571 0.4801 -0.6776
vn -0.5503 0.5157 -0.6567
vn -0.5347 0.4945 -0.6853
vn -0.5296 0.5027 -0.6832
vn -0.5273 0.5339 -0.6609
vn -0.5287 0.5029 -0.6838
vn -0.7069 0.4418 -0.5523
vn -0.7760 0.3639 -0.5152
vn -0.7819 0.3406 -0.5222
vn -0.8035 0.3302 -0.4953
vn -0.8119 0.3469 -0.4695
vn -0.8018 0.3804 -0.4609
vn -0.7873 0.3865 -0.4804
vn -0.7895 0.3530 -0.5021
vn -0.7961 0.3531 -0.4915
vn -0.7975 0.3560 -0.4871
vn -0.7451 0.4347 -0.5058
vn -0.9240 0.2263 -0.3081
vn -0.9271 0.2494 -0.2797
vn -0.9171 0.2867 -0.2769
vn -0.9034 0.3030 -0.3034
vn -0.9009 0.2791 -0.3323
vn -0.9104 0.2415 -0.3359
vn -0.9157 0.2587 -0.3075
vn -0.9154 0.2624 -0.3053
vn -0.9139 0.2704 -0.3028
vn -0.9672 0.0983 -0.2342
vn -0.9718 0.1189 -0.2039
vn -0.9660 0.1576 -0.2051
vn -0.9556 0.1772 -0.2354
vn -0.9513 0.1561 -0.2657
vn -0.9570 0.1170 -0.2656
vn -0.9629 0.1351 -0.2336
vn -0.9621 0.1395 -0.2343
vn -0.9619 0.1403 -0.2348
vn -0.9874 -0.0329 -0.1546
vn -0.9924 -0.0154 -0.1222
vn -0.9919 0.0221 -0.1254
vn -0.9864 0.0420 -0.1587
vn -0.9814 0.0242 -0.1906
vn -0.9819 -0.0137 -0.1887
vn -0.9880 0.0034 -0.1544
vn -0.9879 0.0042 -0.1548
vn -0.9874 0.0070 -0.1584
vn -0.9845 -0.1585 -0.0751
vn -0.9888 -0.1439 -0.0407
vn -0.9929 -0.1103 -0.0436
vn -0.9926 -0.0932 -0.0783
vn -0.9879 -0.1079 -0.1117
vn -0.9837 -0.1421 -0.1104
vn -0.9892 -0.1259 -0.0751
vn -0.9896 -0.1259 -0.0699
vn -0.9892 -0.1240 -0.0782
vn -0.9625 -0.2712 0.0000
vn -0.9649 -0.2602 0.0356
vn -0.9722 -0.2314 0.0345
vn -0.9757 -0.2191 0.0000
vn -0.9722 -0.2314 -0.0345
vn -0.9649 -0.2602 -0.0356
vn -0.9697 -0.2444 0.0000
vn -0.9695 -0.2446 0.0116
vn -0.6170 0.4958 -0.6111
vn -0.6222 0.4687 -0.6271
vn -0.6470 0.4436 -0.6201
vn -0.6349 0.4802 -0.6052
vn -0.6588 0.4534 -0.6003
vn -0.6518 0.4900 -0.5788
vn -0.6427 0.4652 -0.6088
vn -0.6358 0.4756 -0.6080
vn -0.6347 0.5080 -0.5823
vn -0.9585 0.2363 -0.1594
vn -0.9580 0.2574 -0.1267
vn -0.9473 0.2949 -0.1250
vn -0.9370 0.3121 -0.1570
vn -0.9376 0.2910 -0.1904
vn -0.9483 0.2530 -0.1917
vn -0.9491 0.2719 -0.1591
vn -0.9483 0.2760 -0.1566
vn -0.8902 0.3722 -0.2627
vn -0.9030 0.3608 -0.2333
vn -0.9017 0.3827 -0.2013
vn -0.8877 0.4163 -0.1964
vn -0.8745 0.4294 -0.2255
vn -0.8889 0.3990 -0.2250
vn -0.8900 0.3954 -0.2271
vn -0.8912 0.3892 -0.2329
vn -0.8900 0.3936 -0.2302
vn -0.8166 0.4801 -0.3204
vn -0.8316 0.4692 -0.2973
vn -0.8284 0.4922 -0.2671
vn -0.8108 0.5209 -0.2671
vn -0.7915 0.5339 -0.2973
vn -0.7946 0.5157 -0.3204
vn -0.8170 0.4945 -0.2968
vn -0.8134 0.5027 -0.2925
vn -0.8076 0.5096 -0.2968
vn -0.9916 0.1019 -0.0798
vn -0.9915 0.1219 -0.0460
vn -0.9859 0.1610 -0.0465
vn -0.9803 0.1804 -0.0804
vn -0.9804 0.1607 -0.1143
vn -0.9860 0.1213 -0.1140
vn -0.9868 0.1410 -0.0796
vn -0.9866 0.1420 -0.0802
vn -0.9654 0.2587 -0.0344
vn -0.9708 0.2401 0.0000
vn -0.9654 0.2587 0.0344
vn -0.9544 0.2964 0.0345
vn -0.9490 0.3153 0.0000
vn -0.9608 0.2774 0.0006
vn -0.9608 0.2774 -0.0006
vn -0.9544 0.2964 -0.0345
vn -0.9159 0.3851 -0.1132
vn -0.9252 0.3709 -0.0797
vn -0.9202 0.3889 -0.0452
vn -0.9053 0.4226 -0.0435
vn -0.8956 0.4381 -0.0769
vn -0.9114 0.4045 -0.0753
vn -0.9118 0.4029 -0.0795
vn -0.9117 0.4029 -0.0805
vn -0.9011 0.4192 -0.1111
vn -0.8468 0.4997 -0.1824
vn -0.8599 0.4868 -0.1537
vn -0.8536 0.5066 -0.1211
vn -0.8349 0.5370 -0.1210
vn -0.8200 0.5514 -0.1537
vn -0.8256 0.5339 -0.1824
vn -0.8428 0.5159 -0.1534
vn -0.8411 0.5198 -0.1497
vn -0.8383 0.5231 -0.1534
vn -0.9995 -0.0329 0.0000
vn -0.9993 -0.0141 0.0347
vn -0.9991 0.0236 0.0344
vn -0.9991 0.0419 0.0000
vn -0.9991 0.0236 -0.0344
vn -0.9993 -0.0142 -0.0347
vn -1.0000 0.0054 0.0000
vn -1.0000 0.0054 0.0024
vn -0.9915 0.1219 0.0460
vn -0.9916 0.1019 0.0798
vn -0.9860 0.1213 0.1140
vn -0.9868 0.1410 0.0796
vn -0.9859 0.1610 0.0465
vn -0.9803 0.1804 0.0804
vn -0.9804 0.1606 0.1143
vn -0.9866 0.1420 0.0802
vn -0.9580 0.2574 0.1267
vn -0.9585 0.2363 0.1594
vn -0.9483 0.2530 0.1917
vn -0.9491 0.2719 0.1591
vn -0.9487 0.2740 0.1578
vn -0.9473 0.2949 0.1250
vn -0.9483 0.2760 0.1566
vn -0.9370 0.3121 0.1570
vn -0.9202 0.3889 0.0452
vn -0.9252 0.3709 0.0797
vn -0.9114 0.4045 0.0753
vn -0.9159 0.3851 0.1132
vn -0.9011 0.4192 0.1111
vn -0.9117 0.4029 0.0805
vn -0.9118 0.4029 0.0795
vn -0.9113 0.4045 0.0767
vn -0.9053 0.4226 0.0435
vn -0.8600 0.5092 -0.0322
vn -0.8700 0.4931 0.0000
vn -0.8600 0.5092 0.0322
vn -0.8401 0.5415 0.0322
vn -0.8301 0.5576 0.0000
vn -0.8401 0.5415 -0.0322
vn -0.8506 0.5257 0.0004
vn -0.8506 0.5257 -0.0004
vn -0.9845 -0.1585 0.0751
vn -0.9837 -0.1421 0.1104
vn -0.9879 -0.1079 0.1117
vn -0.9926 -0.0932 0.0783
vn -0.9929 -0.1103 0.0436
vn -0.9888 -0.1439 0.0407
vn -0.9892 -0.1259 0.0751
vn -0.9888 -0.1242 0.0824
vn -0.9892 -0.1240 0.0782
vn -0.9874 -0.0329 0.1546
vn -0.9819 -0.0138 0.1887
vn -0.9814 0.0242 0.1906
vn -0.9864 0.0420 0.1587
vn -0.9919 0.0221 0.1254
vn -0.9924 -0.0154 0.1222
vn -0.9880 0.0034 0.1544
vn -0.9875 0.0058 0.1576
vn -0.9874 0.0070 0.1584
vn -0.9717 0.1189 0.2039
vn -0.9672 0.0983 0.2342
vn -0.9570 0.1170 0.2656
vn -0.9629 0.1351 0.2336
vn -0.9660 0.1576 0.2051
vn -0.9556 0.1772 0.2354
vn -0.9619 0.1403 0.2348
vn -0.9513 0.1561 0.2657
vn -0.9626 0.1362 0.2343
vn -0.9271 0.2494 0.2797
vn -0.9240 0.2263 0.3081
vn -0.9104 0.2415 0.3359
vn -0.9157 0.2587 0.3075
vn -0.9154 0.2624 0.3053
vn -0.9171 0.2867 0.2769
vn -0.9034 0.3031 0.3034
vn -0.9139 0.2704 0.3027
vn -0.9009 0.2791 0.3323
vn -0.9017 0.3827 0.2013
vn -0.9030 0.3608 0.2333
vn -0.8900 0.3954 0.2271
vn -0.8902 0.3722 0.2627
vn -0.8765 0.4069 0.2572
vn -0.8912 0.3892 0.2329
vn -0.8889 0.3990 0.2250
vn -0.8877 0.4163 0.1964
vn -0.8745 0.4294 0.2255
vn -0.8349 0.5370 0.1210
vn -0.8536 0.5066 0.1210
vn -0.8599 0.4868 0.1537
vn -0.8468 0.4997 0.1824
vn -0.8256 0.5339 0.1824
vn -0.8428 0.5159 0.1534
vn -0.8411 0.5198 0.1497
vn -0.8200 0.5514 0.1537
vn -0.8409 0.5197 0.1509
vn -0.8637 0.3677 0.3449
vn -0.8626 0.3429 0.3720
vn -0.8509 0.3773 0.3654
vn -0.8478 0.3528 0.3959
vn -0.8368 0.3873 0.3871
vn -0.8527 0.3675 0.3714
vn -0.8514 0.4015 0.3376
vn -0.8362 0.4133 0.3603
vn -0.6385 0.3528 0.6840
vn -0.6204 0.3429 0.7054
vn -0.6167 0.3675 0.6961
vn -0.5949 0.3677 0.7148
vn -0.5841 0.4015 0.7054
vn -0.6011 0.4133 0.6840
vn -0.6267 0.3873 0.6762
vn -0.6045 0.3873 0.6961
vn -0.8108 0.5209 0.2671
vn -0.8285 0.4922 0.2671
vn -0.8316 0.4692 0.2973
vn -0.8166 0.4801 0.3204
vn -0.7946 0.5157 0.3204
vn -0.8170 0.4945 0.2968
vn -0.8134 0.5027 0.2925
vn -0.7915 0.5339 0.2973
vn -0.8137 0.5029 0.2915
vn -0.7298 0.3639 0.5788
vn -0.7382 0.3406 0.5823
vn -0.7194 0.3302 0.6111
vn -0.6974 0.3469 0.6271
vn -0.6861 0.3804 0.6201
vn -0.7001 0.3865 0.6003
vn -0.7215 0.3530 0.5957
vn -0.7134 0.3531 0.6052
vn -0.7097 0.3560 0.6080
vn -0.5786 0.2263 0.7836
vn -0.5525 0.2494 0.7953
vn -0.5467 0.2867 0.7867
vn -0.5677 0.3030 0.7654
vn -0.5945 0.2791 0.7541
vn -0.6008 0.2415 0.7620
vn -0.5754 0.2587 0.7759
vn -0.5732 0.2624 0.7762
vn -0.5704 0.2704 0.7756
vn -0.5216 0.0983 0.8475
vn -0.4942 0.1189 0.8612
vn -0.4935 0.1576 0.8553
vn -0.5192 0.1772 0.8361
vn -0.5467 0.1561 0.8226
vn -0.5483 0.1170 0.8281
vn -0.5198 0.1351 0.8436
vn -0.5202 0.1395 0.8426
vn -0.5206 0.1403 0.8422
vn -0.4522 -0.0329 0.8913
vn -0.4229 -0.0154 0.9061
vn -0.4258 0.0221 0.9046
vn -0.4558 0.0420 0.8891
vn -0.4845 0.0242 0.8744
vn -0.4829 -0.0138 0.8756
vn -0.4521 0.0034 0.8920
vn -0.4525 0.0042 0.8917
vn -0.4557 0.0070 0.8901
vn -0.3756 -0.1585 0.9131
vn -0.3442 -0.1439 0.9278
vn -0.3483 -0.1103 0.9309
vn -0.3812 -0.0932 0.9198
vn -0.4115 -0.1079 0.9050
vn -0.4090 -0.1421 0.9014
vn -0.3771 -0.1259 0.9176
vn -0.3722 -0.1259 0.9196
vn -0.3801 -0.1240 0.9166
vn -0.2974 -0.2712 0.9154
vn -0.2643 -0.2602 0.9287
vn -0.2676 -0.2314 0.9353
vn -0.3015 -0.2191 0.9280
vn -0.3332 -0.2314 0.9140
vn -0.3320 -0.2602 0.9067
vn -0.2996 -0.2444 0.9222
vn -0.2885 -0.2446 0.9257
vn -0.7719 0.4958 0.3980
vn -0.7887 0.4687 0.3980
vn -0.7897 0.4436 0.4237
vn -0.7718 0.4802 0.4168
vn -0.7745 0.4534 0.4411
vn -0.7519 0.4900 0.4411
vn -0.7776 0.4652 0.4231
vn -0.7747 0.4756 0.4168
vn -0.7499 0.5080 0.4237
vn -0.4478 0.2363 0.8623
vn -0.4165 0.2574 0.8719
vn -0.4116 0.2949 0.8623
vn -0.4389 0.3121 0.8426
vn -0.4708 0.2910 0.8329
vn -0.4754 0.2530 0.8426
vn -0.4446 0.2719 0.8535
vn -0.4420 0.2760 0.8535
vn -0.5249 0.3722 0.7654
vn -0.5009 0.3608 0.7867
vn -0.4701 0.3827 0.7953
vn -0.4611 0.4163 0.7836
vn -0.4847 0.4294 0.7620
vn -0.4887 0.3990 0.7759
vn -0.4910 0.3954 0.7762
vn -0.4969 0.3892 0.7756
vn -0.4940 0.3936 0.7753
vn -0.5571 0.4801 0.6776
vn -0.5397 0.4692 0.6990
vn -0.5101 0.4922 0.7053
vn -0.5046 0.5209 0.6885
vn -0.5273 0.5339 0.6609
vn -0.5503 0.5157 0.6567
vn -0.5347 0.4945 0.6853
vn -0.5296 0.5027 0.6832
vn -0.5318 0.5096 0.6764
vn -0.3823 0.1019 0.9184
vn -0.3501 0.1219 0.9287
vn -0.3489 0.1610 0.9232
vn -0.3794 0.1804 0.9075
vn -0.4117 0.1607 0.8971
vn -0.4131 0.1213 0.9026
vn -0.3806 0.1410 0.9139
vn -0.3811 0.1420 0.9135
vn -0.3310 0.2587 0.9075
vn -0.3000 0.2400 0.9232
vn -0.2963 0.2774 0.9139
vn -0.2656 0.2587 0.9287
vn -0.2969 0.2774 0.9137
vn -0.2621 0.2964 0.9184
vn -0.2933 0.3153 0.9026
vn -0.3278 0.2964 0.8971
vn -0.3907 0.3851 0.8361
vn -0.3617 0.3709 0.8553
vn -0.3273 0.3889 0.8612
vn -0.3212 0.4226 0.8475
vn -0.3499 0.4381 0.8281
vn -0.3532 0.4045 0.8436
vn -0.3574 0.4029 0.8426
vn -0.3583 0.4029 0.8422
vn -0.3841 0.4192 0.8226
vn -0.4352 0.4997 0.7489
vn -0.4119 0.4868 0.7703
vn -0.3789 0.5066 0.7745
vn -0.3731 0.5370 0.7566
vn -0.3996 0.5514 0.7323
vn -0.4287 0.5339 0.7288
vn -0.4063 0.5159 0.7542
vn -0.4023 0.5198 0.7536
vn -0.4049 0.5231 0.7499
vn -0.3089 -0.0329 0.9505
vn -0.2758 -0.0142 0.9611
vn -0.2760 0.0236 0.9609
vn -0.3087 0.0419 0.9502
vn -0.3415 0.0236 0.9396
vn -0.3418 -0.0142 0.9397
vn -0.3090 0.0054 0.9510
vn -0.3067 0.0054 0.9518
vn -0.2626 0.1219 0.9572
vn -0.2306 0.1019 0.9677
vn -0.1963 0.1213 0.9730
vn -0.2293 0.1410 0.9631
vn -0.2604 0.1610 0.9520
vn -0.2265 0.1804 0.9572
vn -0.1942 0.1607 0.9677
vn -0.2286 0.1420 0.9631
vn -0.1755 0.2574 0.9502
vn -0.1446 0.2363 0.9609
vn -0.1107 0.2530 0.9611
vn -0.1420 0.2719 0.9518
vn -0.1431 0.2740 0.9510
vn -0.1738 0.2949 0.9396
vn -0.1441 0.2760 0.9503
vn -0.1402 0.3121 0.9397
vn -0.2414 0.3889 0.8891
vn -0.2102 0.3709 0.9046
vn -0.2101 0.4045 0.8901
vn -0.1754 0.3851 0.9061
vn -0.1728 0.4192 0.8913
vn -0.2052 0.4029 0.8920
vn -0.2062 0.4029 0.8917
vn -0.2087 0.4045 0.8904
vn -0.2383 0.4226 0.8744
vn -0.2964 0.5092 0.8080
vn -0.2688 0.4931 0.8274
vn -0.2351 0.5092 0.8279
vn -0.2290 0.5415 0.8089
vn -0.2565 0.5576 0.7895
vn -0.2902 0.5415 0.7890
vn -0.2625 0.5257 0.8091
vn -0.2632 0.5257 0.8089
vn -0.2328 -0.1585 0.9595
vn -0.1989 -0.1421 0.9696
vn -0.1990 -0.1079 0.9740
vn -0.2322 -0.0932 0.9682
vn -0.2654 -0.1103 0.9578
vn -0.2669 -0.1439 0.9529
vn -0.2343 -0.1259 0.9640
vn -0.2272 -0.1242 0.9659
vn -0.2313 -0.1240 0.9649
vn -0.1581 -0.0329 0.9869
vn -0.1239 -0.0137 0.9922
vn -0.1220 0.0242 0.9922
vn -0.1539 0.0420 0.9872
vn -0.1873 0.0221 0.9821
vn -0.1904 -0.0154 0.9816
vn -0.1585 0.0034 0.9874
vn -0.1552 0.0058 0.9879
vn -0.1545 0.0070 0.9880
vn -0.1064 0.1189 0.9872
vn -0.0762 0.0983 0.9922
vn -0.0431 0.1170 0.9922
vn -0.0753 0.1351 0.9880
vn -0.1035 0.1576 0.9821
vn -0.0714 0.1772 0.9816
vn -0.0739 0.1403 0.9874
vn -0.0412 0.1561 0.9869
vn -0.0746 0.1362 0.9879
vn -0.0205 0.2494 0.9682
vn 0.0075 0.2263 0.9740
vn 0.0382 0.2415 0.9696
vn 0.0095 0.2587 0.9659
vn 0.0075 0.2624 0.9649
vn -0.0201 0.2867 0.9578
vn 0.0094 0.3031 0.9529
vn 0.0055 0.2704 0.9627
vn 0.0377 0.2791 0.9595
vn -0.0871 0.3827 0.9198
vn -0.0571 0.3608 0.9309
vn -0.0590 0.3954 0.9166
vn -0.0252 0.3722 0.9278
vn -0.0262 0.4069 0.9131
vn -0.0539 0.3892 0.9196
vn -0.0607 0.3990 0.9150
vn -0.0875 0.4163 0.9050
vn -0.0558 0.4294 0.9014
vn -0.1429 0.5370 0.8314
vn -0.1487 0.5066 0.8493
vn -0.1196 0.4868 0.8653
vn -0.0881 0.4997 0.8617
vn -0.0816 0.5339 0.8416
vn -0.1146 0.5159 0.8490
vn -0.1175 0.5198 0.8462
vn -0.1072 0.5514 0.8273
vn -0.1163 0.5197 0.8464
vn 0.0611 0.3677 0.9280
vn 0.0873 0.3429 0.9353
vn 0.0846 0.3773 0.9222
vn 0.1145 0.3528 0.9287
vn 0.1095 0.3873 0.9154
vn 0.0898 0.3675 0.9257
vn 0.0579 0.4015 0.9140
vn 0.0843 0.4133 0.9067
vn 0.4532 0.3528 0.8186
vn 0.4792 0.3429 0.8080
vn 0.4715 0.3675 0.8017
vn 0.4960 0.3677 0.7866
vn 0.4904 0.4015 0.7735
vn 0.4647 0.4133 0.7831
vn 0.4494 0.3873 0.8050
vn 0.4753 0.3873 0.7900
vn 0.0035 0.5209 0.8536
vn -0.0019 0.4922 0.8705
vn 0.0258 0.4692 0.8827
vn 0.0524 0.4801 0.8757
vn 0.0592 0.5157 0.8547
vn 0.0298 0.4945 0.8687
vn 0.0268 0.5027 0.8640
vn 0.0381 0.5339 0.8447
vn 0.0258 0.5029 0.8640
vn 0.3250 0.3639 0.8729
vn 0.3257 0.3406 0.8820
vn 0.3589 0.3302 0.8730
vn 0.3809 0.3469 0.8571
vn 0.3778 0.3804 0.8442
vn 0.3546 0.3865 0.8514
vn 0.3436 0.3530 0.8702
vn 0.3551 0.3531 0.8656
vn 0.3589 0.3560 0.8628
vn 0.5664 0.2263 0.7924
vn 0.5857 0.2494 0.7712
vn 0.5792 0.2867 0.7631
vn 0.5525 0.3030 0.7764
vn 0.5335 0.2791 0.7984
vn 0.5391 0.2415 0.8069
vn 0.5601 0.2587 0.7870
vn 0.5611 0.2624 0.7851
vn 0.5614 0.2704 0.7821
vn 0.6449 0.0983 0.7580
vn 0.6663 0.1189 0.7361
vn 0.6610 0.1576 0.7337
vn 0.6347 0.1772 0.7521
vn 0.6134 0.1561 0.7742
vn 0.6181 0.1170 0.7773
vn 0.6417 0.1351 0.7550
vn 0.6406 0.1395 0.7551
vn 0.6401 0.1403 0.7553
vn 0.7080 -0.0330 0.7055
vn 0.7310 -0.0154 0.6822
vn 0.7287 0.0221 0.6844
vn 0.7048 0.0420 0.7082
vn 0.6819 0.0242 0.7310
vn 0.6835 -0.0137 0.7298
vn 0.7086 0.0034 0.7056
vn 0.7082 0.0042 0.7060
vn 0.7057 0.0070 0.7085
vn 0.7523 -0.1585 0.6394
vn 0.7760 -0.1439 0.6141
vn 0.7777 -0.1103 0.6189
vn 0.7569 -0.0932 0.6468
vn 0.7335 -0.1079 0.6710
vn 0.7309 -0.1421 0.6675
vn 0.7562 -0.1259 0.6422
vn 0.7595 -0.1259 0.6382
vn 0.7543 -0.1240 0.6447
vn 0.7787 -0.2712 0.5658
vn 0.8015 -0.2602 0.5384
vn 0.8068 -0.2314 0.5436
vn 0.7894 -0.2191 0.5735
vn 0.7663 -0.2314 0.5994
vn 0.7597 -0.2602 0.5959
vn 0.7845 -0.2444 0.5700
vn 0.7912 -0.2446 0.5605
vn 0.1400 0.4958 0.8571
vn 0.1348 0.4687 0.8730
vn 0.1590 0.4436 0.8820
vn 0.1579 0.4802 0.8628
vn 0.1801 0.4534 0.8729
vn 0.1871 0.4900 0.8514
vn 0.1621 0.4652 0.8702
vn 0.1570 0.4756 0.8656
vn 0.1713 0.5080 0.8442
vn 0.6817 0.2363 0.6924
vn 0.7005 0.2574 0.6656
vn 0.6929 0.2949 0.6580
vn 0.6658 0.3121 0.6778
vn 0.6467 0.2910 0.7051
vn 0.6545 0.2530 0.7125
vn 0.6743 0.2719 0.6865
vn 0.6751 0.2760 0.6841
vn 0.5658 0.3722 0.7358
vn 0.5934 0.3608 0.7195
vn 0.6111 0.3827 0.6929
vn 0.6027 0.4163 0.6807
vn 0.5750 0.4294 0.6965
vn 0.5869 0.3990 0.7046
vn 0.5865 0.3954 0.7069
vn 0.5841 0.3892 0.7123
vn 0.5847 0.3936 0.7094
vn 0.4723 0.4801 0.7392
vn 0.4980 0.4692 0.7293
vn 0.5132 0.4922 0.7031
vn 0.4989 0.5209 0.6927
vn 0.4656 0.5339 0.7058
vn 0.4545 0.5157 0.7263
vn 0.4865 0.4945 0.7203
vn 0.4861 0.5027 0.7148
vn 0.4789 0.5096 0.7148
vn 0.7553 0.1019 0.6474
vn 0.7751 0.1219 0.6200
vn 0.7703 0.1610 0.6171
vn 0.7458 0.1804 0.6413
vn 0.7260 0.1606 0.6687
vn 0.7307 0.1213 0.6718
vn 0.7516 0.1410 0.6444
vn 0.7510 0.1420 0.6448
vn 0.7608 0.2587 0.5952
vn 0.7854 0.2401 0.5706
vn 0.7776 0.2774 0.5642
vn 0.8012 0.2587 0.5396
vn 0.7773 0.2774 0.5647
vn 0.7925 0.2964 0.5331
vn 0.7678 0.3152 0.5578
vn 0.7519 0.2964 0.5890
vn 0.6745 0.3851 0.6299
vn 0.7017 0.3709 0.6083
vn 0.7179 0.3889 0.5774
vn 0.7068 0.4226 0.5673
vn 0.6794 0.4381 0.5886
vn 0.6931 0.4045 0.5966
vn 0.6909 0.4029 0.6002
vn 0.6903 0.4029 0.6010
vn 0.6637 0.4192 0.6195
vn 0.5778 0.4997 0.6453
vn 0.6053 0.4868 0.6298
vn 0.6195 0.5066 0.5997
vn 0.6043 0.5370 0.5887
vn 0.5730 0.5514 0.6063
vn 0.5607 0.5339 0.6329
vn 0.5917 0.5159 0.6195
vn 0.5924 0.5198 0.6155
vn 0.5881 0.5231 0.6168
vn 0.8086 -0.0329 0.5875
vn 0.8289 -0.0142 0.5593
vn 0.8285 0.0236 0.5594
vn 0.8083 0.0419 0.5873
vn 0.7881 0.0236 0.6151
vn 0.7880 -0.0142 0.6155
vn 0.8090 0.0054 0.5878
vn 0.8104 0.0054 0.5858
vn 0.8292 0.1219 0.5455
vn 0.8491 0.1019 0.5183
vn 0.8647 0.1213 0.4874
vn 0.8451 0.1410 0.5157
vn 0.8249 0.1610 0.5419
vn 0.8403 0.1804 0.5112
vn 0.8603 0.1606 0.4838
vn 0.8453 0.1420 0.5150
vn 0.8495 0.2574 0.4606
vn 0.8692 0.2363 0.4344
vn 0.8799 0.2530 0.4023
vn 0.8613 0.2719 0.4292
vn 0.8603 0.2740 0.4299
vn 0.8399 0.2949 0.4557
vn 0.8593 0.2760 0.4307
vn 0.8503 0.3121 0.4237
vn 0.6769 0.5092 0.5316
vn 0.7038 0.4931 0.5114
vn 0.7147 0.5092 0.4795
vn 0.6986 0.5415 0.4677
vn 0.6716 0.5576 0.4879
vn 0.6607 0.5415 0.5198
vn 0.6884 0.5257 0.4997
vn 0.6880 0.5257 0.5003
vn 0.8406 -0.1585 0.5179
vn 0.8607 -0.1421 0.4888
vn 0.8649 -0.1079 0.4903
vn 0.8491 -0.0932 0.5200
vn 0.8289 -0.1103 0.5484
vn 0.8238 -0.1439 0.5483
vn 0.8444 -0.1259 0.5207
vn 0.8484 -0.1242 0.5145
vn 0.8462 -0.1240 0.5182
vn 0.8897 -0.0329 0.4553
vn 0.9053 -0.0137 0.4245
vn 0.9060 0.0242 0.4226
vn 0.8913 0.0420 0.4514
vn 0.8761 0.0221 0.4816
vn 0.8747 -0.0154 0.4845
vn 0.8900 0.0034 0.4559
vn 0.8916 0.0058 0.4529
vn 0.8919 0.0070 0.4522
vn 0.9060 0.1189 0.4062
vn 0.9201 0.0983 0.3791
vn 0.9303 0.1170 0.3476
vn 0.9163 0.1351 0.3770
vn 0.9020 0.1576 0.4019
vn 0.9115 0.1772 0.3713
vn 0.9162 0.1403 0.3754
vn 0.9258 0.1561 0.3442
vn 0.9165 0.1362 0.3762
vn 0.9145 0.2494 0.3187
vn 0.9287 0.2263 0.2938
vn 0.9340 0.2415 0.2634
vn 0.9216 0.2587 0.2895
vn 0.9200 0.2623 0.2911
vn 0.9047 0.2867 0.3151
vn 0.9092 0.3030 0.2856
vn 0.9173 0.2704 0.2923
vn 0.9242 0.2791 0.2607
vn 0.8478 0.3827 0.3671
vn 0.8677 0.3608 0.3420
vn 0.8535 0.3954 0.3394
vn 0.8746 0.3722 0.3107
vn 0.8603 0.4069 0.3071
vn 0.8579 0.3892 0.3354
vn 0.8514 0.3990 0.3404
vn 0.8336 0.4163 0.3629
vn 0.8400 0.4294 0.3316
vn 0.7466 0.5370 0.3928
vn 0.7618 0.5066 0.4038
vn 0.7860 0.4868 0.3811
vn 0.7923 0.4997 0.3501
vn 0.7752 0.5339 0.3377
vn 0.7720 0.5159 0.3713
vn 0.7684 0.5198 0.3732
vn 0.7537 0.5514 0.3576
vn 0.7690 0.5197 0.3722
vn 0.9014 0.3677 0.2286
vn 0.9165 0.3429 0.2060
vn 0.9032 0.3773 0.2045
vn 0.9186 0.3528 0.1780
vn 0.9045 0.3873 0.1787
vn 0.9081 0.3675 0.2007
vn 0.8872 0.4015 0.2273
vn 0.8883 0.4133 0.2000
vn 0.3320 0.2602 -0.9067
vn 0.3332 0.2314 -0.9140
vn 0.3107 0.2446 -0.9185
vn 0.3015 0.2191 -0.9280
vn 0.2677 0.2314 -0.9353
vn 0.2643 0.2602 -0.9287
vn 0.2974 0.2712 -0.9154
vn 0.2885 0.2446 -0.9257
vn 0.8129 0.5209 0.2604
vn 0.8273 0.4922 0.2708
vn 0.8475 0.4692 0.2483
vn 0.8490 0.4801 0.2208
vn 0.8312 0.5157 0.2078
vn 0.8354 0.4945 0.2401
vn 0.8300 0.5027 0.2415
vn 0.8151 0.5339 0.2247
vn 0.8297 0.5029 0.2424
vn 0.8976 0.4403 0.0234
vn 0.9052 0.4251 -0.0000
vn 0.8976 0.4403 -0.0234
vn 0.8853 0.4649 -0.0144
vn 0.8853 0.4649 0.0144
vn 0.4115 0.1079 -0.9050
vn 0.3812 0.0932 -0.9198
vn 0.3483 0.1103 -0.9309
vn 0.3442 0.1439 -0.9278
vn 0.3756 0.1585 -0.9131
vn 0.4090 0.1421 -0.9014
vn 0.3840 0.1242 -0.9150
vn 0.3801 0.1240 -0.9166
vn 0.3722 0.1259 -0.9196
vn 0.4845 -0.0242 -0.8744
vn 0.4558 -0.0420 -0.8891
vn 0.4258 -0.0221 -0.9046
vn 0.4229 0.0154 -0.9061
vn 0.4522 0.0329 -0.8913
vn 0.4829 0.0138 -0.8756
vn 0.4557 -0.0070 -0.8901
vn 0.4525 -0.0042 -0.8917
vn 0.4521 -0.0034 -0.8920
vn 0.5467 -0.1561 -0.8226
vn 0.5192 -0.1772 -0.8361
vn 0.4935 -0.1576 -0.8553
vn 0.4942 -0.1189 -0.8612
vn 0.5216 -0.0983 -0.8475
vn 0.5483 -0.1170 -0.8281
vn 0.5206 -0.1403 -0.8422
vn 0.5202 -0.1395 -0.8426
vn 0.5198 -0.1351 -0.8436
vn 0.5945 -0.2791 -0.7541
vn 0.5677 -0.3030 -0.7654
vn 0.5467 -0.2867 -0.7867
vn 0.5525 -0.2494 -0.7953
vn 0.5786 -0.2263 -0.7836
vn 0.6008 -0.2415 -0.7620
vn 0.5729 -0.2658 -0.7753
vn 0.5704 -0.2704 -0.7756
vn 0.5732 -0.2624 -0.7762
vn 0.6267 -0.3873 -0.6762
vn 0.6011 -0.4133 -0.6840
vn 0.5841 -0.4015 -0.7054
vn 0.5949 -0.3677 -0.7148
vn 0.6204 -0.3429 -0.7054
vn 0.6385 -0.3528 -0.6840
vn 0.6105 -0.3773 -0.6964
vn 0.6045 -0.3873 -0.6961
vn 0.4643 0.2361 -0.8536
vn 0.4411 0.2184 -0.8705
vn 0.4081 0.2329 -0.8827
vn 0.4060 0.2616 -0.8757
vn 0.4348 0.2836 -0.8547
vn 0.4289 0.2478 -0.8687
vn 0.4377 0.2488 -0.8640
vn 0.4605 0.2729 -0.8447
vn 0.4382 0.2480 -0.8640
vn 0.8584 0.4958 0.1317
vn 0.8720 0.4687 0.1416
vn 0.8880 0.4436 0.1214
vn 0.8694 0.4802 0.1165
vn 0.8859 0.4534 0.0984
vn 0.8675 0.4900 0.0851
vn 0.8777 0.4652 0.1148
vn 0.8717 0.4756 0.1181
vn 0.8558 0.5080 0.0980
vn 0.5442 0.1124 -0.8314
vn 0.5196 0.0936 -0.8493
vn 0.4889 0.1108 -0.8653
vn 0.4864 0.1446 -0.8617
vn 0.5140 0.1658 -0.8416
vn 0.5127 0.1282 -0.8490
vn 0.5175 0.1274 -0.8462
vn 0.5411 0.1507 -0.8273
vn 0.5169 0.1284 -0.8464
vn 0.5880 -0.0374 -0.8080
vn 0.5613 -0.0199 -0.8274
vn 0.5606 0.0174 -0.8279
vn 0.5868 0.0374 -0.8089
vn 0.6134 0.0199 -0.7895
vn 0.6142 -0.0174 -0.7890
vn 0.5876 0.0003 -0.8091
vn 0.5880 -0.0003 -0.8089
vn 0.3415 -0.0236 -0.9396
vn 0.3087 -0.0419 -0.9502
vn 0.2760 -0.0236 -0.9609
vn 0.2758 0.0142 -0.9611
vn 0.3088 0.0329 -0.9505
vn 0.3418 0.0142 -0.9397
vn 0.3113 -0.0054 -0.9503
vn 0.3067 -0.0054 -0.9518
vn 0.2669 0.1439 -0.9529
vn 0.2654 0.1103 -0.9578
vn 0.2322 0.0932 -0.9682
vn 0.1990 0.1079 -0.9740
vn 0.1989 0.1421 -0.9696
vn 0.2272 0.1242 -0.9659
vn 0.2313 0.1240 -0.9649
vn 0.2394 0.1259 -0.9627
vn 0.2343 0.1259 -0.9640
vn 0.1863 0.2616 -0.9470
vn 0.1887 0.2329 -0.9540
vn 0.1547 0.2184 -0.9635
vn 0.1261 0.2361 -0.9635
vn 0.1239 0.2729 -0.9540
vn 0.1506 0.2836 -0.9470
vn 0.1636 0.2478 -0.9549
vn 0.1538 0.2488 -0.9563
vn 0.1485 0.2572 -0.9549
vn 0.6416 -0.1658 -0.7489
vn 0.6196 -0.1507 -0.7703
vn 0.6226 -0.1124 -0.7745
vn 0.6471 -0.0936 -0.7566
vn 0.6719 -0.1108 -0.7323
vn 0.6692 -0.1446 -0.7288
vn 0.6431 -0.1327 -0.7542
vn 0.6448 -0.1274 -0.7536
vn 0.6490 -0.1282 -0.7499
vn 0.4117 -0.1607 -0.8971
vn 0.3794 -0.1804 -0.9075
vn 0.3489 -0.1610 -0.9232
vn 0.3501 -0.1219 -0.9287
vn 0.3823 -0.1019 -0.9184
vn 0.4131 -0.1213 -0.9026
vn 0.3811 -0.1420 -0.9135
vn 0.3806 -0.1410 -0.9139
vn 0.2626 -0.1219 -0.9572
vn 0.2604 -0.1610 -0.9520
vn 0.2286 -0.1420 -0.9631
vn 0.2265 -0.1804 -0.9572
vn 0.2289 -0.1415 -0.9631
vn 0.1942 -0.1607 -0.9677
vn 0.1963 -0.1213 -0.9730
vn 0.2306 -0.1019 -0.9677
vn 0.1904 0.0154 -0.9816
vn 0.1872 -0.0221 -0.9821
vn 0.1539 -0.0420 -0.9872
vn 0.1220 -0.0242 -0.9922
vn 0.1240 0.0137 -0.9922
vn 0.1545 -0.0070 -0.9880
vn 0.1580 -0.0042 -0.9874
vn 0.1585 -0.0034 -0.9874
vn 0.1581 0.0329 -0.9869
vn 0.1130 0.1446 -0.9830
vn 0.1131 0.1108 -0.9874
vn 0.0788 0.0936 -0.9925
vn 0.0484 0.1124 -0.9925
vn 0.0485 0.1507 -0.9874
vn 0.0788 0.1658 -0.9830
vn 0.0842 0.1282 -0.9882
vn 0.0787 0.1274 -0.9887
vn 0.0770 0.1327 -0.9882
vn 0.6785 -0.2836 -0.6776
vn 0.6610 -0.2729 -0.6990
vn 0.6684 -0.2361 -0.7054
vn 0.6915 -0.2184 -0.6885
vn 0.7134 -0.2329 -0.6609
vn 0.7074 -0.2616 -0.6567
vn 0.6814 -0.2572 -0.6853
vn 0.6865 -0.2488 -0.6832
vn 0.6936 -0.2478 -0.6764
vn 0.4708 -0.2910 -0.8329
vn 0.4389 -0.3121 -0.8426
vn 0.4116 -0.2949 -0.8623
vn 0.4165 -0.2574 -0.8719
vn 0.4478 -0.2363 -0.8623
vn 0.4754 -0.2530 -0.8426
vn 0.4433 -0.2740 -0.8535
vn 0.4420 -0.2760 -0.8535
vn 0.3310 -0.2587 -0.9075
vn 0.3278 -0.2964 -0.8971
vn 0.2933 -0.3153 -0.9026
vn 0.2975 -0.2774 -0.9135
vn 0.3000 -0.2401 -0.9232
vn 0.2656 -0.2587 -0.9287
vn 0.2621 -0.2964 -0.9184
vn 0.2963 -0.2774 -0.9139
vn 0.1755 -0.2574 -0.9502
vn 0.1738 -0.2949 -0.9396
vn 0.1402 -0.3121 -0.9397
vn 0.1441 -0.2760 -0.9503
vn 0.1446 -0.2363 -0.9609
vn 0.1420 -0.2719 -0.9518
vn 0.1107 -0.2530 -0.9611
vn 0.1087 -0.2910 -0.9505
vn 0.1064 -0.1189 -0.9872
vn 0.1035 -0.1576 -0.9821
vn 0.0753 -0.1351 -0.9880
vn 0.0714 -0.1772 -0.9816
vn 0.0412 -0.1561 -0.9869
vn 0.0739 -0.1403 -0.9874
vn 0.0744 -0.1395 -0.9874
vn 0.0746 -0.1362 -0.9879
vn 0.0762 -0.0983 -0.9922
vn 0.0331 0.0174 -0.9993
vn 0.0323 -0.0199 -0.9993
vn -0.0008 -0.0374 -0.9993
vn -0.0331 -0.0174 -0.9993
vn -0.0322 0.0199 -0.9993
vn 0.0008 0.0374 -0.9993
vn -0.0002 -0.0003 -1.0000
vn 0.0002 0.0003 -1.0000
vn 0.5155 -0.4069 -0.7541
vn 0.4847 -0.4294 -0.7620
vn 0.4611 -0.4163 -0.7836
vn 0.4701 -0.3827 -0.7953
vn 0.5009 -0.3608 -0.7867
vn 0.5249 -0.3722 -0.7654
vn 0.4940 -0.3936 -0.7753
vn 0.4887 -0.3990 -0.7759
vn 0.4910 -0.3954 -0.7762
vn 0.3842 -0.4192 -0.8226
vn 0.3499 -0.4381 -0.8281
vn 0.3212 -0.4226 -0.8475
vn 0.3273 -0.3889 -0.8612
vn 0.3617 -0.3709 -0.8553
vn 0.3907 -0.3851 -0.8361
vn 0.3583 -0.4029 -0.8422
vn 0.3545 -0.4045 -0.8430
vn 0.3532 -0.4045 -0.8436
vn 0.2414 -0.3889 -0.8891
vn 0.2383 -0.4226 -0.8744
vn 0.2037 -0.4381 -0.8756
vn 0.2101 -0.4045 -0.8901
vn 0.2102 -0.3709 -0.9046
vn 0.1754 -0.3851 -0.9061
vn 0.2052 -0.4029 -0.8920
vn 0.1728 -0.4192 -0.8913
vn 0.2087 -0.4045 -0.8904
vn 0.0871 -0.3827 -0.9198
vn 0.0875 -0.4163 -0.9050
vn 0.0558 -0.4294 -0.9014
vn 0.0607 -0.3990 -0.9150
vn 0.0590 -0.3954 -0.9166
vn 0.0571 -0.3608 -0.9309
vn 0.0252 -0.3722 -0.9278
vn 0.0539 -0.3892 -0.9196
vn 0.0262 -0.4069 -0.9131
vn 0.0205 -0.2494 -0.9682
vn 0.0201 -0.2867 -0.9578
vn -0.0075 -0.2624 -0.9649
vn -0.0094 -0.3030 -0.9529
vn -0.0377 -0.2791 -0.9595
vn -0.0055 -0.2704 -0.9627
vn -0.0095 -0.2587 -0.9659
vn -0.0075 -0.2263 -0.9740
vn -0.0382 -0.2415 -0.9696
vn -0.0788 -0.0936 -0.9925
vn -0.0484 -0.1124 -0.9925
vn -0.0485 -0.1507 -0.9874
vn -0.0788 -0.1658 -0.9830
vn -0.1130 -0.1446 -0.9830
vn -0.0770 -0.1327 -0.9882
vn -0.0787 -0.1274 -0.9887
vn -0.1131 -0.1108 -0.9874
vn -0.0793 -0.1284 -0.9885
vn -0.2228 -0.3302 -0.9173
vn -0.1957 -0.3469 -0.9173
vn -0.1906 -0.3804 -0.9050
vn -0.2214 -0.3531 -0.9090
vn -0.2136 -0.3865 -0.8972
vn -0.2502 -0.3639 -0.8972
vn -0.2113 -0.3668 -0.9060
vn -0.2168 -0.3560 -0.9090
vn -0.2550 -0.3406 -0.9050
vn -0.0611 -0.3677 -0.9279
vn -0.0579 -0.4015 -0.9140
vn -0.0846 -0.3773 -0.9222
vn -0.0843 -0.4133 -0.9067
vn -0.1095 -0.3873 -0.9154
vn -0.0799 -0.3873 -0.9185
vn -0.0873 -0.3429 -0.9353
vn -0.1145 -0.3528 -0.9287
vn -0.7597 0.2602 -0.5959
vn -0.7663 0.2314 -0.5994
vn -0.7775 0.2446 -0.5793
vn -0.7894 0.2191 -0.5735
vn -0.8068 0.2314 -0.5436
vn -0.8015 0.2602 -0.5384
vn -0.7787 0.2712 -0.5658
vn -0.7912 0.2446 -0.5605
vn -0.1547 -0.2184 -0.9635
vn -0.1261 -0.2361 -0.9635
vn -0.1239 -0.2729 -0.9540
vn -0.1506 -0.2836 -0.9470
vn -0.1863 -0.2616 -0.9470
vn -0.1485 -0.2572 -0.9549
vn -0.1538 -0.2488 -0.9563
vn -0.1887 -0.2329 -0.9540
vn -0.1533 -0.2480 -0.9566
vn -0.7322 0.4187 -0.5371
vn -0.7335 0.1079 -0.6710
vn -0.7569 0.0932 -0.6468
vn -0.7777 0.1103 -0.6189
vn -0.7760 0.1439 -0.6141
vn -0.7523 0.1585 -0.6394
vn -0.7309 0.1421 -0.6675
vn -0.7515 0.1242 -0.6479
vn -0.7543 0.1240 -0.6447
vn -0.7595 0.1259 -0.6382
vn -0.6819 -0.0242 -0.7310
vn -0.7048 -0.0420 -0.7082
vn -0.7287 -0.0221 -0.6844
vn -0.7310 0.0154 -0.6822
vn -0.7080 0.0329 -0.7055
vn -0.6835 0.0137 -0.7298
vn -0.7057 -0.0070 -0.7085
vn -0.7082 -0.0042 -0.7060
vn -0.7086 -0.0034 -0.7056
vn -0.6134 -0.1561 -0.7742
vn -0.6347 -0.1772 -0.7521
vn -0.6610 -0.1576 -0.7337
vn -0.6663 -0.1189 -0.7361
vn -0.6449 -0.0983 -0.7580
vn -0.6181 -0.1170 -0.7773
vn -0.6401 -0.1403 -0.7554
vn -0.6406 -0.1395 -0.7551
vn -0.6417 -0.1351 -0.7550
vn -0.5335 -0.2791 -0.7984
vn -0.5525 -0.3030 -0.7764
vn -0.5792 -0.2867 -0.7631
vn -0.5857 -0.2494 -0.7712
vn -0.5664 -0.2263 -0.7924
vn -0.5391 -0.2415 -0.8069
vn -0.5603 -0.2658 -0.7845
vn -0.5614 -0.2704 -0.7821
vn -0.5611 -0.2624 -0.7851
vn -0.4494 -0.3873 -0.8050
vn -0.4647 -0.4133 -0.7831
vn -0.4904 -0.4015 -0.7735
vn -0.4960 -0.3677 -0.7867
vn -0.4792 -0.3429 -0.8080
vn -0.4532 -0.3528 -0.8186
vn -0.4736 -0.3773 -0.7958
vn -0.4753 -0.3873 -0.7900
vn -0.6684 0.2361 -0.7054
vn -0.6915 0.2184 -0.6885
vn -0.7134 0.2329 -0.6609
vn -0.7074 0.2616 -0.6567
vn -0.6785 0.2836 -0.6776
vn -0.6936 0.2478 -0.6764
vn -0.6865 0.2488 -0.6832
vn -0.6610 0.2729 -0.6990
vn -0.6863 0.2480 -0.6838
vn 0.3809 0.3469 -0.8571
vn 0.3589 0.3302 -0.8730
vn 0.3257 0.3406 -0.8820
vn 0.3589 0.3560 -0.8628
vn 0.3250 0.3639 -0.8729
vn 0.3546 0.3865 -0.8514
vn 0.3436 0.3530 -0.8702
vn 0.3551 0.3531 -0.8656
vn 0.3778 0.3804 -0.8442
vn -0.6226 0.1124 -0.7745
vn -0.6471 0.0936 -0.7566
vn -0.6719 0.1108 -0.7323
vn -0.6692 0.1446 -0.7288
vn -0.6416 0.1658 -0.7489
vn -0.6490 0.1282 -0.7499
vn -0.6448 0.1274 -0.7536
vn -0.6196 0.1507 -0.7703
vn -0.6452 0.1284 -0.7531
vn -0.5868 -0.0374 -0.8089
vn -0.6134 -0.0199 -0.7895
vn -0.6142 0.0174 -0.7890
vn -0.5880 0.0374 -0.8080
vn -0.5613 0.0199 -0.8274
vn -0.5606 -0.0174 -0.8279
vn -0.5879 0.0003 -0.8089
vn -0.5876 -0.0003 -0.8091
vn -0.7881 -0.0236 -0.6151
vn -0.8083 -0.0419 -0.5873
vn -0.8285 -0.0236 -0.5594
vn -0.8289 0.0142 -0.5593
vn -0.8086 0.0329 -0.5875
vn -0.7880 0.0142 -0.6155
vn -0.8076 -0.0054 -0.5897
vn -0.8104 -0.0054 -0.5858
vn -0.8238 0.1439 -0.5483
vn -0.8289 0.1103 -0.5484
vn -0.8491 0.0932 -0.5200
vn -0.8649 0.1079 -0.4903
vn -0.8607 0.1421 -0.4888
vn -0.8484 0.1242 -0.5145
vn -0.8462 0.1240 -0.5182
vn -0.8417 0.1259 -0.5251
vn -0.8444 0.1259 -0.5207
vn -0.8431 0.2616 -0.4698
vn -0.8490 0.2329 -0.4742
vn -0.8685 0.2184 -0.4449
vn -0.8774 0.2361 -0.4177
vn -0.8690 0.2729 -0.4127
vn -0.8541 0.2836 -0.4359
vn -0.8576 0.2478 -0.4507
vn -0.8619 0.2488 -0.4418
vn -0.8623 0.2572 -0.4363
vn -0.5140 -0.1658 -0.8416
vn -0.5411 -0.1507 -0.8273
vn -0.5442 -0.1124 -0.8314
vn -0.5196 -0.0936 -0.8493
vn -0.4889 -0.1108 -0.8653
vn -0.4864 -0.1446 -0.8617
vn -0.5185 -0.1327 -0.8447
vn -0.5175 -0.1274 -0.8462
vn -0.5127 -0.1282 -0.8490
vn -0.7260 -0.1606 -0.6687
vn -0.7458 -0.1804 -0.6412
vn -0.7703 -0.1610 -0.6171
vn -0.7751 -0.1219 -0.6200
vn -0.7553 -0.1019 -0.6474
vn -0.7307 -0.1213 -0.6718
vn -0.7510 -0.1420 -0.6448
vn -0.7516 -0.1410 -0.6444
vn -0.8292 -0.1219 -0.5455
vn -0.8249 -0.1610 -0.5419
vn -0.8453 -0.1420 -0.5150
vn -0.8403 -0.1804 -0.5112
vn -0.8452 -0.1415 -0.5154
vn -0.8603 -0.1606 -0.4838
vn -0.8647 -0.1213 -0.4874
vn -0.8491 -0.1019 -0.5183
vn -0.8747 0.0154 -0.4845
vn -0.8761 -0.0221 -0.4816
vn -0.8913 -0.0420 -0.4514
vn -0.9060 -0.0242 -0.4226
vn -0.9053 0.0138 -0.4245
vn -0.8919 -0.0070 -0.4522
vn -0.8903 -0.0042 -0.4554
vn -0.8900 -0.0034 -0.4559
vn -0.8897 0.0329 -0.4553
vn -0.9000 0.1446 -0.4113
vn -0.9041 0.1108 -0.4127
vn -0.9196 0.0936 -0.3817
vn -0.9289 0.1124 -0.3528
vn -0.9241 0.1507 -0.3512
vn -0.9105 0.1658 -0.3787
vn -0.9138 0.1282 -0.3855
vn -0.9160 0.1274 -0.3804
vn -0.9160 0.1327 -0.3786
vn -0.4348 -0.2836 -0.8547
vn -0.4605 -0.2729 -0.8447
vn -0.4643 -0.2361 -0.8536
vn -0.4411 -0.2184 -0.8705
vn -0.4081 -0.2329 -0.8827
vn -0.4060 -0.2616 -0.8757
vn -0.4412 -0.2572 -0.8598
vn -0.4377 -0.2488 -0.8640
vn -0.4289 -0.2478 -0.8687
vn -0.6466 -0.2910 -0.7051
vn -0.6658 -0.3121 -0.6778
vn -0.6929 -0.2949 -0.6580
vn -0.7005 -0.2574 -0.6656
vn -0.6817 -0.2363 -0.6924
vn -0.6545 -0.2530 -0.7125
vn -0.6747 -0.2740 -0.6853
vn -0.6751 -0.2760 -0.6841
vn -0.7608 -0.2587 -0.5952
vn -0.7519 -0.2964 -0.5890
vn -0.7678 -0.3152 -0.5578
vn -0.7769 -0.2774 -0.5652
vn -0.7854 -0.2401 -0.5706
vn -0.8012 -0.2587 -0.5396
vn -0.7925 -0.2964 -0.5331
vn -0.7776 -0.2774 -0.5642
vn -0.8495 -0.2574 -0.4606
vn -0.8399 -0.2949 -0.4557
vn -0.8503 -0.3121 -0.4237
vn -0.8593 -0.2760 -0.4307
vn -0.8692 -0.2363 -0.4344
vn -0.8613 -0.2719 -0.4292
vn -0.8799 -0.2530 -0.4023
vn -0.8704 -0.2910 -0.3971
vn -0.9060 -0.1189 -0.4062
vn -0.9020 -0.1576 -0.4019
vn -0.9163 -0.1351 -0.3770
vn -0.9115 -0.1772 -0.3713
vn -0.9258 -0.1561 -0.3442
vn -0.9162 -0.1403 -0.3754
vn -0.9161 -0.1395 -0.3759
vn -0.9165 -0.1362 -0.3762
vn -0.9201 -0.0983 -0.3791
vn -0.9402 0.0174 -0.3403
vn -0.9404 -0.0199 -0.3395
vn -0.9506 -0.0374 -0.3081
vn -0.9606 -0.0174 -0.2773
vn -0.9603 0.0199 -0.2781
vn -0.9502 0.0374 -0.3095
vn -0.9511 -0.0003 -0.3088
vn -0.9510 0.0003 -0.3092
vn -0.5579 -0.4069 -0.7233
vn -0.5750 -0.4294 -0.6965
vn -0.6027 -0.4163 -0.6807
vn -0.6111 -0.3827 -0.6929
vn -0.5934 -0.3608 -0.7195
vn -0.5658 -0.3722 -0.7358
vn -0.5847 -0.3936 -0.7094
vn -0.5869 -0.3990 -0.7046
vn -0.5865 -0.3954 -0.7069
vn -0.6637 -0.4192 -0.6196
vn -0.6794 -0.4381 -0.5886
vn -0.7068 -0.4226 -0.5673
vn -0.7179 -0.3889 -0.5774
vn -0.7017 -0.3709 -0.6083
vn -0.6744 -0.3851 -0.6299
vn -0.6903 -0.4029 -0.6010
vn -0.6922 -0.4045 -0.5977
vn -0.6931 -0.4045 -0.5966
vn -0.7710 -0.3889 -0.5043
vn -0.7580 -0.4226 -0.4969
vn -0.7698 -0.4381 -0.4643
vn -0.7816 -0.4045 -0.4748
vn -0.7954 -0.3709 -0.4794
vn -0.8075 -0.3851 -0.4468
vn -0.7849 -0.4029 -0.4708
vn -0.7943 -0.4192 -0.4397
vn -0.7824 -0.4045 -0.4736
vn -0.8478 -0.3827 -0.3671
vn -0.8336 -0.4163 -0.3629
vn -0.8400 -0.4294 -0.3316
vn -0.8514 -0.3990 -0.3404
vn -0.8535 -0.3954 -0.3394
vn -0.8677 -0.3608 -0.3420
vn -0.8746 -0.3722 -0.3107
vn -0.8579 -0.3892 -0.3354
vn -0.8603 -0.4069 -0.3071
vn -0.9145 -0.2494 -0.3187
vn -0.9047 -0.2867 -0.3151
vn -0.9200 -0.2624 -0.2911
vn -0.9092 -0.3030 -0.2856
vn -0.9242 -0.2791 -0.2607
vn -0.9173 -0.2704 -0.2923
vn -0.9216 -0.2587 -0.2895
vn -0.9287 -0.2263 -0.2939
vn -0.9340 -0.2415 -0.2634
vn -0.9683 -0.0936 -0.2317
vn -0.9589 -0.1124 -0.2606
vn -0.9541 -0.1507 -0.2590
vn -0.9593 -0.1658 -0.2288
vn -0.9698 -0.1446 -0.1963
vn -0.9636 -0.1327 -0.2321
vn -0.9647 -0.1274 -0.2307
vn -0.9740 -0.1108 -0.1976
vn -0.9647 -0.1284 -0.2300
vn -0.9412 -0.3301 -0.0716
vn -0.9328 -0.3469 -0.0974
vn -0.9196 -0.3804 -0.0984
vn -0.9329 -0.3531 -0.0703
vn -0.9193 -0.3865 -0.0741
vn -0.9306 -0.3639 -0.0393
vn -0.9269 -0.3668 -0.0790
vn -0.9315 -0.3560 -0.0747
vn -0.9395 -0.3406 -0.0372
vn -0.9014 -0.3677 -0.2286
vn -0.8872 -0.4015 -0.2273
vn -0.9032 -0.3773 -0.2045
vn -0.8883 -0.4133 -0.2000
vn -0.9045 -0.3873 -0.1787
vn -0.8982 -0.3873 -0.2079
vn -0.9165 -0.3429 -0.2060
vn -0.9186 -0.3528 -0.1780
vn -0.8015 0.2602 0.5384
vn -0.8068 0.2314 0.5436
vn -0.7912 0.2446 0.5605
vn -0.7894 0.2191 0.5735
vn -0.7845 0.2444 0.5700
vn -0.7663 0.2314 0.5994
vn -0.7597 0.2602 0.5959
vn -0.7787 0.2712 0.5658
vn -0.9642 -0.2184 -0.1506
vn -0.9553 -0.2361 -0.1778
vn -0.9456 -0.2729 -0.1770
vn -0.9472 -0.2836 -0.1494
vn -0.9583 -0.2616 -0.1155
vn -0.9540 -0.2572 -0.1539
vn -0.9570 -0.2488 -0.1492
vn -0.9656 -0.2329 -0.1154
vn -0.9571 -0.2480 -0.1498
vn -0.8649 0.1079 0.4903
vn -0.8491 0.0932 0.5200
vn -0.8289 0.1103 0.5484
vn -0.8238 0.1439 0.5483
vn -0.8406 0.1585 0.5179
vn -0.8607 0.1421 0.4888
vn -0.8484 0.1242 0.5145
vn -0.8462 0.1240 0.5182
vn -0.8417 0.1259 0.5251
vn -0.9060 -0.0242 0.4226
vn -0.8913 -0.0420 0.4514
vn -0.8761 -0.0221 0.4816
vn -0.8747 0.0154 0.4845
vn -0.8897 0.0329 0.4553
vn -0.9053 0.0137 0.4245
vn -0.8919 -0.0070 0.4522
vn -0.8903 -0.0042 0.4554
vn -0.8900 -0.0034 0.4559
vn -0.9258 -0.1561 0.3442
vn -0.9115 -0.1772 0.3713
vn -0.9020 -0.1576 0.4019
vn -0.9060 -0.1189 0.4062
vn -0.9201 -0.0983 0.3791
vn -0.9303 -0.1170 0.3476
vn -0.9162 -0.1403 0.3754
vn -0.9161 -0.1395 0.3759
vn -0.9163 -0.1351 0.3770
vn -0.9242 -0.2791 0.2607
vn -0.9092 -0.3030 0.2856
vn -0.9047 -0.2867 0.3151
vn -0.9145 -0.2494 0.3187
vn -0.9287 -0.2263 0.2938
vn -0.9340 -0.2415 0.2634
vn -0.9192 -0.2658 0.2905
vn -0.9173 -0.2704 0.2923
vn -0.9200 -0.2624 0.2911
vn -0.9045 -0.3873 0.1787
vn -0.8883 -0.4133 0.2000
vn -0.8872 -0.4015 0.2273
vn -0.9014 -0.3677 0.2286
vn -0.9165 -0.3429 0.2060
vn -0.9186 -0.3528 0.1780
vn -0.9032 -0.3773 0.2045
vn -0.8982 -0.3873 0.2079
vn -0.8774 0.2361 0.4177
vn -0.8685 0.2184 0.4449
vn -0.8490 0.2329 0.4742
vn -0.8431 0.2616 0.4698
vn -0.8541 0.2836 0.4359
vn -0.8576 0.2478 0.4507
vn -0.8619 0.2488 0.4418
vn -0.8690 0.2729 0.4127
vn -0.8624 0.2480 0.4414
vn -0.6974 0.3469 -0.6271
vn -0.7194 0.3302 -0.6111
vn -0.7382 0.3406 -0.5823
vn -0.7097 0.3560 -0.6080
vn -0.7298 0.3639 -0.5788
vn -0.7001 0.3865 -0.6003
vn -0.7215 0.3530 -0.5957
vn -0.7134 0.3531 -0.6052
vn -0.6861 0.3804 -0.6201
vn -0.9289 0.1124 0.3528
vn -0.9196 0.0936 0.3817
vn -0.9041 0.1108 0.4127
vn -0.9000 0.1446 0.4113
vn -0.9105 0.1658 0.3787
vn -0.9138 0.1282 0.3855
vn -0.9160 0.1274 0.3804
vn -0.9241 0.1507 0.3512
vn -0.9156 0.1284 0.3809
vn -0.9506 -0.0374 0.3081
vn -0.9404 -0.0199 0.3395
vn -0.9402 0.0174 0.3403
vn -0.9502 0.0374 0.3095
vn -0.9603 0.0199 0.2781
vn -0.9606 -0.0174 0.2773
vn -0.9510 0.0003 0.3092
vn -0.9511 -0.0003 0.3088
vn -0.8285 -0.0236 0.5594
vn -0.8083 -0.0419 0.5873
vn -0.7881 -0.0236 0.6151
vn -0.7880 0.0142 0.6155
vn -0.8086 0.0329 0.5875
vn -0.8289 0.0142 0.5593
vn -0.8104 -0.0054 0.5858
vn -0.8076 -0.0054 0.5897
vn -0.7760 0.1439 0.6141
vn -0.7777 0.1103 0.6189
vn -0.7569 0.0932 0.6468
vn -0.7335 0.1079 0.6710
vn -0.7309 0.1421 0.6675
vn -0.7515 0.1242 0.6479
vn -0.7543 0.1240 0.6447
vn -0.7595 0.1259 0.6382
vn -0.7562 0.1259 0.6422
vn -0.7074 0.2616 0.6567
vn -0.7134 0.2329 0.6609
vn -0.6915 0.2184 0.6885
vn -0.6684 0.2361 0.7053
vn -0.6610 0.2729 0.6990
vn -0.6785 0.2836 0.6776
vn -0.6936 0.2478 0.6764
vn -0.6865 0.2488 0.6832
vn -0.6814 0.2572 0.6853
vn -0.9593 -0.1658 0.2288
vn -0.9541 -0.1507 0.2590
vn -0.9589 -0.1124 0.2606
vn -0.9683 -0.0936 0.2317
vn -0.9740 -0.1108 0.1976
vn -0.9698 -0.1446 0.1963
vn -0.9636 -0.1327 0.2321
vn -0.9647 -0.1274 0.2307
vn -0.9658 -0.1282 0.2252
vn -0.8603 -0.1606 0.4838
vn -0.8403 -0.1804 0.5112
vn -0.8249 -0.1610 0.5419
vn -0.8292 -0.1219 0.5455
vn -0.8491 -0.1019 0.5183
vn -0.8647 -0.1213 0.4874
vn -0.8453 -0.1420 0.5150
vn -0.8451 -0.1410 0.5157
vn -0.7751 -0.1219 0.6200
vn -0.7703 -0.1610 0.6171
vn -0.7510 -0.1420 0.6448
vn -0.7458 -0.1804 0.6413
vn -0.7513 -0.1415 0.6446
vn -0.7260 -0.1607 0.6687
vn -0.7307 -0.1213 0.6718
vn -0.7553 -0.1019 0.6474
vn -0.7310 0.0154 0.6822
vn -0.7287 -0.0221 0.6844
vn -0.7048 -0.0420 0.7082
vn -0.6819 -0.0242 0.7310
vn -0.6835 0.0138 0.7298
vn -0.7057 -0.0070 0.7085
vn -0.7082 -0.0042 0.7060
vn -0.7086 -0.0034 0.7056
vn -0.7080 0.0329 0.7055
vn -0.6692 0.1446 0.7288
vn -0.6719 0.1108 0.7323
vn -0.6471 0.0936 0.7566
vn -0.6226 0.1124 0.7745
vn -0.6196 0.1507 0.7703
vn -0.6416 0.1658 0.7489
vn -0.6490 0.1282 0.7499
vn -0.6448 0.1274 0.7536
vn -0.6431 0.1327 0.7542
vn -0.9472 -0.2836 0.1494
vn -0.9456 -0.2729 0.1770
vn -0.9553 -0.2361 0.1778
vn -0.9642 -0.2184 0.1506
vn -0.9656 -0.2329 0.1154
vn -0.9582 -0.2616 0.1155
vn -0.9540 -0.2572 0.1539
vn -0.9570 -0.2488 0.1492
vn -0.9587 -0.2478 0.1395
vn -0.8704 -0.2910 0.3971
vn -0.8503 -0.3121 0.4237
vn -0.8399 -0.2949 0.4557
vn -0.8495 -0.2574 0.4606
vn -0.8692 -0.2363 0.4344
vn -0.8799 -0.2530 0.4023
vn -0.8603 -0.2740 0.4299
vn -0.8593 -0.2760 0.4307
vn -0.8012 -0.2587 0.5396
vn -0.7925 -0.2964 0.5331
vn -0.7678 -0.3153 0.5578
vn -0.7776 -0.2774 0.5642
vn -0.7854 -0.2400 0.5706
vn -0.7608 -0.2587 0.5952
vn -0.7519 -0.2964 0.5890
vn -0.7769 -0.2774 0.5652
vn -0.7005 -0.2574 0.6656
vn -0.6929 -0.2949 0.6580
vn -0.6658 -0.3121 0.6778
vn -0.6751 -0.2760 0.6841
vn -0.6817 -0.2363 0.6924
vn -0.6743 -0.2719 0.6865
vn -0.6545 -0.2530 0.7125
vn -0.6467 -0.2910 0.7051
vn -0.6663 -0.1189 0.7361
vn -0.6610 -0.1576 0.7337
vn -0.6417 -0.1351 0.7550
vn -0.6347 -0.1772 0.7521
vn -0.6134 -0.1561 0.7742
vn -0.6401 -0.1403 0.7554
vn -0.6406 -0.1395 0.7551
vn -0.6410 -0.1362 0.7554
vn -0.6449 -0.0983 0.7580
vn -0.6142 0.0174 0.7890
vn -0.6135 -0.0199 0.7895
vn -0.5868 -0.0374 0.8089
vn -0.5606 -0.0174 0.8279
vn -0.5613 0.0199 0.8274
vn -0.5880 0.0374 0.8080
vn -0.5876 -0.0003 0.8091
vn -0.5879 0.0003 0.8089
vn -0.8603 -0.4069 0.3071
vn -0.8400 -0.4294 0.3316
vn -0.8336 -0.4163 0.3629
vn -0.8478 -0.3827 0.3671
vn -0.8677 -0.3608 0.3420
vn -0.8746 -0.3722 0.3107
vn -0.8553 -0.3936 0.3369
vn -0.8514 -0.3990 0.3404
vn -0.8535 -0.3954 0.3394
vn -0.7943 -0.4192 0.4397
vn -0.7698 -0.4381 0.4643
vn -0.7580 -0.4226 0.4969
vn -0.7710 -0.3889 0.5043
vn -0.7954 -0.3709 0.4794
vn -0.8075 -0.3851 0.4468
vn -0.7849 -0.4029 0.4708
vn -0.7824 -0.4045 0.4736
vn -0.7816 -0.4045 0.4748
vn -0.7179 -0.3889 0.5774
vn -0.7068 -0.4226 0.5673
vn -0.6794 -0.4381 0.5886
vn -0.6931 -0.4045 0.5966
vn -0.7017 -0.3709 0.6083
vn -0.6744 -0.3851 0.6299
vn -0.6903 -0.4029 0.6010
vn -0.6637 -0.4192 0.6195
vn -0.6922 -0.4045 0.5977
vn -0.6111 -0.3827 0.6929
vn -0.6027 -0.4163 0.6807
vn -0.5750 -0.4294 0.6965
vn -0.5869 -0.3990 0.7046
vn -0.5865 -0.3954 0.7069
vn -0.5934 -0.3608 0.7195
vn -0.5658 -0.3722 0.7358
vn -0.5841 -0.3892 0.7123
vn -0.5579 -0.4069 0.7233
vn -0.5857 -0.2494 0.7712
vn -0.5792 -0.2867 0.7631
vn -0.5611 -0.2624 0.7851
vn -0.5526 -0.3030 0.7764
vn -0.5335 -0.2791 0.7984
vn -0.5614 -0.2704 0.7821
vn -0.5601 -0.2587 0.7870
vn -0.5664 -0.2263 0.7924
vn -0.5391 -0.2415 0.8069
vn -0.5196 -0.0936 0.8493
vn -0.5442 -0.1124 0.8314
vn -0.5411 -0.1507 0.8273
vn -0.5140 -0.1658 0.8416
vn -0.4864 -0.1446 0.8617
vn -0.5185 -0.1327 0.8447
vn -0.5175 -0.1274 0.8462
vn -0.4889 -0.1108 0.8653
vn -0.5169 -0.1284 0.8464
vn -0.3589 -0.3302 0.8730
vn -0.3809 -0.3469 0.8571
vn -0.3778 -0.3804 0.8442
vn -0.3551 -0.3531 0.8656
vn -0.3546 -0.3865 0.8514
vn -0.3250 -0.3639 0.8729
vn -0.3616 -0.3668 0.8572
vn -0.3589 -0.3560 0.8628
vn -0.3257 -0.3406 0.8820
vn -0.4960 -0.3677 0.7867
vn -0.4904 -0.4015 0.7735
vn -0.4736 -0.3773 0.7958
vn -0.4647 -0.4133 0.7831
vn -0.4494 -0.3873 0.8050
vn -0.4753 -0.3873 0.7900
vn -0.4792 -0.3429 0.8080
vn -0.4532 -0.3528 0.8186
vn 0.2643 0.2602 0.9287
vn 0.2677 0.2314 0.9353
vn 0.2885 0.2446 0.9257
vn 0.3015 0.2191 0.9280
vn 0.2996 0.2444 0.9222
vn 0.3332 0.2314 0.9140
vn 0.3320 0.2602 0.9067
vn 0.2974 0.2712 0.9154
vn -0.4411 -0.2184 0.8705
vn -0.4643 -0.2361 0.8536
vn -0.4605 -0.2729 0.8447
vn -0.4348 -0.2836 0.8547
vn -0.4060 -0.2616 0.8757
vn -0.4412 -0.2572 0.8598
vn -0.4377 -0.2488 0.8640
vn -0.4081 -0.2329 0.8827
vn -0.4382 -0.2480 0.8640
vn 0.1990 0.1079 0.9740
vn 0.2322 0.0932 0.9682
vn 0.2654 0.1103 0.9578
vn 0.2669 0.1439 0.9529
vn 0.2328 0.1585 0.9595
vn 0.1990 0.1421 0.9696
vn 0.2272 0.1242 0.9659
vn 0.2313 0.1240 0.9649
vn 0.2394 0.1259 0.9627
vn 0.1220 -0.0242 0.9922
vn 0.1539 -0.0420 0.9872
vn 0.1872 -0.0221 0.9821
vn 0.1905 0.0154 0.9816
vn 0.1581 0.0329 0.9869
vn 0.1240 0.0138 0.9922
vn 0.1545 -0.0070 0.9880
vn 0.1580 -0.0042 0.9874
vn 0.1585 -0.0034 0.9874
vn 0.0412 -0.1561 0.9869
vn 0.0714 -0.1772 0.9816
vn 0.1035 -0.1576 0.9821
vn 0.1064 -0.1189 0.9872
vn 0.0762 -0.0983 0.9922
vn 0.0431 -0.1170 0.9922
vn 0.0739 -0.1403 0.9874
vn 0.0744 -0.1395 0.9874
vn 0.0753 -0.1351 0.9880
vn -0.0377 -0.2791 0.9595
vn -0.0094 -0.3030 0.9529
vn 0.0201 -0.2867 0.9578
vn 0.0205 -0.2494 0.9682
vn -0.0075 -0.2263 0.9740
vn -0.0381 -0.2415 0.9696
vn -0.0078 -0.2658 0.9640
vn -0.0055 -0.2704 0.9627
vn -0.0075 -0.2624 0.9649
vn -0.1096 -0.3873 0.9154
vn -0.0843 -0.4133 0.9067
vn -0.0579 -0.4015 0.9140
vn -0.0611 -0.3677 0.9280
vn -0.0873 -0.3429 0.9353
vn -0.1145 -0.3528 0.9287
vn -0.0846 -0.3773 0.9222
vn -0.0799 -0.3873 0.9185
vn 0.1261 0.2361 0.9635
vn 0.1547 0.2184 0.9635
vn 0.1887 0.2329 0.9540
vn 0.1863 0.2616 0.9470
vn 0.1506 0.2836 0.9470
vn 0.1636 0.2478 0.9549
vn 0.1538 0.2488 0.9563
vn 0.1239 0.2729 0.9540
vn 0.1533 0.2480 0.9566
vn -0.8119 0.3469 0.4695
vn -0.8035 0.3302 0.4953
vn -0.7819 0.3406 0.5222
vn -0.7975 0.3560 0.4871
vn -0.7760 0.3639 0.5152
vn -0.7873 0.3865 0.4804
vn -0.7895 0.3530 0.5021
vn -0.7961 0.3531 0.4915
vn -0.8018 0.3804 0.4609
vn 0.0485 0.1124 0.9925
vn 0.0788 0.0936 0.9925
vn 0.1131 0.1108 0.9874
vn 0.1130 0.1446 0.9830
vn 0.0788 0.1658 0.9830
vn 0.0842 0.1282 0.9882
vn 0.0787 0.1274 0.9887
vn 0.0485 0.1507 0.9874
vn 0.0794 0.1284 0.9885
vn -0.0008 -0.0374 0.9993
vn 0.0322 -0.0199 0.9993
vn 0.0331 0.0174 0.9993
vn 0.0008 0.0374 0.9993
vn -0.0322 0.0199 0.9993
vn -0.0331 -0.0174 0.9993
vn 0.0002 0.0003 1.0000
vn -0.0002 -0.0003 1.0000
vn 0.2760 -0.0236 0.9609
vn 0.3087 -0.0419 0.9502
vn 0.3415 -0.0236 0.9396
vn 0.3418 0.0142 0.9397
vn 0.3088 0.0329 0.9505
vn 0.2758 0.0142 0.9611
vn 0.3067 -0.0054 0.9518
vn 0.3113 -0.0054 0.9503
vn 0.3442 0.1439 0.9278
vn 0.3483 0.1103 0.9309
vn 0.3812 0.0932 0.9198
vn 0.4115 0.1079 0.9050
vn 0.4090 0.1421 0.9014
vn 0.3840 0.1242 0.9150
vn 0.3801 0.1240 0.9166
vn 0.3722 0.1259 0.9196
vn 0.3771 0.1259 0.9176
vn 0.4060 0.2616 0.8757
vn 0.4081 0.2329 0.8827
vn 0.4411 0.2184 0.8705
vn 0.4643 0.2361 0.8536
vn 0.4605 0.2729 0.8447
vn 0.4348 0.2836 0.8547
vn 0.4289 0.2478 0.8687
vn 0.4377 0.2488 0.8640
vn 0.4412 0.2572 0.8598
vn -0.0788 -0.1658 0.9830
vn -0.0485 -0.1507 0.9874
vn -0.0484 -0.1124 0.9925
vn -0.0788 -0.0936 0.9925
vn -0.1131 -0.1108 0.9874
vn -0.1130 -0.1446 0.9830
vn -0.0770 -0.1327 0.9882
vn -0.0787 -0.1274 0.9887
vn -0.0842 -0.1282 0.9882
vn 0.1942 -0.1607 0.9677
vn 0.2265 -0.1804 0.9572
vn 0.2604 -0.1610 0.9520
vn 0.2626 -0.1219 0.9572
vn 0.2306 -0.1019 0.9677
vn 0.1963 -0.1213 0.9730
vn 0.2286 -0.1420 0.9631
vn 0.2293 -0.1410 0.9631
vn 0.3502 -0.1219 0.9287
vn 0.3489 -0.1610 0.9232
vn 0.3811 -0.1420 0.9135
vn 0.3794 -0.1804 0.9075
vn 0.3809 -0.1415 0.9137
vn 0.4117 -0.1606 0.8971
vn 0.4131 -0.1213 0.9026
vn 0.3823 -0.1019 0.9184
vn 0.4229 0.0154 0.9061
vn 0.4258 -0.0221 0.9046
vn 0.4558 -0.0420 0.8891
vn 0.4845 -0.0242 0.8744
vn 0.4829 0.0138 0.8756
vn 0.4557 -0.0070 0.8901
vn 0.4526 -0.0042 0.8917
vn 0.4521 -0.0034 0.8920
vn 0.4522 0.0329 0.8913
vn 0.4864 0.1446 0.8617
vn 0.4889 0.1108 0.8653
vn 0.5196 0.0936 0.8493
vn 0.5442 0.1124 0.8314
vn 0.5411 0.1507 0.8273
vn 0.5140 0.1658 0.8416
vn 0.5127 0.1282 0.8490
vn 0.5175 0.1274 0.8462
vn 0.5185 0.1327 0.8447
vn -0.1506 -0.2836 0.9470
vn -0.1239 -0.2729 0.9540
vn -0.1261 -0.2361 0.9635
vn -0.1548 -0.2184 0.9635
vn -0.1887 -0.2329 0.9540
vn -0.1863 -0.2616 0.9470
vn -0.1485 -0.2572 0.9549
vn -0.1538 -0.2488 0.9563
vn -0.1636 -0.2478 0.9549
vn 0.1087 -0.2910 0.9505
vn 0.1402 -0.3121 0.9397
vn 0.1738 -0.2949 0.9396
vn 0.1755 -0.2574 0.9502
vn 0.1446 -0.2363 0.9609
vn 0.1107 -0.2530 0.9611
vn 0.1431 -0.2740 0.9510
vn 0.1441 -0.2760 0.9503
vn 0.2656 -0.2587 0.9287
vn 0.2621 -0.2964 0.9184
vn 0.2933 -0.3153 0.9026
vn 0.2963 -0.2774 0.9139
vn 0.3000 -0.2401 0.9232
vn 0.3310 -0.2587 0.9075
vn 0.3278 -0.2964 0.8971
vn 0.2975 -0.2774 0.9135
vn 0.4165 -0.2574 0.8719
vn 0.4116 -0.2949 0.8623
vn 0.4389 -0.3121 0.8426
vn 0.4420 -0.2760 0.8535
vn 0.4478 -0.2363 0.8623
vn 0.4446 -0.2719 0.8535
vn 0.4754 -0.2530 0.8426
vn 0.4708 -0.2910 0.8329
vn 0.4942 -0.1189 0.8612
vn 0.4935 -0.1576 0.8553
vn 0.5198 -0.1351 0.8436
vn 0.5192 -0.1772 0.8361
vn 0.5467 -0.1561 0.8226
vn 0.5206 -0.1403 0.8422
vn 0.5202 -0.1395 0.8426
vn 0.5203 -0.1362 0.8430
vn 0.5216 -0.0983 0.8475
vn 0.5606 0.0174 0.8279
vn 0.5613 -0.0199 0.8274
vn 0.5880 -0.0374 0.8080
vn 0.6142 -0.0174 0.7890
vn 0.6135 0.0199 0.7895
vn 0.5868 0.0374 0.8089
vn 0.5880 -0.0003 0.8089
vn 0.5876 0.0003 0.8091
vn 0.0262 -0.4069 0.9131
vn 0.0558 -0.4294 0.9014
vn 0.0875 -0.4163 0.9050
vn 0.0871 -0.3827 0.9198
vn 0.0571 -0.3608 0.9309
vn 0.0252 -0.3722 0.9278
vn 0.0561 -0.3936 0.9176
vn 0.0607 -0.3990 0.9150
vn 0.0590 -0.3954 0.9166
vn 0.1728 -0.4192 0.8913
vn 0.2037 -0.4381 0.8756
vn 0.2383 -0.4226 0.8744
vn 0.2414 -0.3889 0.8891
vn 0.2102 -0.3709 0.9046
vn 0.1754 -0.3851 0.9061
vn 0.2052 -0.4029 0.8920
vn 0.2087 -0.4045 0.8904
vn 0.2101 -0.4045 0.8901
vn 0.3273 -0.3889 0.8612
vn 0.3212 -0.4226 0.8475
vn 0.3499 -0.4381 0.8280
vn 0.3532 -0.4045 0.8436
vn 0.3617 -0.3709 0.8553
vn 0.3907 -0.3851 0.8361
vn 0.3583 -0.4029 0.8422
vn 0.3841 -0.4192 0.8226
vn 0.3545 -0.4045 0.8430
vn 0.4701 -0.3827 0.7953
vn 0.4611 -0.4163 0.7836
vn 0.4847 -0.4294 0.7620
vn 0.4887 -0.3990 0.7759
vn 0.4910 -0.3954 0.7762
vn 0.5009 -0.3608 0.7867
vn 0.5249 -0.3722 0.7654
vn 0.4969 -0.3892 0.7756
vn 0.5155 -0.4069 0.7541
vn 0.5525 -0.2494 0.7953
vn 0.5467 -0.2867 0.7867
vn 0.5732 -0.2624 0.7762
vn 0.5677 -0.3030 0.7654
vn 0.5945 -0.2791 0.7541
vn 0.5704 -0.2704 0.7756
vn 0.5754 -0.2587 0.7759
vn 0.5786 -0.2263 0.7836
vn 0.6008 -0.2415 0.7620
vn 0.6471 -0.0936 0.7566
vn 0.6226 -0.1124 0.7745
vn 0.6196 -0.1507 0.7703
vn 0.6416 -0.1658 0.7489
vn 0.6692 -0.1446 0.7288
vn 0.6431 -0.1327 0.7542
vn 0.6448 -0.1274 0.7536
vn 0.6719 -0.1108 0.7323
vn 0.6452 -0.1284 0.7531
vn 0.7194 -0.3302 0.6111
vn 0.6974 -0.3469 0.6271
vn 0.6861 -0.3804 0.6201
vn 0.7134 -0.3531 0.6052
vn 0.7001 -0.3865 0.6003
vn 0.7298 -0.3639 0.5788
vn 0.7035 -0.3668 0.6088
vn 0.7097 -0.3560 0.6080
vn 0.7382 -0.3406 0.5823
vn 0.5949 -0.3677 0.7148
vn 0.5841 -0.4015 0.7054
vn 0.6105 -0.3773 0.6964
vn 0.6011 -0.4133 0.6840
vn 0.6267 -0.3873 0.6762
vn 0.6045 -0.3873 0.6961
vn 0.6204 -0.3429 0.7054
vn 0.6385 -0.3528 0.6840
vn 0.9649 0.2602 0.0356
vn 0.9722 0.2314 0.0345
vn 0.9695 0.2446 0.0116
vn 0.9757 0.2191 0.0000
vn 0.9697 0.2444 0.0000
vn 0.9722 0.2314 -0.0345
vn 0.9649 0.2602 -0.0356
vn 0.9625 0.2712 0.0000
vn 0.6915 -0.2184 0.6885
vn 0.6684 -0.2361 0.7053
vn 0.6610 -0.2729 0.6990
vn 0.6785 -0.2836 0.6776
vn 0.7074 -0.2616 0.6567
vn 0.6814 -0.2572 0.6853
vn 0.6865 -0.2488 0.6832
vn 0.7134 -0.2329 0.6609
vn 0.6863 -0.2480 0.6838
vn 0.9879 0.1079 0.1117
vn 0.9926 0.0932 0.0783
vn 0.9929 0.1103 0.0436
vn 0.9888 0.1439 0.0407
vn 0.9845 0.1585 0.0751
vn 0.9837 0.1421 0.1104
vn 0.9888 0.1242 0.0824
vn 0.9892 0.1240 0.0782
vn 0.9896 0.1259 0.0699
vn 0.9814 -0.0242 0.1906
vn 0.9864 -0.0420 0.1587
vn 0.9919 -0.0221 0.1254
vn 0.9924 0.0154 0.1222
vn 0.9874 0.0329 0.1546
vn 0.9819 0.0137 0.1887
vn 0.9874 -0.0070 0.1584
vn 0.9879 -0.0042 0.1548
vn 0.9880 -0.0034 0.1544
vn 0.9513 -0.1561 0.2657
vn 0.9556 -0.1772 0.2354
vn 0.9660 -0.1576 0.2051
vn 0.9718 -0.1189 0.2039
vn 0.9672 -0.0983 0.2342
vn 0.9570 -0.1170 0.2656
vn 0.9619 -0.1403 0.2348
vn 0.9621 -0.1395 0.2343
vn 0.9629 -0.1351 0.2336
vn 0.9009 -0.2791 0.3323
vn 0.9034 -0.3030 0.3034
vn 0.9171 -0.2867 0.2769
vn 0.9271 -0.2494 0.2797
vn 0.9240 -0.2263 0.3081
vn 0.9104 -0.2415 0.3359
vn 0.9144 -0.2658 0.3053
vn 0.9139 -0.2704 0.3028
vn 0.9154 -0.2623 0.3053
vn 0.8368 -0.3873 0.3871
vn 0.8362 -0.4133 0.3603
vn 0.8514 -0.4015 0.3376
vn 0.8636 -0.3677 0.3449
vn 0.8626 -0.3429 0.3720
vn 0.8478 -0.3528 0.3959
vn 0.8509 -0.3773 0.3654
vn 0.8489 -0.3873 0.3598
vn 0.9553 0.2361 0.1778
vn 0.9642 0.2184 0.1506
vn 0.9656 0.2329 0.1154
vn 0.9583 0.2616 0.1155
vn 0.9472 0.2836 0.1494
vn 0.9587 0.2478 0.1395
vn 0.9570 0.2488 0.1492
vn 0.9456 0.2729 0.1770
vn 0.9571 0.2480 0.1498
vn 0.1957 0.3469 0.9173
vn 0.2228 0.3302 0.9173
vn 0.2550 0.3406 0.9050
vn 0.2168 0.3560 0.9090
vn 0.2502 0.3639 0.8972
vn 0.2136 0.3865 0.8972
vn 0.2336 0.3530 0.9060
vn 0.2214 0.3531 0.9090
vn 0.1906 0.3804 0.9050
vn 0.9589 0.1124 0.2606
vn 0.9683 0.0936 0.2317
vn 0.9740 0.1108 0.1976
vn 0.9698 0.1446 0.1963
vn 0.9593 0.1658 0.2288
vn 0.9658 0.1282 0.2252
vn 0.9647 0.1274 0.2307
vn 0.9541 0.1507 0.2590
vn 0.9647 0.1284 0.2300
vn 0.9502 -0.0374 0.3095
vn 0.9603 -0.0199 0.2781
vn 0.9606 0.0174 0.2773
vn 0.9506 0.0374 0.3081
vn 0.9404 0.0199 0.3395
vn 0.9402 -0.0174 0.3403
vn 0.9511 0.0003 0.3088
vn 0.9510 -0.0003 0.3092
vn 0.9991 -0.0236 0.0344
vn 0.9991 -0.0419 0.0000
vn 0.9991 -0.0236 -0.0344
vn 0.9993 0.0142 -0.0347
vn 0.9995 0.0329 0.0000
vn 0.9993 0.0141 0.0347
vn 1.0000 -0.0054 0.0024
vn 1.0000 -0.0054 -0.0024
vn 0.9888 0.1439 -0.0407
vn 0.9929 0.1103 -0.0436
vn 0.9926 0.0932 -0.0784
vn 0.9879 0.1079 -0.1117
vn 0.9837 0.1421 -0.1104
vn 0.9888 0.1242 -0.0824
vn 0.9892 0.1240 -0.0782
vn 0.9896 0.1259 -0.0699
vn 0.9892 0.1259 -0.0751
vn 0.9583 0.2616 -0.1155
vn 0.9656 0.2329 -0.1154
vn 0.9642 0.2184 -0.1506
vn 0.9553 0.2361 -0.1778
vn 0.9456 0.2729 -0.1770
vn 0.9472 0.2836 -0.1494
vn 0.9587 0.2478 -0.1395
vn 0.9570 0.2488 -0.1492
vn 0.9540 0.2571 -0.1539
vn 0.9105 -0.1658 0.3787
vn 0.9241 -0.1507 0.3513
vn 0.9289 -0.1124 0.3528
vn 0.9196 -0.0936 0.3817
vn 0.9041 -0.1108 0.4127
vn 0.9000 -0.1446 0.4113
vn 0.9160 -0.1327 0.3786
vn 0.9160 -0.1274 0.3804
vn 0.9138 -0.1282 0.3855
vn 0.9804 -0.1607 0.1143
vn 0.9803 -0.1804 0.0804
vn 0.9859 -0.1610 0.0465
vn 0.9915 -0.1219 0.0460
vn 0.9916 -0.1019 0.0798
vn 0.9860 -0.1213 0.1140
vn 0.9866 -0.1420 0.0802
vn 0.9868 -0.1410 0.0796
vn 0.9915 -0.1219 -0.0460
vn 0.9859 -0.1610 -0.0465
vn 0.9866 -0.1420 -0.0802
vn 0.9803 -0.1804 -0.0804
vn 0.9867 -0.1415 -0.0799
vn 0.9804 -0.1606 -0.1143
vn 0.9860 -0.1213 -0.1140
vn 0.9916 -0.1019 -0.0798
vn 0.9924 0.0154 -0.1222
vn 0.9919 -0.0221 -0.1254
vn 0.9864 -0.0420 -0.1587
vn 0.9814 -0.0242 -0.1906
vn 0.9819 0.0138 -0.1887
vn 0.9874 -0.0070 -0.1584
vn 0.9879 -0.0042 -0.1548
vn 0.9880 -0.0034 -0.1544
vn 0.9874 0.0329 -0.1546
vn 0.9698 0.1446 -0.1963
vn 0.9740 0.1108 -0.1976
vn 0.9683 0.0936 -0.2317
vn 0.9589 0.1124 -0.2606
vn 0.9541 0.1507 -0.2590
vn 0.9593 0.1658 -0.2288
vn 0.9658 0.1282 -0.2252
vn 0.9647 0.1274 -0.2307
vn 0.9636 0.1327 -0.2321
vn 0.8541 -0.2836 0.4359
vn 0.8690 -0.2729 0.4127
vn 0.8774 -0.2361 0.4177
vn 0.8685 -0.2184 0.4449
vn 0.8490 -0.2329 0.4742
vn 0.8431 -0.2616 0.4698
vn 0.8623 -0.2572 0.4363
vn 0.8619 -0.2488 0.4418
vn 0.8576 -0.2478 0.4507
vn 0.9376 -0.2910 0.1904
vn 0.9370 -0.3121 0.1570
vn 0.9473 -0.2949 0.1250
vn 0.9580 -0.2574 0.1267
vn 0.9585 -0.2363 0.1594
vn 0.9483 -0.2530 0.1917
vn 0.9487 -0.2740 0.1578
vn 0.9483 -0.2760 0.1566
vn 0.9654 -0.2587 0.0344
vn 0.9545 -0.2964 0.0345
vn 0.9490 -0.3153 -0.0000
vn 0.9608 -0.2774 0.0006
vn 0.9708 -0.2401 -0.0000
vn 0.9654 -0.2587 -0.0344
vn 0.9544 -0.2964 -0.0345
vn 0.9608 -0.2774 -0.0006
vn 0.9580 -0.2574 -0.1267
vn 0.9473 -0.2949 -0.1250
vn 0.9370 -0.3121 -0.1570
vn 0.9483 -0.2760 -0.1566
vn 0.9585 -0.2363 -0.1594
vn 0.9491 -0.2719 -0.1591
vn 0.9483 -0.2530 -0.1917
vn 0.9376 -0.2910 -0.1904
vn 0.9718 -0.1189 -0.2039
vn 0.9660 -0.1576 -0.2051
vn 0.9629 -0.1351 -0.2336
vn 0.9556 -0.1772 -0.2354
vn 0.9513 -0.1561 -0.2657
vn 0.9619 -0.1403 -0.2348
vn 0.9621 -0.1395 -0.2343
vn 0.9626 -0.1362 -0.2343
vn 0.9672 -0.0983 -0.2342
vn 0.9606 0.0174 -0.2773
vn 0.9603 -0.0199 -0.2781
vn 0.9502 -0.0374 -0.3095
vn 0.9402 -0.0174 -0.3403
vn 0.9404 0.0199 -0.3395
vn 0.9506 0.0374 -0.3081
vn 0.9510 -0.0003 -0.3092
vn 0.9511 0.0003 -0.3088
vn 0.8765 -0.4069 0.2572
vn 0.8745 -0.4294 0.2255
vn 0.8877 -0.4163 0.1964
vn 0.9017 -0.3827 0.2014
vn 0.9030 -0.3608 0.2333
vn 0.8902 -0.3722 0.2627
vn 0.8900 -0.3936 0.2302
vn 0.8889 -0.3990 0.2250
vn 0.8900 -0.3954 0.2271
vn 0.9011 -0.4192 0.1111
vn 0.8956 -0.4381 0.0769
vn 0.9053 -0.4226 0.0435
vn 0.9202 -0.3889 0.0452
vn 0.9252 -0.3709 0.0797
vn 0.9159 -0.3851 0.1132
vn 0.9117 -0.4029 0.0805
vn 0.9113 -0.4045 0.0767
vn 0.9114 -0.4045 0.0753
vn 0.9202 -0.3889 -0.0452
vn 0.9053 -0.4226 -0.0435
vn 0.8956 -0.4381 -0.0769
vn 0.9114 -0.4045 -0.0753
vn 0.9252 -0.3709 -0.0797
vn 0.9159 -0.3851 -0.1132
vn 0.9117 -0.4029 -0.0805
vn 0.9011 -0.4192 -0.1111
vn 0.9113 -0.4045 -0.0767
vn 0.9017 -0.3827 -0.2014
vn 0.8877 -0.4163 -0.1964
vn 0.8745 -0.4294 -0.2255
vn 0.8889 -0.3990 -0.2250
vn 0.8900 -0.3954 -0.2271
vn 0.9030 -0.3608 -0.2333
vn 0.8902 -0.3722 -0.2627
vn 0.8912 -0.3892 -0.2329
vn 0.8765 -0.4069 -0.2572
vn 0.9271 -0.2494 -0.2797
vn 0.9171 -0.2867 -0.2769
vn 0.9154 -0.2623 -0.3053
vn 0.9034 -0.3030 -0.3034
vn 0.9009 -0.2791 -0.3323
vn 0.9139 -0.2704 -0.3028
vn 0.9157 -0.2587 -0.3075
vn 0.9240 -0.2263 -0.3081
vn 0.9104 -0.2415 -0.3359
vn 0.9196 -0.0936 -0.3817
vn 0.9289 -0.1124 -0.3528
vn 0.9241 -0.1507 -0.3513
vn 0.9105 -0.1658 -0.3787
vn 0.9000 -0.1446 -0.4113
vn 0.9160 -0.1327 -0.3786
vn 0.9160 -0.1274 -0.3804
vn 0.9041 -0.1108 -0.4127
vn 0.9156 -0.1284 -0.3809
vn 0.8035 -0.3302 -0.4953
vn 0.8119 -0.3469 -0.4695
vn 0.8018 -0.3804 -0.4609
vn 0.7961 -0.3531 -0.4915
vn 0.7873 -0.3865 -0.4804
vn 0.7760 -0.3639 -0.5152
vn 0.7964 -0.3668 -0.4809
vn 0.7975 -0.3560 -0.4871
vn 0.7819 -0.3406 -0.5222
vn 0.8636 -0.3677 -0.3449
vn 0.8514 -0.4015 -0.3376
vn 0.8509 -0.3773 -0.3654
vn 0.8362 -0.4133 -0.3603
vn 0.8368 -0.3873 -0.3871
vn 0.8489 -0.3873 -0.3598
vn 0.8626 -0.3429 -0.3720
vn 0.8478 -0.3528 -0.3959
vn 0.5912 -0.6005 -0.5384
vn 0.5678 -0.6182 -0.5436
vn 0.5726 -0.5983 -0.5605
vn 0.5490 -0.6081 -0.5735
vn 0.5694 -0.5924 -0.5700
vn 0.5497 -0.5819 -0.5994
vn 0.5725 -0.5631 -0.5959
vn 0.5908 -0.5752 -0.5657
vn 0.8685 -0.2184 -0.4449
vn 0.8774 -0.2361 -0.4177
vn 0.8690 -0.2729 -0.4127
vn 0.8541 -0.2836 -0.4359
vn 0.8431 -0.2616 -0.4698
vn 0.8623 -0.2572 -0.4363
vn 0.8619 -0.2488 -0.4418
vn 0.8490 -0.2329 -0.4742
vn 0.8624 -0.2480 -0.4414
vn 0.6978 -0.5314 -0.4804
vn 0.6988 -0.5471 -0.4609
vn 0.6734 -0.5710 -0.4695
vn 0.6546 -0.5710 -0.4953
vn 0.6543 -0.5471 -0.5222
vn 0.6725 -0.5313 -0.5152
vn 0.6842 -0.5483 -0.4809
vn 0.6751 -0.5541 -0.4871
vn 0.6719 -0.5541 -0.4915
vn 0.4833 -0.7253 -0.4903
vn 0.4631 -0.7177 -0.5200
vn 0.4693 -0.6921 -0.5484
vn 0.4971 -0.6725 -0.5483
vn 0.5177 -0.6810 -0.5179
vn 0.5120 -0.7063 -0.4888
vn 0.4905 -0.7034 -0.5145
vn 0.4894 -0.7014 -0.5182
vn 0.4890 -0.6965 -0.5251
vn 0.3835 -0.8212 -0.4226
vn 0.3611 -0.8160 -0.4514
vn 0.3721 -0.7935 -0.4816
vn 0.4049 -0.7755 -0.4845
vn 0.4274 -0.7811 -0.4553
vn 0.4172 -0.8036 -0.4245
vn 0.3926 -0.8008 -0.4522
vn 0.3944 -0.7982 -0.4554
vn 0.3950 -0.7976 -0.4559
vn 0.2744 -0.8979 -0.3442
vn 0.2491 -0.8945 -0.3713
vn 0.2624 -0.8773 -0.4019
vn 0.2989 -0.8635 -0.4062
vn 0.3236 -0.8669 -0.3791
vn 0.3114 -0.8844 -0.3476
vn 0.2843 -0.8822 -0.3754
vn 0.2850 -0.8817 -0.3759
vn 0.2890 -0.8800 -0.3770
vn 0.1637 -0.9515 -0.2607
vn 0.1356 -0.9487 -0.2856
vn 0.1482 -0.9374 -0.3151
vn 0.1859 -0.9295 -0.3187
vn 0.2129 -0.9318 -0.2938
vn 0.2017 -0.9434 -0.2633
vn 0.1733 -0.9411 -0.2905
vn 0.1684 -0.9414 -0.2922
vn 0.1768 -0.9402 -0.2911
vn 0.0581 -0.9822 -0.1787
vn 0.0276 -0.9794 -0.2000
vn 0.0376 -0.9731 -0.2273
vn 0.0743 -0.9707 -0.2286
vn 0.1032 -0.9731 -0.2060
vn 0.0952 -0.9794 -0.1780
vn 0.0665 -0.9766 -0.2045
vn 0.0553 -0.9766 -0.2079
vn 0.9328 0.3469 0.0974
vn 0.9412 0.3301 0.0716
vn 0.9395 0.3406 0.0372
vn 0.9315 0.3560 0.0747
vn 0.9306 0.3639 0.0393
vn 0.9193 0.3865 0.0741
vn 0.9338 0.3530 0.0578
vn 0.9329 0.3531 0.0703
vn 0.9196 0.3804 0.0984
vn 0.3494 -0.7516 -0.5594
vn 0.3240 -0.7417 -0.5873
vn 0.3313 -0.7154 -0.6151
vn 0.3651 -0.6985 -0.6155
vn 0.3910 -0.7085 -0.5875
vn 0.3833 -0.7350 -0.5593
vn 0.3576 -0.7273 -0.5858
vn 0.3563 -0.7247 -0.5897
vn 0.4757 -0.6297 -0.6141
vn 0.4464 -0.6463 -0.6189
vn 0.4219 -0.6354 -0.6468
vn 0.4246 -0.6078 -0.6710
vn 0.4540 -0.5902 -0.6675
vn 0.4471 -0.6167 -0.6479
vn 0.4483 -0.6192 -0.6447
vn 0.4522 -0.6231 -0.6382
vn 0.4507 -0.6200 -0.6422
vn 0.5503 -0.5157 -0.6567
vn 0.5273 -0.5339 -0.6609
vn 0.5046 -0.5209 -0.6885
vn 0.5101 -0.4922 -0.7053
vn 0.5397 -0.4692 -0.6990
vn 0.5571 -0.4801 -0.6776
vn 0.5318 -0.5096 -0.6764
vn 0.5296 -0.5027 -0.6832
vn 0.5347 -0.4945 -0.6853
vn 0.2411 -0.8413 -0.4838
vn 0.2145 -0.8323 -0.5112
vn 0.2249 -0.8098 -0.5419
vn 0.2618 -0.7962 -0.5455
vn 0.2886 -0.8050 -0.5183
vn 0.2782 -0.8277 -0.4874
vn 0.2510 -0.8196 -0.5150
vn 0.2519 -0.8189 -0.5157
vn 0.2376 -0.7478 -0.6200
vn 0.2005 -0.7609 -0.6171
vn 0.1722 -0.7478 -0.6412
vn 0.1810 -0.7212 -0.6687
vn 0.2183 -0.7078 -0.6718
vn 0.2088 -0.7353 -0.6448
vn 0.2100 -0.7353 -0.6444
vn 0.2467 -0.7212 -0.6474
vn 0.3407 -0.6470 -0.6822
vn 0.3062 -0.6617 -0.6844
vn 0.2776 -0.6491 -0.7082
vn 0.2833 -0.6207 -0.7310
vn 0.3180 -0.6052 -0.7298
vn 0.3093 -0.6343 -0.7085
vn 0.3130 -0.6354 -0.7060
vn 0.3139 -0.6353 -0.7056
vn 0.3461 -0.6185 -0.7055
vn 0.4287 -0.5339 -0.7288
vn 0.3996 -0.5514 -0.7323
vn 0.3731 -0.5370 -0.7566
vn 0.3789 -0.5066 -0.7745
vn 0.4119 -0.4868 -0.7703
vn 0.4352 -0.4997 -0.7489
vn 0.4049 -0.5231 -0.7499
vn 0.4023 -0.5198 -0.7536
vn 0.4063 -0.5159 -0.7542
vn 0.1290 -0.9087 -0.3971
vn 0.1012 -0.9001 -0.4237
vn 0.1119 -0.8831 -0.4557
vn 0.1497 -0.8749 -0.4606
vn 0.1773 -0.8831 -0.4344
vn 0.1672 -0.9001 -0.4023
vn 0.1397 -0.8920 -0.4299
vn 0.1374 -0.8920 -0.4307
vn 0.1269 -0.8323 -0.5396
vn 0.0893 -0.8413 -0.5331
vn 0.0614 -0.8277 -0.5578
vn 0.0997 -0.8196 -0.5642
vn 0.1365 -0.8098 -0.5706
vn 0.1089 -0.7961 -0.5952
vn 0.0712 -0.8050 -0.5890
vn 0.0993 -0.8189 -0.5652
vn 0.0831 -0.7417 -0.6656
vn 0.0461 -0.7516 -0.6580
vn 0.0186 -0.7350 -0.6778
vn 0.0550 -0.7273 -0.6841
vn 0.0935 -0.7154 -0.6924
vn 0.0584 -0.7247 -0.6865
vn 0.0664 -0.6985 -0.7125
vn 0.0290 -0.7085 -0.7051
vn 0.1917 -0.6491 -0.7361
vn 0.1546 -0.6617 -0.7337
vn 0.1662 -0.6343 -0.7550
vn 0.1254 -0.6470 -0.7521
vn 0.1347 -0.6185 -0.7742
vn 0.1608 -0.6353 -0.7553
vn 0.1618 -0.6354 -0.7551
vn 0.1648 -0.6343 -0.7554
vn 0.2005 -0.6207 -0.7580
vn 0.2902 -0.5415 -0.7890
vn 0.2565 -0.5576 -0.7895
vn 0.2290 -0.5415 -0.8089
vn 0.2351 -0.5092 -0.8279
vn 0.2688 -0.4931 -0.8274
vn 0.2964 -0.5092 -0.8080
vn 0.2625 -0.5257 -0.8091
vn 0.2632 -0.5257 -0.8089
vn 0.0208 -0.9515 -0.3071
vn -0.0084 -0.9434 -0.3316
vn 0.0004 -0.9318 -0.3629
vn 0.0369 -0.9295 -0.3671
vn 0.0653 -0.9374 -0.3420
vn 0.0582 -0.9487 -0.3107
vn 0.0305 -0.9411 -0.3369
vn 0.0239 -0.9400 -0.3404
vn 0.0280 -0.9402 -0.3394
vn -0.0197 -0.8979 -0.4397
vn -0.0476 -0.8844 -0.4643
vn -0.0390 -0.8669 -0.4969
vn -0.0030 -0.8635 -0.5043
vn 0.0239 -0.8773 -0.4794
vn 0.0167 -0.8945 -0.4468
vn -0.0093 -0.8822 -0.4708
vn -0.0119 -0.8806 -0.4736
vn -0.0122 -0.8800 -0.4748
vn -0.0268 -0.8160 -0.5774
vn -0.0619 -0.8212 -0.5673
vn -0.0880 -0.8036 -0.5886
vn -0.0518 -0.8008 -0.5966
vn -0.0180 -0.7935 -0.6083
vn -0.0428 -0.7755 -0.6299
vn -0.0516 -0.7976 -0.6010
vn -0.0781 -0.7811 -0.6195
vn -0.0522 -0.8000 -0.5977
vn -0.0690 -0.7177 -0.6929
vn -0.1028 -0.7253 -0.6807
vn -0.1269 -0.7063 -0.6965
vn -0.0944 -0.7033 -0.7046
vn -0.0913 -0.7014 -0.7069
vn -0.0573 -0.6921 -0.7195
vn -0.0799 -0.6725 -0.7358
vn -0.0869 -0.6965 -0.7123
vn -0.1144 -0.6810 -0.7233
vn 0.0389 -0.6354 -0.7712
vn 0.0026 -0.6463 -0.7631
vn 0.0163 -0.6192 -0.7851
vn -0.0239 -0.6297 -0.7764
vn -0.0111 -0.6020 -0.7984
vn 0.0092 -0.6231 -0.7821
vn 0.0191 -0.6167 -0.7870
vn 0.0510 -0.6078 -0.7924
vn 0.0251 -0.5902 -0.8069
vn 0.1487 -0.5066 -0.8493
vn 0.1429 -0.5370 -0.8314
vn 0.1072 -0.5514 -0.8273
vn 0.0816 -0.5339 -0.8416
vn 0.0882 -0.4997 -0.8617
vn 0.1132 -0.5231 -0.8447
vn 0.1175 -0.5198 -0.8462
vn 0.1196 -0.4868 -0.8653
vn 0.1163 -0.5197 -0.8464
vn -0.1070 -0.6081 -0.7866
vn -0.1398 -0.6182 -0.7735
vn -0.1256 -0.5924 -0.7958
vn -0.1619 -0.6005 -0.7831
vn -0.1454 -0.5752 -0.8050
vn -0.1338 -0.5983 -0.7900
vn -0.0924 -0.5819 -0.8080
vn -0.1129 -0.5631 -0.8186
vn -0.3293 -0.6005 -0.7286
vn -0.3415 -0.6182 -0.7080
vn -0.3561 -0.5983 -0.7178
vn -0.3758 -0.6081 -0.6993
vn -0.3661 -0.5924 -0.7177
vn -0.4002 -0.5819 -0.7080
vn -0.3898 -0.5631 -0.7286
vn -0.3555 -0.5752 -0.7367
vn 0.0019 -0.4922 -0.8705
vn -0.0035 -0.5209 -0.8536
vn -0.0381 -0.5339 -0.8447
vn -0.0592 -0.5157 -0.8547
vn -0.0524 -0.4801 -0.8757
vn -0.0327 -0.5096 -0.8598
vn -0.0268 -0.5027 -0.8640
vn -0.0258 -0.4692 -0.8827
vn -0.0258 -0.5029 -0.8640
vn -0.2598 -0.4649 -0.8464
vn -0.2873 -0.4649 -0.8375
vn -0.2996 -0.4403 -0.8464
vn -0.2797 -0.4251 -0.8608
vn -0.2551 -0.4403 -0.8608
vn -0.3169 -0.7253 -0.6111
vn -0.3515 -0.7177 -0.6011
vn -0.3765 -0.6921 -0.6158
vn -0.3678 -0.6725 -0.6422
vn -0.3326 -0.6810 -0.6524
vn -0.3067 -0.7063 -0.6380
vn -0.3378 -0.7033 -0.6255
vn -0.3416 -0.7014 -0.6256
vn -0.3483 -0.6965 -0.6273
vn -0.2834 -0.8212 -0.4953
vn -0.3177 -0.8160 -0.4829
vn -0.3430 -0.7935 -0.5027
vn -0.3356 -0.7755 -0.5348
vn -0.3010 -0.7811 -0.5471
vn -0.2748 -0.8036 -0.5279
vn -0.3088 -0.8008 -0.5131
vn -0.3113 -0.7982 -0.5158
vn -0.3115 -0.7976 -0.5166
vn -0.2425 -0.8979 -0.3673
vn -0.2761 -0.8945 -0.3516
vn -0.3011 -0.8773 -0.3738
vn -0.2940 -0.8635 -0.4098
vn -0.2605 -0.8669 -0.4249
vn -0.2344 -0.8844 -0.4036
vn -0.2692 -0.8822 -0.3864
vn -0.2695 -0.8817 -0.3872
vn -0.2692 -0.8800 -0.3913
vn -0.1973 -0.9515 -0.2362
vn -0.2297 -0.9487 -0.2172
vn -0.2539 -0.9374 -0.2383
vn -0.2456 -0.9295 -0.2753
vn -0.2137 -0.9318 -0.2933
vn -0.1881 -0.9434 -0.2732
vn -0.2227 -0.9411 -0.2546
vn -0.2259 -0.9414 -0.2505
vn -0.2222 -0.9402 -0.2581
vn -0.1520 -0.9822 -0.1104
vn -0.1817 -0.9794 -0.0880
vn -0.2046 -0.9731 -0.1060
vn -0.1945 -0.9707 -0.1413
vn -0.1641 -0.9731 -0.1618
vn -0.1399 -0.9794 -0.1456
vn -0.1740 -0.9766 -0.1264
vn -0.1806 -0.9766 -0.1168
vn -0.2108 -0.6792 -0.7031
vn -0.2427 -0.6792 -0.6927
vn -0.2693 -0.6553 -0.7058
vn -0.2580 -0.6371 -0.7263
vn -0.2182 -0.6371 -0.7392
vn -0.2416 -0.6563 -0.7148
vn -0.2322 -0.6597 -0.7148
vn -0.1969 -0.6553 -0.7293
vn -0.2320 -0.6604 -0.7141
vn -0.1348 -0.4687 -0.8730
vn -0.1400 -0.4958 -0.8571
vn -0.1713 -0.5080 -0.8442
vn -0.1570 -0.4756 -0.8656
vn -0.1871 -0.4900 -0.8514
vn -0.1801 -0.4534 -0.8729
vn -0.1664 -0.4874 -0.8572
vn -0.1579 -0.4802 -0.8628
vn -0.1590 -0.4436 -0.8820
vn -0.1761 -0.7806 -0.5997
vn -0.2100 -0.7806 -0.5887
vn -0.2369 -0.7591 -0.6063
vn -0.2268 -0.7403 -0.6329
vn -0.1885 -0.7403 -0.6453
vn -0.2049 -0.7600 -0.6168
vn -0.2000 -0.7623 -0.6155
vn -0.1647 -0.7591 -0.6298
vn -0.2003 -0.7616 -0.6164
vn -0.1720 -0.8670 -0.4677
vn -0.1984 -0.8500 -0.4879
vn -0.1889 -0.8331 -0.5198
vn -0.1527 -0.8331 -0.5316
vn -0.1263 -0.8500 -0.5114
vn -0.1358 -0.8670 -0.4795
vn -0.1626 -0.8504 -0.5003
vn -0.1624 -0.8509 -0.4997
vn -0.4241 -0.7516 -0.5052
vn -0.4584 -0.7417 -0.4896
vn -0.4826 -0.7154 -0.5052
vn -0.4725 -0.6985 -0.5374
vn -0.4379 -0.7085 -0.5534
vn -0.4134 -0.7350 -0.5374
vn -0.4466 -0.7273 -0.5211
vn -0.4508 -0.7247 -0.5211
vn -0.4370 -0.6297 -0.6422
vn -0.4506 -0.6463 -0.6158
vn -0.4848 -0.6354 -0.6011
vn -0.5070 -0.6078 -0.6111
vn -0.4946 -0.5902 -0.6380
vn -0.4780 -0.6167 -0.6255
vn -0.4746 -0.6192 -0.6256
vn -0.4672 -0.6231 -0.6273
vn -0.4715 -0.6200 -0.6271
vn -0.4545 -0.5157 -0.7263
vn -0.4656 -0.5339 -0.7058
vn -0.4989 -0.5209 -0.6927
vn -0.5132 -0.4922 -0.7031
vn -0.4980 -0.4692 -0.7293
vn -0.4723 -0.4801 -0.7392
vn -0.4789 -0.5096 -0.7148
vn -0.4861 -0.5027 -0.7148
vn -0.4865 -0.4945 -0.7203
vn -0.1309 -0.9321 -0.3377
vn -0.1561 -0.9207 -0.3576
vn -0.1464 -0.9079 -0.3928
vn -0.1124 -0.9079 -0.4038
vn -0.0839 -0.9207 -0.3811
vn -0.0926 -0.9321 -0.3501
vn -0.1243 -0.9212 -0.3687
vn -0.1213 -0.9198 -0.3732
vn -0.1162 -0.9212 -0.3713
vn -0.3856 -0.8413 -0.3788
vn -0.4199 -0.8323 -0.3619
vn -0.4458 -0.8098 -0.3814
vn -0.4379 -0.7961 -0.4176
vn -0.4038 -0.8050 -0.4346
vn -0.3775 -0.8277 -0.4152
vn -0.4123 -0.8196 -0.3979
vn -0.4126 -0.8189 -0.3989
vn -0.5162 -0.7478 -0.4176
vn -0.5249 -0.7609 -0.3814
vn -0.5566 -0.7478 -0.3619
vn -0.5801 -0.7212 -0.3788
vn -0.5715 -0.7078 -0.4152
vn -0.5487 -0.7353 -0.3979
vn -0.5480 -0.7353 -0.3989
vn -0.5395 -0.7212 -0.4346
vn -0.5435 -0.6470 -0.5348
vn -0.5563 -0.6617 -0.5027
vn -0.5878 -0.6491 -0.4829
vn -0.6077 -0.6207 -0.4953
vn -0.5959 -0.6052 -0.5279
vn -0.5782 -0.6343 -0.5131
vn -0.5747 -0.6354 -0.5158
vn -0.5741 -0.6353 -0.5166
vn -0.5640 -0.6185 -0.5471
vn -0.5607 -0.5339 -0.6329
vn -0.5730 -0.5514 -0.6063
vn -0.6043 -0.5370 -0.5887
vn -0.6195 -0.5066 -0.5997
vn -0.6053 -0.4868 -0.6298
vn -0.5778 -0.4997 -0.6453
vn -0.5881 -0.5231 -0.6168
vn -0.5924 -0.5198 -0.6155
vn -0.5917 -0.5159 -0.6195
vn -0.0895 -0.9741 -0.2078
vn -0.1130 -0.9678 -0.2247
vn -0.1023 -0.9601 -0.2604
vn -0.0703 -0.9601 -0.2708
vn -0.0406 -0.9678 -0.2483
vn -0.0497 -0.9741 -0.2207
vn -0.0856 -0.9683 -0.2346
vn -0.0785 -0.9672 -0.2415
vn -0.0687 -0.9683 -0.2401
vn -0.3378 -0.9087 -0.2454
vn -0.3717 -0.9001 -0.2271
vn -0.3988 -0.8831 -0.2472
vn -0.3918 -0.8749 -0.2847
vn -0.3583 -0.8831 -0.3029
vn -0.3309 -0.9001 -0.2833
vn -0.3657 -0.8920 -0.2657
vn -0.3671 -0.8920 -0.2637
vn -0.4740 -0.8323 -0.2875
vn -0.4794 -0.8413 -0.2497
vn -0.5115 -0.8277 -0.2308
vn -0.5058 -0.8196 -0.2691
vn -0.5005 -0.8098 -0.3062
vn -0.5325 -0.7961 -0.2875
vn -0.5381 -0.8050 -0.2497
vn -0.5069 -0.8189 -0.2691
vn -0.6073 -0.7417 -0.2847
vn -0.6115 -0.7516 -0.2472
vn -0.6389 -0.7350 -0.2271
vn -0.6336 -0.7273 -0.2637
vn -0.6343 -0.7260 -0.2657
vn -0.6296 -0.7154 -0.3029
vn -0.6349 -0.7247 -0.2677
vn -0.6571 -0.6985 -0.2833
vn -0.6409 -0.6491 -0.4098
vn -0.6500 -0.6617 -0.3738
vn -0.6667 -0.6343 -0.3913
vn -0.6766 -0.6470 -0.3516
vn -0.6947 -0.6185 -0.3673
vn -0.6687 -0.6353 -0.3864
vn -0.6681 -0.6354 -0.3872
vn -0.6675 -0.6343 -0.3902
vn -0.6589 -0.6207 -0.4249
vn -0.6607 -0.5415 -0.5198
vn -0.6716 -0.5576 -0.4879
vn -0.6986 -0.5415 -0.4677
vn -0.7147 -0.5092 -0.4795
vn -0.7038 -0.4931 -0.5114
vn -0.6769 -0.5092 -0.5316
vn -0.6884 -0.5257 -0.4997
vn -0.6880 -0.5257 -0.5003
vn -0.2856 -0.9515 -0.1147
vn -0.3180 -0.9434 -0.0945
vn -0.3450 -0.9318 -0.1126
vn -0.3377 -0.9295 -0.1485
vn -0.3051 -0.9374 -0.1678
vn -0.2775 -0.9487 -0.1514
vn -0.3110 -0.9411 -0.1331
vn -0.3164 -0.9400 -0.1280
vn -0.3141 -0.9402 -0.1316
vn -0.4243 -0.8979 -0.1172
vn -0.4562 -0.8844 -0.0982
vn -0.4846 -0.8669 -0.1165
vn -0.4806 -0.8635 -0.1530
vn -0.4485 -0.8773 -0.1709
vn -0.4197 -0.8945 -0.1539
vn -0.4506 -0.8822 -0.1366
vn -0.4541 -0.8806 -0.1351
vn -0.4554 -0.8800 -0.1351
vn -0.5574 -0.8160 -0.1530
vn -0.5587 -0.8212 -0.1165
vn -0.5870 -0.8036 -0.0982
vn -0.5834 -0.8008 -0.1351
vn -0.5841 -0.7935 -0.1709
vn -0.6123 -0.7755 -0.1539
vn -0.5875 -0.7976 -0.1366
vn -0.6134 -0.7811 -0.1172
vn -0.5846 -0.8000 -0.1351
vn -0.6803 -0.7177 -0.1485
vn -0.6792 -0.7253 -0.1126
vn -0.7016 -0.7063 -0.0945
vn -0.6992 -0.7033 -0.1280
vn -0.7005 -0.7014 -0.1315
vn -0.7020 -0.6921 -0.1678
vn -0.7244 -0.6725 -0.1514
vn -0.7043 -0.6965 -0.1374
vn -0.7233 -0.6810 -0.1147
vn -0.7215 -0.6354 -0.2753
vn -0.7249 -0.6463 -0.2383
vn -0.7416 -0.6192 -0.2581
vn -0.7458 -0.6297 -0.2172
vn -0.7627 -0.6020 -0.2362
vn -0.7410 -0.6231 -0.2505
vn -0.7426 -0.6167 -0.2614
vn -0.7379 -0.6078 -0.2933
vn -0.7596 -0.5902 -0.2732
vn -0.7618 -0.5066 -0.4038
vn -0.7466 -0.5370 -0.3928
vn -0.7537 -0.5514 -0.3576
vn -0.7752 -0.5339 -0.3377
vn -0.7923 -0.4997 -0.3501
vn -0.7684 -0.5231 -0.3687
vn -0.7684 -0.5198 -0.3732
vn -0.7860 -0.4868 -0.3811
vn -0.7690 -0.5197 -0.3722
vn -0.8720 -0.4687 -0.1416
vn -0.8584 -0.4958 -0.1317
vn -0.8558 -0.5080 -0.0980
vn -0.8717 -0.4756 -0.1181
vn -0.8675 -0.4900 -0.0851
vn -0.8859 -0.4534 -0.0984
vn -0.8666 -0.4874 -0.1067
vn -0.8694 -0.4802 -0.1165
vn -0.8880 -0.4436 -0.1214
vn -0.7812 -0.6081 -0.1413
vn -0.7789 -0.6182 -0.1060
vn -0.7957 -0.5924 -0.1264
vn -0.7947 -0.6005 -0.0880
vn -0.8105 -0.5752 -0.1104
vn -0.7927 -0.5983 -0.1168
vn -0.7970 -0.5819 -0.1618
vn -0.8135 -0.5631 -0.1456
vn -0.7947 -0.6005 0.0880
vn -0.7789 -0.6182 0.1060
vn -0.7927 -0.5983 0.1168
vn -0.7812 -0.6081 0.1413
vn -0.7970 -0.5819 0.1618
vn -0.8134 -0.5631 0.1456
vn -0.8105 -0.5752 0.1104
vn -0.7988 -0.5861 0.1357
vn -0.8273 -0.4922 -0.2708
vn -0.8129 -0.5209 -0.2604
vn -0.8151 -0.5339 -0.2247
vn -0.8312 -0.5157 -0.2078
vn -0.8490 -0.4801 -0.2208
vn -0.8278 -0.5096 -0.2346
vn -0.8300 -0.5027 -0.2415
vn -0.8475 -0.4692 -0.2483
vn -0.8297 -0.5029 -0.2424
vn -0.8853 -0.4649 -0.0144
vn -0.8853 -0.4649 0.0144
vn -0.8976 -0.4403 0.0234
vn -0.9051 -0.4251 0.0000
vn -0.8976 -0.4403 -0.0234
vn -0.6792 -0.7253 0.1126
vn -0.6803 -0.7177 0.1485
vn -0.7020 -0.6921 0.1678
vn -0.7244 -0.6725 0.1514
vn -0.7233 -0.6810 0.1147
vn -0.7016 -0.7063 0.0945
vn -0.6992 -0.7033 0.1280
vn -0.7005 -0.7014 0.1315
vn -0.7043 -0.6965 0.1374
vn -0.5587 -0.8212 0.1165
vn -0.5574 -0.8160 0.1530
vn -0.5841 -0.7935 0.1709
vn -0.6123 -0.7755 0.1539
vn -0.6134 -0.7811 0.1172
vn -0.5870 -0.8036 0.0982
vn -0.5834 -0.8008 0.1351
vn -0.5867 -0.7982 0.1366
vn -0.5875 -0.7976 0.1366
vn -0.4243 -0.8979 0.1172
vn -0.4197 -0.8945 0.1539
vn -0.4485 -0.8773 0.1709
vn -0.4806 -0.8635 0.1530
vn -0.4846 -0.8669 0.1165
vn -0.4562 -0.8844 0.0982
vn -0.4506 -0.8822 0.1366
vn -0.4515 -0.8817 0.1366
vn -0.4554 -0.8800 0.1351
vn -0.2856 -0.9515 0.1147
vn -0.2775 -0.9487 0.1514
vn -0.3051 -0.9374 0.1678
vn -0.3377 -0.9295 0.1485
vn -0.3450 -0.9318 0.1126
vn -0.3180 -0.9434 0.0945
vn -0.3110 -0.9411 0.1331
vn -0.3080 -0.9414 0.1374
vn -0.3141 -0.9402 0.1315
vn -0.1520 -0.9822 0.1104
vn -0.1399 -0.9794 0.1456
vn -0.1641 -0.9731 0.1618
vn -0.1945 -0.9707 0.1413
vn -0.2046 -0.9731 0.1060
vn -0.1817 -0.9794 0.0880
vn -0.1740 -0.9766 0.1264
vn -0.1669 -0.9766 0.1357
vn -0.7338 -0.6792 -0.0168
vn -0.7338 -0.6792 0.0168
vn -0.7544 -0.6553 0.0381
vn -0.7705 -0.6371 0.0209
vn -0.7705 -0.6371 -0.0209
vn -0.7545 -0.6562 0.0089
vn -0.7516 -0.6597 -0.0000
vn -0.7544 -0.6553 -0.0381
vn -0.7509 -0.6604 0.0000
vn -0.2385 -0.5710 -0.7855
vn -0.2688 -0.5710 -0.7757
vn -0.2944 -0.5471 -0.7836
vn -0.2546 -0.5541 -0.7925
vn -0.2822 -0.5314 -0.7988
vn -0.2412 -0.5314 -0.8121
vn -0.2708 -0.5483 -0.7912
vn -0.2598 -0.5541 -0.7908
vn -0.2224 -0.5471 -0.8070
vn -0.6247 -0.7806 -0.0179
vn -0.6247 -0.7806 0.0179
vn -0.6498 -0.7591 0.0380
vn -0.6720 -0.7403 0.0201
vn -0.6720 -0.7403 -0.0201
vn -0.6500 -0.7599 0.0042
vn -0.6472 -0.7623 -0.0000
vn -0.6498 -0.7591 -0.0380
vn -0.6481 -0.7616 0.0000
vn -0.4980 -0.8670 0.0190
vn -0.5254 -0.8500 0.0379
vn -0.5528 -0.8331 0.0190
vn -0.5528 -0.8331 -0.0190
vn -0.5254 -0.8500 -0.0379
vn -0.4980 -0.8670 -0.0190
vn -0.5261 -0.8504 -0.0000
vn -0.5254 -0.8509 -0.0000
vn -0.6115 -0.7516 0.2472
vn -0.6073 -0.7417 0.2847
vn -0.6296 -0.7154 0.3029
vn -0.6571 -0.6985 0.2833
vn -0.6617 -0.7085 0.2454
vn -0.6389 -0.7350 0.2271
vn -0.6336 -0.7273 0.2637
vn -0.6349 -0.7247 0.2677
vn -0.7458 -0.6297 0.2172
vn -0.7249 -0.6463 0.2383
vn -0.7215 -0.6354 0.2753
vn -0.7379 -0.6078 0.2933
vn -0.7596 -0.5902 0.2732
vn -0.7426 -0.6167 0.2614
vn -0.7416 -0.6192 0.2581
vn -0.7410 -0.6231 0.2505
vn -0.7421 -0.6200 0.2546
vn -0.8312 -0.5157 0.2078
vn -0.8151 -0.5339 0.2247
vn -0.8129 -0.5209 0.2604
vn -0.8273 -0.4922 0.2708
vn -0.8475 -0.4692 0.2483
vn -0.8490 -0.4801 0.2208
vn -0.8278 -0.5096 0.2346
vn -0.8300 -0.5027 0.2415
vn -0.8354 -0.4945 0.2401
vn -0.3616 -0.9321 0.0201
vn -0.3884 -0.9207 0.0380
vn -0.4188 -0.9079 0.0178
vn -0.4188 -0.9079 -0.0179
vn -0.3884 -0.9207 -0.0380
vn -0.3616 -0.9321 -0.0201
vn -0.3890 -0.9212 0.0042
vn -0.3924 -0.9198 0.0000
vn -0.3890 -0.9212 -0.0042
vn -0.4794 -0.8413 0.2497
vn -0.4740 -0.8323 0.2875
vn -0.5005 -0.8098 0.3062
vn -0.5325 -0.7961 0.2875
vn -0.5381 -0.8050 0.2497
vn -0.5115 -0.8277 0.2308
vn -0.5058 -0.8196 0.2691
vn -0.5069 -0.8189 0.2691
vn -0.5566 -0.7478 0.3619
vn -0.5249 -0.7609 0.3814
vn -0.5480 -0.7353 0.3989
vn -0.5162 -0.7478 0.4176
vn -0.5483 -0.7353 0.3984
vn -0.5395 -0.7212 0.4346
vn -0.5715 -0.7078 0.4152
vn -0.5801 -0.7212 0.3788
vn -0.6766 -0.6470 0.3516
vn -0.6500 -0.6617 0.3738
vn -0.6409 -0.6491 0.4098
vn -0.6589 -0.6207 0.4249
vn -0.6862 -0.6052 0.4036
vn -0.6667 -0.6343 0.3913
vn -0.6681 -0.6354 0.3872
vn -0.6687 -0.6353 0.3864
vn -0.6947 -0.6185 0.3673
vn -0.7752 -0.5339 0.3377
vn -0.7537 -0.5514 0.3576
vn -0.7466 -0.5370 0.3928
vn -0.7618 -0.5066 0.4038
vn -0.7860 -0.4868 0.3811
vn -0.7923 -0.4997 0.3501
vn -0.7684 -0.5231 0.3687
vn -0.7684 -0.5198 0.3732
vn -0.7720 -0.5159 0.3713
vn -0.2253 -0.9741 0.0209
vn -0.2487 -0.9678 0.0381
vn -0.2793 -0.9601 0.0168
vn -0.2793 -0.9601 -0.0168
vn -0.2487 -0.9678 -0.0381
vn -0.2253 -0.9741 -0.0209
vn -0.2495 -0.9683 0.0089
vn -0.2539 -0.9672 0.0000
vn -0.2495 -0.9683 -0.0089
vn -0.3378 -0.9087 0.2454
vn -0.3309 -0.9001 0.2833
vn -0.3583 -0.8831 0.3029
vn -0.3918 -0.8749 0.2847
vn -0.3988 -0.8831 0.2472
vn -0.3717 -0.9001 0.2271
vn -0.3657 -0.8920 0.2657
vn -0.3643 -0.8920 0.2677
vn -0.4199 -0.8323 0.3619
vn -0.3856 -0.8413 0.3788
vn -0.3775 -0.8277 0.4152
vn -0.4123 -0.8196 0.3979
vn -0.4458 -0.8098 0.3814
vn -0.4379 -0.7961 0.4176
vn -0.4038 -0.8050 0.4346
vn -0.4126 -0.8189 0.3989
vn -0.4584 -0.7417 0.4896
vn -0.4241 -0.7516 0.5052
vn -0.4134 -0.7350 0.5374
vn -0.4466 -0.7273 0.5211
vn -0.4826 -0.7154 0.5052
vn -0.4508 -0.7247 0.5211
vn -0.4725 -0.6985 0.5374
vn -0.4379 -0.7085 0.5534
vn -0.5878 -0.6491 0.4829
vn -0.5563 -0.6617 0.5027
vn -0.5782 -0.6343 0.5131
vn -0.5435 -0.6470 0.5348
vn -0.5640 -0.6185 0.5471
vn -0.5741 -0.6353 0.5166
vn -0.5747 -0.6354 0.5158
vn -0.5773 -0.6343 0.5142
vn -0.6077 -0.6207 0.4953
vn -0.6986 -0.5415 0.4677
vn -0.6716 -0.5576 0.4879
vn -0.6607 -0.5415 0.5198
vn -0.6769 -0.5092 0.5316
vn -0.7038 -0.4931 0.5114
vn -0.7147 -0.5092 0.4795
vn -0.6880 -0.5257 0.5003
vn -0.6884 -0.5257 0.4997
vn -0.1973 -0.9515 0.2362
vn -0.1881 -0.9434 0.2732
vn -0.2137 -0.9318 0.2933
vn -0.2456 -0.9295 0.2753
vn -0.2539 -0.9374 0.2383
vn -0.2297 -0.9487 0.2172
vn -0.2227 -0.9411 0.2546
vn -0.2195 -0.9400 0.2613
vn -0.2222 -0.9402 0.2581
vn -0.2425 -0.8979 0.3673
vn -0.2344 -0.8844 0.4036
vn -0.2605 -0.8669 0.4249
vn -0.2940 -0.8635 0.4098
vn -0.3011 -0.8773 0.3738
vn -0.2761 -0.8945 0.3516
vn -0.2692 -0.8822 0.3864
vn -0.2688 -0.8806 0.3902
vn -0.2692 -0.8800 0.3913
vn -0.3177 -0.8160 0.4829
vn -0.2834 -0.8212 0.4954
vn -0.2748 -0.8036 0.5279
vn -0.3088 -0.8008 0.5131
vn -0.3430 -0.7935 0.5027
vn -0.3356 -0.7755 0.5348
vn -0.3115 -0.7976 0.5166
vn -0.3010 -0.7811 0.5471
vn -0.3091 -0.8000 0.5142
vn -0.3515 -0.7177 0.6011
vn -0.3169 -0.7253 0.6111
vn -0.3067 -0.7063 0.6380
vn -0.3378 -0.7034 0.6255
vn -0.3416 -0.7014 0.6256
vn -0.3765 -0.6921 0.6158
vn -0.3678 -0.6725 0.6422
vn -0.3483 -0.6965 0.6273
vn -0.3326 -0.6810 0.6524
vn -0.4848 -0.6354 0.6011
vn -0.4506 -0.6463 0.6158
vn -0.4746 -0.6192 0.6256
vn -0.4370 -0.6297 0.6422
vn -0.4603 -0.6020 0.6524
vn -0.4672 -0.6231 0.6273
vn -0.4780 -0.6167 0.6255
vn -0.5070 -0.6078 0.6111
vn -0.4946 -0.5902 0.6380
vn -0.6195 -0.5066 0.5997
vn -0.6043 -0.5370 0.5887
vn -0.5730 -0.5514 0.6063
vn -0.5607 -0.5339 0.6329
vn -0.5778 -0.4997 0.6453
vn -0.5881 -0.5231 0.6168
vn -0.5924 -0.5198 0.6155
vn -0.6053 -0.4868 0.6298
vn -0.5916 -0.5197 0.6164
vn -0.4041 -0.4687 0.7855
vn -0.3905 -0.4958 0.7757
vn -0.3576 -0.5080 0.7836
vn -0.3817 -0.4756 0.7925
vn -0.3490 -0.4900 0.7988
vn -0.3674 -0.4534 0.8121
vn -0.3692 -0.4874 0.7912
vn -0.3794 -0.4802 0.7908
vn -0.3898 -0.4436 0.8070
vn -0.3758 -0.6081 0.6993
vn -0.3415 -0.6182 0.7080
vn -0.3661 -0.5924 0.7177
vn -0.3293 -0.6005 0.7286
vn -0.3555 -0.5752 0.7367
vn -0.3561 -0.5983 0.7178
vn -0.4002 -0.5819 0.7080
vn -0.3898 -0.5631 0.7286
vn 0.7437 -0.5631 -0.3603
vn 0.7399 -0.5819 -0.3376
vn 0.7260 -0.5861 -0.3598
vn 0.7151 -0.6081 -0.3449
vn 0.7180 -0.5924 -0.3654
vn 0.6924 -0.6182 -0.3720
vn 0.6947 -0.6005 -0.3959
vn 0.7206 -0.5752 -0.3871
vn -0.5132 -0.4922 0.7031
vn -0.4989 -0.5209 0.6927
vn -0.4656 -0.5339 0.7058
vn -0.4545 -0.5157 0.7263
vn -0.4723 -0.4801 0.7392
vn -0.4789 -0.5096 0.7148
vn -0.4861 -0.5027 0.7148
vn -0.4980 -0.4692 0.7293
vn -0.4869 -0.5029 0.7141
vn -0.2873 -0.4649 0.8375
vn -0.2598 -0.4649 0.8464
vn -0.2551 -0.4403 0.8608
vn -0.2797 -0.4251 0.8608
vn -0.2996 -0.4403 0.8464
vn -0.2764 -0.4472 0.8506
vn 0.7694 -0.6078 -0.1964
vn 0.7455 -0.6354 -0.2013
vn 0.7265 -0.6463 -0.2333
vn 0.7310 -0.6297 -0.2627
vn 0.7559 -0.6020 -0.2572
vn 0.7751 -0.5902 -0.2255
vn 0.7544 -0.6167 -0.2250
vn 0.7517 -0.6192 -0.2271
vn 0.7467 -0.6231 -0.2329
vn 0.7828 -0.6207 -0.0435
vn 0.7593 -0.6491 -0.0452
vn 0.7455 -0.6617 -0.0797
vn 0.7540 -0.6470 -0.1132
vn 0.7779 -0.6185 -0.1111
vn 0.7924 -0.6052 -0.0769
vn 0.7694 -0.6343 -0.0753
vn 0.7681 -0.6354 -0.0795
vn 0.7681 -0.6353 -0.0805
vn 0.7779 -0.6185 0.1111
vn 0.7540 -0.6470 0.1132
vn 0.7455 -0.6617 0.0797
vn 0.7593 -0.6491 0.0452
vn 0.7828 -0.6207 0.0435
vn 0.7924 -0.6052 0.0769
vn 0.7681 -0.6353 0.0805
vn 0.7681 -0.6354 0.0795
vn 0.7694 -0.6343 0.0753
vn 0.7559 -0.6020 0.2572
vn 0.7310 -0.6297 0.2627
vn 0.7265 -0.6463 0.2333
vn 0.7455 -0.6354 0.2014
vn 0.7694 -0.6078 0.1964
vn 0.7751 -0.5902 0.2255
vn 0.7500 -0.6200 0.2302
vn 0.7467 -0.6231 0.2329
vn 0.7517 -0.6192 0.2271
vn 0.7206 -0.5752 0.3871
vn 0.6947 -0.6005 0.3959
vn 0.6924 -0.6182 0.3720
vn 0.7151 -0.6081 0.3449
vn 0.7399 -0.5819 0.3376
vn 0.7437 -0.5631 0.3603
vn 0.7180 -0.5924 0.3654
vn 0.7100 -0.5983 0.3714
vn 0.8285 -0.4922 -0.2671
vn 0.8108 -0.5209 -0.2671
vn 0.7915 -0.5339 -0.2973
vn 0.7946 -0.5157 -0.3204
vn 0.8166 -0.4801 -0.3204
vn 0.8076 -0.5096 -0.2968
vn 0.8134 -0.5027 -0.2925
vn 0.8316 -0.4692 -0.2973
vn 0.8137 -0.5029 -0.2915
vn -0.8208 -0.5710 -0.0160
vn -0.8208 -0.5710 0.0160
vn -0.8362 -0.5471 0.0379
vn -0.8324 -0.5541 -0.0027
vn -0.8469 -0.5313 0.0215
vn -0.8469 -0.5314 -0.0215
vn -0.8362 -0.5483 0.0131
vn -0.8324 -0.5541 0.0027
vn -0.8362 -0.5471 -0.0379
vn 0.8536 -0.5066 -0.1210
vn 0.8349 -0.5370 -0.1210
vn 0.8200 -0.5514 -0.1537
vn 0.8256 -0.5339 -0.1824
vn 0.8468 -0.4997 -0.1824
vn 0.8383 -0.5231 -0.1534
vn 0.8411 -0.5198 -0.1497
vn 0.8599 -0.4868 -0.1537
vn 0.8409 -0.5197 -0.1509
vn 0.8401 -0.5415 0.0322
vn 0.8301 -0.5576 0.0000
vn 0.8401 -0.5415 -0.0322
vn 0.8600 -0.5092 -0.0322
vn 0.8700 -0.4931 0.0000
vn 0.8600 -0.5092 0.0322
vn 0.8506 -0.5257 -0.0004
vn 0.8506 -0.5257 0.0004
vn 0.6874 -0.7154 -0.1250
vn 0.6586 -0.7417 -0.1267
vn 0.6400 -0.7516 -0.1594
vn 0.6504 -0.7350 -0.1917
vn 0.6795 -0.7085 -0.1904
vn 0.6982 -0.6985 -0.1570
vn 0.6710 -0.7247 -0.1566
vn 0.6676 -0.7273 -0.1591
vn 0.6751 -0.6725 -0.3034
vn 0.6666 -0.6921 -0.2769
vn 0.6377 -0.7177 -0.2797
vn 0.6156 -0.7253 -0.3081
vn 0.6232 -0.7063 -0.3359
vn 0.6409 -0.7034 -0.3075
vn 0.6440 -0.7014 -0.3053
vn 0.6505 -0.6965 -0.3028
vn 0.6467 -0.6990 -0.3053
vn 0.6356 -0.6371 -0.4359
vn 0.6327 -0.6553 -0.4127
vn 0.6035 -0.6792 -0.4177
vn 0.5838 -0.6792 -0.4449
vn 0.5880 -0.6553 -0.4742
vn 0.6110 -0.6371 -0.4698
vn 0.6156 -0.6563 -0.4363
vn 0.6080 -0.6597 -0.4418
vn 0.6052 -0.6562 -0.4507
vn 0.8256 -0.5339 0.1824
vn 0.8200 -0.5514 0.1537
vn 0.8349 -0.5370 0.1210
vn 0.8536 -0.5066 0.1211
vn 0.8599 -0.4868 0.1537
vn 0.8468 -0.4997 0.1824
vn 0.8383 -0.5231 0.1534
vn 0.8411 -0.5198 0.1497
vn 0.8428 -0.5159 0.1534
vn 0.6919 -0.7212 0.0345
vn 0.6631 -0.7478 0.0344
vn 0.6488 -0.7609 -0.0000
vn 0.6631 -0.7478 -0.0344
vn 0.6919 -0.7212 -0.0345
vn 0.7064 -0.7078 0.0000
vn 0.6778 -0.7353 0.0006
vn 0.6778 -0.7353 -0.0006
vn 0.5997 -0.7961 -0.0804
vn 0.5849 -0.8098 -0.0465
vn 0.5524 -0.8323 -0.0460
vn 0.5346 -0.8413 -0.0798
vn 0.5495 -0.8277 -0.1140
vn 0.5674 -0.8196 -0.0796
vn 0.5683 -0.8189 -0.0802
vn 0.5821 -0.8050 -0.1143
vn 0.5859 -0.7755 -0.2354
vn 0.5730 -0.7935 -0.2050
vn 0.5409 -0.8160 -0.2039
vn 0.5205 -0.8212 -0.2342
vn 0.5326 -0.8036 -0.2656
vn 0.5514 -0.8008 -0.2336
vn 0.5550 -0.7982 -0.2343
vn 0.5556 -0.7976 -0.2348
vn 0.5651 -0.7811 -0.2657
vn 0.5555 -0.7403 -0.3787
vn 0.5480 -0.7591 -0.3512
vn 0.5159 -0.7806 -0.3528
vn 0.4949 -0.7806 -0.3817
vn 0.5034 -0.7591 -0.4127
vn 0.5318 -0.7403 -0.4113
vn 0.5283 -0.7599 -0.3786
vn 0.5236 -0.7623 -0.3804
vn 0.5233 -0.7600 -0.3855
vn 0.7946 -0.5157 0.3204
vn 0.7915 -0.5339 0.2973
vn 0.8108 -0.5209 0.2671
vn 0.8284 -0.4922 0.2671
vn 0.8316 -0.4692 0.2973
vn 0.8166 -0.4801 0.3204
vn 0.8076 -0.5096 0.2968
vn 0.8134 -0.5027 0.2925
vn 0.8170 -0.4945 0.2968
vn 0.6795 -0.7085 0.1904
vn 0.6504 -0.7350 0.1917
vn 0.6400 -0.7516 0.1594
vn 0.6586 -0.7417 0.1267
vn 0.6874 -0.7154 0.1250
vn 0.6982 -0.6985 0.1570
vn 0.6693 -0.7260 0.1578
vn 0.6676 -0.7273 0.1591
vn 0.5997 -0.7961 0.0804
vn 0.5821 -0.8050 0.1143
vn 0.5495 -0.8277 0.1140
vn 0.5683 -0.8189 0.0802
vn 0.5849 -0.8098 0.0465
vn 0.5524 -0.8323 0.0460
vn 0.5346 -0.8413 0.0798
vn 0.5674 -0.8196 0.0796
vn 0.4843 -0.8749 -0.0000
vn 0.4679 -0.8831 0.0344
vn 0.4342 -0.9001 0.0347
vn 0.4520 -0.8920 0.0024
vn 0.4521 -0.8920 -0.0000
vn 0.4679 -0.8831 -0.0344
vn 0.4520 -0.8920 -0.0024
vn 0.4342 -0.9001 -0.0347
vn 0.4787 -0.8635 -0.1587
vn 0.4633 -0.8773 -0.1254
vn 0.4478 -0.8800 -0.1584
vn 0.4301 -0.8945 -0.1222
vn 0.4121 -0.8979 -0.1546
vn 0.4449 -0.8822 -0.1544
vn 0.4456 -0.8817 -0.1548
vn 0.4468 -0.8806 -0.1576
vn 0.4605 -0.8669 -0.1906
vn 0.4584 -0.8331 -0.3095
vn 0.4473 -0.8500 -0.2781
vn 0.4140 -0.8670 -0.2773
vn 0.3917 -0.8670 -0.3081
vn 0.4027 -0.8500 -0.3395
vn 0.4360 -0.8331 -0.3403
vn 0.4251 -0.8509 -0.3088
vn 0.4256 -0.8505 -0.3092
vn 0.6526 -0.6810 0.3323
vn 0.6231 -0.7063 0.3359
vn 0.6156 -0.7253 0.3081
vn 0.6377 -0.7177 0.2797
vn 0.6666 -0.6921 0.2769
vn 0.6751 -0.6725 0.3034
vn 0.6467 -0.6990 0.3053
vn 0.6409 -0.7033 0.3075
vn 0.6440 -0.7014 0.3053
vn 0.5651 -0.7811 0.2658
vn 0.5326 -0.8036 0.2656
vn 0.5204 -0.8212 0.2342
vn 0.5409 -0.8160 0.2039
vn 0.5730 -0.7935 0.2050
vn 0.5859 -0.7755 0.2354
vn 0.5556 -0.7976 0.2348
vn 0.5523 -0.8000 0.2343
vn 0.5514 -0.8008 0.2336
vn 0.4787 -0.8635 0.1587
vn 0.4605 -0.8669 0.1906
vn 0.4268 -0.8844 0.1887
vn 0.4478 -0.8800 0.1584
vn 0.4633 -0.8773 0.1254
vn 0.4301 -0.8945 0.1222
vn 0.4449 -0.8822 0.1544
vn 0.4121 -0.8979 0.1546
vn 0.4468 -0.8806 0.1576
vn 0.3605 -0.9295 0.0783
vn 0.3453 -0.9318 0.1117
vn 0.3128 -0.9434 0.1104
vn 0.3312 -0.9400 0.0824
vn 0.3314 -0.9402 0.0782
vn 0.3454 -0.9374 0.0436
vn 0.3135 -0.9487 0.0407
vn 0.3300 -0.9414 0.0699
vn 0.2985 -0.9515 0.0751
vn 0.3605 -0.9295 -0.0783
vn 0.3454 -0.9374 -0.0436
vn 0.3314 -0.9402 -0.0782
vn 0.3135 -0.9487 -0.0407
vn 0.2985 -0.9515 -0.0751
vn 0.3300 -0.9414 -0.0699
vn 0.3312 -0.9400 -0.0824
vn 0.3453 -0.9318 -0.1117
vn 0.3128 -0.9434 -0.1104
vn 0.3283 -0.9079 -0.2606
vn 0.3493 -0.9079 -0.2317
vn 0.3365 -0.9207 -0.1976
vn 0.3044 -0.9321 -0.1963
vn 0.2807 -0.9321 -0.2288
vn 0.3172 -0.9212 -0.2252
vn 0.3175 -0.9198 -0.2307
vn 0.2919 -0.9207 -0.2590
vn 0.3166 -0.9203 -0.2300
vn 0.1069 -0.9895 -0.0974
vn 0.1256 -0.9895 -0.0716
vn 0.1156 -0.9926 -0.0372
vn 0.0982 -0.9924 -0.0747
vn 0.0907 -0.9951 -0.0393
vn 0.0654 -0.9951 -0.0741
vn 0.1019 -0.9931 -0.0578
vn 0.1014 -0.9924 -0.0703
vn 0.0710 -0.9926 -0.0984
vn 0.2404 -0.9707 0.0000
vn 0.2278 -0.9731 0.0345
vn 0.2151 -0.9766 0.0000
vn 0.1987 -0.9794 0.0356
vn 0.1879 -0.9822 0.0000
vn 0.2148 -0.9766 0.0116
vn 0.2278 -0.9731 -0.0345
vn 0.1987 -0.9794 -0.0356
vn -0.1619 -0.6005 0.7831
vn -0.1398 -0.6182 0.7735
vn -0.1338 -0.5983 0.7900
vn -0.1070 -0.6081 0.7866
vn -0.1256 -0.5924 0.7958
vn -0.0924 -0.5819 0.8080
vn -0.1129 -0.5631 0.8186
vn -0.1454 -0.5752 0.8050
vn 0.2161 -0.9601 -0.1778
vn 0.2358 -0.9601 -0.1506
vn 0.2236 -0.9678 -0.1154
vn 0.1946 -0.9741 -0.1155
vn 0.1700 -0.9741 -0.1494
vn 0.2071 -0.9683 -0.1395
vn 0.2054 -0.9672 -0.1492
vn 0.1788 -0.9678 -0.1770
vn 0.2062 -0.9670 -0.1498
vn -0.1028 -0.7253 0.6807
vn -0.0690 -0.7177 0.6929
vn -0.0573 -0.6921 0.7195
vn -0.0799 -0.6725 0.7358
vn -0.1144 -0.6810 0.7233
vn -0.1269 -0.7063 0.6965
vn -0.0944 -0.7034 0.7045
vn -0.0913 -0.7014 0.7069
vn -0.0869 -0.6965 0.7123
vn -0.0619 -0.8212 0.5673
vn -0.0268 -0.8160 0.5774
vn -0.0180 -0.7935 0.6083
vn -0.0428 -0.7755 0.6299
vn -0.0781 -0.7811 0.6195
vn -0.0880 -0.8036 0.5886
vn -0.0518 -0.8008 0.5966
vn -0.0514 -0.7982 0.6002
vn -0.0516 -0.7976 0.6010
vn -0.0197 -0.8979 0.4397
vn 0.0167 -0.8945 0.4468
vn 0.0239 -0.8773 0.4794
vn -0.0030 -0.8635 0.5043
vn -0.0390 -0.8669 0.4969
vn -0.0476 -0.8844 0.4643
vn -0.0093 -0.8822 0.4708
vn -0.0096 -0.8817 0.4716
vn -0.0122 -0.8800 0.4748
vn 0.0208 -0.9515 0.3071
vn 0.0582 -0.9487 0.3107
vn 0.0653 -0.9374 0.3420
vn 0.0369 -0.9295 0.3671
vn 0.0004 -0.9318 0.3629
vn -0.0084 -0.9434 0.3316
vn 0.0305 -0.9411 0.3369
vn 0.0355 -0.9414 0.3354
vn 0.0280 -0.9402 0.3394
vn 0.0581 -0.9822 0.1787
vn 0.0953 -0.9794 0.1780
vn 0.1032 -0.9731 0.2060
vn 0.0743 -0.9707 0.2286
vn 0.0376 -0.9731 0.2273
vn 0.0276 -0.9794 0.2000
vn 0.0665 -0.9766 0.2045
vn 0.0774 -0.9766 0.2007
vn -0.2427 -0.6792 0.6927
vn -0.2108 -0.6792 0.7031
vn -0.1969 -0.6553 0.7293
vn -0.2182 -0.6371 0.7392
vn -0.2580 -0.6371 0.7263
vn -0.2247 -0.6563 0.7203
vn -0.2322 -0.6597 0.7148
vn -0.2693 -0.6553 0.7058
vn -0.2320 -0.6604 0.7141
vn 0.7887 -0.4687 -0.3980
vn 0.7719 -0.4958 -0.3980
vn 0.7499 -0.5080 -0.4237
vn 0.7747 -0.4756 -0.4168
vn 0.7519 -0.4900 -0.4411
vn 0.7745 -0.4534 -0.4411
vn 0.7638 -0.4874 -0.4231
vn 0.7718 -0.4802 -0.4168
vn 0.7897 -0.4436 -0.4237
vn -0.2100 -0.7806 0.5887
vn -0.1761 -0.7806 0.5997
vn -0.1647 -0.7591 0.6298
vn -0.1885 -0.7403 0.6453
vn -0.2268 -0.7403 0.6329
vn -0.1968 -0.7600 0.6195
vn -0.2000 -0.7623 0.6155
vn -0.2369 -0.7591 0.6063
vn -0.2003 -0.7616 0.6164
vn -0.1358 -0.8670 0.4795
vn -0.1263 -0.8500 0.5113
vn -0.1527 -0.8331 0.5316
vn -0.1889 -0.8331 0.5198
vn -0.1984 -0.8500 0.4879
vn -0.1720 -0.8670 0.4677
vn -0.1626 -0.8505 0.5003
vn -0.1624 -0.8509 0.4997
vn 0.0461 -0.7516 0.6580
vn 0.0831 -0.7417 0.6656
vn 0.0935 -0.7155 0.6924
vn 0.0664 -0.6985 0.7125
vn 0.0290 -0.7085 0.7051
vn 0.0186 -0.7350 0.6778
vn 0.0550 -0.7273 0.6841
vn 0.0584 -0.7247 0.6865
vn -0.0239 -0.6297 0.7764
vn 0.0026 -0.6463 0.7631
vn 0.0389 -0.6354 0.7712
vn 0.0510 -0.6078 0.7924
vn 0.0251 -0.5902 0.8069
vn 0.0191 -0.6167 0.7870
vn 0.0163 -0.6192 0.7851
vn 0.0093 -0.6231 0.7821
vn 0.0128 -0.6200 0.7845
vn -0.0592 -0.5157 0.8547
vn -0.0381 -0.5339 0.8447
vn -0.0035 -0.5209 0.8536
vn 0.0019 -0.4922 0.8705
vn -0.0258 -0.4692 0.8827
vn -0.0524 -0.4801 0.8757
vn -0.0327 -0.5096 0.8598
vn -0.0268 -0.5027 0.8640
vn -0.0298 -0.4945 0.8687
vn -0.0926 -0.9321 0.3501
vn -0.0839 -0.9207 0.3811
vn -0.1124 -0.9079 0.4038
vn -0.1464 -0.9079 0.3928
vn -0.1561 -0.9207 0.3576
vn -0.1309 -0.9321 0.3377
vn -0.1162 -0.9212 0.3713
vn -0.1213 -0.9198 0.3732
vn -0.1243 -0.9212 0.3687
vn 0.0893 -0.8413 0.5331
vn 0.1269 -0.8323 0.5396
vn 0.1365 -0.8098 0.5706
vn 0.1089 -0.7961 0.5952
vn 0.0712 -0.8050 0.5889
vn 0.0614 -0.8277 0.5578
vn 0.0997 -0.8196 0.5642
vn 0.0993 -0.8189 0.5652
vn 0.1722 -0.7478 0.6412
vn 0.2005 -0.7609 0.6171
vn 0.2376 -0.7478 0.6200
vn 0.2467 -0.7212 0.6474
vn 0.2183 -0.7078 0.6718
vn 0.2100 -0.7353 0.6444
vn 0.2088 -0.7353 0.6448
vn 0.1810 -0.7212 0.6687
vn 0.1254 -0.6470 0.7521
vn 0.1546 -0.6617 0.7337
vn 0.1917 -0.6491 0.7361
vn 0.2005 -0.6207 0.7579
vn 0.1718 -0.6052 0.7773
vn 0.1662 -0.6343 0.7550
vn 0.1618 -0.6354 0.7551
vn 0.1608 -0.6353 0.7553
vn 0.1347 -0.6185 0.7742
vn 0.0816 -0.5339 0.8416
vn 0.1072 -0.5514 0.8273
vn 0.1429 -0.5370 0.8314
vn 0.1487 -0.5066 0.8493
vn 0.1196 -0.4868 0.8653
vn 0.0881 -0.4997 0.8617
vn 0.1132 -0.5231 0.8447
vn 0.1175 -0.5198 0.8462
vn 0.1146 -0.5159 0.8490
vn -0.0497 -0.9741 0.2208
vn -0.0406 -0.9678 0.2483
vn -0.0703 -0.9601 0.2708
vn -0.1023 -0.9601 0.2604
vn -0.1130 -0.9678 0.2247
vn -0.0895 -0.9741 0.2078
vn -0.0687 -0.9683 0.2401
vn -0.0785 -0.9672 0.2415
vn -0.0856 -0.9683 0.2346
vn 0.1290 -0.9087 0.3971
vn 0.1672 -0.9001 0.4023
vn 0.1773 -0.8831 0.4344
vn 0.1497 -0.8749 0.4606
vn 0.1119 -0.8831 0.4557
vn 0.1012 -0.9001 0.4237
vn 0.1397 -0.8920 0.4299
vn 0.1420 -0.8920 0.4292
vn 0.2145 -0.8323 0.5112
vn 0.2411 -0.8413 0.4838
vn 0.2782 -0.8277 0.4874
vn 0.2510 -0.8196 0.5150
vn 0.2249 -0.8098 0.5419
vn 0.2618 -0.7961 0.5455
vn 0.2886 -0.8050 0.5183
vn 0.2519 -0.8189 0.5157
vn 0.3240 -0.7417 0.5873
vn 0.3494 -0.7516 0.5594
vn 0.3833 -0.7350 0.5593
vn 0.3576 -0.7273 0.5858
vn 0.3569 -0.7260 0.5878
vn 0.3313 -0.7154 0.6151
vn 0.3563 -0.7247 0.5897
vn 0.3651 -0.6985 0.6155
vn 0.2776 -0.6491 0.7082
vn 0.3062 -0.6617 0.6844
vn 0.3093 -0.6343 0.7085
vn 0.3407 -0.6470 0.6822
vn 0.3461 -0.6185 0.7055
vn 0.3139 -0.6353 0.7056
vn 0.3130 -0.6354 0.7060
vn 0.3107 -0.6343 0.7080
vn 0.2833 -0.6207 0.7310
vn 0.2290 -0.5415 0.8089
vn 0.2565 -0.5576 0.7895
vn 0.2902 -0.5415 0.7890
vn 0.2964 -0.5092 0.8080
vn 0.2688 -0.4931 0.8274
vn 0.2351 -0.5092 0.8279
vn 0.2632 -0.5257 0.8089
vn 0.2625 -0.5257 0.8091
vn 0.1637 -0.9515 0.2607
vn 0.2017 -0.9434 0.2633
vn 0.2129 -0.9318 0.2938
vn 0.1859 -0.9295 0.3187
vn 0.1482 -0.9374 0.3151
vn 0.1356 -0.9487 0.2856
vn 0.1733 -0.9411 0.2905
vn 0.1807 -0.9400 0.2895
vn 0.1768 -0.9402 0.2911
vn 0.2744 -0.8979 0.3442
vn 0.3114 -0.8844 0.3476
vn 0.3236 -0.8669 0.3791
vn 0.2989 -0.8635 0.4062
vn 0.2624 -0.8773 0.4019
vn 0.2491 -0.8945 0.3713
vn 0.2843 -0.8822 0.3754
vn 0.2880 -0.8806 0.3762
vn 0.2890 -0.8800 0.3770
vn 0.3611 -0.8160 0.4514
vn 0.3835 -0.8212 0.4226
vn 0.4172 -0.8036 0.4245
vn 0.3926 -0.8008 0.4522
vn 0.3721 -0.7935 0.4816
vn 0.4049 -0.7755 0.4845
vn 0.3950 -0.7976 0.4559
vn 0.4274 -0.7811 0.4553
vn 0.3935 -0.8000 0.4529
vn 0.4631 -0.7177 0.5200
vn 0.4833 -0.7253 0.4903
vn 0.5120 -0.7063 0.4888
vn 0.4905 -0.7033 0.5145
vn 0.4894 -0.7014 0.5182
vn 0.4693 -0.6921 0.5484
vn 0.4971 -0.6725 0.5483
vn 0.4890 -0.6965 0.5251
vn 0.5177 -0.6810 0.5179
vn 0.4219 -0.6354 0.6468
vn 0.4464 -0.6463 0.6189
vn 0.4483 -0.6192 0.6447
vn 0.4757 -0.6297 0.6141
vn 0.4782 -0.6020 0.6394
vn 0.4522 -0.6231 0.6382
vn 0.4471 -0.6167 0.6479
vn 0.4246 -0.6078 0.6710
vn 0.4540 -0.5902 0.6675
vn 0.3789 -0.5066 0.7745
vn 0.3731 -0.5370 0.7566
vn 0.3996 -0.5514 0.7323
vn 0.4286 -0.5339 0.7288
vn 0.4352 -0.4997 0.7489
vn 0.4049 -0.5231 0.7499
vn 0.4023 -0.5198 0.7536
vn 0.4119 -0.4868 0.7703
vn 0.4034 -0.5197 0.7531
vn 0.1256 -0.9895 0.0716
vn 0.1069 -0.9895 0.0974
vn 0.0710 -0.9926 0.0984
vn 0.1014 -0.9924 0.0703
vn 0.0654 -0.9951 0.0741
vn 0.0907 -0.9951 0.0393
vn 0.0865 -0.9931 0.0790
vn 0.0982 -0.9924 0.0747
vn 0.1156 -0.9926 0.0372
vn 0.2358 -0.9601 0.1506
vn 0.2161 -0.9601 0.1778
vn 0.1788 -0.9678 0.1770
vn 0.1700 -0.9741 0.1494
vn 0.1946 -0.9741 0.1155
vn 0.1967 -0.9683 0.1539
vn 0.2054 -0.9672 0.1492
vn 0.2236 -0.9678 0.1154
vn 0.2062 -0.9670 0.1498
vn 0.3493 -0.9079 0.2317
vn 0.3283 -0.9079 0.2606
vn 0.2919 -0.9207 0.2590
vn 0.2807 -0.9321 0.2288
vn 0.3044 -0.9321 0.1963
vn 0.3122 -0.9212 0.2321
vn 0.3175 -0.9198 0.2307
vn 0.3365 -0.9207 0.1976
vn 0.3166 -0.9203 0.2300
vn 0.4360 -0.8331 0.3403
vn 0.4027 -0.8500 0.3395
vn 0.3917 -0.8670 0.3081
vn 0.4140 -0.8670 0.2773
vn 0.4473 -0.8500 0.2781
vn 0.4584 -0.8331 0.3095
vn 0.4251 -0.8509 0.3088
vn 0.4256 -0.8505 0.3092
vn 0.5318 -0.7403 0.4113
vn 0.5034 -0.7591 0.4127
vn 0.4949 -0.7806 0.3817
vn 0.5159 -0.7806 0.3528
vn 0.5480 -0.7591 0.3512
vn 0.5555 -0.7403 0.3787
vn 0.5233 -0.7599 0.3855
vn 0.5236 -0.7623 0.3804
vn 0.5283 -0.7599 0.3786
vn 0.6110 -0.6371 0.4698
vn 0.5880 -0.6553 0.4742
vn 0.5838 -0.6792 0.4449
vn 0.6035 -0.6792 0.4177
vn 0.6327 -0.6553 0.4127
vn 0.6356 -0.6371 0.4359
vn 0.6052 -0.6563 0.4507
vn 0.6080 -0.6597 0.4418
vn 0.6156 -0.6562 0.4363
vn 0.5490 -0.6081 0.5735
vn 0.5678 -0.6182 0.5436
vn 0.5694 -0.5924 0.5700
vn 0.5912 -0.6005 0.5384
vn 0.5908 -0.5752 0.5658
vn 0.5726 -0.5983 0.5605
vn 0.5497 -0.5819 0.5994
vn 0.5725 -0.5631 0.5959
vn 0.6222 -0.4687 0.6271
vn 0.6170 -0.4958 0.6111
vn 0.6347 -0.5080 0.5823
vn 0.6358 -0.4756 0.6080
vn 0.6518 -0.4900 0.5788
vn 0.6588 -0.4534 0.6003
vn 0.6384 -0.4874 0.5957
vn 0.6349 -0.4802 0.6052
vn 0.6470 -0.4436 0.6201
vn 0.5101 -0.4922 0.7053
vn 0.5046 -0.5209 0.6885
vn 0.5273 -0.5339 0.6609
vn 0.5503 -0.5157 0.6567
vn 0.5571 -0.4801 0.6776
vn 0.5318 -0.5096 0.6764
vn 0.5296 -0.5027 0.6832
vn 0.5397 -0.4692 0.6990
vn 0.5287 -0.5029 0.6838
vn -0.2688 -0.5710 0.7757
vn -0.2385 -0.5710 0.7855
vn -0.2224 -0.5471 0.8070
vn -0.2598 -0.5541 0.7908
vn -0.2412 -0.5314 0.8121
vn -0.2822 -0.5313 0.7988
vn -0.2460 -0.5483 0.7993
vn -0.2546 -0.5541 0.7925
vn -0.2944 -0.5471 0.7836
vn 0.7710 0.3889 0.5043
vn 0.7954 0.3709 0.4794
vn 0.7816 0.4045 0.4748
vn 0.8075 0.3851 0.4468
vn 0.7943 0.4192 0.4397
vn 0.7849 0.4029 0.4708
vn 0.7844 0.4029 0.4716
vn 0.7824 0.4045 0.4736
vn 0.7580 0.4226 0.4969
usemtl Material.001
s off
f 2/1/1 1908/2/1 1860/3/1
f 1825/4/2 1824/5/2 3/6/2
f 5/7/3 1824/5/3 1776/8/3
f 7/9/4 1740/10/4 1692/11/4
f 9/12/5 1656/13/5 1608/14/5
f 39/15/6 2/16/6 9/17/6
f 12/18/7 1488/19/7 1440/20/7
f 1405/21/8 1404/22/8 4/23/8
f 14/24/9 1404/22/9 1356/25/9
f 1321/26/10 1320/27/10 8/28/10
f 16/29/11 1320/27/11 1272/30/11
f 1237/31/12 1236/32/12 10/33/12
f 18/34/13 1236/32/13 1188/35/13
f 1153/36/14 1152/37/14 11/38/14
f 20/39/15 1152/37/15 1104/40/15
f 123/41/16 46/42/16 5/7/16
f 109/43/17 53/44/17 11/38/17
f 649/45/18 648/46/18 22/47/18
f 565/48/19 564/49/19 23/50/19
f 1/51/20 1939/52/20 30/53/20
f 481/54/21 480/55/21 24/56/21
f 397/57/22 396/58/22 25/59/22
f 313/60/23 312/61/23 26/62/23
f 270/63/24 242/64/24 28/65/24
f 235/66/25 242/64/25 271/67/25
f 273/68/26 272/69/26 278/70/26
f 276/71/27 249/72/27 284/73/27
f 253/74/28 254/75/28 282/76/28
f 291/77/29 290/78/29 258/79/29
f 301/80/30 300/81/30 264/82/30
f 356/83/31 236/84/31 275/85/31
f 360/86/32 237/87/32 281/88/32
f 279/89/33 278/70/33 285/90/33
f 275/85/34 1953/91/34 274/92/34
f 248/93/35 1967/94/35 289/95/35
f 254/75/36 255/96/36 284/73/36
f 286/97/37 255/96/37 287/98/37
f 281/88/38 287/98/38 248/93/38
f 252/99/39 240/100/39 337/101/39
f 293/102/40 292/103/40 259/104/40
f 294/105/41 305/106/41 295/107/41
f 308/108/42 1987/109/42 262/110/42
f 252/99/43 1968/111/43 289/95/43
f 257/112/44 241/113/44 342/114/44
f 303/115/45 302/116/45 265/117/45
f 305/106/46 304/118/46 317/119/46
f 306/120/47 320/121/47 307/122/47
f 269/123/48 308/108/48 322/124/48
f 310/125/49 257/112/49 262/110/49
f 311/126/50 310/125/50 263/127/50
f 327/128/51 355/129/51 358/130/51
f 200/131/52 158/132/52 25/59/52
f 228/133/53 326/134/53 355/129/53
f 357/135/54 356/83/54 362/136/54
f 360/86/55 333/137/55 368/138/55
f 337/101/56 338/139/56 366/140/56
f 375/141/57 374/142/57 342/114/57
f 385/143/58 384/144/58 348/145/58
f 440/146/59 229/147/59 359/148/59
f 444/149/60 230/150/60 365/151/60
f 363/152/61 362/136/61 369/153/61
f 359/148/62 2016/154/62 358/130/62
f 450/155/63 417/156/63 373/157/63
f 338/139/64 339/158/64 368/138/64
f 371/159/65 339/158/65 340/160/65
f 365/151/66 371/159/66 332/161/66
f 336/162/67 233/163/67 421/164/67
f 377/165/68 376/166/68 343/167/68
f 378/168/69 389/169/69 379/170/69
f 380/171/70 345/172/70 346/173/70
f 336/162/71 2031/174/71 373/157/71
f 341/175/72 234/176/72 426/177/72
f 348/145/73 241/178/73 31/179/73
f 387/180/74 386/181/74 349/182/74
f 389/169/75 388/183/75 401/184/75
f 390/185/76 404/186/76 391/187/76
f 353/188/77 392/189/77 406/190/77
f 394/191/78 341/175/78 346/173/78
f 270/63/79 274/92/79 271/67/79
f 395/192/80 394/191/80 347/193/80
f 438/194/81 442/195/81 439/196/81
f 1/51/82 2067/197/82 193/198/82
f 221/199/83 410/200/83 439/196/83
f 221/201/84 207/202/84 235/203/84
f 441/204/85 440/146/85 446/205/85
f 444/149/86 417/156/86 452/206/86
f 421/164/87 422/207/87 450/155/87
f 459/208/88 458/209/88 426/177/88
f 469/210/89 468/211/89 432/212/89
f 524/213/90 222/214/90 443/215/90
f 528/216/91 223/217/91 449/218/91
f 447/219/92 446/205/92 453/220/92
f 443/215/93 2079/221/93 442/195/93
f 416/222/94 2093/223/94 457/224/94
f 422/207/95 423/225/95 452/206/95
f 454/226/96 423/225/96 455/227/96
f 449/218/97 455/227/97 416/222/97
f 420/228/98 226/229/98 505/230/98
f 461/231/99 460/232/99 427/233/99
f 462/234/100 473/235/100 463/236/100
f 464/237/101 429/238/101 430/239/101
f 420/228/102 2094/240/102 457/224/102
f 425/241/103 227/242/103 510/243/103
f 432/212/104 234/244/104 30/53/104
f 471/245/105 470/246/105 433/247/105
f 473/235/106 472/248/106 485/249/106
f 474/250/107 488/251/107 475/252/107
f 437/253/108 476/254/108 490/255/108
f 478/256/109 425/241/109 430/239/109
f 479/257/110 478/256/110 431/258/110
f 522/259/111 526/260/111 523/261/111
f 186/262/112 17/263/112 23/50/112
f 207/264/113 494/265/113 523/261/113
f 525/266/114 524/213/114 530/267/114
f 528/216/115 501/268/115 536/269/115
f 505/230/116 506/270/116 534/271/116
f 543/272/117 542/273/117 510/243/117
f 553/274/118 552/275/118 516/276/118
f 608/277/119 208/278/119 527/279/119
f 612/280/120 209/281/120 533/282/120
f 531/283/121 530/267/121 537/284/121
f 527/279/122 2142/285/122 526/260/122
f 500/286/123 2156/287/123 541/288/123
f 506/270/124 507/289/124 536/269/124
f 538/290/125 507/289/125 539/291/125
f 533/282/126 539/291/126 500/286/126
f 504/292/127 212/293/127 589/294/127
f 545/295/128 544/296/128 511/297/128
f 546/298/129 557/299/129 547/300/129
f 548/301/130 513/302/130 514/303/130
f 504/292/131 2157/304/131 541/288/131
f 509/305/132 213/306/132 594/307/132
f 516/276/133 227/308/133 29/309/133
f 555/310/134 554/311/134 517/312/134
f 557/299/135 556/313/135 569/314/135
f 558/315/136 572/316/136 559/317/136
f 521/318/137 560/319/137 574/320/137
f 562/321/138 509/305/138 514/303/138
f 563/322/139 562/321/139 515/323/139
f 579/324/140 607/325/140 610/326/140
f 179/327/141 15/328/141 22/47/141
f 609/329/142 608/277/142 614/330/142
f 612/280/143 585/331/143 620/332/143
f 589/294/144 590/333/144 618/334/144
f 627/335/145 626/336/145 594/307/145
f 637/337/146 636/338/146 600/339/146
f 615/340/147 614/330/147 621/341/147
f 611/342/148 2205/343/148 610/326/148
f 220/344/149 611/342/149 272/69/149
f 590/333/150 591/345/150 620/332/150
f 623/346/151 591/345/151 592/347/151
f 617/348/152 623/346/152 584/349/152
f 219/350/153 617/348/153 276/71/153
f 629/351/154 628/352/154 595/353/154
f 630/354/155 641/355/155 631/356/155
f 632/357/156 597/358/156 598/359/156
f 588/360/157 2220/361/157 625/362/157
f 282/76/158 249/72/158 584/349/158
f 600/339/159 213/363/159 27/364/159
f 639/365/160 638/366/160 601/367/160
f 641/355/161 640/368/161 653/369/161
f 642/370/162 656/371/162 643/372/162
f 605/373/163 644/374/163 658/375/163
f 646/376/164 593/377/164 598/359/164
f 216/378/165 290/78/165 253/74/165
f 214/379/166 312/61/166 264/82/166
f 647/380/167 646/376/167 599/381/167
f 690/382/168 694/383/168 691/384/168
f 215/385/169 300/81/169 258/79/169
f 690/382/170 662/386/170 13/387/170
f 693/388/171 692/389/171 698/390/171
f 696/391/172 669/392/172 704/393/172
f 673/394/173 674/395/173 702/396/173
f 711/397/174 710/398/174 678/399/174
f 721/400/175 720/401/175 684/402/175
f 699/403/176 698/390/176 705/404/176
f 695/405/177 2268/406/177 694/383/177
f 206/407/178 695/405/178 315/408/178
f 704/393/179 674/395/179 714/409/179
f 706/410/180 675/411/180 707/412/180
f 701/413/181 707/412/181 668/414/181
f 205/415/182 701/413/182 317/119/182
f 713/416/183 712/417/183 679/418/183
f 714/409/184 725/419/184 715/420/184
f 728/421/185 2302/422/185 682/423/185
f 672/424/186 2283/425/186 709/426/186
f 319/427/187 318/428/187 709/426/187
f 723/429/188 722/430/188 685/431/188
f 725/419/189 724/432/189 737/433/189
f 726/434/190 740/435/190 727/436/190
f 689/437/191 728/421/191 742/438/191
f 730/439/192 677/440/192 682/423/192
f 202/441/193 321/442/193 320/121/193
f 731/443/194 730/439/194 683/444/194
f 774/445/195 778/446/195 775/447/195
f 201/448/196 323/449/196 322/124/196
f 774/445/197 746/450/197 21/451/197
f 777/452/198 776/453/198 782/454/198
f 780/455/199 753/456/199 788/457/199
f 757/458/200 758/459/200 786/460/200
f 795/461/201 794/462/201 762/463/201
f 805/464/202 804/465/202 768/466/202
f 200/131/203 325/467/203 324/468/203
f 783/469/204 782/454/204 789/470/204
f 779/471/205 2331/472/205 778/446/205
f 199/473/206 779/471/206 399/474/206
f 788/457/207 758/459/207 798/475/207
f 791/476/208 799/477/208 760/478/208
f 785/479/209 791/476/209 752/480/209
f 198/481/210 785/479/210 401/184/210
f 797/482/211 796/483/211 763/484/211
f 798/475/212 809/485/212 799/477/212
f 812/486/213 2365/487/213 766/488/213
f 756/489/214 2346/490/214 793/491/214
f 403/492/215 402/493/215 793/491/215
f 807/494/216 806/495/216 769/496/216
f 809/485/217 808/497/217 821/498/217
f 810/499/218 824/500/218 811/501/218
f 773/502/219 812/486/219 826/503/219
f 814/504/220 761/505/220 766/488/220
f 195/506/221 405/507/221 404/186/221
f 815/508/222 814/504/222 767/509/222
f 858/510/223 862/511/223 859/512/223
f 194/513/224 407/514/224 406/190/224
f 1/51/225 2382/515/225 144/516/225
f 858/510/226 830/517/226 19/518/226
f 1/51/227 2383/519/227 24/56/227
f 861/520/228 860/521/228 866/522/228
f 864/523/229 837/524/229 872/525/229
f 841/526/230 842/527/230 870/528/230
f 879/529/231 878/530/231 846/531/231
f 889/532/232 888/533/232 852/534/232
f 193/198/233 409/535/233 408/536/233
f 867/537/234 866/522/234 873/538/234
f 863/539/235 2394/540/235 862/511/235
f 192/541/236 863/539/236 483/542/236
f 872/525/237 842/527/237 882/543/237
f 875/544/238 843/545/238 844/546/238
f 869/547/239 875/544/239 836/548/239
f 191/549/240 869/547/240 485/249/240
f 881/550/241 880/551/241 847/552/241
f 882/543/242 893/553/242 883/554/242
f 896/555/243 2428/556/243 850/557/243
f 840/558/244 2409/559/244 877/560/244
f 487/561/245 486/562/245 877/560/245
f 891/563/246 890/564/246 853/565/246
f 893/553/247 892/566/247 905/567/247
f 894/568/248 908/569/248 895/570/248
f 857/571/249 896/555/249 910/572/249
f 898/573/250 845/574/250 850/557/250
f 188/575/251 489/576/251 488/251/251
f 899/577/252 898/573/252 851/578/252
f 942/579/253 946/580/253 943/581/253
f 187/582/254 491/583/254 490/255/254
f 942/579/255 914/584/255 17/585/255
f 945/586/256 944/587/256 950/588/256
f 948/589/257 921/590/257 956/591/257
f 925/592/258 926/593/258 954/594/258
f 963/595/259 962/596/259 930/597/259
f 973/598/260 972/599/260 936/600/260
f 186/262/261 493/601/261 492/602/261
f 951/603/262 950/588/262 957/604/262
f 947/605/263 2457/606/263 946/580/263
f 185/607/264 947/605/264 567/608/264
f 956/591/265 926/593/265 966/609/265
f 958/610/266 927/611/266 959/612/266
f 953/613/267 959/612/267 920/614/267
f 184/615/268 953/613/268 569/314/268
f 965/616/269 964/617/269 931/618/269
f 966/609/270 977/619/270 967/620/270
f 980/621/271 2491/622/271 934/623/271
f 924/624/272 2472/625/272 961/626/272
f 571/627/273 570/628/273 920/614/273
f 975/629/274 974/630/274 937/631/274
f 977/619/275 976/632/275 989/633/275
f 978/634/276 992/635/276 979/636/276
f 941/637/277 980/621/277 994/638/277
f 982/639/278 929/640/278 934/623/278
f 181/641/279 573/642/279 572/316/279
f 983/643/280 982/639/280 935/644/280
f 1026/645/281 1030/646/281 1027/647/281
f 180/648/282 575/649/282 574/320/282
f 1026/645/283 998/650/283 15/328/283
f 1029/651/284 1028/652/284 1034/653/284
f 1032/654/285 1005/655/285 1040/656/285
f 1009/657/286 1010/658/286 1038/659/286
f 1047/660/287 1046/661/287 1014/662/287
f 1057/663/288 1056/664/288 1020/665/288
f 179/327/289 577/666/289 576/667/289
f 1035/668/290 1034/653/290 1041/669/290
f 1031/670/291 2520/671/291 1030/646/291
f 178/672/292 1031/670/292 651/673/292
f 1010/658/293 1011/674/293 1040/656/293
f 1042/675/294 1011/674/294 1043/676/294
f 1037/677/295 1043/676/295 1004/678/295
f 177/679/296 1037/677/296 653/369/296
f 1049/680/297 1048/681/297 1015/682/297
f 1050/683/298 1061/684/298 1051/685/298
f 1064/686/299 2554/687/299 1018/688/299
f 655/689/300 654/690/300 1004/678/300
f 1059/691/301 1058/692/301 1021/693/301
f 1061/684/302 1060/694/302 1073/695/302
f 1062/696/303 1076/697/303 1063/698/303
f 1025/699/304 1064/686/304 1078/700/304
f 1066/701/305 1013/702/305 1018/688/305
f 174/703/306 657/704/306 656/371/306
f 1067/705/307 1066/701/307 1019/706/307
f 1110/707/308 1114/708/308 1111/709/308
f 173/710/309 659/711/309 658/375/309
f 172/712/310 102/713/310 26/62/310
f 1113/714/311 1112/715/311 1118/716/311
f 1116/717/312 1089/718/312 1124/719/312
f 1093/720/313 1094/721/313 1122/722/313
f 1131/723/314 1130/724/314 1098/725/314
f 1141/726/315 1140/727/315 1104/40/315
f 159/728/316 743/729/316 742/438/316
f 172/712/317 661/730/317 660/731/317
f 160/732/318 741/733/318 740/435/318
f 739/734/319 738/735/319 1089/718/319
f 1119/736/320 1118/716/320 1125/737/320
f 1115/738/321 2583/739/321 1114/708/321
f 171/740/322 1115/738/322 776/453/322
f 163/741/323 1093/720/323 737/433/323
f 1094/721/324 1095/742/324 1124/719/324
f 1126/743/325 1095/742/325 1127/744/325
f 1121/745/326 1127/744/326 1088/746/326
f 170/747/327 1121/745/327 780/455/327
f 164/748/328 1098/725/328 735/749/328
f 1133/750/329 1132/751/329 1099/752/329
f 1134/753/330 1145/754/330 1135/755/330
f 1136/756/331 1101/757/331 1102/758/331
f 1092/759/332 2598/760/332 1129/761/332
f 786/460/333 753/456/333 1088/746/333
f 1143/762/334 1142/763/334 1105/764/334
f 1145/754/335 1144/765/335 1157/766/335
f 1146/767/336 1160/768/336 1147/769/336
f 1109/770/337 1148/771/337 1162/772/337
f 1150/773/338 1097/774/338 1102/758/338
f 167/775/339 794/462/339 757/458/339
f 165/776/340 816/777/340 768/466/340
f 1151/778/341 1150/773/341 1103/779/341
f 1194/780/342 1198/781/342 1195/782/342
f 166/783/343 804/465/343 762/463/343
f 1/51/344 2635/784/344 19/518/344
f 1197/785/345 1196/786/345 1202/787/345
f 1200/788/346 1173/789/346 1208/790/346
f 1177/791/347 1178/792/347 1206/793/347
f 1215/794/348 1214/795/348 1182/796/348
f 1225/797/349 1224/798/349 1188/35/349
f 145/799/350 827/800/350 826/503/350
f 158/132/351 745/801/351 744/802/351
f 146/803/352 825/804/352 824/500/352
f 823/805/353 822/806/353 1173/789/353
f 1203/807/354 1202/787/354 1209/808/354
f 1199/809/355 2646/810/355 1198/781/355
f 157/811/356 1199/809/356 860/521/356
f 149/812/357 1177/791/357 821/498/357
f 1178/792/358 1179/813/358 1208/790/358
f 1210/814/359 1179/813/359 1211/815/359
f 1205/816/360 1211/815/360 1172/817/360
f 156/818/361 1205/816/361 864/523/361
f 150/819/362 1182/796/362 819/820/362
f 1217/821/363 1216/822/363 1183/823/363
f 1218/824/364 1229/825/364 1219/826/364
f 1220/827/365 1185/828/365 1186/829/365
f 1176/830/366 2661/831/366 1213/832/366
f 870/528/367 837/524/367 1172/817/367
f 1227/833/368 1226/834/368 1189/835/368
f 1229/825/369 1228/836/369 1241/837/369
f 1230/838/370 1244/839/370 1231/840/370
f 1193/841/371 1232/842/371 1246/843/371
f 1234/844/372 1181/845/372 1186/829/372
f 153/846/373 878/530/373 841/526/373
f 151/847/374 900/848/374 852/534/374
f 1235/849/375 1234/844/375 1187/850/375
f 1251/851/376 1279/852/376 1282/853/376
f 152/854/377 888/533/377 846/531/377
f 1281/855/378 1280/856/378 1286/857/378
f 1284/858/379 1257/859/379 1292/860/379
f 1261/861/380 1262/862/380 1290/863/380
f 1299/864/381 1298/865/381 1266/866/381
f 1309/867/382 1308/868/382 1272/30/382
f 131/869/383 911/870/383 910/572/383
f 144/516/384 829/871/384 828/872/384
f 132/873/385 909/874/385 908/569/385
f 907/875/386 906/876/386 1257/859/386
f 1287/877/387 1286/857/387 1293/878/387
f 1283/879/388 2709/880/388 1282/853/388
f 143/881/389 1283/879/389 944/587/389
f 135/882/390 1261/861/390 905/567/390
f 1262/862/391 1263/883/391 1292/860/391
f 1294/884/392 1263/883/392 1295/885/392
f 1289/886/393 1295/885/393 1256/887/393
f 142/888/394 1289/886/394 948/589/394
f 136/889/395 1266/866/395 903/890/395
f 1301/891/396 1300/892/396 1267/893/396
f 1302/894/397 1313/895/397 1303/896/397
f 1304/897/398 1269/898/398 1270/899/398
f 1260/900/399 2724/901/399 1297/902/399
f 954/594/400 921/590/400 1256/887/400
f 1311/903/401 1310/904/401 1273/905/401
f 1313/895/402 1312/906/402 1325/907/402
f 1314/908/403 1328/909/403 1315/910/403
f 1277/911/404 1316/912/404 1330/913/404
f 1318/914/405 1265/915/405 1270/899/405
f 139/916/406 962/596/406 925/592/406
f 137/917/407 984/918/407 936/600/407
f 1319/919/408 1318/914/408 1271/920/408
f 1335/921/409 1363/922/409 1366/923/409
f 138/924/410 972/599/410 930/597/410
f 1365/925/411 1364/926/411 1370/927/411
f 1368/928/412 1341/929/412 1376/930/412
f 1345/931/413 1346/932/413 1374/933/413
f 1383/934/414 1382/935/414 1350/936/414
f 1393/937/415 1392/938/415 1356/25/415
f 117/939/416 995/940/416 994/638/416
f 130/941/417 913/942/417 912/943/417
f 118/944/418 993/945/418 992/635/418
f 991/946/419 990/947/419 1341/929/419
f 1371/948/420 1370/927/420 1377/949/420
f 1367/950/421 2772/951/421 1366/923/421
f 129/952/422 1367/950/422 1028/652/422
f 121/953/423 1345/931/423 989/633/423
f 1346/932/424 1347/954/424 1376/930/424
f 1378/955/425 1347/954/425 1379/956/425
f 1373/957/426 1379/956/426 1340/958/426
f 128/959/427 1373/957/427 1032/654/427
f 122/960/428 1350/936/428 987/961/428
f 1385/962/429 1384/963/429 1351/964/429
f 1386/965/430 1397/966/430 1387/967/430
f 1388/968/431 1353/969/431 1354/970/431
f 1344/971/432 2787/972/432 1381/973/432
f 1038/659/433 1005/655/433 1340/958/433
f 1395/974/434 1394/975/434 1357/976/434
f 1397/966/435 1396/977/435 1409/978/435
f 1398/979/436 1412/980/436 1399/981/436
f 1361/982/437 1400/983/437 1414/984/437
f 1402/985/438 1349/986/438 1354/970/438
f 125/987/439 1046/661/439 1009/657/439
f 123/41/440 1068/988/440 1020/665/440
f 1403/989/441 1402/985/441 1355/990/441
f 1419/991/442 1447/992/442 1450/993/442
f 124/994/443 1056/664/443 1014/662/443
f 1449/995/444 1448/996/444 1454/997/444
f 1452/998/445 1425/999/445 1460/1000/445
f 1429/1001/446 1430/1002/446 1458/1003/446
f 1467/1004/447 1466/1005/447 1434/1006/447
f 1477/1007/448 1476/1008/448 1440/20/448
f 103/1009/449 1079/1010/449 1078/700/449
f 116/1011/450 997/1012/450 996/1013/450
f 104/1014/451 1077/1015/451 1076/697/451
f 1075/1016/452 1074/1017/452 1425/999/452
f 1455/1018/453 1454/997/453 1461/1019/453
f 1451/1020/454 2835/1021/454 1450/993/454
f 115/1022/455 1451/1020/455 692/389/455
f 107/1023/456 1429/1001/456 1073/695/456
f 1430/1002/457 1431/1024/457 1460/1000/457
f 1462/1025/458 1431/1024/458 1463/1026/458
f 1457/1027/459 1463/1026/459 1424/1028/459
f 114/1029/460 1457/1027/460 696/391/460
f 108/1030/461 1434/1006/461 1071/1031/461
f 1469/1032/462 1468/1033/462 1435/1034/462
f 1470/1035/463 1481/1036/463 1471/1037/463
f 1472/1038/464 1437/1039/464 1438/1040/464
f 1428/1041/465 2850/1042/465 1465/1043/465
f 702/396/466 669/392/466 1424/1028/466
f 1479/1044/467 1478/1045/467 1441/1046/467
f 1481/1036/468 1480/1047/468 1493/1048/468
f 1482/1049/469 1496/1050/469 1483/1051/469
f 1445/1052/470 1484/1053/470 1498/1054/470
f 1486/1055/471 1433/1056/471 1438/1040/471
f 111/1057/472 710/398/472 673/394/472
f 109/43/473 732/1058/473 684/402/473
f 1487/1059/474 1486/1055/474 1439/1060/474
f 1503/1061/475 1531/1062/475 1534/1063/475
f 110/1064/476 720/401/476 678/399/476
f 1530/1065/477 1502/1066/477 6/1067/477
f 1533/1068/478 1532/1069/478 1538/1070/478
f 1536/1071/479 1509/1072/479 1544/1073/479
f 1513/1074/480 1514/1075/480 1542/1076/480
f 1551/1077/481 1550/1078/481 1518/1079/481
f 1561/1080/482 1560/1081/482 1524/1082/482
f 102/713/483 1081/1083/483 1080/1084/483
f 1539/1085/484 1538/1070/484 1545/1086/484
f 1535/1087/485 2898/1088/485 1534/1063/485
f 101/1089/486 1535/1087/486 1155/1090/486
f 1514/1075/487 1515/1091/487 1544/1073/487
f 1547/1092/488 1515/1091/488 1516/1093/488
f 1541/1094/489 1547/1092/489 1508/1095/489
f 100/1096/490 1541/1094/490 1157/766/490
f 1553/1097/491 1552/1098/491 1519/1099/491
f 1554/1100/492 1565/1101/492 1555/1102/492
f 1556/1103/493 1521/1104/493 1522/1105/493
f 1512/1106/494 2913/1107/494 1549/1108/494
f 1159/1109/495 1158/1110/495 1549/1108/495
f 1563/1111/496 1562/1112/496 1525/1113/496
f 1565/1101/497 1564/1114/497 1577/1115/497
f 1566/1116/498 1580/1117/498 1567/1118/498
f 1529/1119/499 1568/1120/499 1582/1121/499
f 1570/1122/500 1517/1123/500 1522/1105/500
f 97/1124/501 1161/1125/501 1160/768/501
f 1571/1126/502 1570/1122/502 1523/1127/502
f 1587/1128/503 1615/1129/503 1618/1130/503
f 96/1131/504 1163/1132/504 1162/772/504
f 95/1133/505 10/33/505 18/34/505
f 1617/1134/506 1616/1135/506 1622/1136/506
f 1620/1137/507 1593/1138/507 1628/1139/507
f 1597/1140/508 1598/1141/508 1626/1142/508
f 1635/1143/509 1634/1144/509 1602/1145/509
f 1645/1146/510 1644/1147/510 1608/14/510
f 82/1148/511 1583/1149/511 1582/1121/511
f 95/1133/512 1165/1150/512 1164/1151/512
f 83/1152/513 1581/1153/513 1580/1117/513
f 1579/1154/514 1578/1155/514 1593/1138/514
f 1623/1156/515 1622/1136/515 1629/1157/515
f 1619/1158/516 2961/1159/516 1618/1130/516
f 94/1160/517 1619/1158/517 1239/1161/517
f 86/1162/518 1597/1140/518 1577/1115/518
f 1598/1141/519 1599/1163/519 1628/1139/519
f 1631/1164/520 1639/1165/520 1600/1166/520
f 1625/1167/521 1631/1164/521 1592/1168/521
f 93/1169/522 1625/1167/522 1241/837/522
f 87/1170/523 1602/1145/523 1575/1171/523
f 1637/1172/524 1636/1173/524 1603/1174/524
f 1638/1175/525 1649/1176/525 1639/1165/525
f 1652/1177/526 2995/1178/526 1606/1179/526
f 1596/1180/527 2976/1181/527 1633/1182/527
f 1243/1183/528 1242/1184/528 1592/1168/528
f 1647/1185/529 1646/1186/529 1609/1187/529
f 1649/1176/530 1648/1188/530 1661/1189/530
f 1650/1190/531 1664/1191/531 1651/1192/531
f 1613/1193/532 1652/1177/532 1666/1194/532
f 1654/1195/533 1601/1196/533 1606/1179/533
f 90/1197/534 1245/1198/534 1244/839/534
f 88/1199/535 1249/1200/535 1248/1201/535
f 1655/1202/536 1654/1195/536 1607/1203/536
f 1698/1204/537 1702/1205/537 1699/1206/537
f 89/1207/538 1247/1208/538 1246/843/538
f 88/1199/539 8/28/539 16/29/539
f 1701/1209/540 1700/1210/540 1706/1211/540
f 1704/1212/541 1677/1213/541 1712/1214/541
f 1681/1215/542 1682/1216/542 1710/1217/542
f 1719/1218/543 1718/1219/543 1686/1220/543
f 1729/1221/544 1728/1222/544 1692/11/544
f 68/1223/545 1667/1224/545 1666/1194/545
f 81/1225/546 1585/1226/546 1584/1227/546
f 69/1228/547 1665/1229/547 1664/1191/547
f 1663/1230/548 1662/1231/548 1677/1213/548
f 1707/1232/549 1706/1211/549 1713/1233/549
f 1703/1234/550 3024/1235/550 1702/1205/550
f 80/1236/551 1703/1234/551 1323/1237/551
f 72/1238/552 1681/1215/552 1661/1189/552
f 1682/1216/553 1683/1239/553 1712/1214/553
f 1714/1240/554 1683/1239/554 1715/1241/554
f 1709/1242/555 1715/1241/555 1676/1243/555
f 79/1244/556 1709/1242/556 1325/907/556
f 73/1245/557 1686/1220/557 1659/1246/557
f 1721/1247/558 1720/1248/558 1687/1249/558
f 1722/1250/559 1733/1251/559 1723/1252/559
f 1724/1253/560 1689/1254/560 1690/1255/560
f 1680/1256/561 3039/1257/561 1717/1258/561
f 1327/1259/562 1326/1260/562 1717/1258/562
f 1731/1261/563 1730/1262/563 1693/1263/563
f 1733/1251/564 1732/1264/564 1745/1265/564
f 1734/1266/565 1748/1267/565 1735/1268/565
f 1697/1269/566 1736/1270/566 1750/1271/566
f 1738/1272/567 1685/1273/567 1690/1255/567
f 76/1274/568 1329/1275/568 1328/909/568
f 74/1276/569 1333/1277/569 1332/1278/569
f 1739/1279/570 1738/1272/570 1691/1280/570
f 1755/1281/571 1783/1282/571 1786/1283/571
f 75/1284/572 1331/1285/572 1330/913/572
f 74/1276/573 4/23/573 137/1286/573
f 1785/1287/574 1784/1288/574 1790/1289/574
f 1788/1290/575 1761/1291/575 1796/1292/575
f 1765/1293/576 1766/1294/576 1794/1295/576
f 1803/1296/577 1802/1297/577 1770/1298/577
f 1813/1299/578 1812/1300/578 1776/8/578
f 54/1301/579 1499/1302/579 1498/1054/579
f 67/1303/580 1669/1304/580 1668/1305/580
f 55/1306/581 1497/1307/581 1496/1050/581
f 1495/1308/582 1494/1309/582 1761/1291/582
f 1791/1310/583 1790/1289/583 1797/1311/583
f 1787/1312/584 3087/1313/584 1786/1283/584
f 66/1314/585 1787/1312/585 1532/1069/585
f 58/1315/586 1765/1293/586 1493/1048/586
f 1766/1294/587 1767/1316/587 1796/1292/587
f 1799/1317/588 1807/1318/588 1768/1319/588
f 1793/1320/589 1799/1317/589 1760/1321/589
f 65/1322/590 1793/1320/590 1536/1071/590
f 59/1323/591 1770/1298/591 1491/1324/591
f 1805/1325/592 1804/1326/592 1771/1327/592
f 1806/1328/593 1817/1329/593 1807/1318/593
f 1820/1330/594 3121/1331/594 1774/1332/594
f 1764/1333/595 3102/1334/595 1801/1335/595
f 1542/1076/596 1509/1072/596 1801/1335/596
f 1815/1336/597 1814/1337/597 1777/1338/597
f 1817/1329/598 1816/1339/598 1829/1340/598
f 1818/1341/599 1832/1342/599 1819/1343/599
f 1781/1344/600 1820/1330/600 1834/1345/600
f 1822/1346/601 1769/1347/601 1774/1332/601
f 62/1348/602 1550/1078/602 1513/1074/602
f 60/1349/603 1572/1350/603 1524/1082/603
f 1823/1351/604 1822/1346/604 1775/1352/604
f 1839/1353/605 1867/1354/605 1870/1355/605
f 61/1356/606 1560/1081/606 1518/1079/606
f 1869/1357/607 1868/1358/607 1874/1359/607
f 1872/1360/608 1845/1361/608 1880/1362/608
f 1849/1363/609 1850/1364/609 1878/1365/609
f 1887/1366/610 1886/1367/610 1854/1368/610
f 1897/1369/611 1896/1370/611 1860/3/611
f 33/1371/612 1751/1372/612 1750/1271/612
f 53/44/613 1501/1373/613 1500/1374/613
f 34/1375/614 1749/1376/614 1748/1267/614
f 1747/1377/615 1746/1378/615 1845/1361/615
f 1875/1379/616 1874/1359/616 1881/1380/616
f 1871/1381/617 3150/1382/617 1870/1355/617
f 52/1383/618 1871/1381/618 1407/1384/618
f 37/1385/619 1849/1363/619 1745/1265/619
f 1850/1364/620 1851/1386/620 1880/1362/620
f 1883/1387/621 1851/1386/621 1852/1388/621
f 1877/1389/622 1883/1387/622 1844/1390/622
f 51/1391/623 1877/1389/623 1409/978/623
f 38/1392/624 1854/1368/624 1743/1393/624
f 1889/1394/625 1888/1395/625 1855/1396/625
f 1890/1397/626 1901/1398/626 1891/1399/626
f 1904/1400/627 3184/1401/627 1858/1402/627
f 1848/1403/628 3165/1404/628 1885/1405/628
f 1411/1406/629 1410/1407/629 1844/1390/629
f 1899/1408/630 1898/1409/630 1861/1410/630
f 1901/1398/631 1900/1411/631 1913/1412/631
f 1902/1413/632 1916/1414/632 1903/1415/632
f 1865/1416/633 1904/1400/633 1918/1417/633
f 1906/1418/634 1853/1419/634 1858/1402/634
f 48/1420/635 1413/1421/635 1412/980/635
f 39/1422/636 1837/1423/636 1836/1424/636
f 40/1425/637 1835/1426/637 1834/1345/637
f 41/1427/638 1833/1428/638 1832/1342/638
f 1831/1429/639 1830/1430/639 1915/1431/639
f 44/1432/640 1916/1414/640 1829/1340/640
f 45/1433/641 1918/1417/641 1827/1434/641
f 1907/1435/642 1906/1418/642 1859/1436/642
f 46/42/643 1417/1437/643 1416/1438/643
f 47/1439/644 1415/1440/644 1414/984/644
f 32/1441/645 1753/1442/645 1752/1443/645
f 1008/1444/646 2535/1445/646 1045/1446/646
f 3062/1447/647 1740/10/647 1741/1448/647
f 1740/10/648 1924/1449/648 2/1/648
f 2/1/649 1922/1450/649 1908/2/649
f 1740/10/650 2/1/650 1741/1448/650
f 3063/1451/651 1741/1448/651 38/1452/651
f 3145/1453/652 38/1452/652 1860/3/652
f 1860/3/653 38/1452/653 2/1/653
f 3188/1454/654 1860/3/654 1908/2/654
f 2/1/655 38/1452/655 1741/1448/655
f 3/6/656 3201/1455/656 1921/1456/656
f 1921/1456/657 3200/1457/657 1920/1458/657
f 1920/1458/658 3199/1459/658 45/1460/658
f 45/1460/659 3126/1461/659 1825/4/659
f 1825/4/660 3125/1462/660 1824/5/660
f 1824/5/661 1923/1463/661 3/6/661
f 3/6/662 1921/1456/662 1920/1458/662
f 1920/1458/663 45/1460/663 3/6/663
f 45/1460/664 1825/4/664 3/6/664
f 2873/1464/665 1488/19/665 1489/1465/665
f 1488/19/666 1927/1466/666 5/7/666
f 5/7/667 1923/1463/667 1824/5/667
f 1488/19/668 5/7/668 1489/1465/668
f 2874/1467/669 1489/1465/669 59/1323/669
f 3082/1468/670 59/1323/670 1776/8/670
f 1776/8/671 59/1323/671 5/7/671
f 3125/1462/672 1776/8/672 1824/5/672
f 5/7/673 59/1323/673 1489/1465/673
f 2999/1469/674 1656/13/674 1657/1470/674
f 1656/13/675 1925/1471/675 7/9/675
f 7/9/676 1924/1449/676 1740/10/676
f 1656/13/677 7/9/677 1657/1470/677
f 3000/1472/678 1657/1470/678 73/1473/678
f 3019/1474/679 73/1473/679 1692/11/679
f 1692/11/680 73/1473/680 7/9/680
f 3062/1447/681 1692/11/681 1740/10/681
f 7/9/682 73/1473/682 1657/1470/682
f 2936/1475/683 1572/1350/683 1573/1476/683
f 1572/1350/684 1926/1477/684 9/12/684
f 9/12/685 1925/1471/685 1656/13/685
f 1572/1350/686 9/12/686 1573/1476/686
f 2937/1478/687 1573/1476/687 87/1479/687
f 2956/1480/688 87/1479/688 1608/14/688
f 1608/14/689 87/1479/689 9/12/689
f 2999/1469/690 1608/14/690 1656/13/690
f 9/12/691 87/1479/691 1573/1476/691
f 1922/1450/692 2/16/692 39/15/692
f 2/16/693 1924/1449/693 7/1481/693
f 9/17/694 7/1481/694 1925/1471/694
f 2/16/6 7/1481/6 9/17/6
f 9/17/695 1926/1477/695 60/1482/695
f 39/15/696 60/1482/696 3138/1483/696
f 9/17/6 60/1482/6 39/15/6
f 2558/1484/697 1068/988/697 1069/1485/697
f 1068/988/698 1932/1486/698 12/18/698
f 12/18/699 1927/1466/699 1488/19/699
f 1068/988/700 12/18/700 1069/1485/700
f 2559/1487/701 1069/1485/701 108/1030/701
f 2830/1488/702 108/1030/702 1440/20/702
f 1440/20/703 108/1030/703 12/18/703
f 2873/1464/704 1440/20/704 1488/19/704
f 12/18/705 108/1030/705 1069/1485/705
f 4/23/706 3139/1489/706 1838/1490/706
f 1838/1490/707 3146/1491/707 1867/1354/707
f 1867/1354/708 3147/1492/708 52/1383/708
f 52/1383/709 2811/1493/709 1405/21/709
f 1405/21/710 2810/1494/710 1404/22/710
f 1404/22/711 1928/1495/711 4/23/711
f 4/23/712 1838/1490/712 1867/1354/712
f 1867/1354/713 52/1383/713 4/23/713
f 52/1383/714 1405/21/714 4/23/714
f 2495/1496/715 984/918/715 985/1497/715
f 984/918/716 1933/1498/716 14/24/716
f 14/24/717 1928/1495/717 1404/22/717
f 984/918/718 14/24/718 985/1497/718
f 2496/1499/719 985/1497/719 122/960/719
f 2767/1500/720 122/960/720 1356/25/720
f 1356/25/721 122/960/721 14/24/721
f 2810/1494/722 1356/25/722 1404/22/722
f 14/24/723 122/960/723 985/1497/723
f 8/28/724 3013/1501/724 1670/1502/724
f 1670/1502/725 3020/1503/725 1699/1206/725
f 1699/1206/726 3021/1504/726 80/1236/726
f 80/1236/727 2748/1505/727 1321/26/727
f 1321/26/728 2747/1506/728 1320/27/728
f 1320/27/729 1929/1507/729 8/28/729
f 8/28/730 1670/1502/730 1699/1206/730
f 1699/1206/731 80/1236/731 8/28/731
f 80/1236/732 1321/26/732 8/28/732
f 2432/1508/733 900/848/733 901/1509/733
f 900/848/734 1934/1510/734 16/29/734
f 16/29/735 1929/1507/735 1320/27/735
f 900/848/736 16/29/736 901/1509/736
f 2433/1511/737 901/1509/737 136/889/737
f 2704/1512/738 136/889/738 1272/30/738
f 1272/30/739 136/889/739 16/29/739
f 2747/1506/740 1272/30/740 1320/27/740
f 16/29/741 136/889/741 901/1509/741
f 10/33/742 2950/1513/742 1586/1514/742
f 1586/1514/743 2957/1515/743 1615/1129/743
f 1615/1129/744 2958/1516/744 94/1160/744
f 94/1160/745 2685/1517/745 1237/31/745
f 1237/31/746 2684/1518/746 1236/32/746
f 1236/32/747 1930/1519/747 10/33/747
f 10/33/748 1586/1514/748 1615/1129/748
f 1615/1129/749 94/1160/749 10/33/749
f 94/1160/750 1237/31/750 10/33/750
f 2369/1520/751 816/777/751 817/1521/751
f 816/777/752 1935/1522/752 18/34/752
f 18/34/753 1930/1519/753 1236/32/753
f 816/777/754 18/34/754 817/1521/754
f 2370/1523/755 817/1521/755 150/819/755
f 2641/1524/756 150/819/756 1188/35/756
f 1188/35/757 150/819/757 18/34/757
f 2684/1518/758 1188/35/758 1236/32/758
f 18/34/759 150/819/759 817/1521/759
f 11/38/760 2887/1525/760 1502/1066/760
f 1502/1066/761 2894/1526/761 1531/1062/761
f 1531/1062/762 2895/1527/762 101/1089/762
f 101/1089/763 2622/1528/763 1153/36/763
f 1153/36/764 2621/1529/764 1152/37/764
f 1152/37/765 1931/1530/765 11/38/765
f 11/38/766 1502/1066/766 1531/1062/766
f 1531/1062/767 101/1089/767 11/38/767
f 101/1089/768 1153/36/768 11/38/768
f 2306/1531/769 732/1058/769 733/1532/769
f 732/1058/770 1936/1533/770 20/39/770
f 20/39/771 1931/1530/771 1152/37/771
f 732/1058/772 20/39/772 733/1532/772
f 2307/1534/773 733/1532/773 164/748/773
f 2578/1535/774 164/748/774 1104/40/774
f 1104/40/775 164/748/775 20/39/775
f 2621/1529/776 1104/40/776 1152/37/776
f 20/39/777 164/748/777 733/1532/777
f 2823/1536/778 46/42/778 123/41/778
f 46/42/779 3201/1455/779 3/1537/779
f 5/7/780 3/1537/780 1923/1463/780
f 46/42/16 3/1537/16 5/7/16
f 5/7/781 1927/1466/781 12/18/781
f 123/41/782 12/18/782 1932/1486/782
f 5/7/16 12/18/16 123/41/16
f 2886/1538/783 53/44/783 109/43/783
f 53/44/784 3076/1539/784 6/1540/784
f 11/38/785 6/1540/785 2887/1525/785
f 53/44/17 6/1540/17 11/38/17
f 11/38/786 1931/1530/786 20/39/786
f 109/43/787 20/39/787 1936/1533/787
f 11/38/17 20/39/17 109/43/17
f 22/47/788 2509/1541/788 998/650/788
f 998/650/789 2516/1542/789 1027/647/789
f 1027/647/790 2517/1543/790 178/672/790
f 178/672/791 2244/1544/791 649/45/791
f 649/45/792 2243/1545/792 648/46/792
f 648/46/793 1937/1546/793 22/47/793
f 22/47/794 998/650/794 1027/647/794
f 1027/647/795 178/672/795 22/47/795
f 178/672/796 649/45/796 22/47/796
f 23/50/797 2446/1547/797 914/584/797
f 914/584/798 2453/1548/798 943/581/798
f 943/581/799 2454/1549/799 185/607/799
f 185/607/800 2181/1550/800 565/48/800
f 565/48/801 2180/1551/801 564/49/801
f 564/49/802 1938/1552/802 23/50/802
f 23/50/803 914/584/803 943/581/803
f 943/581/804 185/607/804 23/50/804
f 185/607/805 565/48/805 23/50/805
f 1/51/806 24/56/806 1939/52/806
f 24/56/807 2383/519/807 830/517/807
f 830/517/808 2390/1553/808 859/512/808
f 859/512/809 2391/1554/809 192/541/809
f 192/541/810 2118/1555/810 481/54/810
f 481/54/811 2117/1556/811 480/55/811
f 480/55/812 1939/52/812 24/56/812
f 24/56/813 830/517/813 859/512/813
f 859/512/814 192/541/814 24/56/814
f 192/541/815 481/54/815 24/56/815
f 25/59/816 2320/1557/816 746/450/816
f 746/450/817 2327/1558/817 775/447/817
f 775/447/818 2328/1559/818 199/473/818
f 199/473/819 2055/1560/819 397/57/819
f 397/57/820 2054/1561/820 396/58/820
f 396/58/821 1940/1562/821 25/59/821
f 25/59/822 746/450/822 775/447/822
f 775/447/823 199/473/823 25/59/823
f 199/473/824 397/57/824 25/59/824
f 26/62/825 2257/1563/825 662/386/825
f 662/386/826 2264/1564/826 691/384/826
f 691/384/827 2265/1565/827 206/407/827
f 206/407/828 1992/1566/828 313/60/828
f 313/60/829 1991/1567/829 312/61/829
f 312/61/830 1941/1568/830 26/62/830
f 26/62/831 662/386/831 691/384/831
f 691/384/832 206/407/832 26/62/832
f 206/407/833 313/60/833 26/62/833
f 28/65/834 2194/1569/834 578/1570/834
f 578/1570/835 2201/1571/835 607/325/835
f 607/325/836 2202/1572/836 220/1573/836
f 220/1573/837 1943/1574/837 270/63/837
f 270/63/838 1949/1575/838 242/64/838
f 242/64/839 1942/1576/839 28/65/839
f 28/65/840 578/1570/840 607/325/840
f 607/325/841 220/1573/841 28/65/841
f 220/1573/842 270/63/842 28/65/842
f 2012/1577/843 326/134/843 354/1578/843
f 326/134/844 2005/1579/844 235/66/844
f 235/66/845 1942/1576/845 242/64/845
f 326/134/846 235/66/846 354/1578/846
f 2006/1580/847 354/1578/847 236/1581/847
f 1950/1582/848 236/1581/848 271/67/848
f 271/67/849 236/1581/849 235/66/849
f 1949/1575/850 271/67/850 242/64/850
f 235/66/851 236/1581/851 354/1578/851
f 246/1583/852 1955/1584/852 277/1585/852
f 277/1585/853 1956/1586/853 278/70/853
f 278/70/854 1957/1587/854 247/1588/854
f 247/1588/855 1952/1589/855 273/68/855
f 273/68/856 1951/1590/856 272/69/856
f 272/69/857 1944/1591/857 246/1583/857
f 246/1583/858 277/1585/858 272/69/858
f 277/1585/859 278/70/859 272/69/859
f 278/70/860 247/1588/860 273/68/860
f 249/72/861 1961/1592/861 283/1593/861
f 283/1593/862 1962/1594/862 284/73/862
f 284/73/863 1963/1595/863 250/1596/863
f 250/1596/864 1956/1586/864 277/1585/864
f 277/1585/865 1955/1584/865 276/71/865
f 276/71/866 1945/1597/866 249/72/866
f 249/72/867 283/1593/867 284/73/867
f 284/73/868 250/1596/868 276/71/868
f 250/1596/869 277/1585/869 276/71/869
f 253/74/870 1969/1598/870 291/77/870
f 291/77/871 1970/1599/871 292/103/871
f 292/103/872 1971/1600/872 254/75/872
f 254/75/873 1962/1594/873 283/1593/873
f 283/1593/874 1961/1592/874 282/76/874
f 282/76/875 1946/1601/875 253/74/875
f 253/74/876 291/77/876 292/103/876
f 292/103/877 254/75/877 253/74/877
f 254/75/878 283/1593/878 282/76/878
f 258/79/879 1979/1602/879 301/80/879
f 301/80/880 1980/1603/880 302/116/880
f 302/116/881 1981/1604/881 259/104/881
f 259/104/882 1970/1599/882 291/77/882
f 291/77/883 1969/1598/883 290/78/883
f 290/78/884 1947/1605/884 258/79/884
f 258/79/885 301/80/885 259/104/885
f 301/80/886 302/116/886 259/104/886
f 259/104/887 291/77/887 258/79/887
f 264/82/888 1991/1567/888 313/60/888
f 313/60/889 1992/1566/889 314/1606/889
f 314/1606/890 1993/1607/890 265/117/890
f 265/117/891 1980/1603/891 301/80/891
f 301/80/892 1979/1602/892 300/81/892
f 300/81/893 1948/1608/893 264/82/893
f 264/82/894 313/60/894 265/117/894
f 313/60/895 314/1606/895 265/117/895
f 265/117/894 301/80/894 264/82/894
f 2014/1609/896 328/1610/896 356/83/896
f 328/1610/897 2006/1580/897 236/84/897
f 236/84/898 1950/1582/898 243/1611/898
f 328/1610/899 236/84/899 356/83/899
f 2007/1612/900 356/83/900 237/1613/900
f 1954/1614/901 237/1613/901 275/85/901
f 275/85/902 237/1613/902 356/83/902
f 1953/91/903 275/85/903 243/1611/903
f 236/84/904 243/1611/904 275/85/904
f 2018/1615/905 330/1616/905 360/86/905
f 330/1616/906 2007/1612/906 237/87/906
f 237/87/907 1954/1614/907 245/1617/907
f 330/1616/908 237/87/908 360/86/908
f 2008/1618/909 360/86/909 238/1619/909
f 1960/1620/910 238/1619/910 281/88/910
f 281/88/911 238/1619/911 360/86/911
f 1959/1621/912 281/88/912 245/1617/912
f 237/87/913 245/1617/913 281/88/913
f 250/1596/914 1963/1595/914 285/90/914
f 285/90/915 1964/1622/915 286/97/915
f 286/97/916 1965/1623/916 251/1624/916
f 251/1624/917 1958/1625/917 279/89/917
f 279/89/918 1957/1587/918 278/70/918
f 278/70/919 1956/1586/919 250/1596/919
f 250/1596/920 285/90/920 278/70/920
f 285/90/33 286/97/33 279/89/33
f 286/97/921 251/1624/921 279/89/921
f 1952/1589/922 247/1588/922 274/92/922
f 247/1588/923 1957/1587/923 279/89/923
f 279/89/924 1958/1625/924 280/1626/924
f 280/1626/925 1959/1621/925 245/1617/925
f 245/1617/926 1954/1614/926 275/85/926
f 280/1626/927 245/1617/927 275/85/927
f 279/89/928 280/1626/928 275/85/928
f 247/1588/929 279/89/929 274/92/929
f 274/92/930 279/89/930 275/85/930
f 2024/1627/931 333/137/931 366/140/931
f 333/137/932 2008/1618/932 238/1628/932
f 238/1628/933 1960/1620/933 248/93/933
f 333/137/934 238/1628/934 248/93/934
f 366/140/935 333/137/935 248/93/935
f 2009/1629/936 366/140/936 239/1630/936
f 239/1630/937 366/140/937 289/95/937
f 289/95/938 1968/111/938 239/1630/938
f 289/95/935 366/140/935 248/93/935
f 254/75/939 1971/1600/939 293/102/939
f 293/102/940 1972/1631/940 294/105/940
f 294/105/941 1973/1632/941 255/96/941
f 255/96/942 1964/1622/942 285/90/942
f 285/90/943 1963/1595/943 284/73/943
f 284/73/944 1962/1594/944 254/75/944
f 254/75/945 293/102/945 294/105/945
f 294/105/36 255/96/36 254/75/36
f 255/96/946 285/90/946 284/73/946
f 1964/1622/947 255/96/947 286/97/947
f 255/96/948 1973/1632/948 295/107/948
f 256/1633/949 295/107/949 296/1634/949
f 295/107/950 1974/1635/950 296/1634/950
f 255/96/951 295/107/951 256/1633/951
f 296/1634/952 1975/1636/952 256/1633/952
f 256/1633/953 1966/1637/953 287/98/953
f 1965/1623/954 286/97/954 287/98/954
f 287/98/951 255/96/951 256/1633/951
f 1958/1625/955 251/1624/955 280/1626/955
f 251/1624/956 1965/1623/956 287/98/956
f 287/98/957 1966/1637/957 288/1638/957
f 288/1638/958 1967/94/958 248/93/958
f 248/93/959 1960/1620/959 281/88/959
f 288/1638/960 248/93/960 287/98/960
f 251/1624/961 287/98/961 281/88/961
f 280/1626/962 251/1624/962 281/88/962
f 281/88/963 1959/1621/963 280/1626/963
f 2032/1639/964 337/101/964 374/142/964
f 337/101/965 2009/1629/965 239/1640/965
f 374/142/966 337/101/966 240/100/966
f 239/1640/967 1968/111/967 252/99/967
f 252/99/968 1977/1641/968 299/1642/968
f 299/1642/969 1978/1643/969 240/100/969
f 240/100/970 2010/1644/970 374/142/970
f 299/1642/971 240/100/971 252/99/971
f 239/1640/972 252/99/972 337/101/972
f 259/104/973 1981/1604/973 303/115/973
f 303/115/974 1982/1645/974 304/118/974
f 304/118/975 1983/1646/975 260/1647/975
f 260/1647/976 1972/1631/976 293/102/976
f 293/102/977 1971/1600/977 292/103/977
f 292/103/978 1970/1599/978 259/104/978
f 259/104/979 303/115/979 260/1647/979
f 303/115/980 304/118/980 260/1647/980
f 260/1647/981 293/102/981 259/104/981
f 1972/1631/982 260/1647/982 294/105/982
f 260/1647/983 1983/1646/983 305/106/983
f 305/106/984 1984/1648/984 306/120/984
f 260/1647/985 305/106/985 294/105/985
f 1973/1632/986 294/105/986 295/107/986
f 1974/1635/987 295/107/987 261/1649/987
f 261/1649/988 306/120/988 1985/1650/988
f 305/106/41 306/120/41 295/107/41
f 295/107/989 306/120/989 261/1649/989
f 1974/1635/990 261/1649/990 296/1634/990
f 261/1649/991 1985/1650/991 307/122/991
f 307/122/992 1986/1651/992 308/108/992
f 261/1649/993 307/122/993 308/108/993
f 296/1634/994 261/1649/994 308/108/994
f 1975/1636/995 296/1634/995 297/1652/995
f 297/1652/996 296/1634/996 262/110/996
f 262/110/997 1976/1653/997 297/1652/997
f 262/110/994 296/1634/994 308/108/994
f 1966/1637/998 256/1633/998 288/1638/998
f 256/1633/999 1975/1636/999 297/1652/999
f 288/1638/1000 256/1633/1000 289/95/1000
f 297/1652/1001 1976/1653/1001 298/1654/1001
f 298/1654/1002 1977/1641/1002 252/99/1002
f 297/1652/1003 298/1654/1003 252/99/1003
f 256/1633/1004 297/1652/1004 252/99/1004
f 289/95/1005 256/1633/1005 252/99/1005
f 289/95/1006 1967/94/1006 288/1638/1006
f 2042/1655/1007 342/114/1007 384/144/1007
f 342/114/1008 2010/1644/1008 240/1656/1008
f 384/144/1009 342/114/1009 241/113/1009
f 240/1656/1010 1978/1643/1010 257/112/1010
f 257/112/1011 1989/1657/1011 311/126/1011
f 311/126/1012 1990/1658/1012 241/113/1012
f 241/113/1013 2011/1659/1013 384/144/1013
f 311/126/1014 241/113/1014 257/112/1014
f 240/1656/1015 257/112/1015 342/114/1015
f 265/117/1016 1993/1607/1016 315/408/1016
f 315/408/1017 1994/1660/1017 316/1661/1017
f 316/1661/1018 1995/1662/1018 266/1663/1018
f 266/1663/1019 1982/1645/1019 303/115/1019
f 303/115/1020 1981/1604/1020 302/116/1020
f 302/116/1021 1980/1603/1021 265/117/1021
f 265/117/1022 315/408/1022 303/115/1022
f 315/408/1023 316/1661/1023 266/1663/1023
f 303/115/1024 315/408/1024 266/1663/1024
f 266/1663/1025 1995/1662/1025 317/119/1025
f 317/119/1026 1996/1664/1026 318/428/1026
f 318/428/1027 1997/1665/1027 267/1666/1027
f 267/1666/1028 1984/1648/1028 305/106/1028
f 305/106/1029 1983/1646/1029 304/118/1029
f 304/118/1030 1982/1645/1030 266/1663/1030
f 266/1663/1031 317/119/1031 304/118/1031
f 317/119/1032 318/428/1032 305/106/1032
f 318/428/1033 267/1666/1033 305/106/1033
f 1984/1648/1034 267/1666/1034 306/120/1034
f 267/1666/1035 1997/1665/1035 319/427/1035
f 319/427/1036 1998/1667/1036 320/121/1036
f 267/1666/1037 319/427/1037 306/120/1037
f 1985/1650/1038 306/120/1038 307/122/1038
f 1986/1651/1039 307/122/1039 268/1668/1039
f 268/1668/1040 307/122/1040 320/121/1040
f 320/121/1041 1999/1669/1041 268/1668/1041
f 306/120/1042 319/427/1042 320/121/1042
f 1986/1651/1043 268/1668/1043 308/108/1043
f 268/1668/1044 1999/1669/1044 321/442/1044
f 321/442/1045 2000/1670/1045 322/124/1045
f 268/1668/1046 321/442/1046 322/124/1046
f 308/108/1047 268/1668/1047 322/124/1047
f 1987/109/1048 308/108/1048 309/1671/1048
f 1988/1672/1049 309/1671/1049 269/123/1049
f 269/123/1050 309/1671/1050 308/108/1050
f 322/124/1051 2001/1673/1051 269/123/1051
f 1976/1653/1052 262/110/1052 298/1654/1052
f 262/110/1053 1987/109/1053 309/1671/1053
f 298/1654/1054 262/110/1054 257/112/1054
f 309/1671/1055 1988/1672/1055 310/125/1055
f 310/125/1056 1989/1657/1056 257/112/1056
f 309/1671/1057 310/125/1057 262/110/1057
f 298/1654/1058 257/112/1058 299/1642/1058
f 299/1642/1059 1977/1641/1059 298/1654/1059
f 257/112/1060 1978/1643/1060 299/1642/1060
f 1988/1672/1061 269/123/1061 310/125/1061
f 269/123/1062 2001/1673/1062 323/449/1062
f 310/125/1063 269/123/1063 263/127/1063
f 323/449/1064 2002/1674/1064 324/468/1064
f 324/468/1065 2003/1675/1065 263/127/1065
f 323/449/1066 324/468/1066 269/123/1066
f 263/127/1063 269/123/1063 324/468/1063
f 311/126/1067 1989/1657/1067 310/125/1067
f 263/127/1068 1990/1658/1068 311/126/1068
f 2006/1580/1069 328/1610/1069 354/1578/1069
f 328/1610/1070 2014/1609/1070 357/135/1070
f 354/1578/1071 328/1610/1071 357/135/1071
f 357/135/1072 2015/1676/1072 358/130/1072
f 354/1578/1073 358/130/1073 355/129/1073
f 358/130/1074 2016/154/1074 327/128/1074
f 357/135/1073 358/130/1073 354/1578/1073
f 327/128/1075 2013/1677/1075 355/129/1075
f 355/129/1076 2012/1577/1076 354/1578/1076
f 2319/1678/1077 158/132/1077 200/131/1077
f 158/132/1078 2572/1679/1078 21/451/1078
f 25/59/1079 21/451/1079 2320/1557/1079
f 158/132/52 21/451/52 25/59/52
f 25/59/1080 1940/1562/1080 31/1680/1080
f 200/131/1081 31/1680/1081 2004/1681/1081
f 25/59/52 31/1680/52 200/131/52
f 2075/1682/1082 410/200/1082 438/194/1082
f 410/200/1083 2068/1683/1083 228/133/1083
f 228/133/1084 2005/1579/1084 326/134/1084
f 410/200/1085 228/133/1085 438/194/1085
f 2069/1684/1086 438/194/1086 229/1685/1086
f 2013/1677/1087 229/1685/1087 355/129/1087
f 355/129/1088 229/1685/1088 228/133/1088
f 2012/1577/1089 355/129/1089 326/134/1089
f 228/133/1090 229/1685/1090 438/194/1090
f 330/1616/1091 2018/1615/1091 361/1686/1091
f 361/1686/1092 2019/1687/1092 362/136/1092
f 362/136/1093 2020/1688/1093 331/1689/1093
f 331/1689/1094 2015/1676/1094 357/135/1094
f 357/135/1095 2014/1609/1095 356/83/1095
f 356/83/1096 2007/1612/1096 330/1616/1096
f 330/1616/1097 361/1686/1097 356/83/1097
f 361/1686/1098 362/136/1098 356/83/1098
f 362/136/1099 331/1689/1099 357/135/1099
f 333/137/1100 2024/1627/1100 367/1690/1100
f 367/1690/1101 2025/1691/1101 368/138/1101
f 368/138/1102 2026/1692/1102 334/1693/1102
f 334/1693/1103 2019/1687/1103 361/1686/1103
f 361/1686/1104 2018/1615/1104 360/86/1104
f 360/86/1105 2008/1618/1105 333/137/1105
f 333/137/1106 367/1690/1106 368/138/1106
f 368/138/1107 334/1693/1107 360/86/1107
f 334/1693/1108 361/1686/1108 360/86/1108
f 337/101/1109 2032/1639/1109 375/141/1109
f 375/141/1110 2033/1694/1110 376/166/1110
f 376/166/1111 2034/1695/1111 338/139/1111
f 338/139/1112 2025/1691/1112 367/1690/1112
f 367/1690/1113 2024/1627/1113 366/140/1113
f 366/140/1114 2009/1629/1114 337/101/1114
f 337/101/1115 375/141/1115 376/166/1115
f 376/166/1116 338/139/1116 337/101/1116
f 338/139/1117 367/1690/1117 366/140/1117
f 342/114/1118 2042/1655/1118 385/143/1118
f 385/143/1119 2043/1696/1119 386/181/1119
f 386/181/1120 2044/1697/1120 343/167/1120
f 343/167/1121 2033/1694/1121 375/141/1121
f 375/141/1122 2032/1639/1122 374/142/1122
f 374/142/1123 2010/1644/1123 342/114/1123
f 342/114/1124 385/143/1124 343/167/1124
f 385/143/1125 386/181/1125 343/167/1125
f 343/167/1126 375/141/1126 342/114/1126
f 348/145/1127 2054/1561/1127 397/57/1127
f 397/57/1128 2055/1560/1128 398/1698/1128
f 398/1698/1129 2056/1699/1129 349/182/1129
f 349/182/1130 2043/1696/1130 385/143/1130
f 385/143/1131 2042/1655/1131 384/144/1131
f 384/144/1132 2011/1659/1132 348/145/1132
f 348/145/1133 397/57/1133 349/182/1133
f 397/57/1134 398/1698/1134 349/182/1134
f 349/182/1133 385/143/1133 348/145/1133
f 2077/1700/1135 412/1701/1135 440/146/1135
f 412/1701/1136 2069/1684/1136 229/147/1136
f 229/147/1137 2013/1677/1137 327/128/1137
f 412/1701/1138 229/147/1138 440/146/1138
f 2070/1702/1139 440/146/1139 230/1703/1139
f 2017/1704/1140 230/1703/1140 359/148/1140
f 359/148/1141 230/1703/1141 440/146/1141
f 2016/154/1142 359/148/1142 327/128/1142
f 229/147/1143 327/128/1143 359/148/1143
f 2081/1705/1144 414/1706/1144 444/149/1144
f 414/1706/1145 2070/1702/1145 230/150/1145
f 230/150/1146 2017/1704/1146 329/1707/1146
f 414/1706/1147 230/150/1147 444/149/1147
f 2071/1708/1148 444/149/1148 231/1709/1148
f 2023/1710/1149 231/1709/1149 365/151/1149
f 365/151/1150 231/1709/1150 444/149/1150
f 2022/1711/1151 365/151/1151 329/1707/1151
f 230/150/1152 329/1707/1152 365/151/1152
f 334/1693/1153 2026/1692/1153 369/153/1153
f 369/153/1154 2027/1712/1154 370/1713/1154
f 370/1713/1155 2028/1714/1155 335/1715/1155
f 335/1715/1156 2021/1716/1156 363/152/1156
f 363/152/1157 2020/1688/1157 362/136/1157
f 362/136/1158 2019/1687/1158 334/1693/1158
f 334/1693/1159 369/153/1159 362/136/1159
f 369/153/61 370/1713/61 363/152/61
f 370/1713/1160 335/1715/1160 363/152/1160
f 2015/1676/1161 331/1689/1161 358/130/1161
f 331/1689/1162 2020/1688/1162 363/152/1162
f 363/152/1163 2021/1716/1163 364/1717/1163
f 364/1717/1164 2022/1711/1164 329/1707/1164
f 329/1707/1165 2017/1704/1165 359/148/1165
f 364/1717/1166 329/1707/1166 359/148/1166
f 363/152/1167 364/1717/1167 359/148/1167
f 331/1689/1168 363/152/1168 358/130/1168
f 358/130/1169 363/152/1169 359/148/1169
f 2087/1718/1170 417/156/1170 450/155/1170
f 417/156/1171 2071/1708/1171 231/1719/1171
f 231/1719/1172 2023/1710/1172 332/161/1172
f 417/156/1173 231/1719/1173 332/161/1173
f 2072/1720/1174 450/155/1174 232/1721/1174
f 232/1721/1175 450/155/1175 373/157/1175
f 373/157/1176 2031/174/1176 232/1721/1176
f 417/156/63 332/161/63 373/157/63
f 332/161/1177 2030/1722/1177 373/157/1177
f 338/139/1178 2034/1695/1178 377/165/1178
f 377/165/1179 2035/1723/1179 378/168/1179
f 378/168/1180 2036/1724/1180 339/158/1180
f 339/158/1181 2027/1712/1181 369/153/1181
f 369/153/1182 2026/1692/1182 368/138/1182
f 368/138/1183 2025/1691/1183 338/139/1183
f 338/139/1184 377/165/1184 378/168/1184
f 378/168/64 339/158/64 338/139/64
f 339/158/1185 369/153/1185 368/138/1185
f 2027/1712/1186 339/158/1186 370/1713/1186
f 339/158/1187 2036/1724/1187 379/170/1187
f 379/170/1188 2037/1725/1188 380/171/1188
f 380/171/1189 2038/1726/1189 340/160/1189
f 340/160/1190 2029/1727/1190 371/159/1190
f 380/171/1191 340/160/1191 379/170/1191
f 339/158/65 379/170/65 340/160/65
f 370/1713/1192 339/158/1192 371/159/1192
f 2028/1714/1193 370/1713/1193 371/159/1193
f 2021/1716/1194 335/1715/1194 364/1717/1194
f 335/1715/1195 2028/1714/1195 371/159/1195
f 371/159/1196 2029/1727/1196 372/1728/1196
f 372/1728/1197 2030/1722/1197 332/161/1197
f 332/161/1198 2023/1710/1198 365/151/1198
f 372/1728/1199 332/161/1199 371/159/1199
f 335/1715/1200 371/159/1200 365/151/1200
f 364/1717/1201 335/1715/1201 365/151/1201
f 365/151/1202 2022/1711/1202 364/1717/1202
f 2095/1729/1203 421/164/1203 458/209/1203
f 421/164/1204 2072/1720/1204 232/1730/1204
f 458/209/1205 421/164/1205 233/163/1205
f 232/1730/1206 2031/174/1206 336/162/1206
f 336/162/1207 2040/1731/1207 383/1732/1207
f 383/1732/1208 2041/1733/1208 233/163/1208
f 233/163/1209 2073/1734/1209 458/209/1209
f 383/1732/1210 233/163/1210 336/162/1210
f 232/1730/1211 336/162/1211 421/164/1211
f 343/167/1212 2044/1697/1212 387/180/1212
f 387/180/1213 2045/1735/1213 388/183/1213
f 388/183/1214 2046/1736/1214 344/1737/1214
f 344/1737/1215 2035/1723/1215 377/165/1215
f 377/165/1216 2034/1695/1216 376/166/1216
f 376/166/1217 2033/1694/1217 343/167/1217
f 343/167/1218 387/180/1218 344/1737/1218
f 387/180/1219 388/183/1219 344/1737/1219
f 344/1737/1218 377/165/1218 343/167/1218
f 2035/1723/1220 344/1737/1220 378/168/1220
f 344/1737/1221 2046/1736/1221 389/169/1221
f 389/169/1222 2047/1738/1222 390/185/1222
f 344/1737/1223 389/169/1223 378/168/1223
f 2036/1724/1224 378/168/1224 379/170/1224
f 2037/1725/1225 379/170/1225 345/172/1225
f 345/172/1226 390/185/1226 2048/1739/1226
f 389/169/69 390/185/69 379/170/69
f 379/170/1227 390/185/1227 345/172/1227
f 2037/1725/1228 345/172/1228 380/171/1228
f 345/172/1229 2048/1739/1229 391/187/1229
f 391/187/1230 2049/1740/1230 392/189/1230
f 345/172/1231 391/187/1231 392/189/1231
f 2038/1726/1232 380/171/1232 381/1741/1232
f 381/1741/1233 380/171/1233 346/173/1233
f 346/173/1234 2039/1742/1234 381/1741/1234
f 345/172/70 392/189/70 346/173/70
f 392/189/1235 2050/1743/1235 346/173/1235
f 2029/1727/1236 340/160/1236 372/1728/1236
f 340/160/1237 2038/1726/1237 381/1741/1237
f 372/1728/1238 340/160/1238 373/157/1238
f 381/1741/1239 2039/1742/1239 382/1744/1239
f 382/1744/1240 2040/1731/1240 336/162/1240
f 381/1741/1241 382/1744/1241 336/162/1241
f 340/160/1242 381/1741/1242 336/162/1242
f 373/157/1243 340/160/1243 336/162/1243
f 373/157/1244 2030/1722/1244 372/1728/1244
f 2105/1745/1245 426/177/1245 468/211/1245
f 426/177/1246 2073/1734/1246 233/1746/1246
f 468/211/1247 426/177/1247 234/176/1247
f 233/1746/1248 2041/1733/1248 341/175/1248
f 341/175/1249 2052/1747/1249 395/192/1249
f 395/192/1250 2053/1748/1250 234/176/1250
f 234/176/1251 2074/1749/1251 468/211/1251
f 395/192/1252 234/176/1252 341/175/1252
f 233/1746/1253 341/175/1253 426/177/1253
f 2054/1561/1254 348/145/1254 396/58/1254
f 348/145/1255 2011/1659/1255 241/178/1255
f 396/58/1256 348/145/1256 31/179/1256
f 241/178/1257 1990/1658/1257 263/127/1257
f 263/127/1258 2003/1675/1258 325/467/1258
f 325/467/1259 2004/1681/1259 31/179/1259
f 31/179/1260 1940/1562/1260 396/58/1260
f 325/467/1261 31/179/1261 263/127/1261
f 241/178/1262 263/127/1262 31/179/1262
f 349/182/1263 2056/1699/1263 399/474/1263
f 399/474/1264 2057/1750/1264 400/1751/1264
f 400/1751/1265 2058/1752/1265 350/1753/1265
f 350/1753/1266 2045/1735/1266 387/180/1266
f 387/180/1267 2044/1697/1267 386/181/1267
f 386/181/1268 2043/1696/1268 349/182/1268
f 349/182/1269 399/474/1269 387/180/1269
f 399/474/1270 400/1751/1270 350/1753/1270
f 387/180/1271 399/474/1271 350/1753/1271
f 350/1753/1272 2058/1752/1272 401/184/1272
f 401/184/1273 2059/1754/1273 402/493/1273
f 402/493/1274 2060/1755/1274 351/1756/1274
f 351/1756/1275 2047/1738/1275 389/169/1275
f 389/169/1276 2046/1736/1276 388/183/1276
f 388/183/1277 2045/1735/1277 350/1753/1277
f 350/1753/1278 401/184/1278 388/183/1278
f 401/184/1279 402/493/1279 389/169/1279
f 402/493/1280 351/1756/1280 389/169/1280
f 2047/1738/1281 351/1756/1281 390/185/1281
f 351/1756/1282 2060/1755/1282 403/492/1282
f 403/492/1283 2061/1757/1283 404/186/1283
f 351/1756/1284 403/492/1284 390/185/1284
f 2048/1739/1285 390/185/1285 391/187/1285
f 2049/1740/1286 391/187/1286 352/1758/1286
f 352/1758/1287 391/187/1287 404/186/1287
f 404/186/1288 2062/1759/1288 352/1758/1288
f 390/185/1289 403/492/1289 404/186/1289
f 2049/1740/1290 352/1758/1290 392/189/1290
f 352/1758/1291 2062/1759/1291 405/507/1291
f 405/507/1292 2063/1760/1292 406/190/1292
f 352/1758/1293 405/507/1293 406/190/1293
f 392/189/1294 352/1758/1294 406/190/1294
f 2050/1743/1295 392/189/1295 393/1761/1295
f 2051/1762/1296 393/1761/1296 353/188/1296
f 353/188/1297 393/1761/1297 392/189/1297
f 406/190/1298 2064/1763/1298 353/188/1298
f 2039/1742/1299 346/173/1299 382/1744/1299
f 346/173/1300 2050/1743/1300 393/1761/1300
f 382/1744/1301 346/173/1301 341/175/1301
f 393/1761/1302 2051/1762/1302 394/191/1302
f 394/191/1303 2052/1747/1303 341/175/1303
f 393/1761/1304 394/191/1304 346/173/1304
f 382/1744/1305 341/175/1305 383/1732/1305
f 383/1732/1306 2040/1731/1306 382/1744/1306
f 341/175/1307 2041/1733/1307 383/1732/1307
f 1943/1574/1308 244/1764/1308 270/63/1308
f 244/1764/1309 1951/1590/1309 273/68/1309
f 270/63/1310 244/1764/1310 273/68/1310
f 273/68/1311 1952/1589/1311 274/92/1311
f 274/92/1312 1953/91/1312 243/1611/1312
f 243/1611/1313 1950/1582/1313 271/67/1313
f 271/67/1314 1949/1575/1314 270/63/1314
f 243/1611/1315 271/67/1315 274/92/1315
f 273/68/79 274/92/79 270/63/79
f 2051/1762/1316 353/188/1316 394/191/1316
f 353/188/1317 2064/1763/1317 407/514/1317
f 394/191/1318 353/188/1318 347/193/1318
f 407/514/1319 2065/1765/1319 408/536/1319
f 408/536/1320 2066/1766/1320 347/193/1320
f 407/514/1321 408/536/1321 353/188/1321
f 347/193/1318 353/188/1318 408/536/1318
f 395/192/1322 2052/1747/1322 394/191/1322
f 347/193/1323 2053/1748/1323 395/192/1323
f 2069/1684/1324 412/1701/1324 438/194/1324
f 412/1701/1325 2077/1700/1325 441/204/1325
f 438/194/1326 412/1701/1326 441/204/1326
f 441/204/1327 2078/1767/1327 442/195/1327
f 442/195/1328 2079/221/1328 411/1768/1328
f 411/1768/1329 2076/1769/1329 439/196/1329
f 439/196/1330 2075/1682/1330 438/194/1330
f 411/1768/1331 439/196/1331 442/195/1331
f 441/204/81 442/195/81 438/194/81
f 1/51/1332 30/1770/1332 2067/197/1332
f 2138/1771/1333 494/265/1333 522/259/1333
f 494/265/1334 2131/1772/1334 221/199/1334
f 221/199/1335 2068/1683/1335 410/200/1335
f 494/265/1336 221/199/1336 522/259/1336
f 2132/1773/1337 522/259/1337 222/1774/1337
f 2076/1769/1338 222/1774/1338 439/196/1338
f 439/196/1339 222/1774/1339 221/199/1339
f 2075/1682/1340 439/196/1340 410/200/1340
f 221/199/1341 222/1774/1341 522/259/1341
f 2131/1772/1342 207/202/1342 221/201/1342
f 207/202/1343 2194/1569/1343 28/1775/1343
f 235/203/1344 28/1775/1344 1942/1576/1344
f 207/202/84 28/1775/84 235/203/84
f 235/203/1345 2005/1579/1345 228/1776/1345
f 221/201/1346 228/1776/1346 2068/1683/1346
f 235/203/84 228/1776/84 221/201/84
f 414/1706/1347 2081/1705/1347 445/1777/1347
f 445/1777/1348 2082/1778/1348 446/205/1348
f 446/205/1349 2083/1779/1349 415/1780/1349
f 415/1780/1350 2078/1767/1350 441/204/1350
f 441/204/1351 2077/1700/1351 440/146/1351
f 440/146/1352 2070/1702/1352 414/1706/1352
f 414/1706/1353 445/1777/1353 440/146/1353
f 445/1777/1354 446/205/1354 440/146/1354
f 446/205/1355 415/1780/1355 441/204/1355
f 417/156/1356 2087/1718/1356 451/1781/1356
f 451/1781/1357 2088/1782/1357 452/206/1357
f 452/206/1358 2089/1783/1358 418/1784/1358
f 418/1784/1359 2082/1778/1359 445/1777/1359
f 445/1777/1360 2081/1705/1360 444/149/1360
f 444/149/1361 2071/1708/1361 417/156/1361
f 417/156/1362 451/1781/1362 452/206/1362
f 452/206/1363 418/1784/1363 444/149/1363
f 418/1784/1364 445/1777/1364 444/149/1364
f 421/164/1365 2095/1729/1365 459/208/1365
f 459/208/1366 2096/1785/1366 460/232/1366
f 460/232/1367 2097/1786/1367 422/207/1367
f 422/207/1368 2088/1782/1368 451/1781/1368
f 451/1781/1369 2087/1718/1369 450/155/1369
f 450/155/1370 2072/1720/1370 421/164/1370
f 421/164/1371 459/208/1371 460/232/1371
f 460/232/1372 422/207/1372 421/164/1372
f 422/207/1373 451/1781/1373 450/155/1373
f 426/177/1374 2105/1745/1374 469/210/1374
f 469/210/1375 2106/1787/1375 470/246/1375
f 470/246/1376 2107/1788/1376 427/233/1376
f 427/233/1377 2096/1785/1377 459/208/1377
f 459/208/1378 2095/1729/1378 458/209/1378
f 458/209/1379 2073/1734/1379 426/177/1379
f 426/177/1380 469/210/1380 427/233/1380
f 469/210/1381 470/246/1381 427/233/1381
f 427/233/1382 459/208/1382 426/177/1382
f 432/212/1383 2117/1556/1383 481/54/1383
f 481/54/1384 2118/1555/1384 482/1789/1384
f 482/1789/1385 2119/1790/1385 433/247/1385
f 433/247/1386 2106/1787/1386 469/210/1386
f 469/210/1387 2105/1745/1387 468/211/1387
f 468/211/1388 2074/1749/1388 432/212/1388
f 432/212/1389 481/54/1389 433/247/1389
f 481/54/1390 482/1789/1390 433/247/1390
f 433/247/1389 469/210/1389 432/212/1389
f 2140/1791/1391 496/1792/1391 524/213/1391
f 496/1792/1392 2132/1773/1392 222/214/1392
f 222/214/1393 2076/1769/1393 411/1768/1393
f 496/1792/1394 222/214/1394 524/213/1394
f 2133/1793/1395 524/213/1395 223/1794/1395
f 2080/1795/1396 223/1794/1396 443/215/1396
f 443/215/1397 223/1794/1397 524/213/1397
f 2079/221/1398 443/215/1398 411/1768/1398
f 222/214/1399 411/1768/1399 443/215/1399
f 2144/1796/1400 498/1797/1400 528/216/1400
f 498/1797/1401 2133/1793/1401 223/217/1401
f 223/217/1402 2080/1795/1402 413/1798/1402
f 498/1797/1403 223/217/1403 528/216/1403
f 2134/1799/1404 528/216/1404 224/1800/1404
f 2086/1801/1405 224/1800/1405 449/218/1405
f 449/218/1406 224/1800/1406 528/216/1406
f 2085/1802/1407 449/218/1407 413/1798/1407
f 223/217/1408 413/1798/1408 449/218/1408
f 418/1784/1409 2089/1783/1409 453/220/1409
f 453/220/1410 2090/1803/1410 454/226/1410
f 454/226/1411 2091/1804/1411 419/1805/1411
f 419/1805/1412 2084/1806/1412 447/219/1412
f 447/219/1413 2083/1779/1413 446/205/1413
f 446/205/1414 2082/1778/1414 418/1784/1414
f 418/1784/1415 453/220/1415 446/205/1415
f 453/220/92 454/226/92 447/219/92
f 454/226/1416 419/1805/1416 447/219/1416
f 2078/1767/1417 415/1780/1417 442/195/1417
f 415/1780/1418 2083/1779/1418 447/219/1418
f 447/219/1419 2084/1806/1419 448/1807/1419
f 448/1807/1420 2085/1802/1420 413/1798/1420
f 413/1798/1421 2080/1795/1421 443/215/1421
f 448/1807/1422 413/1798/1422 443/215/1422
f 447/219/1423 448/1807/1423 443/215/1423
f 415/1780/1424 447/219/1424 442/195/1424
f 442/195/1425 447/219/1425 443/215/1425
f 2150/1808/1426 501/268/1426 534/271/1426
f 501/268/1427 2134/1799/1427 224/1809/1427
f 224/1809/1428 2086/1801/1428 416/222/1428
f 501/268/1429 224/1809/1429 416/222/1429
f 534/271/1430 501/268/1430 416/222/1430
f 2135/1810/1431 534/271/1431 225/1811/1431
f 225/1811/1432 534/271/1432 457/224/1432
f 457/224/1433 2094/240/1433 225/1811/1433
f 457/224/1430 534/271/1430 416/222/1430
f 422/207/1434 2097/1786/1434 461/231/1434
f 461/231/1435 2098/1812/1435 462/234/1435
f 462/234/1436 2099/1813/1436 423/225/1436
f 423/225/1437 2090/1803/1437 453/220/1437
f 453/220/1438 2089/1783/1438 452/206/1438
f 452/206/1439 2088/1782/1439 422/207/1439
f 422/207/1440 461/231/1440 462/234/1440
f 462/234/95 423/225/95 422/207/95
f 423/225/1441 453/220/1441 452/206/1441
f 2090/1803/1442 423/225/1442 454/226/1442
f 423/225/1443 2099/1813/1443 463/236/1443
f 424/1814/1444 463/236/1444 464/237/1444
f 463/236/1445 2100/1815/1445 464/237/1445
f 423/225/1446 463/236/1446 424/1814/1446
f 464/237/1447 2101/1816/1447 424/1814/1447
f 424/1814/1448 2092/1817/1448 455/227/1448
f 2091/1804/1449 454/226/1449 455/227/1449
f 455/227/1446 423/225/1446 424/1814/1446
f 2084/1806/1450 419/1805/1450 448/1807/1450
f 419/1805/1451 2091/1804/1451 455/227/1451
f 455/227/1452 2092/1817/1452 456/1818/1452
f 456/1818/1453 2093/223/1453 416/222/1453
f 416/222/1454 2086/1801/1454 449/218/1454
f 456/1818/1455 416/222/1455 455/227/1455
f 419/1805/1456 455/227/1456 449/218/1456
f 448/1807/1457 419/1805/1457 449/218/1457
f 449/218/1458 2085/1802/1458 448/1807/1458
f 2158/1819/1459 505/230/1459 542/273/1459
f 505/230/1460 2135/1810/1460 225/1820/1460
f 542/273/1461 505/230/1461 226/229/1461
f 225/1820/1462 2094/240/1462 420/228/1462
f 420/228/1463 2103/1821/1463 467/1822/1463
f 467/1822/1464 2104/1823/1464 226/229/1464
f 226/229/1465 2136/1824/1465 542/273/1465
f 467/1822/1466 226/229/1466 420/228/1466
f 225/1820/1467 420/228/1467 505/230/1467
f 427/233/1468 2107/1788/1468 471/245/1468
f 471/245/1469 2108/1825/1469 472/248/1469
f 472/248/1470 2109/1826/1470 428/1827/1470
f 428/1827/1471 2098/1812/1471 461/231/1471
f 461/231/1472 2097/1786/1472 460/232/1472
f 460/232/1473 2096/1785/1473 427/233/1473
f 427/233/1474 471/245/1474 428/1827/1474
f 471/245/1475 472/248/1475 428/1827/1475
f 428/1827/1474 461/231/1474 427/233/1474
f 2098/1812/1476 428/1827/1476 462/234/1476
f 428/1827/1477 2109/1826/1477 473/235/1477
f 473/235/1478 2110/1828/1478 474/250/1478
f 428/1827/1479 473/235/1479 462/234/1479
f 2099/1813/1480 462/234/1480 463/236/1480
f 2100/1815/1481 463/236/1481 429/238/1481
f 429/238/1482 474/250/1482 2111/1829/1482
f 473/235/100 474/250/100 463/236/100
f 463/236/1483 474/250/1483 429/238/1483
f 2100/1815/1484 429/238/1484 464/237/1484
f 429/238/1485 2111/1829/1485 475/252/1485
f 475/252/1486 2112/1830/1486 476/254/1486
f 429/238/1487 475/252/1487 476/254/1487
f 2101/1816/1488 464/237/1488 465/1831/1488
f 465/1831/1489 464/237/1489 430/239/1489
f 430/239/1490 2102/1832/1490 465/1831/1490
f 429/238/101 476/254/101 430/239/101
f 476/254/1491 2113/1833/1491 430/239/1491
f 2092/1817/1492 424/1814/1492 456/1818/1492
f 424/1814/1493 2101/1816/1493 465/1831/1493
f 456/1818/1494 424/1814/1494 457/224/1494
f 465/1831/1495 2102/1832/1495 466/1834/1495
f 466/1834/1496 2103/1821/1496 420/228/1496
f 465/1831/1497 466/1834/1497 420/228/1497
f 424/1814/1498 465/1831/1498 420/228/1498
f 457/224/1499 424/1814/1499 420/228/1499
f 457/224/1500 2093/223/1500 456/1818/1500
f 2168/1835/1501 510/243/1501 552/275/1501
f 510/243/1502 2136/1824/1502 226/1836/1502
f 552/275/1503 510/243/1503 227/242/1503
f 226/1836/1504 2104/1823/1504 425/241/1504
f 425/241/1505 2115/1837/1505 479/257/1505
f 479/257/1506 2116/1838/1506 227/242/1506
f 227/242/1507 2137/1839/1507 552/275/1507
f 479/257/1508 227/242/1508 425/241/1508
f 226/1836/1509 425/241/1509 510/243/1509
f 2117/1556/1510 432/212/1510 480/55/1510
f 432/212/1511 2074/1749/1511 234/244/1511
f 480/55/1512 432/212/1512 30/53/1512
f 234/244/1513 2053/1748/1513 347/193/1513
f 347/193/1514 2066/1766/1514 409/535/1514
f 409/535/1515 2067/197/1515 30/53/1515
f 30/53/1516 1939/52/1516 480/55/1516
f 409/535/1517 30/53/1517 347/193/1517
f 234/244/1518 347/193/1518 30/53/1518
f 433/247/1519 2119/1790/1519 483/542/1519
f 483/542/1520 2120/1840/1520 484/1841/1520
f 484/1841/1521 2121/1842/1521 434/1843/1521
f 434/1843/1522 2108/1825/1522 471/245/1522
f 471/245/1523 2107/1788/1523 470/246/1523
f 470/246/1524 2106/1787/1524 433/247/1524
f 433/247/1525 483/542/1525 471/245/1525
f 483/542/1526 484/1841/1526 434/1843/1526
f 471/245/1527 483/542/1527 434/1843/1527
f 434/1843/1528 2121/1842/1528 485/249/1528
f 485/249/1529 2122/1844/1529 486/562/1529
f 486/562/1530 2123/1845/1530 435/1846/1530
f 435/1846/1531 2110/1828/1531 473/235/1531
f 473/235/1532 2109/1826/1532 472/248/1532
f 472/248/1533 2108/1825/1533 434/1843/1533
f 434/1843/1534 485/249/1534 472/248/1534
f 485/249/1535 486/562/1535 473/235/1535
f 486/562/1536 435/1846/1536 473/235/1536
f 2110/1828/1537 435/1846/1537 474/250/1537
f 435/1846/1538 2123/1845/1538 487/561/1538
f 487/561/1539 2124/1847/1539 488/251/1539
f 435/1846/1540 487/561/1540 474/250/1540
f 2111/1829/1541 474/250/1541 475/252/1541
f 2112/1830/1542 475/252/1542 436/1848/1542
f 436/1848/1543 475/252/1543 488/251/1543
f 488/251/1544 2125/1849/1544 436/1848/1544
f 474/250/1545 487/561/1545 488/251/1545
f 2112/1830/1546 436/1848/1546 476/254/1546
f 436/1848/1547 2125/1849/1547 489/576/1547
f 489/576/1548 2126/1850/1548 490/255/1548
f 436/1848/1549 489/576/1549 490/255/1549
f 476/254/1550 436/1848/1550 490/255/1550
f 2113/1833/1551 476/254/1551 477/1851/1551
f 2114/1852/1552 477/1851/1552 437/253/1552
f 437/253/1553 477/1851/1553 476/254/1553
f 490/255/1554 2127/1853/1554 437/253/1554
f 2102/1832/1555 430/239/1555 466/1834/1555
f 430/239/1556 2113/1833/1556 477/1851/1556
f 466/1834/1557 430/239/1557 425/241/1557
f 477/1851/1558 2114/1852/1558 478/256/1558
f 478/256/1559 2115/1837/1559 425/241/1559
f 477/1851/1560 478/256/1560 430/239/1560
f 466/1834/1561 425/241/1561 467/1822/1561
f 467/1822/1562 2103/1821/1562 466/1834/1562
f 425/241/1563 2104/1823/1563 467/1822/1563
f 2114/1852/1564 437/253/1564 478/256/1564
f 437/253/1565 2127/1853/1565 491/583/1565
f 478/256/1566 437/253/1566 431/258/1566
f 491/583/1567 2128/1854/1567 492/602/1567
f 492/602/1568 2129/1855/1568 431/258/1568
f 491/583/1569 492/602/1569 437/253/1569
f 431/258/1566 437/253/1566 492/602/1566
f 479/257/1570 2115/1837/1570 478/256/1570
f 431/258/1571 2116/1838/1571 479/257/1571
f 2132/1773/1572 496/1792/1572 522/259/1572
f 496/1792/1573 2140/1791/1573 525/266/1573
f 522/259/1574 496/1792/1574 525/266/1574
f 525/266/1575 2141/1856/1575 526/260/1575
f 526/260/1576 2142/285/1576 495/1857/1576
f 495/1857/1577 2139/1858/1577 523/261/1577
f 523/261/1578 2138/1771/1578 522/259/1578
f 495/1857/1579 523/261/1579 526/260/1579
f 525/266/111 526/260/111 522/259/111
f 2445/1859/1580 130/941/1580 186/262/1580
f 130/941/1581 2698/1860/1581 17/263/1581
f 17/263/1582 2446/1547/1582 23/50/1582
f 23/50/1583 1938/1552/1583 29/1861/1583
f 186/262/1584 29/1861/1584 2130/1862/1584
f 23/50/112 29/1861/112 186/262/112
f 130/941/112 17/263/112 186/262/112
f 2201/1571/1585 578/1570/1585 606/1863/1585
f 578/1570/1586 2194/1569/1586 207/264/1586
f 207/264/1587 2131/1772/1587 494/265/1587
f 578/1570/1588 207/264/1588 606/1863/1588
f 2195/1864/1589 606/1863/1589 208/1865/1589
f 2139/1858/1590 208/1865/1590 523/261/1590
f 523/261/1591 208/1865/1591 207/264/1591
f 2138/1771/1592 523/261/1592 494/265/1592
f 207/264/1593 208/1865/1593 606/1863/1593
f 498/1797/1594 2144/1796/1594 529/1866/1594
f 529/1866/1595 2145/1867/1595 530/267/1595
f 530/267/1596 2146/1868/1596 499/1869/1596
f 499/1869/1597 2141/1856/1597 525/266/1597
f 525/266/1598 2140/1791/1598 524/213/1598
f 524/213/1599 2133/1793/1599 498/1797/1599
f 498/1797/1600 529/1866/1600 524/213/1600
f 529/1866/1601 530/267/1601 524/213/1601
f 530/267/1602 499/1869/1602 525/266/1602
f 501/268/1603 2150/1808/1603 535/1870/1603
f 535/1870/1604 2151/1871/1604 536/269/1604
f 536/269/1605 2152/1872/1605 502/1873/1605
f 502/1873/1606 2145/1867/1606 529/1866/1606
f 529/1866/1607 2144/1796/1607 528/216/1607
f 528/216/1608 2134/1799/1608 501/268/1608
f 501/268/1609 535/1870/1609 536/269/1609
f 536/269/1610 502/1873/1610 528/216/1610
f 502/1873/1611 529/1866/1611 528/216/1611
f 505/230/1612 2158/1819/1612 543/272/1612
f 543/272/1613 2159/1874/1613 544/296/1613
f 544/296/1614 2160/1875/1614 506/270/1614
f 506/270/1615 2151/1871/1615 535/1870/1615
f 535/1870/1616 2150/1808/1616 534/271/1616
f 534/271/1617 2135/1810/1617 505/230/1617
f 505/230/1618 543/272/1618 544/296/1618
f 544/296/1619 506/270/1619 505/230/1619
f 506/270/1620 535/1870/1620 534/271/1620
f 510/243/1621 2168/1835/1621 553/274/1621
f 553/274/1622 2169/1876/1622 554/311/1622
f 554/311/1623 2170/1877/1623 511/297/1623
f 511/297/1624 2159/1874/1624 543/272/1624
f 543/272/1625 2158/1819/1625 542/273/1625
f 542/273/1626 2136/1824/1626 510/243/1626
f 510/243/1627 553/274/1627 511/297/1627
f 553/274/1628 554/311/1628 511/297/1628
f 511/297/1629 543/272/1629 510/243/1629
f 516/276/1630 2180/1551/1630 565/48/1630
f 565/48/1631 2181/1550/1631 566/1878/1631
f 566/1878/1632 2182/1879/1632 517/312/1632
f 517/312/1633 2169/1876/1633 553/274/1633
f 553/274/1634 2168/1835/1634 552/275/1634
f 552/275/1635 2137/1839/1635 516/276/1635
f 516/276/1636 565/48/1636 517/312/1636
f 565/48/1637 566/1878/1637 517/312/1637
f 517/312/1636 553/274/1636 516/276/1636
f 2203/1880/1638 580/1881/1638 608/277/1638
f 580/1881/1639 2195/1864/1639 208/278/1639
f 208/278/1640 2139/1858/1640 495/1857/1640
f 580/1881/1641 208/278/1641 608/277/1641
f 2196/1882/1642 608/277/1642 209/1883/1642
f 2143/1884/1643 209/1883/1643 527/279/1643
f 527/279/1644 209/1883/1644 608/277/1644
f 2142/285/1645 527/279/1645 495/1857/1645
f 208/278/1646 495/1857/1646 527/279/1646
f 2207/1885/1647 582/1886/1647 612/280/1647
f 582/1886/1648 2196/1882/1648 209/281/1648
f 209/281/1649 2143/1884/1649 497/1887/1649
f 582/1886/1650 209/281/1650 612/280/1650
f 2197/1888/1651 612/280/1651 210/1889/1651
f 2149/1890/1652 210/1889/1652 533/282/1652
f 533/282/1653 210/1889/1653 612/280/1653
f 2148/1891/1654 533/282/1654 497/1887/1654
f 209/281/1655 497/1887/1655 533/282/1655
f 502/1873/1656 2152/1872/1656 537/284/1656
f 537/284/1657 2153/1892/1657 538/290/1657
f 538/290/1658 2154/1893/1658 503/1894/1658
f 503/1894/1659 2147/1895/1659 531/283/1659
f 531/283/1660 2146/1868/1660 530/267/1660
f 530/267/1661 2145/1867/1661 502/1873/1661
f 502/1873/1662 537/284/1662 530/267/1662
f 537/284/121 538/290/121 531/283/121
f 538/290/1663 503/1894/1663 531/283/1663
f 2141/1856/1664 499/1869/1664 526/260/1664
f 499/1869/1665 2146/1868/1665 531/283/1665
f 531/283/1666 2147/1895/1666 532/1896/1666
f 532/1896/1667 2148/1891/1667 497/1887/1667
f 497/1887/1668 2143/1884/1668 527/279/1668
f 532/1896/1669 497/1887/1669 527/279/1669
f 531/283/1670 532/1896/1670 527/279/1670
f 499/1869/1671 531/283/1671 526/260/1671
f 526/260/1672 531/283/1672 527/279/1672
f 2213/1897/1673 585/331/1673 618/334/1673
f 585/331/1674 2197/1888/1674 210/1898/1674
f 210/1898/1675 2149/1890/1675 500/286/1675
f 585/331/1676 210/1898/1676 500/286/1676
f 618/334/1677 585/331/1677 500/286/1677
f 2198/1899/1678 618/334/1678 211/1900/1678
f 211/1900/1679 618/334/1679 541/288/1679
f 541/288/1680 2157/304/1680 211/1900/1680
f 541/288/1677 618/334/1677 500/286/1677
f 506/270/1681 2160/1875/1681 545/295/1681
f 545/295/1682 2161/1901/1682 546/298/1682
f 546/298/1683 2162/1902/1683 507/289/1683
f 507/289/1684 2153/1892/1684 537/284/1684
f 537/284/1685 2152/1872/1685 536/269/1685
f 536/269/1686 2151/1871/1686 506/270/1686
f 506/270/1687 545/295/1687 546/298/1687
f 546/298/124 507/289/124 506/270/124
f 507/289/1688 537/284/1688 536/269/1688
f 2153/1892/1689 507/289/1689 538/290/1689
f 507/289/1690 2162/1902/1690 547/300/1690
f 508/1903/1691 547/300/1691 548/301/1691
f 547/300/1692 2163/1904/1692 548/301/1692
f 507/289/1693 547/300/1693 508/1903/1693
f 548/301/1694 2164/1905/1694 508/1903/1694
f 508/1903/1695 2155/1906/1695 539/291/1695
f 2154/1893/1696 538/290/1696 539/291/1696
f 539/291/1693 507/289/1693 508/1903/1693
f 2147/1895/1697 503/1894/1697 532/1896/1697
f 503/1894/1698 2154/1893/1698 539/291/1698
f 539/291/1699 2155/1906/1699 540/1907/1699
f 540/1907/1700 2156/287/1700 500/286/1700
f 500/286/1701 2149/1890/1701 533/282/1701
f 540/1907/1702 500/286/1702 539/291/1702
f 503/1894/1703 539/291/1703 533/282/1703
f 532/1896/1704 503/1894/1704 533/282/1704
f 533/282/1705 2148/1891/1705 532/1896/1705
f 2221/1908/1706 589/294/1706 626/336/1706
f 589/294/1707 2198/1899/1707 211/1909/1707
f 626/336/1708 589/294/1708 212/293/1708
f 211/1909/1709 2157/304/1709 504/292/1709
f 504/292/1710 2166/1910/1710 551/1911/1710
f 551/1911/1711 2167/1912/1711 212/293/1711
f 212/293/1712 2199/1913/1712 626/336/1712
f 551/1911/1713 212/293/1713 504/292/1713
f 211/1909/1714 504/292/1714 589/294/1714
f 511/297/1715 2170/1877/1715 555/310/1715
f 555/310/1716 2171/1914/1716 556/313/1716
f 556/313/1717 2172/1915/1717 512/1916/1717
f 512/1916/1718 2161/1901/1718 545/295/1718
f 545/295/1719 2160/1875/1719 544/296/1719
f 544/296/1720 2159/1874/1720 511/297/1720
f 511/297/1721 555/310/1721 512/1916/1721
f 555/310/1722 556/313/1722 512/1916/1722
f 512/1916/1721 545/295/1721 511/297/1721
f 2161/1901/1723 512/1916/1723 546/298/1723
f 512/1916/1724 2172/1915/1724 557/299/1724
f 557/299/1725 2173/1917/1725 558/315/1725
f 512/1916/1726 557/299/1726 546/298/1726
f 2162/1902/1727 546/298/1727 547/300/1727
f 2163/1904/1728 547/300/1728 513/302/1728
f 513/302/1729 558/315/1729 2174/1918/1729
f 557/299/129 558/315/129 547/300/129
f 547/300/1730 558/315/1730 513/302/1730
f 2163/1904/1731 513/302/1731 548/301/1731
f 513/302/1732 2174/1918/1732 559/317/1732
f 559/317/1733 2175/1919/1733 560/319/1733
f 513/302/1734 559/317/1734 560/319/1734
f 2164/1905/1735 548/301/1735 549/1920/1735
f 549/1920/1736 548/301/1736 514/303/1736
f 514/303/1737 2165/1921/1737 549/1920/1737
f 513/302/130 560/319/130 514/303/130
f 560/319/1738 2176/1922/1738 514/303/1738
f 2155/1906/1739 508/1903/1739 540/1907/1739
f 508/1903/1740 2164/1905/1740 549/1920/1740
f 540/1907/1741 508/1903/1741 541/288/1741
f 549/1920/1742 2165/1921/1742 550/1923/1742
f 550/1923/1743 2166/1910/1743 504/292/1743
f 549/1920/1744 550/1923/1744 504/292/1744
f 508/1903/1745 549/1920/1745 504/292/1745
f 541/288/1746 508/1903/1746 504/292/1746
f 541/288/1747 2156/287/1747 540/1907/1747
f 2231/1924/1748 594/307/1748 636/338/1748
f 594/307/1749 2199/1913/1749 212/1925/1749
f 636/338/1750 594/307/1750 213/306/1750
f 212/1925/1751 2167/1912/1751 509/305/1751
f 509/305/1752 2178/1926/1752 563/322/1752
f 563/322/1753 2179/1927/1753 213/306/1753
f 213/306/1754 2200/1928/1754 636/338/1754
f 563/322/1755 213/306/1755 509/305/1755
f 212/1925/1756 509/305/1756 594/307/1756
f 2180/1551/1757 516/276/1757 564/49/1757
f 516/276/1758 2137/1839/1758 227/308/1758
f 564/49/1759 516/276/1759 29/309/1759
f 227/308/1760 2116/1838/1760 431/258/1760
f 431/258/1761 2129/1855/1761 493/601/1761
f 493/601/1762 2130/1862/1762 29/309/1762
f 29/309/1763 1938/1552/1763 564/49/1763
f 493/601/1764 29/309/1764 431/258/1764
f 227/308/1765 431/258/1765 29/309/1765
f 517/312/1766 2182/1879/1766 567/608/1766
f 567/608/1767 2183/1929/1767 568/1930/1767
f 568/1930/1768 2184/1931/1768 518/1932/1768
f 518/1932/1769 2171/1914/1769 555/310/1769
f 555/310/1770 2170/1877/1770 554/311/1770
f 554/311/1771 2169/1876/1771 517/312/1771
f 517/312/1772 567/608/1772 555/310/1772
f 567/608/1773 568/1930/1773 518/1932/1773
f 555/310/1774 567/608/1774 518/1932/1774
f 518/1932/1775 2184/1931/1775 569/314/1775
f 569/314/1776 2185/1933/1776 570/628/1776
f 570/628/1777 2186/1934/1777 519/1935/1777
f 519/1935/1778 2173/1917/1778 557/299/1778
f 557/299/1779 2172/1915/1779 556/313/1779
f 556/313/1780 2171/1914/1780 518/1932/1780
f 518/1932/1781 569/314/1781 556/313/1781
f 569/314/1782 570/628/1782 557/299/1782
f 570/628/1783 519/1935/1783 557/299/1783
f 2173/1917/1784 519/1935/1784 558/315/1784
f 519/1935/1785 2186/1934/1785 571/627/1785
f 571/627/1786 2187/1936/1786 572/316/1786
f 519/1935/1787 571/627/1787 558/315/1787
f 2174/1918/1788 558/315/1788 559/317/1788
f 2175/1919/1789 559/317/1789 520/1937/1789
f 520/1937/1790 559/317/1790 572/316/1790
f 572/316/1791 2188/1938/1791 520/1937/1791
f 558/315/1792 571/627/1792 572/316/1792
f 2175/1919/1793 520/1937/1793 560/319/1793
f 520/1937/1794 2188/1938/1794 573/642/1794
f 573/642/1795 2189/1939/1795 574/320/1795
f 520/1937/1796 573/642/1796 574/320/1796
f 560/319/1797 520/1937/1797 574/320/1797
f 2176/1922/1798 560/319/1798 561/1940/1798
f 2177/1941/1799 561/1940/1799 521/318/1799
f 521/318/1800 561/1940/1800 560/319/1800
f 574/320/1801 2190/1942/1801 521/318/1801
f 2165/1921/1802 514/303/1802 550/1923/1802
f 514/303/1803 2176/1922/1803 561/1940/1803
f 550/1923/1804 514/303/1804 509/305/1804
f 561/1940/1805 2177/1941/1805 562/321/1805
f 562/321/1806 2178/1926/1806 509/305/1806
f 561/1940/1807 562/321/1807 514/303/1807
f 550/1923/1808 509/305/1808 551/1911/1808
f 551/1911/1809 2166/1910/1809 550/1923/1809
f 509/305/1810 2167/1912/1810 551/1911/1810
f 2177/1941/1811 521/318/1811 562/321/1811
f 521/318/1812 2190/1942/1812 575/649/1812
f 562/321/1813 521/318/1813 515/323/1813
f 575/649/1814 2191/1943/1814 576/667/1814
f 576/667/1815 2192/1944/1815 515/323/1815
f 575/649/1816 576/667/1816 521/318/1816
f 515/323/1813 521/318/1813 576/667/1813
f 563/322/1817 2178/1926/1817 562/321/1817
f 515/323/1818 2179/1927/1818 563/322/1818
f 2195/1864/1819 580/1881/1819 606/1863/1819
f 580/1881/1820 2203/1880/1820 609/329/1820
f 606/1863/1821 580/1881/1821 609/329/1821
f 609/329/1822 2204/1945/1822 610/326/1822
f 606/1863/1823 610/326/1823 607/325/1823
f 610/326/1824 2205/343/1824 579/324/1824
f 609/329/1823 610/326/1823 606/1863/1823
f 579/324/1825 2202/1572/1825 607/325/1825
f 607/325/1826 2201/1571/1826 606/1863/1826
f 2508/1946/1827 116/1011/1827 179/327/1827
f 116/1011/1828 2761/1947/1828 15/328/1828
f 15/328/1829 2509/1541/1829 22/47/1829
f 22/47/1830 1937/1546/1830 27/1948/1830
f 179/327/1831 27/1948/1831 2193/1949/1831
f 22/47/1832 27/1948/1832 179/327/1832
f 116/1011/1832 15/328/1832 179/327/1832
f 582/1886/1833 2207/1885/1833 613/1950/1833
f 613/1950/1834 2208/1951/1834 614/330/1834
f 614/330/1835 2209/1952/1835 583/1953/1835
f 583/1953/1836 2204/1945/1836 609/329/1836
f 609/329/1837 2203/1880/1837 608/277/1837
f 608/277/1838 2196/1882/1838 582/1886/1838
f 582/1886/1839 613/1950/1839 608/277/1839
f 613/1950/1840 614/330/1840 608/277/1840
f 614/330/1841 583/1953/1841 609/329/1841
f 585/331/1842 2213/1897/1842 619/1954/1842
f 619/1954/1843 2214/1955/1843 620/332/1843
f 620/332/1844 2215/1956/1844 586/1957/1844
f 586/1957/1845 2208/1951/1845 613/1950/1845
f 613/1950/1846 2207/1885/1846 612/280/1846
f 612/280/1847 2197/1888/1847 585/331/1847
f 585/331/1848 619/1954/1848 620/332/1848
f 620/332/1849 586/1957/1849 612/280/1849
f 586/1957/1850 613/1950/1850 612/280/1850
f 589/294/1851 2221/1908/1851 627/335/1851
f 627/335/1852 2222/1958/1852 628/352/1852
f 628/352/1853 2223/1959/1853 590/333/1853
f 590/333/1854 2214/1955/1854 619/1954/1854
f 619/1954/1855 2213/1897/1855 618/334/1855
f 618/334/1856 2198/1899/1856 589/294/1856
f 589/294/1857 627/335/1857 628/352/1857
f 628/352/1858 590/333/1858 589/294/1858
f 590/333/1859 619/1954/1859 618/334/1859
f 594/307/1860 2231/1924/1860 637/337/1860
f 637/337/1861 2232/1960/1861 638/366/1861
f 638/366/1862 2233/1961/1862 595/353/1862
f 595/353/1863 2222/1958/1863 627/335/1863
f 627/335/1864 2221/1908/1864 626/336/1864
f 626/336/1865 2199/1913/1865 594/307/1865
f 594/307/1866 637/337/1866 595/353/1866
f 637/337/1867 638/366/1867 595/353/1867
f 595/353/1868 627/335/1868 594/307/1868
f 600/339/1869 2243/1545/1869 649/45/1869
f 649/45/1870 2244/1544/1870 650/1962/1870
f 650/1962/1871 2245/1963/1871 601/367/1871
f 601/367/1872 2232/1960/1872 637/337/1872
f 637/337/1873 2231/1924/1873 636/338/1873
f 636/338/1874 2200/1928/1874 600/339/1874
f 600/339/1875 649/45/1875 601/367/1875
f 649/45/1876 650/1962/1876 601/367/1876
f 601/367/1875 637/337/1875 600/339/1875
f 586/1957/1877 2215/1956/1877 621/341/1877
f 621/341/1878 2216/1964/1878 622/1965/1878
f 622/1965/1879 2217/1966/1879 587/1967/1879
f 587/1967/1880 2210/1968/1880 615/340/1880
f 615/340/1881 2209/1952/1881 614/330/1881
f 614/330/1882 2208/1951/1882 586/1957/1882
f 586/1957/1883 621/341/1883 614/330/1883
f 621/341/147 622/1965/147 615/340/147
f 622/1965/1884 587/1967/1884 615/340/1884
f 2204/1945/1885 583/1953/1885 610/326/1885
f 583/1953/1886 2209/1952/1886 615/340/1886
f 615/340/1887 2210/1968/1887 616/1969/1887
f 616/1969/1888 2211/1970/1888 581/1971/1888
f 581/1971/1889 2206/1972/1889 611/342/1889
f 616/1969/1890 581/1971/1890 611/342/1890
f 615/340/1891 616/1969/1891 611/342/1891
f 583/1953/1892 615/340/1892 610/326/1892
f 610/326/1893 615/340/1893 611/342/1893
f 220/344/1894 2202/1572/1894 579/324/1894
f 579/324/1895 2205/343/1895 611/342/1895
f 611/342/1896 2206/1972/1896 219/1973/1896
f 219/1973/1897 1944/1591/1897 272/69/1897
f 272/69/1898 1951/1590/1898 244/1764/1898
f 244/1764/1899 1943/1574/1899 220/344/1899
f 220/344/1900 579/324/1900 611/342/1900
f 611/342/1901 219/1973/1901 272/69/1901
f 272/69/1902 244/1764/1902 220/344/1902
f 590/333/1903 2223/1959/1903 629/351/1903
f 629/351/1904 2224/1974/1904 630/354/1904
f 630/354/1905 2225/1975/1905 591/345/1905
f 591/345/1906 2216/1964/1906 621/341/1906
f 621/341/1907 2215/1956/1907 620/332/1907
f 620/332/1908 2214/1955/1908 590/333/1908
f 590/333/1909 629/351/1909 630/354/1909
f 630/354/150 591/345/150 590/333/150
f 591/345/1910 621/341/1910 620/332/1910
f 2216/1964/1911 591/345/1911 622/1965/1911
f 591/345/1912 2225/1975/1912 631/356/1912
f 631/356/1913 2226/1976/1913 632/357/1913
f 632/357/1914 2227/1977/1914 592/347/1914
f 592/347/1915 2218/1978/1915 623/346/1915
f 632/357/1916 592/347/1916 631/356/1916
f 591/345/151 631/356/151 592/347/151
f 622/1965/1917 591/345/1917 623/346/1917
f 2217/1966/1918 622/1965/1918 623/346/1918
f 2210/1968/1919 587/1967/1919 616/1969/1919
f 587/1967/1920 2217/1966/1920 623/346/1920
f 623/346/1921 2218/1978/1921 624/1979/1921
f 624/1979/1922 2219/1980/1922 584/349/1922
f 584/349/1923 2212/1981/1923 617/348/1923
f 624/1979/1924 584/349/1924 623/346/1924
f 587/1967/1925 623/346/1925 617/348/1925
f 616/1969/1926 587/1967/1926 617/348/1926
f 617/348/1927 2211/1970/1927 616/1969/1927
f 219/350/1928 2206/1972/1928 581/1971/1928
f 581/1971/1929 2211/1970/1929 617/348/1929
f 617/348/1930 2212/1981/1930 218/1982/1930
f 218/1982/1931 1945/1597/1931 276/71/1931
f 276/71/1932 1955/1584/1932 246/1583/1932
f 246/1583/1933 1944/1591/1933 219/350/1933
f 219/350/1934 581/1971/1934 617/348/1934
f 617/348/1935 218/1982/1935 276/71/1935
f 276/71/1936 246/1583/1936 219/350/1936
f 595/353/1937 2233/1961/1937 639/365/1937
f 639/365/1938 2234/1983/1938 640/368/1938
f 640/368/1939 2235/1984/1939 596/1985/1939
f 596/1985/1940 2224/1974/1940 629/351/1940
f 629/351/1941 2223/1959/1941 628/352/1941
f 628/352/1942 2222/1958/1942 595/353/1942
f 595/353/1943 639/365/1943 596/1985/1943
f 639/365/1944 640/368/1944 596/1985/1944
f 596/1985/1943 629/351/1943 595/353/1943
f 2224/1974/1945 596/1985/1945 630/354/1945
f 596/1985/1946 2235/1984/1946 641/355/1946
f 641/355/1947 2236/1986/1947 642/370/1947
f 596/1985/1948 641/355/1948 630/354/1948
f 2225/1975/1949 630/354/1949 631/356/1949
f 2226/1976/1950 631/356/1950 597/358/1950
f 597/358/1951 642/370/1951 2237/1987/1951
f 641/355/155 642/370/155 631/356/155
f 631/356/1952 642/370/1952 597/358/1952
f 2226/1976/1953 597/358/1953 632/357/1953
f 597/358/1954 2237/1987/1954 643/372/1954
f 643/372/1955 2238/1988/1955 644/374/1955
f 597/358/1956 643/372/1956 644/374/1956
f 2227/1977/1957 632/357/1957 633/1989/1957
f 633/1989/1958 632/357/1958 598/359/1958
f 598/359/1959 2228/1990/1959 633/1989/1959
f 597/358/156 644/374/156 598/359/156
f 644/374/1960 2239/1991/1960 598/359/1960
f 2218/1978/1961 592/347/1961 624/1979/1961
f 592/347/1962 2227/1977/1962 633/1989/1962
f 624/1979/1963 592/347/1963 625/362/1963
f 633/1989/1964 2228/1990/1964 634/1992/1964
f 634/1992/1965 2229/1993/1965 588/360/1965
f 633/1989/1966 634/1992/1966 588/360/1966
f 592/347/1967 633/1989/1967 588/360/1967
f 625/362/1968 592/347/1968 588/360/1968
f 625/362/1969 2219/1980/1969 624/1979/1969
f 218/1994/1970 2212/1981/1970 584/349/1970
f 584/349/1971 2219/1980/1971 625/362/1971
f 625/362/1972 2220/361/1972 217/1995/1972
f 217/1995/1973 1946/1601/1973 282/76/1973
f 282/76/1974 1961/1592/1974 249/72/1974
f 249/72/1975 1945/1597/1975 218/1994/1975
f 218/1994/1976 584/349/1976 249/72/1976
f 584/349/158 625/362/158 282/76/158
f 625/362/1977 217/1995/1977 282/76/1977
f 2243/1545/1978 600/339/1978 648/46/1978
f 600/339/1979 2200/1928/1979 213/363/1979
f 648/46/1980 600/339/1980 27/364/1980
f 213/363/1981 2179/1927/1981 515/323/1981
f 515/323/1982 2192/1944/1982 577/666/1982
f 577/666/1983 2193/1949/1983 27/364/1983
f 27/364/1984 1937/1546/1984 648/46/1984
f 577/666/1985 27/364/1985 515/323/1985
f 213/363/1986 515/323/1986 27/364/1986
f 601/367/1987 2245/1963/1987 651/673/1987
f 651/673/1988 2246/1996/1988 652/1997/1988
f 652/1997/1989 2247/1998/1989 602/1999/1989
f 602/1999/1990 2234/1983/1990 639/365/1990
f 639/365/1991 2233/1961/1991 638/366/1991
f 638/366/1992 2232/1960/1992 601/367/1992
f 601/367/1993 651/673/1993 639/365/1993
f 651/673/1994 652/1997/1994 602/1999/1994
f 639/365/1995 651/673/1995 602/1999/1995
f 602/1999/1996 2247/1998/1996 653/369/1996
f 653/369/1997 2248/2000/1997 654/690/1997
f 654/690/1998 2249/2001/1998 603/2002/1998
f 603/2002/1999 2236/1986/1999 641/355/1999
f 641/355/2000 2235/1984/2000 640/368/2000
f 640/368/2001 2234/1983/2001 602/1999/2001
f 602/1999/2002 653/369/2002 640/368/2002
f 653/369/2003 654/690/2003 641/355/2003
f 654/690/2004 603/2002/2004 641/355/2004
f 2236/1986/2005 603/2002/2005 642/370/2005
f 603/2002/2006 2249/2001/2006 655/689/2006
f 655/689/2007 2250/2003/2007 656/371/2007
f 603/2002/2008 655/689/2008 642/370/2008
f 2237/1987/2009 642/370/2009 643/372/2009
f 2238/1988/2010 643/372/2010 604/2004/2010
f 604/2004/2011 643/372/2011 656/371/2011
f 656/371/2012 2251/2005/2012 604/2004/2012
f 642/370/2013 655/689/2013 656/371/2013
f 2238/1988/2014 604/2004/2014 644/374/2014
f 604/2004/2015 2251/2005/2015 657/704/2015
f 657/704/2016 2252/2006/2016 658/375/2016
f 604/2004/2017 657/704/2017 658/375/2017
f 644/374/2018 604/2004/2018 658/375/2018
f 2239/1991/2019 644/374/2019 645/2007/2019
f 2240/2008/2020 645/2007/2020 605/373/2020
f 605/373/2021 645/2007/2021 644/374/2021
f 658/375/2022 2253/2009/2022 605/373/2022
f 2228/1990/2023 598/359/2023 634/1992/2023
f 598/359/2024 2239/1991/2024 645/2007/2024
f 634/1992/2025 598/359/2025 593/377/2025
f 645/2007/2026 2240/2008/2026 646/376/2026
f 646/376/2027 2241/2010/2027 593/377/2027
f 645/2007/2028 646/376/2028 598/359/2028
f 634/1992/2029 593/377/2029 635/2011/2029
f 635/2011/2030 2229/1993/2030 634/1992/2030
f 593/377/2031 2230/2012/2031 635/2011/2031
f 1946/1601/2032 217/2013/2032 253/74/2032
f 217/2013/2033 2220/361/2033 588/360/2033
f 588/360/2034 2229/1993/2034 635/2011/2034
f 635/2011/2035 2230/2012/2035 216/378/2035
f 216/378/2036 1947/1605/2036 290/78/2036
f 635/2011/2037 216/378/2037 588/360/2037
f 217/2013/2038 588/360/2038 253/74/2038
f 1969/1598/2039 253/74/2039 290/78/2039
f 216/378/2040 253/74/2040 588/360/2040
f 1948/1608/2041 215/2014/2041 264/82/2041
f 215/2014/2042 2242/2015/2042 599/381/2042
f 599/381/2043 2255/2016/2043 661/730/2043
f 215/2014/2044 214/379/2044 264/82/2044
f 661/730/2045 2256/2017/2045 214/379/2045
f 214/379/2046 1941/1568/2046 312/61/2046
f 661/730/2047 214/379/2047 599/381/2047
f 215/2014/2048 599/381/2048 214/379/2048
f 1991/1567/2049 264/82/2049 312/61/2049
f 2240/2008/2050 605/373/2050 646/376/2050
f 605/373/2051 2253/2009/2051 659/711/2051
f 646/376/2052 605/373/2052 599/381/2052
f 659/711/2053 2254/2018/2053 660/731/2053
f 660/731/2054 2255/2016/2054 599/381/2054
f 659/711/2055 660/731/2055 605/373/2055
f 599/381/2052 605/373/2052 660/731/2052
f 647/380/2056 2241/2010/2056 646/376/2056
f 599/381/2057 2242/2015/2057 647/380/2057
f 2258/2019/2058 664/2020/2058 690/382/2058
f 664/2020/2059 2266/2021/2059 693/388/2059
f 690/382/2060 664/2020/2060 693/388/2060
f 693/388/2061 2267/2022/2061 694/383/2061
f 694/383/2062 2268/406/2062 663/2023/2062
f 663/2023/2063 2265/1565/2063 691/384/2063
f 691/384/2064 2264/1564/2064 690/382/2064
f 663/2023/2065 691/384/2065 694/383/2065
f 693/388/168 694/383/168 690/382/168
f 1947/1605/2066 216/2024/2066 258/79/2066
f 216/2024/2067 2230/2012/2067 593/377/2067
f 593/377/2068 2241/2010/2068 647/380/2068
f 647/380/2069 2242/2015/2069 215/385/2069
f 215/385/2070 1948/1608/2070 300/81/2070
f 647/380/2071 215/385/2071 593/377/2071
f 216/2024/2072 593/377/2072 258/79/2072
f 1979/1602/2073 258/79/2073 300/81/2073
f 215/385/2074 258/79/2074 593/377/2074
f 13/387/2075 2824/2025/2075 1418/2026/2075
f 1418/2026/2076 2831/2027/2076 1447/992/2076
f 1447/992/2077 2832/2028/2077 115/1022/2077
f 115/1022/2078 2258/2019/2078 690/382/2078
f 690/382/2079 2264/1564/2079 662/386/2079
f 662/386/2080 2257/1563/2080 13/387/2080
f 13/387/2081 1418/2026/2081 1447/992/2081
f 1447/992/2082 115/1022/2082 13/387/2082
f 115/1022/2083 690/382/2083 13/387/2083
f 666/2029/2084 2270/2030/2084 697/2031/2084
f 697/2031/2085 2271/2032/2085 698/390/2085
f 698/390/2086 2272/2033/2086 667/2034/2086
f 667/2034/2087 2267/2022/2087 693/388/2087
f 693/388/2088 2266/2021/2088 692/389/2088
f 692/389/2089 2259/2035/2089 666/2029/2089
f 666/2029/2090 697/2031/2090 692/389/2090
f 697/2031/2091 698/390/2091 692/389/2091
f 698/390/2092 667/2034/2092 693/388/2092
f 669/392/2093 2276/2036/2093 703/2037/2093
f 703/2037/2094 2277/2038/2094 704/393/2094
f 704/393/2095 2278/2039/2095 670/2040/2095
f 670/2040/2096 2271/2032/2096 697/2031/2096
f 697/2031/2097 2270/2030/2097 696/391/2097
f 696/391/2098 2260/2041/2098 669/392/2098
f 669/392/2099 703/2037/2099 704/393/2099
f 704/393/2100 670/2040/2100 696/391/2100
f 670/2040/2101 697/2031/2101 696/391/2101
f 673/394/2102 2284/2042/2102 711/397/2102
f 711/397/2103 2285/2043/2103 712/417/2103
f 712/417/2104 2286/2044/2104 674/395/2104
f 674/395/2105 2277/2038/2105 703/2037/2105
f 703/2037/2106 2276/2036/2106 702/396/2106
f 702/396/2107 2261/2045/2107 673/394/2107
f 673/394/2108 711/397/2108 712/417/2108
f 712/417/2109 674/395/2109 673/394/2109
f 674/395/2110 703/2037/2110 702/396/2110
f 678/399/2111 2294/2046/2111 721/400/2111
f 721/400/2112 2295/2047/2112 722/430/2112
f 722/430/2113 2296/2048/2113 679/418/2113
f 679/418/2114 2285/2043/2114 711/397/2114
f 711/397/2115 2284/2042/2115 710/398/2115
f 710/398/2116 2262/2049/2116 678/399/2116
f 678/399/2117 721/400/2117 679/418/2117
f 721/400/2118 722/430/2118 679/418/2118
f 679/418/2119 711/397/2119 678/399/2119
f 684/402/2120 2306/1531/2120 733/1532/2120
f 733/1532/2121 2307/1534/2121 734/2050/2121
f 734/2050/2122 2308/2051/2122 685/431/2122
f 685/431/2123 2295/2047/2123 721/400/2123
f 721/400/2124 2294/2046/2124 720/401/2124
f 720/401/2125 2263/2052/2125 684/402/2125
f 684/402/2126 733/1532/2126 685/431/2126
f 733/1532/2127 734/2050/2127 685/431/2127
f 685/431/2126 721/400/2126 684/402/2126
f 670/2040/2128 2278/2039/2128 705/404/2128
f 705/404/2129 2279/2053/2129 706/410/2129
f 706/410/2130 2280/2054/2130 671/2055/2130
f 671/2055/2131 2273/2056/2131 699/403/2131
f 699/403/2132 2272/2033/2132 698/390/2132
f 698/390/2133 2271/2032/2133 670/2040/2133
f 670/2040/2134 705/404/2134 698/390/2134
f 705/404/176 706/410/176 699/403/176
f 706/410/2135 671/2055/2135 699/403/2135
f 2267/2022/2136 667/2034/2136 694/383/2136
f 667/2034/2137 2272/2033/2137 699/403/2137
f 699/403/2138 2273/2056/2138 700/2057/2138
f 700/2057/2139 2274/2058/2139 665/2059/2139
f 665/2059/2140 2269/2060/2140 695/405/2140
f 700/2057/2141 665/2059/2141 695/405/2141
f 699/403/2142 700/2057/2142 695/405/2142
f 667/2034/2143 699/403/2143 694/383/2143
f 694/383/2144 699/403/2144 695/405/2144
f 206/407/2145 2265/1565/2145 663/2023/2145
f 663/2023/2146 2268/406/2146 695/405/2146
f 695/405/2147 2269/2060/2147 205/415/2147
f 205/415/2148 1994/1660/2148 315/408/2148
f 315/408/2149 1993/1607/2149 314/1606/2149
f 314/1606/2150 1992/1566/2150 206/407/2150
f 206/407/2151 663/2023/2151 695/405/2151
f 695/405/2152 205/415/2152 315/408/2152
f 315/408/2153 314/1606/2153 206/407/2153
f 674/395/2154 2286/2044/2154 713/416/2154
f 713/416/2155 2287/2061/2155 714/409/2155
f 714/409/2156 2288/2062/2156 675/411/2156
f 675/411/2157 2279/2053/2157 705/404/2157
f 705/404/2158 2278/2039/2158 704/393/2158
f 704/393/2159 2277/2038/2159 674/395/2159
f 674/395/2160 713/416/2160 714/409/2160
f 714/409/179 675/411/179 704/393/179
f 675/411/2161 705/404/2161 704/393/2161
f 2279/2053/2162 675/411/2162 706/410/2162
f 675/411/2163 2288/2062/2163 715/420/2163
f 676/2063/2164 715/420/2164 716/2064/2164
f 715/420/2165 2289/2065/2165 716/2064/2165
f 675/411/2166 715/420/2166 676/2063/2166
f 716/2064/2167 2290/2066/2167 676/2063/2167
f 676/2063/2168 2281/2067/2168 707/412/2168
f 2280/2054/2169 706/410/2169 707/412/2169
f 707/412/2166 675/411/2166 676/2063/2166
f 2273/2056/2170 671/2055/2170 700/2057/2170
f 671/2055/2171 2280/2054/2171 707/412/2171
f 707/412/2172 2281/2067/2172 708/2068/2172
f 708/2068/2173 2282/2069/2173 668/414/2173
f 668/414/2174 2275/2070/2174 701/413/2174
f 708/2068/2175 668/414/2175 707/412/2175
f 671/2055/2176 707/412/2176 701/413/2176
f 700/2057/2177 671/2055/2177 701/413/2177
f 701/413/2178 2274/2058/2178 700/2057/2178
f 205/415/2179 2269/2060/2179 665/2059/2179
f 665/2059/2180 2274/2058/2180 701/413/2180
f 701/413/2181 2275/2070/2181 204/2071/2181
f 204/2071/2182 1996/1664/2182 317/119/2182
f 317/119/2183 1995/1662/2183 316/1661/2183
f 316/1661/2184 1994/1660/2184 205/415/2184
f 205/415/2185 665/2059/2185 701/413/2185
f 701/413/2186 204/2071/2186 317/119/2186
f 317/119/2187 316/1661/2187 205/415/2187
f 679/418/2188 2296/2048/2188 723/429/2188
f 723/429/2189 2297/2072/2189 724/432/2189
f 724/432/2190 2298/2073/2190 680/2074/2190
f 680/2074/2191 2287/2061/2191 713/416/2191
f 713/416/2192 2286/2044/2192 712/417/2192
f 712/417/2193 2285/2043/2193 679/418/2193
f 679/418/2194 723/429/2194 680/2074/2194
f 723/429/2195 724/432/2195 680/2074/2195
f 680/2074/2194 713/416/2194 679/418/2194
f 2287/2061/2196 680/2074/2196 714/409/2196
f 680/2074/2197 2298/2073/2197 725/419/2197
f 725/419/2198 2299/2075/2198 726/434/2198
f 680/2074/2199 725/419/2199 714/409/2199
f 2288/2062/2200 714/409/2200 715/420/2200
f 2289/2065/2201 715/420/2201 681/2076/2201
f 681/2076/2202 726/434/2202 2300/2077/2202
f 725/419/184 726/434/184 715/420/184
f 715/420/2203 726/434/2203 681/2076/2203
f 2289/2065/2204 681/2076/2204 716/2064/2204
f 681/2076/2205 2300/2077/2205 727/436/2205
f 727/436/2206 2301/2078/2206 728/421/2206
f 681/2076/2207 727/436/2207 728/421/2207
f 716/2064/2208 681/2076/2208 728/421/2208
f 2290/2066/2209 716/2064/2209 717/2079/2209
f 717/2079/2210 716/2064/2210 682/423/2210
f 682/423/2211 2291/2080/2211 717/2079/2211
f 682/423/2208 716/2064/2208 728/421/2208
f 2281/2067/2212 676/2063/2212 708/2068/2212
f 676/2063/2213 2290/2066/2213 717/2079/2213
f 708/2068/2214 676/2063/2214 709/426/2214
f 717/2079/2215 2291/2080/2215 718/2081/2215
f 718/2081/2216 2292/2082/2216 672/424/2216
f 717/2079/2217 718/2081/2217 672/424/2217
f 676/2063/2218 717/2079/2218 672/424/2218
f 709/426/2219 676/2063/2219 672/424/2219
f 709/426/2220 2282/2069/2220 708/2068/2220
f 204/2071/2221 2275/2070/2221 668/414/2221
f 668/414/2222 2282/2069/2222 709/426/2222
f 709/426/2223 2283/425/2223 203/2083/2223
f 203/2083/2224 1998/1667/2224 319/427/2224
f 319/427/2225 1997/1665/2225 318/428/2225
f 318/428/2226 1996/1664/2226 204/2071/2226
f 204/2071/2227 668/414/2227 318/428/2227
f 668/414/187 709/426/187 318/428/187
f 709/426/2228 203/2083/2228 319/427/2228
f 685/431/2229 2308/2051/2229 735/749/2229
f 735/749/2230 2309/2084/2230 736/2085/2230
f 736/2085/2231 2310/2086/2231 686/2087/2231
f 686/2087/2232 2297/2072/2232 723/429/2232
f 723/429/2233 2296/2048/2233 722/430/2233
f 722/430/2234 2295/2047/2234 685/431/2234
f 685/431/2235 735/749/2235 723/429/2235
f 735/749/2236 736/2085/2236 686/2087/2236
f 723/429/2237 735/749/2237 686/2087/2237
f 686/2087/2238 2310/2086/2238 737/433/2238
f 737/433/2239 2311/2088/2239 738/735/2239
f 738/735/2240 2312/2089/2240 687/2090/2240
f 687/2090/2241 2299/2075/2241 725/419/2241
f 725/419/2242 2298/2073/2242 724/432/2242
f 724/432/2243 2297/2072/2243 686/2087/2243
f 686/2087/2244 737/433/2244 724/432/2244
f 737/433/2245 738/735/2245 725/419/2245
f 738/735/2246 687/2090/2246 725/419/2246
f 2299/2075/2247 687/2090/2247 726/434/2247
f 687/2090/2248 2312/2089/2248 739/734/2248
f 739/734/2249 2313/2091/2249 740/435/2249
f 687/2090/2250 739/734/2250 726/434/2250
f 2300/2077/2251 726/434/2251 727/436/2251
f 2301/2078/2252 727/436/2252 688/2092/2252
f 688/2092/2253 727/436/2253 740/435/2253
f 740/435/2254 2314/2093/2254 688/2092/2254
f 726/434/2255 739/734/2255 740/435/2255
f 2301/2078/2256 688/2092/2256 728/421/2256
f 688/2092/2257 2314/2093/2257 741/733/2257
f 741/733/2258 2315/2094/2258 742/438/2258
f 688/2092/2259 741/733/2259 742/438/2259
f 728/421/2260 688/2092/2260 742/438/2260
f 2302/422/2261 728/421/2261 729/2095/2261
f 2303/2096/2262 729/2095/2262 689/437/2262
f 689/437/2263 729/2095/2263 728/421/2263
f 742/438/2264 2316/2097/2264 689/437/2264
f 2291/2080/2265 682/423/2265 718/2081/2265
f 682/423/2266 2302/422/2266 729/2095/2266
f 718/2081/2267 682/423/2267 677/440/2267
f 729/2095/2268 2303/2096/2268 730/439/2268
f 730/439/2269 2304/2098/2269 677/440/2269
f 729/2095/2270 730/439/2270 682/423/2270
f 718/2081/2271 677/440/2271 719/2099/2271
f 719/2099/2272 2292/2082/2272 718/2081/2272
f 677/440/2273 2293/2100/2273 719/2099/2273
f 1998/1667/2274 203/2083/2274 320/121/2274
f 203/2083/2275 2283/425/2275 672/424/2275
f 672/424/2276 2292/2082/2276 719/2099/2276
f 719/2099/2277 2293/2100/2277 202/441/2277
f 202/441/2278 2000/1670/2278 321/442/2278
f 719/2099/2279 202/441/2279 672/424/2279
f 203/2083/2280 672/424/2280 320/121/2280
f 1999/1669/2281 320/121/2281 321/442/2281
f 202/441/2282 320/121/2282 672/424/2282
f 2303/2096/2283 689/437/2283 730/439/2283
f 689/437/2284 2316/2097/2284 743/729/2284
f 730/439/2285 689/437/2285 683/444/2285
f 743/729/2286 2317/2101/2286 744/802/2286
f 744/802/2287 2318/2102/2287 683/444/2287
f 743/729/2288 744/802/2288 689/437/2288
f 683/444/2285 689/437/2285 744/802/2285
f 731/443/2289 2304/2098/2289 730/439/2289
f 683/444/2290 2305/2103/2290 731/443/2290
f 2321/2104/2291 748/2105/2291 774/445/2291
f 748/2105/2292 2329/2106/2292 777/452/2292
f 774/445/2293 748/2105/2293 777/452/2293
f 777/452/2294 2330/2107/2294 778/446/2294
f 778/446/2295 2331/472/2295 747/2108/2295
f 747/2108/2296 2328/1559/2296 775/447/2296
f 775/447/2297 2327/1558/2297 774/445/2297
f 747/2108/2298 775/447/2298 778/446/2298
f 777/452/195 778/446/195 774/445/195
f 2000/1670/2299 202/441/2299 322/124/2299
f 202/441/2300 2293/2100/2300 677/440/2300
f 677/440/2301 2304/2098/2301 731/443/2301
f 731/443/2302 2305/2103/2302 201/448/2302
f 201/448/2303 2002/1674/2303 323/449/2303
f 731/443/2304 201/448/2304 677/440/2304
f 202/441/2305 677/440/2305 322/124/2305
f 2001/1673/2306 322/124/2306 323/449/2306
f 201/448/2307 322/124/2307 677/440/2307
f 21/451/2308 2572/1679/2308 1082/2109/2308
f 1082/2109/2309 2579/2110/2309 1111/709/2309
f 1111/709/2310 2580/2111/2310 171/740/2310
f 171/740/2311 2321/2104/2311 774/445/2311
f 774/445/2312 2327/1558/2312 746/450/2312
f 746/450/2313 2320/1557/2313 21/451/2313
f 21/451/2314 1082/2109/2314 1111/709/2314
f 1111/709/2315 171/740/2315 21/451/2315
f 171/740/2316 774/445/2316 21/451/2316
f 750/2112/2317 2333/2113/2317 781/2114/2317
f 781/2114/2318 2334/2115/2318 782/454/2318
f 782/454/2319 2335/2116/2319 751/2117/2319
f 751/2117/2320 2330/2107/2320 777/452/2320
f 777/452/2321 2329/2106/2321 776/453/2321
f 776/453/2322 2322/2118/2322 750/2112/2322
f 750/2112/2323 781/2114/2323 776/453/2323
f 781/2114/2324 782/454/2324 776/453/2324
f 782/454/2325 751/2117/2325 777/452/2325
f 753/456/2326 2339/2119/2326 787/2120/2326
f 787/2120/2327 2340/2121/2327 788/457/2327
f 788/457/2328 2341/2122/2328 754/2123/2328
f 754/2123/2329 2334/2115/2329 781/2114/2329
f 781/2114/2330 2333/2113/2330 780/455/2330
f 780/455/2331 2323/2124/2331 753/456/2331
f 753/456/2332 787/2120/2332 788/457/2332
f 788/457/2333 754/2123/2333 780/455/2333
f 754/2123/2334 781/2114/2334 780/455/2334
f 757/458/2335 2347/2125/2335 795/461/2335
f 795/461/2336 2348/2126/2336 796/483/2336
f 796/483/2337 2349/2127/2337 758/459/2337
f 758/459/2338 2340/2121/2338 787/2120/2338
f 787/2120/2339 2339/2119/2339 786/460/2339
f 786/460/2340 2324/2128/2340 757/458/2340
f 757/458/2341 795/461/2341 796/483/2341
f 796/483/2342 758/459/2342 757/458/2342
f 758/459/2343 787/2120/2343 786/460/2343
f 762/463/2344 2357/2129/2344 805/464/2344
f 805/464/2345 2358/2130/2345 806/495/2345
f 806/495/2346 2359/2131/2346 763/484/2346
f 763/484/2347 2348/2126/2347 795/461/2347
f 795/461/2348 2347/2125/2348 794/462/2348
f 794/462/2349 2325/2132/2349 762/463/2349
f 762/463/2350 805/464/2350 763/484/2350
f 805/464/2351 806/495/2351 763/484/2351
f 763/484/2352 795/461/2352 762/463/2352
f 768/466/2353 2369/1520/2353 817/1521/2353
f 817/1521/2354 2370/1523/2354 818/2133/2354
f 818/2133/2355 2371/2134/2355 769/496/2355
f 769/496/2356 2358/2130/2356 805/464/2356
f 805/464/2357 2357/2129/2357 804/465/2357
f 804/465/2358 2326/2135/2358 768/466/2358
f 768/466/2359 817/1521/2359 769/496/2359
f 817/1521/2360 818/2133/2360 769/496/2360
f 769/496/2359 805/464/2359 768/466/2359
f 2002/1674/2361 201/448/2361 324/468/2361
f 201/448/2362 2305/2103/2362 683/444/2362
f 683/444/2363 2318/2102/2363 745/801/2363
f 201/448/2364 200/131/2364 324/468/2364
f 745/801/2365 2319/1678/2365 200/131/2365
f 200/131/2366 2004/1681/2366 325/467/2366
f 745/801/2367 200/131/2367 683/444/2367
f 201/448/2368 683/444/2368 200/131/2368
f 2003/1675/2369 324/468/2369 325/467/2369
f 754/2123/2370 2341/2122/2370 789/470/2370
f 789/470/2371 2342/2136/2371 790/2137/2371
f 790/2137/2372 2343/2138/2372 755/2139/2372
f 755/2139/2373 2336/2140/2373 783/469/2373
f 783/469/2374 2335/2116/2374 782/454/2374
f 782/454/2375 2334/2115/2375 754/2123/2375
f 754/2123/2376 789/470/2376 782/454/2376
f 789/470/204 790/2137/204 783/469/204
f 790/2137/2377 755/2139/2377 783/469/2377
f 2330/2107/2378 751/2117/2378 778/446/2378
f 751/2117/2379 2335/2116/2379 783/469/2379
f 783/469/2380 2336/2140/2380 784/2141/2380
f 784/2141/2381 2337/2142/2381 749/2143/2381
f 749/2143/2382 2332/2144/2382 779/471/2382
f 784/2141/2383 749/2143/2383 779/471/2383
f 783/469/2384 784/2141/2384 779/471/2384
f 751/2117/2385 783/469/2385 778/446/2385
f 778/446/2386 783/469/2386 779/471/2386
f 199/473/2387 2328/1559/2387 747/2108/2387
f 747/2108/2388 2331/472/2388 779/471/2388
f 779/471/2389 2332/2144/2389 198/481/2389
f 198/481/2390 2057/1750/2390 399/474/2390
f 399/474/2391 2056/1699/2391 398/1698/2391
f 398/1698/2392 2055/1560/2392 199/473/2392
f 199/473/2393 747/2108/2393 779/471/2393
f 779/471/2394 198/481/2394 399/474/2394
f 399/474/2395 398/1698/2395 199/473/2395
f 758/459/2396 2349/2127/2396 797/482/2396
f 797/482/2397 2350/2145/2397 798/475/2397
f 798/475/2398 2351/2146/2398 759/2147/2398
f 759/2147/2399 2342/2136/2399 789/470/2399
f 789/470/2400 2341/2122/2400 788/457/2400
f 788/457/2401 2340/2121/2401 758/459/2401
f 758/459/2402 797/482/2402 798/475/2402
f 798/475/207 759/2147/207 788/457/207
f 759/2147/2403 789/470/2403 788/457/2403
f 2342/2136/2404 759/2147/2404 790/2137/2404
f 759/2147/2405 2351/2146/2405 799/477/2405
f 799/477/2406 2352/2148/2406 800/2149/2406
f 800/2149/2407 2353/2150/2407 760/478/2407
f 760/478/2408 2344/2151/2408 791/476/2408
f 800/2149/2409 760/478/2409 799/477/2409
f 759/2147/208 799/477/208 791/476/208
f 790/2137/2410 759/2147/2410 791/476/2410
f 2343/2138/2411 790/2137/2411 791/476/2411
f 2336/2140/2412 755/2139/2412 784/2141/2412
f 755/2139/2413 2343/2138/2413 791/476/2413
f 791/476/2414 2344/2151/2414 792/2152/2414
f 792/2152/2415 2345/2153/2415 752/480/2415
f 752/480/2416 2338/2154/2416 785/479/2416
f 792/2152/2417 752/480/2417 791/476/2417
f 755/2139/2418 791/476/2418 785/479/2418
f 784/2141/2419 755/2139/2419 785/479/2419
f 785/479/2420 2337/2142/2420 784/2141/2420
f 198/481/2421 2332/2144/2421 749/2143/2421
f 749/2143/2422 2337/2142/2422 785/479/2422
f 785/479/2423 2338/2154/2423 197/2155/2423
f 197/2155/2424 2059/1754/2424 401/184/2424
f 401/184/2425 2058/1752/2425 400/1751/2425
f 400/1751/2426 2057/1750/2426 198/481/2426
f 198/481/2427 749/2143/2427 785/479/2427
f 785/479/2428 197/2155/2428 401/184/2428
f 401/184/2429 400/1751/2429 198/481/2429
f 763/484/2430 2359/2131/2430 807/494/2430
f 807/494/2431 2360/2156/2431 808/497/2431
f 808/497/2432 2361/2157/2432 764/2158/2432
f 764/2158/2433 2350/2145/2433 797/482/2433
f 797/482/2434 2349/2127/2434 796/483/2434
f 796/483/2435 2348/2126/2435 763/484/2435
f 763/484/2436 807/494/2436 764/2158/2436
f 807/494/2437 808/497/2437 764/2158/2437
f 764/2158/2436 797/482/2436 763/484/2436
f 2350/2145/2438 764/2158/2438 798/475/2438
f 764/2158/2439 2361/2157/2439 809/485/2439
f 809/485/2440 2362/2159/2440 810/499/2440
f 764/2158/2441 809/485/2441 798/475/2441
f 2351/2146/2442 798/475/2442 799/477/2442
f 2352/2148/2443 799/477/2443 765/2160/2443
f 765/2160/2444 810/499/2444 2363/2161/2444
f 809/485/212 810/499/212 799/477/212
f 799/477/2445 810/499/2445 765/2160/2445
f 2352/2148/2446 765/2160/2446 800/2149/2446
f 765/2160/2447 2363/2161/2447 811/501/2447
f 811/501/2448 2364/2162/2448 812/486/2448
f 765/2160/2449 811/501/2449 812/486/2449
f 800/2149/2450 765/2160/2450 812/486/2450
f 2353/2150/2451 800/2149/2451 801/2163/2451
f 801/2163/2452 800/2149/2452 766/488/2452
f 766/488/2453 2354/2164/2453 801/2163/2453
f 766/488/2450 800/2149/2450 812/486/2450
f 2344/2151/2454 760/478/2454 792/2152/2454
f 760/478/2455 2353/2150/2455 801/2163/2455
f 792/2152/2456 760/478/2456 793/491/2456
f 801/2163/2457 2354/2164/2457 802/2165/2457
f 802/2165/2458 2355/2166/2458 756/489/2458
f 801/2163/2459 802/2165/2459 756/489/2459
f 760/478/2460 801/2163/2460 756/489/2460
f 793/491/2461 760/478/2461 756/489/2461
f 793/491/2462 2345/2153/2462 792/2152/2462
f 197/2155/2463 2338/2154/2463 752/480/2463
f 752/480/2464 2345/2153/2464 793/491/2464
f 793/491/2465 2346/490/2465 196/2167/2465
f 196/2167/2466 2061/1757/2466 403/492/2466
f 403/492/2467 2060/1755/2467 402/493/2467
f 402/493/2468 2059/1754/2468 197/2155/2468
f 197/2155/2469 752/480/2469 402/493/2469
f 752/480/215 793/491/215 402/493/215
f 793/491/2470 196/2167/2470 403/492/2470
f 769/496/2471 2371/2134/2471 819/820/2471
f 819/820/2472 2372/2168/2472 820/2169/2472
f 820/2169/2473 2373/2170/2473 770/2171/2473
f 770/2171/2474 2360/2156/2474 807/494/2474
f 807/494/2475 2359/2131/2475 806/495/2475
f 806/495/2476 2358/2130/2476 769/496/2476
f 769/496/2477 819/820/2477 807/494/2477
f 819/820/2478 820/2169/2478 770/2171/2478
f 807/494/2479 819/820/2479 770/2171/2479
f 770/2171/2480 2373/2170/2480 821/498/2480
f 821/498/2481 2374/2172/2481 822/806/2481
f 822/806/2482 2375/2173/2482 771/2174/2482
f 771/2174/2483 2362/2159/2483 809/485/2483
f 809/485/2484 2361/2157/2484 808/497/2484
f 808/497/2485 2360/2156/2485 770/2171/2485
f 770/2171/2486 821/498/2486 808/497/2486
f 821/498/2487 822/806/2487 809/485/2487
f 822/806/2488 771/2174/2488 809/485/2488
f 2362/2159/2489 771/2174/2489 810/499/2489
f 771/2174/2490 2375/2173/2490 823/805/2490
f 823/805/2491 2376/2175/2491 824/500/2491
f 771/2174/2492 823/805/2492 810/499/2492
f 2363/2161/2493 810/499/2493 811/501/2493
f 2364/2162/2494 811/501/2494 772/2176/2494
f 772/2176/2495 811/501/2495 824/500/2495
f 824/500/2496 2377/2177/2496 772/2176/2496
f 810/499/2497 823/805/2497 824/500/2497
f 2364/2162/2498 772/2176/2498 812/486/2498
f 772/2176/2499 2377/2177/2499 825/804/2499
f 825/804/2500 2378/2178/2500 826/503/2500
f 772/2176/2501 825/804/2501 826/503/2501
f 812/486/2502 772/2176/2502 826/503/2502
f 2365/487/2503 812/486/2503 813/2179/2503
f 2366/2180/2504 813/2179/2504 773/502/2504
f 773/502/2505 813/2179/2505 812/486/2505
f 826/503/2506 2379/2181/2506 773/502/2506
f 2354/2164/2507 766/488/2507 802/2165/2507
f 766/488/2508 2365/487/2508 813/2179/2508
f 802/2165/2509 766/488/2509 761/505/2509
f 813/2179/2510 2366/2180/2510 814/504/2510
f 814/504/2511 2367/2182/2511 761/505/2511
f 813/2179/2512 814/504/2512 766/488/2512
f 802/2165/2513 761/505/2513 803/2183/2513
f 803/2183/2514 2355/2166/2514 802/2165/2514
f 761/505/2515 2356/2184/2515 803/2183/2515
f 2061/1757/2516 196/2167/2516 404/186/2516
f 196/2167/2517 2346/490/2517 756/489/2517
f 756/489/2518 2355/2166/2518 803/2183/2518
f 803/2183/2519 2356/2184/2519 195/506/2519
f 195/506/2520 2063/1760/2520 405/507/2520
f 803/2183/2521 195/506/2521 756/489/2521
f 196/2167/2522 756/489/2522 404/186/2522
f 2062/1759/2523 404/186/2523 405/507/2523
f 195/506/2524 404/186/2524 756/489/2524
f 2366/2180/2525 773/502/2525 814/504/2525
f 773/502/2526 2379/2181/2526 827/800/2526
f 814/504/2527 773/502/2527 767/509/2527
f 827/800/2528 2380/2185/2528 828/872/2528
f 828/872/2529 2381/2186/2529 767/509/2529
f 827/800/2530 828/872/2530 773/502/2530
f 767/509/2527 773/502/2527 828/872/2527
f 815/508/2531 2367/2182/2531 814/504/2531
f 767/509/2532 2368/2187/2532 815/508/2532
f 2384/2188/2533 832/2189/2533 858/510/2533
f 832/2189/2534 2392/2190/2534 861/520/2534
f 858/510/2535 832/2189/2535 861/520/2535
f 861/520/2536 2393/2191/2536 862/511/2536
f 862/511/2537 2394/540/2537 831/2192/2537
f 831/2192/2538 2391/1554/2538 859/512/2538
f 859/512/2539 2390/1553/2539 858/510/2539
f 831/2192/2540 859/512/2540 862/511/2540
f 861/520/223 862/511/223 858/510/223
f 2063/1760/2541 195/506/2541 406/190/2541
f 195/506/2542 2356/2184/2542 761/505/2542
f 761/505/2543 2367/2182/2543 815/508/2543
f 815/508/2544 2368/2187/2544 194/513/2544
f 194/513/2545 2065/1765/2545 407/514/2545
f 815/508/2546 194/513/2546 761/505/2546
f 195/506/2547 761/505/2547 406/190/2547
f 2064/1763/2548 406/190/2548 407/514/2548
f 194/513/2549 406/190/2549 761/505/2549
f 1/51/2550 193/198/2550 2382/515/2550
f 19/518/2551 2635/784/2551 1166/2193/2551
f 1166/2193/2552 2642/2194/2552 1195/782/2552
f 1195/782/2553 2643/2195/2553 157/811/2553
f 157/811/2554 2384/2188/2554 858/510/2554
f 858/510/2555 2390/1553/2555 830/517/2555
f 830/517/2556 2383/519/2556 19/518/2556
f 19/518/2557 1166/2193/2557 1195/782/2557
f 1195/782/2558 157/811/2558 19/518/2558
f 157/811/2559 858/510/2559 19/518/2559
f 1/51/2560 19/518/2560 2383/519/2560
f 834/2196/2561 2396/2197/2561 865/2198/2561
f 865/2198/2562 2397/2199/2562 866/522/2562
f 866/522/2563 2398/2200/2563 835/2201/2563
f 835/2201/2564 2393/2191/2564 861/520/2564
f 861/520/2565 2392/2190/2565 860/521/2565
f 860/521/2566 2385/2202/2566 834/2196/2566
f 834/2196/2567 865/2198/2567 860/521/2567
f 865/2198/2568 866/522/2568 860/521/2568
f 866/522/2569 835/2201/2569 861/520/2569
f 837/524/2570 2402/2203/2570 871/2204/2570
f 871/2204/2571 2403/2205/2571 872/525/2571
f 872/525/2572 2404/2206/2572 838/2207/2572
f 838/2207/2573 2397/2199/2573 865/2198/2573
f 865/2198/2574 2396/2197/2574 864/523/2574
f 864/523/2575 2386/2208/2575 837/524/2575
f 837/524/2576 871/2204/2576 872/525/2576
f 872/525/2577 838/2207/2577 864/523/2577
f 838/2207/2578 865/2198/2578 864/523/2578
f 841/526/2579 2410/2209/2579 879/529/2579
f 879/529/2580 2411/2210/2580 880/551/2580
f 880/551/2581 2412/2211/2581 842/527/2581
f 842/527/2582 2403/2205/2582 871/2204/2582
f 871/2204/2583 2402/2203/2583 870/528/2583
f 870/528/2584 2387/2212/2584 841/526/2584
f 841/526/2585 879/529/2585 880/551/2585
f 880/551/2586 842/527/2586 841/526/2586
f 842/527/2587 871/2204/2587 870/528/2587
f 846/531/2588 2420/2213/2588 889/532/2588
f 889/532/2589 2421/2214/2589 890/564/2589
f 890/564/2590 2422/2215/2590 847/552/2590
f 847/552/2591 2411/2210/2591 879/529/2591
f 879/529/2592 2410/2209/2592 878/530/2592
f 878/530/2593 2388/2216/2593 846/531/2593
f 846/531/2594 889/532/2594 847/552/2594
f 889/532/2595 890/564/2595 847/552/2595
f 847/552/2596 879/529/2596 846/531/2596
f 852/534/2597 2432/1508/2597 901/1509/2597
f 901/1509/2598 2433/1511/2598 902/2217/2598
f 902/2217/2599 2434/2218/2599 853/565/2599
f 853/565/2600 2421/2214/2600 889/532/2600
f 889/532/2601 2420/2213/2601 888/533/2601
f 888/533/2602 2389/2219/2602 852/534/2602
f 852/534/2603 901/1509/2603 853/565/2603
f 901/1509/2604 902/2217/2604 853/565/2604
f 853/565/2603 889/532/2603 852/534/2603
f 2065/1765/2605 194/513/2605 408/536/2605
f 194/513/2606 2368/2187/2606 767/509/2606
f 767/509/2607 2381/2186/2607 829/871/2607
f 194/513/2608 193/198/2608 408/536/2608
f 829/871/2609 2382/515/2609 193/198/2609
f 193/198/2610 2067/197/2610 409/535/2610
f 829/871/2611 193/198/2611 767/509/2611
f 194/513/2612 767/509/2612 193/198/2612
f 2066/1766/2613 408/536/2613 409/535/2613
f 838/2207/2614 2404/2206/2614 873/538/2614
f 873/538/2615 2405/2220/2615 874/2221/2615
f 874/2221/2616 2406/2222/2616 839/2223/2616
f 839/2223/2617 2399/2224/2617 867/537/2617
f 867/537/2618 2398/2200/2618 866/522/2618
f 866/522/2619 2397/2199/2619 838/2207/2619
f 838/2207/2620 873/538/2620 866/522/2620
f 873/538/234 874/2221/234 867/537/234
f 874/2221/2621 839/2223/2621 867/537/2621
f 2393/2191/2622 835/2201/2622 862/511/2622
f 835/2201/2623 2398/2200/2623 867/537/2623
f 867/537/2624 2399/2224/2624 868/2225/2624
f 868/2225/2625 2400/2226/2625 833/2227/2625
f 833/2227/2626 2395/2228/2626 863/539/2626
f 868/2225/2627 833/2227/2627 863/539/2627
f 867/537/2628 868/2225/2628 863/539/2628
f 835/2201/2629 867/537/2629 862/511/2629
f 862/511/2630 867/537/2630 863/539/2630
f 192/541/2631 2391/1554/2631 831/2192/2631
f 831/2192/2632 2394/540/2632 863/539/2632
f 863/539/2633 2395/2228/2633 191/549/2633
f 191/549/2634 2120/1840/2634 483/542/2634
f 483/542/2635 2119/1790/2635 482/1789/2635
f 482/1789/2636 2118/1555/2636 192/541/2636
f 192/541/2637 831/2192/2637 863/539/2637
f 863/539/2638 191/549/2638 483/542/2638
f 483/542/2639 482/1789/2639 192/541/2639
f 842/527/2640 2412/2211/2640 881/550/2640
f 881/550/2641 2413/2229/2641 882/543/2641
f 882/543/2642 2414/2230/2642 843/545/2642
f 843/545/2643 2405/2220/2643 873/538/2643
f 873/538/2644 2404/2206/2644 872/525/2644
f 872/525/2645 2403/2205/2645 842/527/2645
f 842/527/2646 881/550/2646 882/543/2646
f 882/543/237 843/545/237 872/525/237
f 843/545/2647 873/538/2647 872/525/2647
f 2405/2220/2648 843/545/2648 874/2221/2648
f 843/545/2649 2414/2230/2649 883/554/2649
f 883/554/2650 2415/2231/2650 884/2232/2650
f 884/2232/2651 2416/2233/2651 844/546/2651
f 844/546/2652 2407/2234/2652 875/544/2652
f 884/2232/2653 844/546/2653 883/554/2653
f 843/545/238 883/554/238 844/546/238
f 874/2221/2654 843/545/2654 875/544/2654
f 2406/2222/2655 874/2221/2655 875/544/2655
f 2399/2224/2656 839/2223/2656 868/2225/2656
f 839/2223/2657 2406/2222/2657 875/544/2657
f 875/544/2658 2407/2234/2658 876/2235/2658
f 876/2235/2659 2408/2236/2659 836/548/2659
f 836/548/2660 2401/2237/2660 869/547/2660
f 876/2235/2661 836/548/2661 875/544/2661
f 839/2223/2662 875/544/2662 869/547/2662
f 868/2225/2663 839/2223/2663 869/547/2663
f 869/547/2664 2400/2226/2664 868/2225/2664
f 191/549/2665 2395/2228/2665 833/2227/2665
f 833/2227/2666 2400/2226/2666 869/547/2666
f 869/547/2667 2401/2237/2667 190/2238/2667
f 190/2238/2668 2122/1844/2668 485/249/2668
f 485/249/2669 2121/1842/2669 484/1841/2669
f 484/1841/2670 2120/1840/2670 191/549/2670
f 191/549/2671 833/2227/2671 869/547/2671
f 869/547/2672 190/2238/2672 485/249/2672
f 485/249/2673 484/1841/2673 191/549/2673
f 847/552/2674 2422/2215/2674 891/563/2674
f 891/563/2675 2423/2239/2675 892/566/2675
f 892/566/2676 2424/2240/2676 848/2241/2676
f 848/2241/2677 2413/2229/2677 881/550/2677
f 881/550/2678 2412/2211/2678 880/551/2678
f 880/551/2679 2411/2210/2679 847/552/2679
f 847/552/2680 891/563/2680 848/2241/2680
f 891/563/2681 892/566/2681 848/2241/2681
f 848/2241/2680 881/550/2680 847/552/2680
f 2413/2229/2682 848/2241/2682 882/543/2682
f 848/2241/2683 2424/2240/2683 893/553/2683
f 893/553/2684 2425/2242/2684 894/568/2684
f 848/2241/2685 893/553/2685 882/543/2685
f 2414/2230/2686 882/543/2686 883/554/2686
f 2415/2231/2687 883/554/2687 849/2243/2687
f 849/2243/2688 894/568/2688 2426/2244/2688
f 893/553/242 894/568/242 883/554/242
f 883/554/2689 894/568/2689 849/2243/2689
f 2415/2231/2690 849/2243/2690 884/2232/2690
f 849/2243/2691 2426/2244/2691 895/570/2691
f 895/570/2692 2427/2245/2692 896/555/2692
f 849/2243/2693 895/570/2693 896/555/2693
f 884/2232/2694 849/2243/2694 896/555/2694
f 2416/2233/2695 884/2232/2695 885/2246/2695
f 885/2246/2696 884/2232/2696 850/557/2696
f 850/557/2697 2417/2247/2697 885/2246/2697
f 850/557/2694 884/2232/2694 896/555/2694
f 2407/2234/2698 844/546/2698 876/2235/2698
f 844/546/2699 2416/2233/2699 885/2246/2699
f 876/2235/2700 844/546/2700 877/560/2700
f 885/2246/2701 2417/2247/2701 886/2248/2701
f 886/2248/2702 2418/2249/2702 840/558/2702
f 885/2246/2703 886/2248/2703 840/558/2703
f 844/546/2704 885/2246/2704 840/558/2704
f 877/560/2705 844/546/2705 840/558/2705
f 877/560/2706 2408/2236/2706 876/2235/2706
f 190/2238/2707 2401/2237/2707 836/548/2707
f 836/548/2708 2408/2236/2708 877/560/2708
f 877/560/2709 2409/559/2709 189/2250/2709
f 189/2250/2710 2124/1847/2710 487/561/2710
f 487/561/2711 2123/1845/2711 486/562/2711
f 486/562/2712 2122/1844/2712 190/2238/2712
f 190/2238/2713 836/548/2713 486/562/2713
f 836/548/245 877/560/245 486/562/245
f 877/560/2714 189/2250/2714 487/561/2714
f 853/565/2715 2434/2218/2715 903/890/2715
f 903/890/2716 2435/2251/2716 904/2252/2716
f 904/2252/2717 2436/2253/2717 854/2254/2717
f 854/2254/2718 2423/2239/2718 891/563/2718
f 891/563/2719 2422/2215/2719 890/564/2719
f 890/564/2720 2421/2214/2720 853/565/2720
f 853/565/2721 903/890/2721 891/563/2721
f 903/890/2722 904/2252/2722 854/2254/2722
f 891/563/2723 903/890/2723 854/2254/2723
f 854/2254/2724 2436/2253/2724 905/567/2724
f 905/567/2725 2437/2255/2725 906/876/2725
f 906/876/2726 2438/2256/2726 855/2257/2726
f 855/2257/2727 2425/2242/2727 893/553/2727
f 893/553/2728 2424/2240/2728 892/566/2728
f 892/566/2729 2423/2239/2729 854/2254/2729
f 854/2254/2730 905/567/2730 892/566/2730
f 905/567/2731 906/876/2731 893/553/2731
f 906/876/2732 855/2257/2732 893/553/2732
f 2425/2242/2733 855/2257/2733 894/568/2733
f 855/2257/2734 2438/2256/2734 907/875/2734
f 907/875/2735 2439/2258/2735 908/569/2735
f 855/2257/2736 907/875/2736 894/568/2736
f 2426/2244/2737 894/568/2737 895/570/2737
f 2427/2245/2738 895/570/2738 856/2259/2738
f 856/2259/2739 895/570/2739 908/569/2739
f 908/569/2740 2440/2260/2740 856/2259/2740
f 894/568/2741 907/875/2741 908/569/2741
f 2427/2245/2742 856/2259/2742 896/555/2742
f 856/2259/2743 2440/2260/2743 909/874/2743
f 909/874/2744 2441/2261/2744 910/572/2744
f 856/2259/2745 909/874/2745 910/572/2745
f 896/555/2746 856/2259/2746 910/572/2746
f 2428/556/2747 896/555/2747 897/2262/2747
f 2429/2263/2748 897/2262/2748 857/571/2748
f 857/571/2749 897/2262/2749 896/555/2749
f 910/572/2750 2442/2264/2750 857/571/2750
f 2417/2247/2751 850/557/2751 886/2248/2751
f 850/557/2752 2428/556/2752 897/2262/2752
f 886/2248/2753 850/557/2753 845/574/2753
f 897/2262/2754 2429/2263/2754 898/573/2754
f 898/573/2755 2430/2265/2755 845/574/2755
f 897/2262/2756 898/573/2756 850/557/2756
f 886/2248/2757 845/574/2757 887/2266/2757
f 887/2266/2758 2418/2249/2758 886/2248/2758
f 845/574/2759 2419/2267/2759 887/2266/2759
f 2124/1847/2760 189/2250/2760 488/251/2760
f 189/2250/2761 2409/559/2761 840/558/2761
f 840/558/2762 2418/2249/2762 887/2266/2762
f 887/2266/2763 2419/2267/2763 188/575/2763
f 188/575/2764 2126/1850/2764 489/576/2764
f 887/2266/2765 188/575/2765 840/558/2765
f 189/2250/2766 840/558/2766 488/251/2766
f 2125/1849/2767 488/251/2767 489/576/2767
f 188/575/2768 488/251/2768 840/558/2768
f 2429/2263/2769 857/571/2769 898/573/2769
f 857/571/2770 2442/2264/2770 911/870/2770
f 898/573/2771 857/571/2771 851/578/2771
f 911/870/2772 2443/2268/2772 912/943/2772
f 912/943/2773 2444/2269/2773 851/578/2773
f 911/870/2774 912/943/2774 857/571/2774
f 851/578/2771 857/571/2771 912/943/2771
f 899/577/2775 2430/2265/2775 898/573/2775
f 851/578/2776 2431/2270/2776 899/577/2776
f 2447/2271/2777 916/2272/2777 942/579/2777
f 916/2272/2778 2455/2273/2778 945/586/2778
f 942/579/2779 916/2272/2779 945/586/2779
f 945/586/2780 2456/2274/2780 946/580/2780
f 946/580/2781 2457/606/2781 915/2275/2781
f 915/2275/2782 2454/1549/2782 943/581/2782
f 943/581/2783 2453/1548/2783 942/579/2783
f 915/2275/2784 943/581/2784 946/580/2784
f 945/586/253 946/580/253 942/579/253
f 2126/1850/2785 188/575/2785 490/255/2785
f 188/575/2786 2419/2267/2786 845/574/2786
f 845/574/2787 2430/2265/2787 899/577/2787
f 899/577/2788 2431/2270/2788 187/582/2788
f 187/582/2789 2128/1854/2789 491/583/2789
f 899/577/2790 187/582/2790 845/574/2790
f 188/575/2791 845/574/2791 490/255/2791
f 2127/1853/2792 490/255/2792 491/583/2792
f 187/582/2793 490/255/2793 845/574/2793
f 17/585/2794 2698/1860/2794 1250/2276/2794
f 1250/2276/2795 2705/2277/2795 1279/852/2795
f 1279/852/2796 2706/2278/2796 143/2279/2796
f 143/2279/2797 2447/2271/2797 942/579/2797
f 942/579/2798 2453/1548/2798 914/584/2798
f 914/584/2799 2446/1547/2799 17/585/2799
f 17/585/2800 1250/2276/2800 1279/852/2800
f 1279/852/2801 143/2279/2801 17/585/2801
f 143/2279/2802 942/579/2802 17/585/2802
f 918/2280/2803 2459/2281/2803 949/2282/2803
f 949/2282/2804 2460/2283/2804 950/588/2804
f 950/588/2805 2461/2284/2805 919/2285/2805
f 919/2285/2806 2456/2274/2806 945/586/2806
f 945/586/2807 2455/2273/2807 944/587/2807
f 944/587/2808 2448/2286/2808 918/2280/2808
f 918/2280/2809 949/2282/2809 944/587/2809
f 949/2282/2810 950/588/2810 944/587/2810
f 950/588/2811 919/2285/2811 945/586/2811
f 921/590/2812 2465/2287/2812 955/2288/2812
f 955/2288/2813 2466/2289/2813 956/591/2813
f 956/591/2814 2467/2290/2814 922/2291/2814
f 922/2291/2815 2460/2283/2815 949/2282/2815
f 949/2282/2816 2459/2281/2816 948/589/2816
f 948/589/2817 2449/2292/2817 921/590/2817
f 921/590/2818 955/2288/2818 956/591/2818
f 956/591/2819 922/2291/2819 948/589/2819
f 922/2291/2820 949/2282/2820 948/589/2820
f 925/592/2821 2473/2293/2821 963/595/2821
f 963/595/2822 2474/2294/2822 964/617/2822
f 964/617/2823 2475/2295/2823 926/593/2823
f 926/593/2824 2466/2289/2824 955/2288/2824
f 955/2288/2825 2465/2287/2825 954/594/2825
f 954/594/2826 2450/2296/2826 925/592/2826
f 925/592/2827 963/595/2827 964/617/2827
f 964/617/2828 926/593/2828 925/592/2828
f 926/593/2829 955/2288/2829 954/594/2829
f 930/597/2830 2483/2297/2830 973/598/2830
f 973/598/2831 2484/2298/2831 974/630/2831
f 974/630/2832 2485/2299/2832 931/618/2832
f 931/618/2833 2474/2294/2833 963/595/2833
f 963/595/2834 2473/2293/2834 962/596/2834
f 962/596/2835 2451/2300/2835 930/597/2835
f 930/597/2836 973/598/2836 931/618/2836
f 973/598/2837 974/630/2837 931/618/2837
f 931/618/2838 963/595/2838 930/597/2838
f 936/600/2839 2495/1496/2839 985/1497/2839
f 985/1497/2840 2496/1499/2840 986/2301/2840
f 986/2301/2841 2497/2302/2841 937/631/2841
f 937/631/2842 2484/2298/2842 973/598/2842
f 973/598/2843 2483/2297/2843 972/599/2843
f 972/599/2844 2452/2303/2844 936/600/2844
f 936/600/2845 985/1497/2845 937/631/2845
f 985/1497/2846 986/2301/2846 937/631/2846
f 937/631/2845 973/598/2845 936/600/2845
f 2128/1854/2847 187/582/2847 492/602/2847
f 187/582/2848 2431/2270/2848 851/578/2848
f 851/578/2849 2444/2269/2849 913/942/2849
f 187/582/2850 186/262/2850 492/602/2850
f 913/942/2851 2445/1859/2851 186/262/2851
f 186/262/2852 2130/1862/2852 493/601/2852
f 913/942/2853 186/262/2853 851/578/2853
f 187/582/2854 851/578/2854 186/262/2854
f 2129/1855/2855 492/602/2855 493/601/2855
f 922/2291/2856 2467/2290/2856 957/604/2856
f 957/604/2857 2468/2304/2857 958/610/2857
f 958/610/2858 2469/2305/2858 923/2306/2858
f 923/2306/2859 2462/2307/2859 951/603/2859
f 951/603/2860 2461/2284/2860 950/588/2860
f 950/588/2861 2460/2283/2861 922/2291/2861
f 922/2291/2862 957/604/2862 950/588/2862
f 957/604/262 958/610/262 951/603/262
f 958/610/2863 923/2306/2863 951/603/2863
f 2456/2274/2864 919/2285/2864 946/580/2864
f 919/2285/2865 2461/2284/2865 951/603/2865
f 951/603/2866 2462/2307/2866 952/2308/2866
f 952/2308/2867 2463/2309/2867 917/2310/2867
f 917/2310/2868 2458/2311/2868 947/605/2868
f 952/2308/2869 917/2310/2869 947/605/2869
f 951/603/2870 952/2308/2870 947/605/2870
f 919/2285/2871 951/603/2871 946/580/2871
f 946/580/2872 951/603/2872 947/605/2872
f 185/607/2873 2454/1549/2873 915/2275/2873
f 915/2275/2874 2457/606/2874 947/605/2874
f 947/605/2875 2458/2311/2875 184/615/2875
f 184/615/2876 2183/1929/2876 567/608/2876
f 567/608/2877 2182/1879/2877 566/1878/2877
f 566/1878/2878 2181/1550/2878 185/607/2878
f 185/607/2879 915/2275/2879 947/605/2879
f 947/605/2880 184/615/2880 567/608/2880
f 567/608/2881 566/1878/2881 185/607/2881
f 926/593/2882 2475/2295/2882 965/616/2882
f 965/616/2883 2476/2312/2883 966/609/2883
f 966/609/2884 2477/2313/2884 927/611/2884
f 927/611/2885 2468/2304/2885 957/604/2885
f 957/604/2886 2467/2290/2886 956/591/2886
f 956/591/2887 2466/2289/2887 926/593/2887
f 926/593/2888 965/616/2888 966/609/2888
f 966/609/265 927/611/265 956/591/265
f 927/611/2889 957/604/2889 956/591/2889
f 2468/2304/2890 927/611/2890 958/610/2890
f 927/611/2891 2477/2313/2891 967/620/2891
f 928/2314/2892 967/620/2892 968/2315/2892
f 967/620/2893 2478/2316/2893 968/2315/2893
f 927/611/2894 967/620/2894 928/2314/2894
f 968/2315/2895 2479/2317/2895 928/2314/2895
f 928/2314/2896 2470/2318/2896 959/612/2896
f 2469/2305/2897 958/610/2897 959/612/2897
f 959/612/2894 927/611/2894 928/2314/2894
f 2462/2307/2898 923/2306/2898 952/2308/2898
f 923/2306/2899 2469/2305/2899 959/612/2899
f 959/612/2900 2470/2318/2900 960/2319/2900
f 960/2319/2901 2471/2320/2901 920/614/2901
f 920/614/2902 2464/2321/2902 953/613/2902
f 960/2319/2903 920/614/2903 959/612/2903
f 923/2306/2904 959/612/2904 953/613/2904
f 952/2308/2905 923/2306/2905 953/613/2905
f 953/613/2906 2463/2309/2906 952/2308/2906
f 184/615/2907 2458/2311/2907 917/2310/2907
f 917/2310/2908 2463/2309/2908 953/613/2908
f 953/613/2909 2464/2321/2909 183/2322/2909
f 183/2322/2910 2185/1933/2910 569/314/2910
f 569/314/2911 2184/1931/2911 568/1930/2911
f 568/1930/2912 2183/1929/2912 184/615/2912
f 184/615/2913 917/2310/2913 953/613/2913
f 953/613/2914 183/2322/2914 569/314/2914
f 569/314/2915 568/1930/2915 184/615/2915
f 931/618/2916 2485/2299/2916 975/629/2916
f 975/629/2917 2486/2323/2917 976/632/2917
f 976/632/2918 2487/2324/2918 932/2325/2918
f 932/2325/2919 2476/2312/2919 965/616/2919
f 965/616/2920 2475/2295/2920 964/617/2920
f 964/617/2921 2474/2294/2921 931/618/2921
f 931/618/2922 975/629/2922 932/2325/2922
f 975/629/2923 976/632/2923 932/2325/2923
f 932/2325/2922 965/616/2922 931/618/2922
f 2476/2312/2924 932/2325/2924 966/609/2924
f 932/2325/2925 2487/2324/2925 977/619/2925
f 977/619/2926 2488/2326/2926 978/634/2926
f 932/2325/2927 977/619/2927 966/609/2927
f 2477/2313/2928 966/609/2928 967/620/2928
f 2478/2316/2929 967/620/2929 933/2327/2929
f 933/2327/2930 978/634/2930 2489/2328/2930
f 977/619/270 978/634/270 967/620/270
f 967/620/2931 978/634/2931 933/2327/2931
f 2478/2316/2932 933/2327/2932 968/2315/2932
f 933/2327/2933 2489/2328/2933 979/636/2933
f 979/636/2934 2490/2329/2934 980/621/2934
f 933/2327/2935 979/636/2935 980/621/2935
f 968/2315/2936 933/2327/2936 980/621/2936
f 2479/2317/2937 968/2315/2937 969/2330/2937
f 969/2330/2938 968/2315/2938 934/623/2938
f 934/623/2939 2480/2331/2939 969/2330/2939
f 934/623/2936 968/2315/2936 980/621/2936
f 2470/2318/2940 928/2314/2940 960/2319/2940
f 928/2314/2941 2479/2317/2941 969/2330/2941
f 960/2319/2942 928/2314/2942 961/626/2942
f 969/2330/2943 2480/2331/2943 970/2332/2943
f 970/2332/2944 2481/2333/2944 924/624/2944
f 969/2330/2945 970/2332/2945 924/624/2945
f 928/2314/2946 969/2330/2946 924/624/2946
f 961/626/2947 928/2314/2947 924/624/2947
f 961/626/2948 2471/2320/2948 960/2319/2948
f 183/2322/2949 2464/2321/2949 920/614/2949
f 920/614/2950 2471/2320/2950 961/626/2950
f 961/626/2951 2472/625/2951 182/2334/2951
f 182/2334/2952 2187/1936/2952 571/627/2952
f 571/627/2953 2186/1934/2953 570/628/2953
f 570/628/2954 2185/1933/2954 183/2322/2954
f 183/2322/2955 920/614/2955 570/628/2955
f 920/614/273 961/626/273 571/627/273
f 961/626/2956 182/2334/2956 571/627/2956
f 937/631/2957 2497/2302/2957 987/961/2957
f 987/961/2958 2498/2335/2958 988/2336/2958
f 988/2336/2959 2499/2337/2959 938/2338/2959
f 938/2338/2960 2486/2323/2960 975/629/2960
f 975/629/2961 2485/2299/2961 974/630/2961
f 974/630/2962 2484/2298/2962 937/631/2962
f 937/631/2963 987/961/2963 975/629/2963
f 987/961/2964 988/2336/2964 938/2338/2964
f 975/629/2965 987/961/2965 938/2338/2965
f 938/2338/2966 2499/2337/2966 989/633/2966
f 989/633/2967 2500/2339/2967 990/947/2967
f 990/947/2968 2501/2340/2968 939/2341/2968
f 939/2341/2969 2488/2326/2969 977/619/2969
f 977/619/2970 2487/2324/2970 976/632/2970
f 976/632/2971 2486/2323/2971 938/2338/2971
f 938/2338/2972 989/633/2972 976/632/2972
f 989/633/2973 990/947/2973 977/619/2973
f 990/947/2974 939/2341/2974 977/619/2974
f 2488/2326/2975 939/2341/2975 978/634/2975
f 939/2341/2976 2501/2340/2976 991/946/2976
f 991/946/2977 2502/2342/2977 992/635/2977
f 939/2341/2978 991/946/2978 978/634/2978
f 2489/2328/2979 978/634/2979 979/636/2979
f 2490/2329/2980 979/636/2980 940/2343/2980
f 940/2343/2981 979/636/2981 992/635/2981
f 992/635/2982 2503/2344/2982 940/2343/2982
f 978/634/2983 991/946/2983 992/635/2983
f 2490/2329/2984 940/2343/2984 980/621/2984
f 940/2343/2985 2503/2344/2985 993/945/2985
f 993/945/2986 2504/2345/2986 994/638/2986
f 940/2343/2987 993/945/2987 994/638/2987
f 980/621/2988 940/2343/2988 994/638/2988
f 2491/622/2989 980/621/2989 981/2346/2989
f 2492/2347/2990 981/2346/2990 941/637/2990
f 941/637/2991 981/2346/2991 980/621/2991
f 994/638/2992 2505/2348/2992 941/637/2992
f 2480/2331/2993 934/623/2993 970/2332/2993
f 934/623/2994 2491/622/2994 981/2346/2994
f 970/2332/2995 934/623/2995 929/640/2995
f 981/2346/2996 2492/2347/2996 982/639/2996
f 982/639/2997 2493/2349/2997 929/640/2997
f 981/2346/2998 982/639/2998 934/623/2998
f 970/2332/2999 929/640/2999 971/2350/2999
f 971/2350/3000 2481/2333/3000 970/2332/3000
f 929/640/3001 2482/2351/3001 971/2350/3001
f 2187/1936/3002 182/2334/3002 572/316/3002
f 182/2334/3003 2472/625/3003 924/624/3003
f 924/624/3004 2481/2333/3004 971/2350/3004
f 971/2350/3005 2482/2351/3005 181/641/3005
f 181/641/3006 2189/1939/3006 573/642/3006
f 971/2350/3007 181/641/3007 924/624/3007
f 182/2334/3008 924/624/3008 572/316/3008
f 2188/1938/3009 572/316/3009 573/642/3009
f 181/641/3010 572/316/3010 924/624/3010
f 2492/2347/3011 941/637/3011 982/639/3011
f 941/637/3012 2505/2348/3012 995/940/3012
f 982/639/3013 941/637/3013 935/644/3013
f 995/940/3014 2506/2352/3014 996/1013/3014
f 996/1013/3015 2507/2353/3015 935/644/3015
f 995/940/3016 996/1013/3016 941/637/3016
f 935/644/3013 941/637/3013 996/1013/3013
f 983/643/3017 2493/2349/3017 982/639/3017
f 935/644/3018 2494/2354/3018 983/643/3018
f 2510/2355/3019 1000/2356/3019 1026/645/3019
f 1000/2356/3020 2518/2357/3020 1029/651/3020
f 1026/645/3021 1000/2356/3021 1029/651/3021
f 1029/651/3022 2519/2358/3022 1030/646/3022
f 1030/646/3023 2520/671/3023 999/2359/3023
f 999/2359/3024 2517/1543/3024 1027/647/3024
f 1027/647/3025 2516/1542/3025 1026/645/3025
f 999/2359/3026 1027/647/3026 1030/646/3026
f 1029/651/281 1030/646/281 1026/645/281
f 2189/1939/3027 181/641/3027 574/320/3027
f 181/641/3028 2482/2351/3028 929/640/3028
f 929/640/3029 2493/2349/3029 983/643/3029
f 983/643/3030 2494/2354/3030 180/648/3030
f 180/648/3031 2191/1943/3031 575/649/3031
f 983/643/3032 180/648/3032 929/640/3032
f 181/641/3033 929/640/3033 574/320/3033
f 2190/1942/3034 574/320/3034 575/649/3034
f 180/648/3035 574/320/3035 929/640/3035
f 15/328/3036 2761/1947/3036 1334/2360/3036
f 1334/2360/3037 2768/2361/3037 1363/922/3037
f 1363/922/3038 2769/2362/3038 129/952/3038
f 129/952/3039 2510/2355/3039 1026/645/3039
f 1026/645/3040 2516/1542/3040 998/650/3040
f 998/650/3041 2509/1541/3041 15/328/3041
f 15/328/3042 1334/2360/3042 1363/922/3042
f 1363/922/3043 129/952/3043 15/328/3043
f 129/952/3044 1026/645/3044 15/328/3044
f 1002/2363/3045 2522/2364/3045 1033/2365/3045
f 1033/2365/3046 2523/2366/3046 1034/653/3046
f 1034/653/3047 2524/2367/3047 1003/2368/3047
f 1003/2368/3048 2519/2358/3048 1029/651/3048
f 1029/651/3049 2518/2357/3049 1028/652/3049
f 1028/652/3050 2511/2369/3050 1002/2363/3050
f 1002/2363/3051 1033/2365/3051 1028/652/3051
f 1033/2365/3052 1034/653/3052 1028/652/3052
f 1034/653/3053 1003/2368/3053 1029/651/3053
f 1005/655/3054 2528/2370/3054 1039/2371/3054
f 1039/2371/3055 2529/2372/3055 1040/656/3055
f 1040/656/3056 2530/2373/3056 1006/2374/3056
f 1006/2374/3057 2523/2366/3057 1033/2365/3057
f 1033/2365/3058 2522/2364/3058 1032/654/3058
f 1032/654/3059 2512/2375/3059 1005/655/3059
f 1005/655/3060 1039/2371/3060 1040/656/3060
f 1040/656/3061 1006/2374/3061 1032/654/3061
f 1006/2374/3062 1033/2365/3062 1032/654/3062
f 1009/657/3063 2536/2376/3063 1047/660/3063
f 1047/660/3064 2537/2377/3064 1048/681/3064
f 1048/681/3065 2538/2378/3065 1010/658/3065
f 1010/658/3066 2529/2372/3066 1039/2371/3066
f 1039/2371/3067 2528/2370/3067 1038/659/3067
f 1038/659/3068 2513/2379/3068 1009/657/3068
f 1009/657/3069 1047/660/3069 1048/681/3069
f 1048/681/3070 1010/658/3070 1009/657/3070
f 1010/658/3071 1039/2371/3071 1038/659/3071
f 1014/662/3072 2546/2380/3072 1057/663/3072
f 1057/663/3073 2547/2381/3073 1058/692/3073
f 1058/692/3074 2548/2382/3074 1015/682/3074
f 1015/682/3075 2537/2377/3075 1047/660/3075
f 1047/660/3076 2536/2376/3076 1046/661/3076
f 1046/661/3077 2514/2383/3077 1014/662/3077
f 1014/662/3078 1057/663/3078 1015/682/3078
f 1057/663/3079 1058/692/3079 1015/682/3079
f 1015/682/3080 1047/660/3080 1014/662/3080
f 1020/665/3081 2558/1484/3081 1069/1485/3081
f 1069/1485/3082 2559/1487/3082 1070/2384/3082
f 1070/2384/3083 2560/2385/3083 1021/693/3083
f 1021/693/3084 2547/2381/3084 1057/663/3084
f 1057/663/3085 2546/2380/3085 1056/664/3085
f 1056/664/3086 2515/2386/3086 1020/665/3086
f 1020/665/3087 1069/1485/3087 1021/693/3087
f 1069/1485/3088 1070/2384/3088 1021/693/3088
f 1021/693/3087 1057/663/3087 1020/665/3087
f 2191/1943/3089 180/648/3089 576/667/3089
f 180/648/3090 2494/2354/3090 935/644/3090
f 935/644/3091 2507/2353/3091 997/1012/3091
f 180/648/3092 179/327/3092 576/667/3092
f 997/1012/3093 2508/1946/3093 179/327/3093
f 179/327/3094 2193/1949/3094 577/666/3094
f 997/1012/3095 179/327/3095 935/644/3095
f 180/648/3096 935/644/3096 179/327/3096
f 2192/1944/3097 576/667/3097 577/666/3097
f 1006/2374/3098 2530/2373/3098 1041/669/3098
f 1041/669/3099 2531/2387/3099 1042/675/3099
f 1042/675/3100 2532/2388/3100 1007/2389/3100
f 1007/2389/3101 2525/2390/3101 1035/668/3101
f 1035/668/3102 2524/2367/3102 1034/653/3102
f 1034/653/3103 2523/2366/3103 1006/2374/3103
f 1006/2374/3104 1041/669/3104 1034/653/3104
f 1041/669/290 1042/675/290 1035/668/290
f 1042/675/3105 1007/2389/3105 1035/668/3105
f 2519/2358/3106 1003/2368/3106 1030/646/3106
f 1003/2368/3107 2524/2367/3107 1035/668/3107
f 1035/668/3108 2525/2390/3108 1036/2391/3108
f 1036/2391/3109 2526/2392/3109 1001/2393/3109
f 1001/2393/3110 2521/2394/3110 1031/670/3110
f 1036/2391/3111 1001/2393/3111 1031/670/3111
f 1035/668/3112 1036/2391/3112 1031/670/3112
f 1003/2368/3113 1035/668/3113 1030/646/3113
f 1030/646/3114 1035/668/3114 1031/670/3114
f 178/672/3115 2517/1543/3115 999/2359/3115
f 999/2359/3116 2520/671/3116 1031/670/3116
f 1031/670/3117 2521/2394/3117 177/679/3117
f 177/679/3118 2246/1996/3118 651/673/3118
f 651/673/3119 2245/1963/3119 650/1962/3119
f 650/1962/3120 2244/1544/3120 178/672/3120
f 178/672/3121 999/2359/3121 1031/670/3121
f 1031/670/3122 177/679/3122 651/673/3122
f 651/673/3123 650/1962/3123 178/672/3123
f 1010/658/3124 2538/2378/3124 1049/680/3124
f 1049/680/3125 2539/2395/3125 1050/683/3125
f 1050/683/3126 2540/2396/3126 1011/674/3126
f 1011/674/3127 2531/2387/3127 1041/669/3127
f 1041/669/3128 2530/2373/3128 1040/656/3128
f 1040/656/3129 2529/2372/3129 1010/658/3129
f 1010/658/3130 1049/680/3130 1050/683/3130
f 1050/683/293 1011/674/293 1010/658/293
f 1011/674/3131 1041/669/3131 1040/656/3131
f 2531/2387/3132 1011/674/3132 1042/675/3132
f 1011/674/3133 2540/2396/3133 1051/685/3133
f 1012/2397/3134 1051/685/3134 1052/2398/3134
f 1051/685/3135 2541/2399/3135 1052/2398/3135
f 1011/674/3136 1051/685/3136 1012/2397/3136
f 1052/2398/3137 2542/2400/3137 1012/2397/3137
f 1012/2397/3138 2533/2401/3138 1043/676/3138
f 2532/2388/3139 1042/675/3139 1043/676/3139
f 1043/676/3136 1011/674/3136 1012/2397/3136
f 2525/2390/3140 1007/2389/3140 1036/2391/3140
f 1007/2389/3141 2532/2388/3141 1043/676/3141
f 1043/676/3142 2533/2401/3142 1044/2402/3142
f 1044/2402/3143 2534/2403/3143 1004/678/3143
f 1004/678/3144 2527/2404/3144 1037/677/3144
f 1044/2402/3145 1004/678/3145 1043/676/3145
f 1007/2389/3146 1043/676/3146 1037/677/3146
f 1036/2391/3147 1007/2389/3147 1037/677/3147
f 1037/677/3148 2526/2392/3148 1036/2391/3148
f 177/679/3149 2521/2394/3149 1001/2393/3149
f 1001/2393/3150 2526/2392/3150 1037/677/3150
f 1037/677/3151 2527/2404/3151 176/2405/3151
f 176/2405/3152 2248/2000/3152 653/369/3152
f 653/369/3153 2247/1998/3153 652/1997/3153
f 652/1997/3154 2246/1996/3154 177/679/3154
f 177/679/3155 1001/2393/3155 1037/677/3155
f 1037/677/3156 176/2405/3156 653/369/3156
f 653/369/3157 652/1997/3157 177/679/3157
f 1015/682/3158 2548/2382/3158 1059/691/3158
f 1059/691/3159 2549/2406/3159 1060/694/3159
f 1060/694/3160 2550/2407/3160 1016/2408/3160
f 1016/2408/3161 2539/2395/3161 1049/680/3161
f 1049/680/3162 2538/2378/3162 1048/681/3162
f 1048/681/3163 2537/2377/3163 1015/682/3163
f 1015/682/3164 1059/691/3164 1016/2408/3164
f 1059/691/3165 1060/694/3165 1016/2408/3165
f 1016/2408/3164 1049/680/3164 1015/682/3164
f 2539/2395/3166 1016/2408/3166 1050/683/3166
f 1016/2408/3167 2550/2407/3167 1061/684/3167
f 1061/684/3168 2551/2409/3168 1062/696/3168
f 1016/2408/3169 1061/684/3169 1050/683/3169
f 2540/2396/3170 1050/683/3170 1051/685/3170
f 2541/2399/3171 1051/685/3171 1017/2410/3171
f 1017/2410/3172 1062/696/3172 2552/2411/3172
f 1061/684/298 1062/696/298 1051/685/298
f 1051/685/3173 1062/696/3173 1017/2410/3173
f 2541/2399/3174 1017/2410/3174 1052/2398/3174
f 1017/2410/3175 2552/2411/3175 1063/698/3175
f 1063/698/3176 2553/2412/3176 1064/686/3176
f 1017/2410/3177 1063/698/3177 1064/686/3177
f 1052/2398/3178 1017/2410/3178 1064/686/3178
f 2542/2400/3179 1052/2398/3179 1053/2413/3179
f 1053/2413/3180 1052/2398/3180 1018/688/3180
f 1018/688/3181 2543/2414/3181 1053/2413/3181
f 1018/688/3178 1052/2398/3178 1064/686/3178
f 176/2405/3182 2527/2404/3182 1004/678/3182
f 1004/678/3183 2534/2403/3183 1045/1446/3183
f 1045/1446/3184 2535/1445/3184 175/2415/3184
f 175/2415/3185 2250/2003/3185 655/689/3185
f 655/689/3186 2249/2001/3186 654/690/3186
f 654/690/3187 2248/2000/3187 176/2405/3187
f 176/2405/3188 1004/678/3188 654/690/3188
f 1004/678/300 1045/1446/300 655/689/300
f 1045/1446/3189 175/2415/3189 655/689/3189
f 1021/693/3190 2560/2385/3190 1071/1031/3190
f 1071/1031/3191 2561/2416/3191 1072/2417/3191
f 1072/2417/3192 2562/2418/3192 1022/2419/3192
f 1022/2419/3193 2549/2406/3193 1059/691/3193
f 1059/691/3194 2548/2382/3194 1058/692/3194
f 1058/692/3195 2547/2381/3195 1021/693/3195
f 1021/693/3196 1071/1031/3196 1059/691/3196
f 1071/1031/3197 1072/2417/3197 1022/2419/3197
f 1059/691/3198 1071/1031/3198 1022/2419/3198
f 1022/2419/3199 2562/2418/3199 1073/695/3199
f 1073/695/3200 2563/2420/3200 1074/1017/3200
f 1074/1017/3201 2564/2421/3201 1023/2422/3201
f 1023/2422/3202 2551/2409/3202 1061/684/3202
f 1061/684/3203 2550/2407/3203 1060/694/3203
f 1060/694/3204 2549/2406/3204 1022/2419/3204
f 1022/2419/3205 1073/695/3205 1060/694/3205
f 1073/695/3206 1074/1017/3206 1061/684/3206
f 1074/1017/3207 1023/2422/3207 1061/684/3207
f 2551/2409/3208 1023/2422/3208 1062/696/3208
f 1023/2422/3209 2564/2421/3209 1075/1016/3209
f 1075/1016/3210 2565/2423/3210 1076/697/3210
f 1023/2422/3211 1075/1016/3211 1062/696/3211
f 2552/2411/3212 1062/696/3212 1063/698/3212
f 2553/2412/3213 1063/698/3213 1024/2424/3213
f 1024/2424/3214 1063/698/3214 1076/697/3214
f 1076/697/3215 2566/2425/3215 1024/2424/3215
f 1062/696/3216 1075/1016/3216 1076/697/3216
f 2553/2412/3217 1024/2424/3217 1064/686/3217
f 1024/2424/3218 2566/2425/3218 1077/1015/3218
f 1077/1015/3219 2567/2426/3219 1078/700/3219
f 1024/2424/3220 1077/1015/3220 1078/700/3220
f 1064/686/3221 1024/2424/3221 1078/700/3221
f 2554/687/3222 1064/686/3222 1065/2427/3222
f 2555/2428/3223 1065/2427/3223 1025/699/3223
f 1025/699/3224 1065/2427/3224 1064/686/3224
f 1078/700/3225 2568/2429/3225 1025/699/3225
f 2543/2414/3226 1018/688/3226 1054/2430/3226
f 1018/688/3227 2554/687/3227 1065/2427/3227
f 1054/2430/3228 1018/688/3228 1013/702/3228
f 1065/2427/3229 2555/2428/3229 1066/701/3229
f 1066/701/3230 2556/2431/3230 1013/702/3230
f 1065/2427/3231 1066/701/3231 1018/688/3231
f 1054/2430/3232 1013/702/3232 1055/2432/3232
f 1055/2432/3233 2544/2433/3233 1054/2430/3233
f 1013/702/3234 2545/2434/3234 1055/2432/3234
f 2250/2003/3235 175/2415/3235 656/371/3235
f 175/2415/3236 2535/1445/3236 1008/1444/3236
f 1008/1444/3237 2544/2433/3237 1055/2432/3237
f 1055/2432/3238 2545/2434/3238 174/703/3238
f 174/703/3239 2252/2006/3239 657/704/3239
f 1055/2432/3240 174/703/3240 1008/1444/3240
f 175/2415/3241 1008/1444/3241 656/371/3241
f 2251/2005/3242 656/371/3242 657/704/3242
f 174/703/3243 656/371/3243 1008/1444/3243
f 2555/2428/3244 1025/699/3244 1066/701/3244
f 1025/699/3245 2568/2429/3245 1079/1010/3245
f 1066/701/3246 1025/699/3246 1019/706/3246
f 1079/1010/3247 2569/2435/3247 1080/1084/3247
f 1080/1084/3248 2570/2436/3248 1019/706/3248
f 1079/1010/3249 1080/1084/3249 1025/699/3249
f 1019/706/3246 1025/699/3246 1080/1084/3246
f 1067/705/3250 2556/2431/3250 1066/701/3250
f 1019/706/3251 2557/2437/3251 1067/705/3251
f 2573/2438/3252 1084/2439/3252 1110/707/3252
f 1084/2439/3253 2581/2440/3253 1113/714/3253
f 1110/707/3254 1084/2439/3254 1113/714/3254
f 1113/714/3255 2582/2441/3255 1114/708/3255
f 1114/708/3256 2583/739/3256 1083/2442/3256
f 1083/2442/3257 2580/2111/3257 1111/709/3257
f 1111/709/3258 2579/2110/3258 1110/707/3258
f 1083/2442/3259 1111/709/3259 1114/708/3259
f 1113/714/308 1114/708/308 1110/707/308
f 2252/2006/3260 174/703/3260 658/375/3260
f 174/703/3261 2545/2434/3261 1013/702/3261
f 1013/702/3262 2556/2431/3262 1067/705/3262
f 1067/705/3263 2557/2437/3263 173/710/3263
f 173/710/3264 2254/2018/3264 659/711/3264
f 1067/705/3265 173/710/3265 1013/702/3265
f 174/703/3266 1013/702/3266 658/375/3266
f 2253/2009/3267 658/375/3267 659/711/3267
f 173/710/3268 658/375/3268 1013/702/3268
f 2571/2443/3269 102/713/3269 172/712/3269
f 102/713/3270 2824/2025/3270 13/387/3270
f 26/62/3271 13/387/3271 2257/1563/3271
f 102/713/310 13/387/310 26/62/310
f 26/62/3272 1941/1568/3272 214/2444/3272
f 172/712/3273 214/2444/3273 2256/2017/3273
f 26/62/310 214/2444/310 172/712/310
f 1086/2445/3274 2585/2446/3274 1117/2447/3274
f 1117/2447/3275 2586/2448/3275 1118/716/3275
f 1118/716/3276 2587/2449/3276 1087/2450/3276
f 1087/2450/3277 2582/2441/3277 1113/714/3277
f 1113/714/3278 2581/2440/3278 1112/715/3278
f 1112/715/3279 2574/2451/3279 1086/2445/3279
f 1086/2445/3280 1117/2447/3280 1112/715/3280
f 1117/2447/3281 1118/716/3281 1112/715/3281
f 1118/716/3282 1087/2450/3282 1113/714/3282
f 1089/718/3283 2591/2452/3283 1123/2453/3283
f 1123/2453/3284 2592/2454/3284 1124/719/3284
f 1124/719/3285 2593/2455/3285 1090/2456/3285
f 1090/2456/3286 2586/2448/3286 1117/2447/3286
f 1117/2447/3287 2585/2446/3287 1116/717/3287
f 1116/717/3288 2575/2457/3288 1089/718/3288
f 1089/718/3289 1123/2453/3289 1124/719/3289
f 1124/719/3290 1090/2456/3290 1116/717/3290
f 1090/2456/3291 1117/2447/3291 1116/717/3291
f 1093/720/3292 2599/2458/3292 1131/723/3292
f 1131/723/3293 2600/2459/3293 1132/751/3293
f 1132/751/3294 2601/2460/3294 1094/721/3294
f 1094/721/3295 2592/2454/3295 1123/2453/3295
f 1123/2453/3296 2591/2452/3296 1122/722/3296
f 1122/722/3297 2576/2461/3297 1093/720/3297
f 1093/720/3298 1131/723/3298 1132/751/3298
f 1132/751/3299 1094/721/3299 1093/720/3299
f 1094/721/3300 1123/2453/3300 1122/722/3300
f 1098/725/3301 2609/2462/3301 1141/726/3301
f 1141/726/3302 2610/2463/3302 1142/763/3302
f 1142/763/3303 2611/2464/3303 1099/752/3303
f 1099/752/3304 2600/2459/3304 1131/723/3304
f 1131/723/3305 2599/2458/3305 1130/724/3305
f 1130/724/3306 2577/2465/3306 1098/725/3306
f 1098/725/3307 1141/726/3307 1099/752/3307
f 1141/726/3308 1142/763/3308 1099/752/3308
f 1099/752/3309 1131/723/3309 1098/725/3309
f 1104/40/3310 2621/1529/3310 1153/36/3310
f 1153/36/3311 2622/1528/3311 1154/2466/3311
f 1154/2466/3312 2623/2467/3312 1105/764/3312
f 1105/764/3313 2610/2463/3313 1141/726/3313
f 1141/726/3314 2609/2462/3314 1140/727/3314
f 1140/727/3315 2578/1535/3315 1104/40/3315
f 1104/40/3316 1153/36/3316 1105/764/3316
f 1153/36/3317 1154/2466/3317 1105/764/3317
f 1105/764/3316 1141/726/3316 1104/40/3316
f 2315/2094/3318 160/732/3318 742/438/3318
f 160/732/3319 2574/2451/3319 1112/715/3319
f 1112/715/3320 2581/2440/3320 1084/2439/3320
f 1084/2439/3321 2573/2438/3321 159/728/3321
f 159/728/3322 2317/2101/3322 743/729/3322
f 1084/2439/3323 159/728/3323 1112/715/3323
f 160/732/3324 1112/715/3324 742/438/3324
f 2316/2097/3325 742/438/3325 743/729/3325
f 159/728/3326 742/438/3326 1112/715/3326
f 2254/2018/3327 173/710/3327 660/731/3327
f 173/710/3328 2557/2437/3328 1019/706/3328
f 1019/706/3329 2570/2436/3329 1081/1083/3329
f 173/710/3330 172/712/3330 660/731/3330
f 1081/1083/3331 2571/2443/3331 172/712/3331
f 172/712/3332 2256/2017/3332 661/730/3332
f 1081/1083/3333 172/712/3333 1019/706/3333
f 173/710/3334 1019/706/3334 172/712/3334
f 2255/2016/3335 660/731/3335 661/730/3335
f 2313/2091/3336 161/2468/3336 740/435/3336
f 161/2468/3337 2575/2457/3337 1116/717/3337
f 1116/717/3338 2585/2446/3338 1086/2445/3338
f 1086/2445/3339 2574/2451/3339 160/732/3339
f 160/732/3340 2315/2094/3340 741/733/3340
f 1086/2445/3341 160/732/3341 1116/717/3341
f 161/2468/3342 1116/717/3342 740/435/3342
f 2314/2093/3343 740/435/3343 741/733/3343
f 160/732/3344 740/435/3344 1116/717/3344
f 162/2469/3345 2576/2461/3345 1122/722/3345
f 1122/722/3346 2591/2452/3346 1089/718/3346
f 1089/718/3347 2575/2457/3347 161/2468/3347
f 161/2468/3348 2313/2091/3348 739/734/3348
f 739/734/3349 2312/2089/3349 738/735/3349
f 738/735/3350 2311/2088/3350 162/2469/3350
f 162/2469/3351 1122/722/3351 738/735/3351
f 1122/722/319 1089/718/319 738/735/319
f 1089/718/3352 161/2468/3352 739/734/3352
f 1090/2456/3353 2593/2455/3353 1125/737/3353
f 1125/737/3354 2594/2470/3354 1126/743/3354
f 1126/743/3355 2595/2471/3355 1091/2472/3355
f 1091/2472/3356 2588/2473/3356 1119/736/3356
f 1119/736/3357 2587/2449/3357 1118/716/3357
f 1118/716/3358 2586/2448/3358 1090/2456/3358
f 1090/2456/3359 1125/737/3359 1118/716/3359
f 1125/737/320 1126/743/320 1119/736/320
f 1126/743/3360 1091/2472/3360 1119/736/3360
f 2582/2441/3361 1087/2450/3361 1114/708/3361
f 1087/2450/3362 2587/2449/3362 1119/736/3362
f 1119/736/3363 2588/2473/3363 1120/2474/3363
f 1120/2474/3364 2589/2475/3364 1085/2476/3364
f 1085/2476/3365 2584/2477/3365 1115/738/3365
f 1120/2474/3366 1085/2476/3366 1115/738/3366
f 1119/736/3367 1120/2474/3367 1115/738/3367
f 1087/2450/3368 1119/736/3368 1114/708/3368
f 1114/708/3369 1119/736/3369 1115/738/3369
f 171/740/3370 2580/2111/3370 1083/2442/3370
f 1083/2442/3371 2583/739/3371 1115/738/3371
f 1115/738/3372 2584/2477/3372 170/747/3372
f 170/747/3373 2322/2118/3373 776/453/3373
f 776/453/3374 2329/2106/3374 748/2105/3374
f 748/2105/3375 2321/2104/3375 171/740/3375
f 171/740/3376 1083/2442/3376 1115/738/3376
f 1115/738/3377 170/747/3377 776/453/3377
f 776/453/3378 748/2105/3378 171/740/3378
f 163/741/3379 2577/2465/3379 1130/724/3379
f 1130/724/3380 2599/2458/3380 1093/720/3380
f 1093/720/3381 2576/2461/3381 162/2469/3381
f 162/2469/3382 2311/2088/3382 737/433/3382
f 737/433/3383 2310/2086/3383 736/2085/3383
f 736/2085/3384 2309/2084/3384 163/741/3384
f 163/741/3385 1130/724/3385 1093/720/3385
f 1093/720/3386 162/2469/3386 737/433/3386
f 737/433/3387 736/2085/3387 163/741/3387
f 1094/721/3388 2601/2460/3388 1133/750/3388
f 1133/750/3389 2602/2478/3389 1134/753/3389
f 1134/753/3390 2603/2479/3390 1095/742/3390
f 1095/742/3391 2594/2470/3391 1125/737/3391
f 1125/737/3392 2593/2455/3392 1124/719/3392
f 1124/719/3393 2592/2454/3393 1094/721/3393
f 1094/721/3394 1133/750/3394 1134/753/3394
f 1134/753/324 1095/742/324 1094/721/324
f 1095/742/3395 1125/737/3395 1124/719/3395
f 2594/2470/3396 1095/742/3396 1126/743/3396
f 1095/742/3397 2603/2479/3397 1135/755/3397
f 1096/2480/3398 1135/755/3398 1136/756/3398
f 1135/755/3399 2604/2481/3399 1136/756/3399
f 1095/742/3400 1135/755/3400 1096/2480/3400
f 1136/756/3401 2605/2482/3401 1096/2480/3401
f 1096/2480/3402 2596/2483/3402 1127/744/3402
f 2595/2471/3403 1126/743/3403 1127/744/3403
f 1127/744/3400 1095/742/3400 1096/2480/3400
f 2588/2473/3404 1091/2472/3404 1120/2474/3404
f 1091/2472/3405 2595/2471/3405 1127/744/3405
f 1127/744/3406 2596/2483/3406 1128/2484/3406
f 1128/2484/3407 2597/2485/3407 1088/746/3407
f 1088/746/3408 2590/2486/3408 1121/745/3408
f 1128/2484/3409 1088/746/3409 1127/744/3409
f 1091/2472/3410 1127/744/3410 1121/745/3410
f 1120/2474/3411 1091/2472/3411 1121/745/3411
f 1121/745/3412 2589/2475/3412 1120/2474/3412
f 170/747/3413 2584/2477/3413 1085/2476/3413
f 1085/2476/3414 2589/2475/3414 1121/745/3414
f 1121/745/3415 2590/2486/3415 169/2487/3415
f 169/2487/3416 2323/2124/3416 780/455/3416
f 780/455/3417 2333/2113/3417 750/2112/3417
f 750/2112/3418 2322/2118/3418 170/747/3418
f 170/747/3419 1085/2476/3419 1121/745/3419
f 1121/745/3420 169/2487/3420 780/455/3420
f 780/455/3421 750/2112/3421 170/747/3421
f 164/748/3422 2578/1535/3422 1140/727/3422
f 1140/727/3423 2609/2462/3423 1098/725/3423
f 1098/725/3424 2577/2465/3424 163/741/3424
f 163/741/3425 2309/2084/3425 735/749/3425
f 735/749/3426 2308/2051/3426 734/2050/3426
f 734/2050/3427 2307/1534/3427 164/748/3427
f 164/748/3428 1140/727/3428 1098/725/3428
f 1098/725/3429 163/741/3429 735/749/3429
f 735/749/3430 734/2050/3430 164/748/3430
f 1099/752/3431 2611/2464/3431 1143/762/3431
f 1143/762/3432 2612/2488/3432 1144/765/3432
f 1144/765/3433 2613/2489/3433 1100/2490/3433
f 1100/2490/3434 2602/2478/3434 1133/750/3434
f 1133/750/3435 2601/2460/3435 1132/751/3435
f 1132/751/3436 2600/2459/3436 1099/752/3436
f 1099/752/3437 1143/762/3437 1100/2490/3437
f 1143/762/3438 1144/765/3438 1100/2490/3438
f 1100/2490/3437 1133/750/3437 1099/752/3437
f 2602/2478/3439 1100/2490/3439 1134/753/3439
f 1100/2490/3440 2613/2489/3440 1145/754/3440
f 1145/754/3441 2614/2491/3441 1146/767/3441
f 1100/2490/3442 1145/754/3442 1134/753/3442
f 2603/2479/3443 1134/753/3443 1135/755/3443
f 2604/2481/3444 1135/755/3444 1101/757/3444
f 1101/757/3445 1146/767/3445 2615/2492/3445
f 1145/754/330 1146/767/330 1135/755/330
f 1135/755/3446 1146/767/3446 1101/757/3446
f 2604/2481/3447 1101/757/3447 1136/756/3447
f 1101/757/3448 2615/2492/3448 1147/769/3448
f 1147/769/3449 2616/2493/3449 1148/771/3449
f 1101/757/3450 1147/769/3450 1148/771/3450
f 2605/2482/3451 1136/756/3451 1137/2494/3451
f 1137/2494/3452 1136/756/3452 1102/758/3452
f 1102/758/3453 2606/2495/3453 1137/2494/3453
f 1101/757/331 1148/771/331 1102/758/331
f 1148/771/3454 2617/2496/3454 1102/758/3454
f 2596/2483/3455 1096/2480/3455 1128/2484/3455
f 1096/2480/3456 2605/2482/3456 1137/2494/3456
f 1128/2484/3457 1096/2480/3457 1129/761/3457
f 1137/2494/3458 2606/2495/3458 1138/2497/3458
f 1138/2497/3459 2607/2498/3459 1092/759/3459
f 1137/2494/3460 1138/2497/3460 1092/759/3460
f 1096/2480/3461 1137/2494/3461 1092/759/3461
f 1129/761/3462 1096/2480/3462 1092/759/3462
f 1129/761/3463 2597/2485/3463 1128/2484/3463
f 169/2487/3464 2590/2486/3464 1088/746/3464
f 1088/746/3465 2597/2485/3465 1129/761/3465
f 1129/761/3466 2598/760/3466 168/2499/3466
f 168/2499/3467 2324/2128/3467 786/460/3467
f 786/460/3468 2339/2119/3468 753/456/3468
f 753/456/3469 2323/2124/3469 169/2487/3469
f 169/2487/3470 1088/746/3470 753/456/3470
f 1088/746/333 1129/761/333 786/460/333
f 1129/761/3471 168/2499/3471 786/460/3471
f 1105/764/3472 2623/2467/3472 1155/1090/3472
f 1155/1090/3473 2624/2500/3473 1156/2501/3473
f 1156/2501/3474 2625/2502/3474 1106/2503/3474
f 1106/2503/3475 2612/2488/3475 1143/762/3475
f 1143/762/3476 2611/2464/3476 1142/763/3476
f 1142/763/3477 2610/2463/3477 1105/764/3477
f 1105/764/3478 1155/1090/3478 1143/762/3478
f 1155/1090/3479 1156/2501/3479 1106/2503/3479
f 1143/762/3480 1155/1090/3480 1106/2503/3480
f 1106/2503/3481 2625/2502/3481 1157/766/3481
f 1157/766/3482 2626/2504/3482 1158/1110/3482
f 1158/1110/3483 2627/2505/3483 1107/2506/3483
f 1107/2506/3484 2614/2491/3484 1145/754/3484
f 1145/754/3485 2613/2489/3485 1144/765/3485
f 1144/765/3486 2612/2488/3486 1106/2503/3486
f 1106/2503/3487 1157/766/3487 1144/765/3487
f 1157/766/3488 1158/1110/3488 1145/754/3488
f 1158/1110/3489 1107/2506/3489 1145/754/3489
f 2614/2491/3490 1107/2506/3490 1146/767/3490
f 1107/2506/3491 2627/2505/3491 1159/1109/3491
f 1159/1109/3492 2628/2507/3492 1160/768/3492
f 1107/2506/3493 1159/1109/3493 1146/767/3493
f 2615/2492/3494 1146/767/3494 1147/769/3494
f 2616/2493/3495 1147/769/3495 1108/2508/3495
f 1108/2508/3496 1147/769/3496 1160/768/3496
f 1160/768/3497 2629/2509/3497 1108/2508/3497
f 1146/767/3498 1159/1109/3498 1160/768/3498
f 2616/2493/3499 1108/2508/3499 1148/771/3499
f 1108/2508/3500 2629/2509/3500 1161/1125/3500
f 1161/1125/3501 2630/2510/3501 1162/772/3501
f 1108/2508/3502 1161/1125/3502 1162/772/3502
f 1148/771/3503 1108/2508/3503 1162/772/3503
f 2617/2496/3504 1148/771/3504 1149/2511/3504
f 2618/2512/3505 1149/2511/3505 1109/770/3505
f 1109/770/3506 1149/2511/3506 1148/771/3506
f 1162/772/3507 2631/2513/3507 1109/770/3507
f 2606/2495/3508 1102/758/3508 1138/2497/3508
f 1102/758/3509 2617/2496/3509 1149/2511/3509
f 1138/2497/3510 1102/758/3510 1097/774/3510
f 1149/2511/3511 2618/2512/3511 1150/773/3511
f 1150/773/3512 2619/2514/3512 1097/774/3512
f 1149/2511/3513 1150/773/3513 1102/758/3513
f 1138/2497/3514 1097/774/3514 1139/2515/3514
f 1139/2515/3515 2607/2498/3515 1138/2497/3515
f 1097/774/3516 2608/2516/3516 1139/2515/3516
f 2324/2128/3517 168/2499/3517 757/458/3517
f 168/2499/3518 2598/760/3518 1092/759/3518
f 1092/759/3519 2607/2498/3519 1139/2515/3519
f 1139/2515/3520 2608/2516/3520 167/775/3520
f 167/775/3521 2325/2132/3521 794/462/3521
f 1139/2515/3522 167/775/3522 1092/759/3522
f 168/2499/3523 1092/759/3523 757/458/3523
f 2347/2125/3524 757/458/3524 794/462/3524
f 167/775/3525 757/458/3525 1092/759/3525
f 2326/2135/3526 166/783/3526 768/466/3526
f 166/783/3527 2620/2517/3527 1103/779/3527
f 1103/779/3528 2633/2518/3528 1165/1150/3528
f 166/783/3529 165/776/3529 768/466/3529
f 1165/1150/3530 2634/2519/3530 165/776/3530
f 165/776/3531 1935/1522/3531 816/777/3531
f 1165/1150/3532 165/776/3532 1103/779/3532
f 166/783/3533 1103/779/3533 165/776/3533
f 2369/1520/3534 768/466/3534 816/777/3534
f 2618/2512/3535 1109/770/3535 1150/773/3535
f 1109/770/3536 2631/2513/3536 1163/1132/3536
f 1150/773/3537 1109/770/3537 1103/779/3537
f 1163/1132/3538 2632/2520/3538 1164/1151/3538
f 1164/1151/3539 2633/2518/3539 1103/779/3539
f 1163/1132/3540 1164/1151/3540 1109/770/3540
f 1103/779/3537 1109/770/3537 1164/1151/3537
f 1151/778/3541 2619/2514/3541 1150/773/3541
f 1103/779/3542 2620/2517/3542 1151/778/3542
f 2636/2521/3543 1168/2522/3543 1194/780/3543
f 1168/2522/3544 2644/2523/3544 1197/785/3544
f 1194/780/3545 1168/2522/3545 1197/785/3545
f 1197/785/3546 2645/2524/3546 1198/781/3546
f 1198/781/3547 2646/810/3547 1167/2525/3547
f 1167/2525/3548 2643/2195/3548 1195/782/3548
f 1195/782/3549 2642/2194/3549 1194/780/3549
f 1167/2525/3550 1195/782/3550 1198/781/3550
f 1197/785/342 1198/781/342 1194/780/342
f 2325/2132/3551 167/775/3551 762/463/3551
f 167/775/3552 2608/2516/3552 1097/774/3552
f 1097/774/3553 2619/2514/3553 1151/778/3553
f 1151/778/3554 2620/2517/3554 166/783/3554
f 166/783/3555 2326/2135/3555 804/465/3555
f 1151/778/3556 166/783/3556 1097/774/3556
f 167/775/3557 1097/774/3557 762/463/3557
f 2357/2129/3558 762/463/3558 804/465/3558
f 166/783/3559 762/463/3559 1097/774/3559
f 1/51/3560 144/516/3560 2635/784/3560
f 1170/2526/3561 2648/2527/3561 1201/2528/3561
f 1201/2528/3562 2649/2529/3562 1202/787/3562
f 1202/787/3563 2650/2530/3563 1171/2531/3563
f 1171/2531/3564 2645/2524/3564 1197/785/3564
f 1197/785/3565 2644/2523/3565 1196/786/3565
f 1196/786/3566 2637/2532/3566 1170/2526/3566
f 1170/2526/3567 1201/2528/3567 1196/786/3567
f 1201/2528/3568 1202/787/3568 1196/786/3568
f 1202/787/3569 1171/2531/3569 1197/785/3569
f 1173/789/3570 2654/2533/3570 1207/2534/3570
f 1207/2534/3571 2655/2535/3571 1208/790/3571
f 1208/790/3572 2656/2536/3572 1174/2537/3572
f 1174/2537/3573 2649/2529/3573 1201/2528/3573
f 1201/2528/3574 2648/2527/3574 1200/788/3574
f 1200/788/3575 2638/2538/3575 1173/789/3575
f 1173/789/3576 1207/2534/3576 1208/790/3576
f 1208/790/3577 1174/2537/3577 1200/788/3577
f 1174/2537/3578 1201/2528/3578 1200/788/3578
f 1177/791/3579 2662/2539/3579 1215/794/3579
f 1215/794/3580 2663/2540/3580 1216/822/3580
f 1216/822/3581 2664/2541/3581 1178/792/3581
f 1178/792/3582 2655/2535/3582 1207/2534/3582
f 1207/2534/3583 2654/2533/3583 1206/793/3583
f 1206/793/3584 2639/2542/3584 1177/791/3584
f 1177/791/3585 1215/794/3585 1216/822/3585
f 1216/822/3586 1178/792/3586 1177/791/3586
f 1178/792/3587 1207/2534/3587 1206/793/3587
f 1182/796/3588 2672/2543/3588 1225/797/3588
f 1225/797/3589 2673/2544/3589 1226/834/3589
f 1226/834/3590 2674/2545/3590 1183/823/3590
f 1183/823/3591 2663/2540/3591 1215/794/3591
f 1215/794/3592 2662/2539/3592 1214/795/3592
f 1214/795/3593 2640/2546/3593 1182/796/3593
f 1182/796/3594 1225/797/3594 1183/823/3594
f 1225/797/3595 1226/834/3595 1183/823/3595
f 1183/823/3596 1215/794/3596 1182/796/3596
f 1188/35/3597 2684/1518/3597 1237/31/3597
f 1237/31/3598 2685/1517/3598 1238/2547/3598
f 1238/2547/3599 2686/2548/3599 1189/835/3599
f 1189/835/3600 2673/2544/3600 1225/797/3600
f 1225/797/3601 2672/2543/3601 1224/798/3601
f 1224/798/3602 2641/1524/3602 1188/35/3602
f 1188/35/3603 1237/31/3603 1189/835/3603
f 1237/31/3604 1238/2547/3604 1189/835/3604
f 1189/835/3603 1225/797/3603 1188/35/3603
f 2378/2178/3605 146/803/3605 826/503/3605
f 146/803/3606 2637/2532/3606 1196/786/3606
f 1196/786/3607 2644/2523/3607 1168/2522/3607
f 1168/2522/3608 2636/2521/3608 145/799/3608
f 145/799/3609 2380/2185/3609 827/800/3609
f 1168/2522/3610 145/799/3610 1196/786/3610
f 146/803/3611 1196/786/3611 826/503/3611
f 2379/2181/3612 826/503/3612 827/800/3612
f 145/799/3613 826/503/3613 1196/786/3613
f 2317/2101/3614 159/728/3614 744/802/3614
f 159/728/3615 2573/2438/3615 1110/707/3615
f 1110/707/3616 2579/2110/3616 1082/2109/3616
f 159/728/3617 158/132/3617 744/802/3617
f 1082/2109/3618 2572/1679/3618 158/132/3618
f 158/132/3619 2319/1678/3619 745/801/3619
f 1082/2109/3620 158/132/3620 1110/707/3620
f 159/728/3621 1110/707/3621 158/132/3621
f 2318/2102/3622 744/802/3622 745/801/3622
f 2376/2175/3623 147/2549/3623 824/500/3623
f 147/2549/3624 2638/2538/3624 1200/788/3624
f 1200/788/3625 2648/2527/3625 1170/2526/3625
f 1170/2526/3626 2637/2532/3626 146/803/3626
f 146/803/3627 2378/2178/3627 825/804/3627
f 1170/2526/3628 146/803/3628 1200/788/3628
f 147/2549/3629 1200/788/3629 824/500/3629
f 2377/2177/3630 824/500/3630 825/804/3630
f 146/803/3631 824/500/3631 1200/788/3631
f 148/2550/3632 2639/2542/3632 1206/793/3632
f 1206/793/3633 2654/2533/3633 1173/789/3633
f 1173/789/3634 2638/2538/3634 147/2549/3634
f 147/2549/3635 2376/2175/3635 823/805/3635
f 823/805/3636 2375/2173/3636 822/806/3636
f 822/806/3637 2374/2172/3637 148/2550/3637
f 148/2550/3638 1206/793/3638 822/806/3638
f 1206/793/353 1173/789/353 822/806/353
f 1173/789/3639 147/2549/3639 823/805/3639
f 1174/2537/3640 2656/2536/3640 1209/808/3640
f 1209/808/3641 2657/2551/3641 1210/814/3641
f 1210/814/3642 2658/2552/3642 1175/2553/3642
f 1175/2553/3643 2651/2554/3643 1203/807/3643
f 1203/807/3644 2650/2530/3644 1202/787/3644
f 1202/787/3645 2649/2529/3645 1174/2537/3645
f 1174/2537/3646 1209/808/3646 1202/787/3646
f 1209/808/354 1210/814/354 1203/807/354
f 1210/814/3647 1175/2553/3647 1203/807/3647
f 2645/2524/3648 1171/2531/3648 1198/781/3648
f 1171/2531/3649 2650/2530/3649 1203/807/3649
f 1203/807/3650 2651/2554/3650 1204/2555/3650
f 1204/2555/3651 2652/2556/3651 1169/2557/3651
f 1169/2557/3652 2647/2558/3652 1199/809/3652
f 1204/2555/3653 1169/2557/3653 1199/809/3653
f 1203/807/3654 1204/2555/3654 1199/809/3654
f 1171/2531/3655 1203/807/3655 1198/781/3655
f 1198/781/3656 1203/807/3656 1199/809/3656
f 157/811/3657 2643/2195/3657 1167/2525/3657
f 1167/2525/3658 2646/810/3658 1199/809/3658
f 1199/809/3659 2647/2558/3659 156/818/3659
f 156/818/3660 2385/2202/3660 860/521/3660
f 860/521/3661 2392/2190/3661 832/2189/3661
f 832/2189/3662 2384/2188/3662 157/811/3662
f 157/811/3663 1167/2525/3663 1199/809/3663
f 1199/809/3664 156/818/3664 860/521/3664
f 860/521/3665 832/2189/3665 157/811/3665
f 149/812/3666 2640/2546/3666 1214/795/3666
f 1214/795/3667 2662/2539/3667 1177/791/3667
f 1177/791/3668 2639/2542/3668 148/2550/3668
f 148/2550/3669 2374/2172/3669 821/498/3669
f 821/498/3670 2373/2170/3670 820/2169/3670
f 820/2169/3671 2372/2168/3671 149/812/3671
f 149/812/3672 1214/795/3672 1177/791/3672
f 1177/791/3673 148/2550/3673 821/498/3673
f 821/498/3674 820/2169/3674 149/812/3674
f 1178/792/3675 2664/2541/3675 1217/821/3675
f 1217/821/3676 2665/2559/3676 1218/824/3676
f 1218/824/3677 2666/2560/3677 1179/813/3677
f 1179/813/3678 2657/2551/3678 1209/808/3678
f 1209/808/3679 2656/2536/3679 1208/790/3679
f 1208/790/3680 2655/2535/3680 1178/792/3680
f 1178/792/3681 1217/821/3681 1218/824/3681
f 1218/824/358 1179/813/358 1178/792/358
f 1179/813/3682 1209/808/3682 1208/790/3682
f 2657/2551/3683 1179/813/3683 1210/814/3683
f 1179/813/3684 2666/2560/3684 1219/826/3684
f 1180/2561/3685 1219/826/3685 1220/827/3685
f 1219/826/3686 2667/2562/3686 1220/827/3686
f 1179/813/3687 1219/826/3687 1180/2561/3687
f 1220/827/3688 2668/2563/3688 1180/2561/3688
f 1180/2561/3689 2659/2564/3689 1211/815/3689
f 2658/2552/3690 1210/814/3690 1211/815/3690
f 1211/815/3687 1179/813/3687 1180/2561/3687
f 2651/2554/3691 1175/2553/3691 1204/2555/3691
f 1175/2553/3692 2658/2552/3692 1211/815/3692
f 1211/815/3693 2659/2564/3693 1212/2565/3693
f 1212/2565/3694 2660/2566/3694 1172/817/3694
f 1172/817/3695 2653/2567/3695 1205/816/3695
f 1212/2565/3696 1172/817/3696 1211/815/3696
f 1175/2553/3697 1211/815/3697 1205/816/3697
f 1204/2555/3698 1175/2553/3698 1205/816/3698
f 1205/816/3699 2652/2556/3699 1204/2555/3699
f 156/818/3700 2647/2558/3700 1169/2557/3700
f 1169/2557/3701 2652/2556/3701 1205/816/3701
f 1205/816/3702 2653/2567/3702 155/2568/3702
f 155/2568/3703 2386/2208/3703 864/523/3703
f 864/523/3704 2396/2197/3704 834/2196/3704
f 834/2196/3705 2385/2202/3705 156/818/3705
f 156/818/3706 1169/2557/3706 1205/816/3706
f 1205/816/3707 155/2568/3707 864/523/3707
f 864/523/3708 834/2196/3708 156/818/3708
f 150/819/3709 2641/1524/3709 1224/798/3709
f 1224/798/3710 2672/2543/3710 1182/796/3710
f 1182/796/3711 2640/2546/3711 149/812/3711
f 149/812/3712 2372/2168/3712 819/820/3712
f 819/820/3713 2371/2134/3713 818/2133/3713
f 818/2133/3714 2370/1523/3714 150/819/3714
f 150/819/3715 1224/798/3715 1182/796/3715
f 1182/796/3716 149/812/3716 819/820/3716
f 819/820/3717 818/2133/3717 150/819/3717
f 1183/823/3718 2674/2545/3718 1227/833/3718
f 1227/833/3719 2675/2569/3719 1228/836/3719
f 1228/836/3720 2676/2570/3720 1184/2571/3720
f 1184/2571/3721 2665/2559/3721 1217/821/3721
f 1217/821/3722 2664/2541/3722 1216/822/3722
f 1216/822/3723 2663/2540/3723 1183/823/3723
f 1183/823/3724 1227/833/3724 1184/2571/3724
f 1227/833/3725 1228/836/3725 1184/2571/3725
f 1184/2571/3724 1217/821/3724 1183/823/3724
f 2665/2559/3726 1184/2571/3726 1218/824/3726
f 1184/2571/3727 2676/2570/3727 1229/825/3727
f 1229/825/3728 2677/2572/3728 1230/838/3728
f 1184/2571/3729 1229/825/3729 1218/824/3729
f 2666/2560/3730 1218/824/3730 1219/826/3730
f 2667/2562/3731 1219/826/3731 1185/828/3731
f 1185/828/3732 1230/838/3732 2678/2573/3732
f 1229/825/364 1230/838/364 1219/826/364
f 1219/826/3733 1230/838/3733 1185/828/3733
f 2667/2562/3734 1185/828/3734 1220/827/3734
f 1185/828/3735 2678/2573/3735 1231/840/3735
f 1231/840/3736 2679/2574/3736 1232/842/3736
f 1185/828/3737 1231/840/3737 1232/842/3737
f 2668/2563/3738 1220/827/3738 1221/2575/3738
f 1221/2575/3739 1220/827/3739 1186/829/3739
f 1186/829/3740 2669/2576/3740 1221/2575/3740
f 1185/828/365 1232/842/365 1186/829/365
f 1232/842/3741 2680/2577/3741 1186/829/3741
f 2659/2564/3742 1180/2561/3742 1212/2565/3742
f 1180/2561/3743 2668/2563/3743 1221/2575/3743
f 1212/2565/3744 1180/2561/3744 1213/832/3744
f 1221/2575/3745 2669/2576/3745 1222/2578/3745
f 1222/2578/3746 2670/2579/3746 1176/830/3746
f 1221/2575/3747 1222/2578/3747 1176/830/3747
f 1180/2561/3748 1221/2575/3748 1176/830/3748
f 1213/832/3749 1180/2561/3749 1176/830/3749
f 1213/832/3750 2660/2566/3750 1212/2565/3750
f 155/2568/3751 2653/2567/3751 1172/817/3751
f 1172/817/3752 2660/2566/3752 1213/832/3752
f 1213/832/3753 2661/831/3753 154/2580/3753
f 154/2580/3754 2387/2212/3754 870/528/3754
f 870/528/3755 2402/2203/3755 837/524/3755
f 837/524/3756 2386/2208/3756 155/2568/3756
f 155/2568/3757 1172/817/3757 837/524/3757
f 1172/817/367 1213/832/367 870/528/367
f 1213/832/3758 154/2580/3758 870/528/3758
f 1189/835/3759 2686/2548/3759 1239/1161/3759
f 1239/1161/3760 2687/2581/3760 1240/2582/3760
f 1240/2582/3761 2688/2583/3761 1190/2584/3761
f 1190/2584/3762 2675/2569/3762 1227/833/3762
f 1227/833/3763 2674/2545/3763 1226/834/3763
f 1226/834/3764 2673/2544/3764 1189/835/3764
f 1189/835/3765 1239/1161/3765 1227/833/3765
f 1239/1161/3766 1240/2582/3766 1190/2584/3766
f 1227/833/3767 1239/1161/3767 1190/2584/3767
f 1190/2584/3768 2688/2583/3768 1241/837/3768
f 1241/837/3769 2689/2585/3769 1242/1184/3769
f 1242/1184/3770 2690/2586/3770 1191/2587/3770
f 1191/2587/3771 2677/2572/3771 1229/825/3771
f 1229/825/3772 2676/2570/3772 1228/836/3772
f 1228/836/3773 2675/2569/3773 1190/2584/3773
f 1190/2584/3774 1241/837/3774 1228/836/3774
f 1241/837/3775 1242/1184/3775 1229/825/3775
f 1242/1184/3776 1191/2587/3776 1229/825/3776
f 2677/2572/3777 1191/2587/3777 1230/838/3777
f 1191/2587/3778 2690/2586/3778 1243/1183/3778
f 1243/1183/3779 2691/2588/3779 1244/839/3779
f 1191/2587/3780 1243/1183/3780 1230/838/3780
f 2678/2573/3781 1230/838/3781 1231/840/3781
f 2679/2574/3782 1231/840/3782 1192/2589/3782
f 1192/2589/3783 1231/840/3783 1244/839/3783
f 1244/839/3784 2692/2590/3784 1192/2589/3784
f 1230/838/3785 1243/1183/3785 1244/839/3785
f 2679/2574/3786 1192/2589/3786 1232/842/3786
f 1192/2589/3787 2692/2590/3787 1245/1198/3787
f 1245/1198/3788 2693/2591/3788 1246/843/3788
f 1192/2589/3789 1245/1198/3789 1246/843/3789
f 1232/842/3790 1192/2589/3790 1246/843/3790
f 2680/2577/3791 1232/842/3791 1233/2592/3791
f 2681/2593/3792 1233/2592/3792 1193/841/3792
f 1193/841/3793 1233/2592/3793 1232/842/3793
f 1246/843/3794 2694/2594/3794 1193/841/3794
f 2669/2576/3795 1186/829/3795 1222/2578/3795
f 1186/829/3796 2680/2577/3796 1233/2592/3796
f 1222/2578/3797 1186/829/3797 1181/845/3797
f 1233/2592/3798 2681/2593/3798 1234/844/3798
f 1234/844/3799 2682/2595/3799 1181/845/3799
f 1233/2592/3800 1234/844/3800 1186/829/3800
f 1222/2578/3801 1181/845/3801 1223/2596/3801
f 1223/2596/3802 2670/2579/3802 1222/2578/3802
f 1181/845/3803 2671/2597/3803 1223/2596/3803
f 2387/2212/3804 154/2580/3804 841/526/3804
f 154/2580/3805 2661/831/3805 1176/830/3805
f 1176/830/3806 2670/2579/3806 1223/2596/3806
f 1223/2596/3807 2671/2597/3807 153/846/3807
f 153/846/3808 2388/2216/3808 878/530/3808
f 1223/2596/3809 153/846/3809 1176/830/3809
f 154/2580/3810 1176/830/3810 841/526/3810
f 2410/2209/3811 841/526/3811 878/530/3811
f 153/846/3812 841/526/3812 1176/830/3812
f 2389/2219/3813 152/854/3813 852/534/3813
f 152/854/3814 2683/2598/3814 1187/850/3814
f 1187/850/3815 2696/2599/3815 1249/1200/3815
f 152/854/3816 151/847/3816 852/534/3816
f 1249/1200/3817 2697/2600/3817 151/847/3817
f 151/847/3818 1934/1510/3818 900/848/3818
f 1249/1200/3819 151/847/3819 1187/850/3819
f 152/854/3820 1187/850/3820 151/847/3820
f 2432/1508/3821 852/534/3821 900/848/3821
f 2681/2593/3822 1193/841/3822 1234/844/3822
f 1193/841/3823 2694/2594/3823 1247/1208/3823
f 1234/844/3824 1193/841/3824 1187/850/3824
f 1247/1208/3825 2695/2601/3825 1248/1201/3825
f 1248/1201/3826 2696/2599/3826 1187/850/3826
f 1247/1208/3827 1248/1201/3827 1193/841/3827
f 1187/850/3824 1193/841/3824 1248/1201/3824
f 1235/849/3828 2682/2595/3828 1234/844/3828
f 1187/850/3829 2683/2598/3829 1235/849/3829
f 2699/2602/3830 1252/2603/3830 1278/2604/3830
f 1252/2603/3831 2707/2605/3831 1281/855/3831
f 1278/2604/3832 1252/2603/3832 1281/855/3832
f 1281/855/3833 2708/2606/3833 1282/853/3833
f 1278/2604/3834 1282/853/3834 1279/852/3834
f 1282/853/3835 2709/880/3835 1251/851/3835
f 1281/855/3834 1282/853/3834 1278/2604/3834
f 1251/851/3836 2706/2278/3836 1279/852/3836
f 1279/852/3837 2705/2277/3837 1278/2604/3837
f 2388/2216/3838 153/846/3838 846/531/3838
f 153/846/3839 2671/2597/3839 1181/845/3839
f 1181/845/3840 2682/2595/3840 1235/849/3840
f 1235/849/3841 2683/2598/3841 152/854/3841
f 152/854/3842 2389/2219/3842 888/533/3842
f 1235/849/3843 152/854/3843 1181/845/3843
f 153/846/3844 1181/845/3844 846/531/3844
f 2420/2213/3845 846/531/3845 888/533/3845
f 152/854/3846 846/531/3846 1181/845/3846
f 1254/2607/3847 2711/2608/3847 1285/2609/3847
f 1285/2609/3848 2712/2610/3848 1286/857/3848
f 1286/857/3849 2713/2611/3849 1255/2612/3849
f 1255/2612/3850 2708/2606/3850 1281/855/3850
f 1281/855/3851 2707/2605/3851 1280/856/3851
f 1280/856/3852 2700/2613/3852 1254/2607/3852
f 1254/2607/3853 1285/2609/3853 1280/856/3853
f 1285/2609/3854 1286/857/3854 1280/856/3854
f 1286/857/3855 1255/2612/3855 1281/855/3855
f 1257/859/3856 2717/2614/3856 1291/2615/3856
f 1291/2615/3857 2718/2616/3857 1292/860/3857
f 1292/860/3858 2719/2617/3858 1258/2618/3858
f 1258/2618/3859 2712/2610/3859 1285/2609/3859
f 1285/2609/3860 2711/2608/3860 1284/858/3860
f 1284/858/3861 2701/2619/3861 1257/859/3861
f 1257/859/3862 1291/2615/3862 1292/860/3862
f 1292/860/3863 1258/2618/3863 1284/858/3863
f 1258/2618/3864 1285/2609/3864 1284/858/3864
f 1261/861/3865 2725/2620/3865 1299/864/3865
f 1299/864/3866 2726/2621/3866 1300/892/3866
f 1300/892/3867 2727/2622/3867 1262/862/3867
f 1262/862/3868 2718/2616/3868 1291/2615/3868
f 1291/2615/3869 2717/2614/3869 1290/863/3869
f 1290/863/3870 2702/2623/3870 1261/861/3870
f 1261/861/3871 1299/864/3871 1300/892/3871
f 1300/892/3872 1262/862/3872 1261/861/3872
f 1262/862/3873 1291/2615/3873 1290/863/3873
f 1266/866/3874 2735/2624/3874 1309/867/3874
f 1309/867/3875 2736/2625/3875 1310/904/3875
f 1310/904/3876 2737/2626/3876 1267/893/3876
f 1267/893/3877 2726/2621/3877 1299/864/3877
f 1299/864/3878 2725/2620/3878 1298/865/3878
f 1298/865/3879 2703/2627/3879 1266/866/3879
f 1266/866/3880 1309/867/3880 1267/893/3880
f 1309/867/3881 1310/904/3881 1267/893/3881
f 1267/893/3882 1299/864/3882 1266/866/3882
f 1272/30/3883 2747/1506/3883 1321/26/3883
f 1321/26/3884 2748/1505/3884 1322/2628/3884
f 1322/2628/3885 2749/2629/3885 1273/905/3885
f 1273/905/3886 2736/2625/3886 1309/867/3886
f 1309/867/3887 2735/2624/3887 1308/868/3887
f 1308/868/3888 2704/1512/3888 1272/30/3888
f 1272/30/3889 1321/26/3889 1273/905/3889
f 1321/26/3890 1322/2628/3890 1273/905/3890
f 1273/905/3889 1309/867/3889 1272/30/3889
f 2441/2261/3891 132/873/3891 910/572/3891
f 132/873/3892 2700/2613/3892 1280/856/3892
f 1280/856/3893 2707/2605/3893 1252/2603/3893
f 1252/2603/3894 2699/2602/3894 131/869/3894
f 131/869/3895 2443/2268/3895 911/870/3895
f 1252/2603/3896 131/869/3896 1280/856/3896
f 132/873/3897 1280/856/3897 910/572/3897
f 2442/2264/3898 910/572/3898 911/870/3898
f 131/869/3899 910/572/3899 1280/856/3899
f 2380/2185/3900 145/799/3900 828/872/3900
f 145/799/3901 2636/2521/3901 1194/780/3901
f 1194/780/3902 2642/2194/3902 1166/2193/3902
f 145/799/3903 144/516/3903 828/872/3903
f 1166/2193/3904 2635/784/3904 144/516/3904
f 144/516/3905 2382/515/3905 829/871/3905
f 1166/2193/3906 144/516/3906 1194/780/3906
f 145/799/3907 1194/780/3907 144/516/3907
f 2381/2186/3908 828/872/3908 829/871/3908
f 2439/2258/3909 133/2630/3909 908/569/3909
f 133/2630/3910 2701/2619/3910 1284/858/3910
f 1284/858/3911 2711/2608/3911 1254/2607/3911
f 1254/2607/3912 2700/2613/3912 132/873/3912
f 132/873/3913 2441/2261/3913 909/874/3913
f 1254/2607/3914 132/873/3914 1284/858/3914
f 133/2630/3915 1284/858/3915 908/569/3915
f 2440/2260/3916 908/569/3916 909/874/3916
f 132/873/3917 908/569/3917 1284/858/3917
f 134/2631/3918 2702/2623/3918 1290/863/3918
f 1290/863/3919 2717/2614/3919 1257/859/3919
f 1257/859/3920 2701/2619/3920 133/2630/3920
f 133/2630/3921 2439/2258/3921 907/875/3921
f 907/875/3922 2438/2256/3922 906/876/3922
f 906/876/3923 2437/2255/3923 134/2631/3923
f 134/2631/3924 1290/863/3924 906/876/3924
f 1290/863/386 1257/859/386 906/876/386
f 1257/859/3925 133/2630/3925 907/875/3925
f 1258/2618/3926 2719/2617/3926 1293/878/3926
f 1293/878/3927 2720/2632/3927 1294/884/3927
f 1294/884/3928 2721/2633/3928 1259/2634/3928
f 1259/2634/3929 2714/2635/3929 1287/877/3929
f 1287/877/3930 2713/2611/3930 1286/857/3930
f 1286/857/3931 2712/2610/3931 1258/2618/3931
f 1258/2618/3932 1293/878/3932 1286/857/3932
f 1293/878/387 1294/884/387 1287/877/387
f 1294/884/3933 1259/2634/3933 1287/877/3933
f 2708/2606/3934 1255/2612/3934 1282/853/3934
f 1255/2612/3935 2713/2611/3935 1287/877/3935
f 1287/877/3936 2714/2635/3936 1288/2636/3936
f 1288/2636/3937 2715/2637/3937 1253/2638/3937
f 1253/2638/3938 2710/2639/3938 1283/879/3938
f 1288/2636/3939 1253/2638/3939 1283/879/3939
f 1287/877/3940 1288/2636/3940 1283/879/3940
f 1255/2612/3941 1287/877/3941 1282/853/3941
f 1282/853/3942 1287/877/3942 1283/879/3942
f 143/881/3943 2706/2278/3943 1251/851/3943
f 1251/851/3944 2709/880/3944 1283/879/3944
f 1283/879/3945 2710/2639/3945 142/2640/3945
f 142/2640/3946 2448/2286/3946 944/587/3946
f 944/587/3947 2455/2273/3947 916/2272/3947
f 916/2272/3948 2447/2271/3948 143/881/3948
f 143/881/3949 1251/851/3949 1283/879/3949
f 1283/879/3950 142/2640/3950 944/587/3950
f 944/587/3951 916/2272/3951 143/881/3951
f 135/882/3952 2703/2627/3952 1298/865/3952
f 1298/865/3953 2725/2620/3953 1261/861/3953
f 1261/861/3954 2702/2623/3954 134/2631/3954
f 134/2631/3955 2437/2255/3955 905/567/3955
f 905/567/3956 2436/2253/3956 904/2252/3956
f 904/2252/3957 2435/2251/3957 135/882/3957
f 135/882/3958 1298/865/3958 1261/861/3958
f 1261/861/3959 134/2631/3959 905/567/3959
f 905/567/3960 904/2252/3960 135/882/3960
f 1262/862/3961 2727/2622/3961 1301/891/3961
f 1301/891/3962 2728/2641/3962 1302/894/3962
f 1302/894/3963 2729/2642/3963 1263/883/3963
f 1263/883/3964 2720/2632/3964 1293/878/3964
f 1293/878/3965 2719/2617/3965 1292/860/3965
f 1292/860/3966 2718/2616/3966 1262/862/3966
f 1262/862/3967 1301/891/3967 1302/894/3967
f 1302/894/391 1263/883/391 1262/862/391
f 1263/883/3968 1293/878/3968 1292/860/3968
f 2720/2632/3969 1263/883/3969 1294/884/3969
f 1263/883/3970 2729/2642/3970 1303/896/3970
f 1264/2643/3971 1303/896/3971 1304/897/3971
f 1303/896/3972 2730/2644/3972 1304/897/3972
f 1263/883/3973 1303/896/3973 1264/2643/3973
f 1304/897/3974 2731/2645/3974 1264/2643/3974
f 1264/2643/3975 2722/2646/3975 1295/885/3975
f 2721/2633/3976 1294/884/3976 1295/885/3976
f 1295/885/3973 1263/883/3973 1264/2643/3973
f 2714/2635/3977 1259/2634/3977 1288/2636/3977
f 1259/2634/3978 2721/2633/3978 1295/885/3978
f 1295/885/3979 2722/2646/3979 1296/2647/3979
f 1296/2647/3980 2723/2648/3980 1256/887/3980
f 1256/887/3981 2716/2649/3981 1289/886/3981
f 1296/2647/3982 1256/887/3982 1295/885/3982
f 1259/2634/3983 1295/885/3983 1289/886/3983
f 1288/2636/3984 1259/2634/3984 1289/886/3984
f 1289/886/3985 2715/2637/3985 1288/2636/3985
f 142/888/3986 2710/2639/3986 1253/2638/3986
f 1253/2638/3987 2715/2637/3987 1289/886/3987
f 1289/886/3988 2716/2649/3988 141/2650/3988
f 141/2650/3989 2449/2292/3989 948/589/3989
f 948/589/3990 2459/2281/3990 918/2280/3990
f 918/2280/3991 2448/2286/3991 142/888/3991
f 142/888/3992 1253/2638/3992 1289/886/3992
f 1289/886/3993 141/2650/3993 948/589/3993
f 948/589/3994 918/2280/3994 142/888/3994
f 136/889/3995 2704/1512/3995 1308/868/3995
f 1308/868/3996 2735/2624/3996 1266/866/3996
f 1266/866/3997 2703/2627/3997 135/882/3997
f 135/882/3998 2435/2251/3998 903/890/3998
f 903/890/3999 2434/2218/3999 902/2217/3999
f 902/2217/4000 2433/1511/4000 136/889/4000
f 136/889/4001 1308/868/4001 1266/866/4001
f 1266/866/4002 135/882/4002 903/890/4002
f 903/890/4003 902/2217/4003 136/889/4003
f 1267/893/4004 2737/2626/4004 1311/903/4004
f 1311/903/4005 2738/2651/4005 1312/906/4005
f 1312/906/4006 2739/2652/4006 1268/2653/4006
f 1268/2653/4007 2728/2641/4007 1301/891/4007
f 1301/891/4008 2727/2622/4008 1300/892/4008
f 1300/892/4009 2726/2621/4009 1267/893/4009
f 1267/893/4010 1311/903/4010 1268/2653/4010
f 1311/903/4011 1312/906/4011 1268/2653/4011
f 1268/2653/4010 1301/891/4010 1267/893/4010
f 2728/2641/4012 1268/2653/4012 1302/894/4012
f 1268/2653/4013 2739/2652/4013 1313/895/4013
f 1313/895/4014 2740/2654/4014 1314/908/4014
f 1268/2653/4015 1313/895/4015 1302/894/4015
f 2729/2642/4016 1302/894/4016 1303/896/4016
f 2730/2644/4017 1303/896/4017 1269/898/4017
f 1269/898/4018 1314/908/4018 2741/2655/4018
f 1313/895/397 1314/908/397 1303/896/397
f 1303/896/4019 1314/908/4019 1269/898/4019
f 2730/2644/4020 1269/898/4020 1304/897/4020
f 1269/898/4021 2741/2655/4021 1315/910/4021
f 1315/910/4022 2742/2656/4022 1316/912/4022
f 1269/898/4023 1315/910/4023 1316/912/4023
f 2731/2645/4024 1304/897/4024 1305/2657/4024
f 1305/2657/4025 1304/897/4025 1270/899/4025
f 1270/899/4026 2732/2658/4026 1305/2657/4026
f 1269/898/398 1316/912/398 1270/899/398
f 1316/912/4027 2743/2659/4027 1270/899/4027
f 2722/2646/4028 1264/2643/4028 1296/2647/4028
f 1264/2643/4029 2731/2645/4029 1305/2657/4029
f 1296/2647/4030 1264/2643/4030 1297/902/4030
f 1305/2657/4031 2732/2658/4031 1306/2660/4031
f 1306/2660/4032 2733/2661/4032 1260/900/4032
f 1305/2657/4033 1306/2660/4033 1260/900/4033
f 1264/2643/4034 1305/2657/4034 1260/900/4034
f 1297/902/4035 1264/2643/4035 1260/900/4035
f 1297/902/4036 2723/2648/4036 1296/2647/4036
f 141/2662/4037 2716/2649/4037 1256/887/4037
f 1256/887/4038 2723/2648/4038 1297/902/4038
f 1297/902/4039 2724/901/4039 140/2663/4039
f 140/2663/4040 2450/2296/4040 954/594/4040
f 954/594/4041 2465/2287/4041 921/590/4041
f 921/590/4042 2449/2292/4042 141/2662/4042
f 141/2662/4043 1256/887/4043 921/590/4043
f 1256/887/400 1297/902/400 954/594/400
f 1297/902/4044 140/2663/4044 954/594/4044
f 1273/905/4045 2749/2629/4045 1323/1237/4045
f 1323/1237/4046 2750/2664/4046 1324/2665/4046
f 1324/2665/4047 2751/2666/4047 1274/2667/4047
f 1274/2667/4048 2738/2651/4048 1311/903/4048
f 1311/903/4049 2737/2626/4049 1310/904/4049
f 1310/904/4050 2736/2625/4050 1273/905/4050
f 1273/905/4051 1323/1237/4051 1311/903/4051
f 1323/1237/4052 1324/2665/4052 1274/2667/4052
f 1311/903/4053 1323/1237/4053 1274/2667/4053
f 1274/2667/4054 2751/2666/4054 1325/907/4054
f 1325/907/4055 2752/2668/4055 1326/1260/4055
f 1326/1260/4056 2753/2669/4056 1275/2670/4056
f 1275/2670/4057 2740/2654/4057 1313/895/4057
f 1313/895/4058 2739/2652/4058 1312/906/4058
f 1312/906/4059 2738/2651/4059 1274/2667/4059
f 1274/2667/4060 1325/907/4060 1312/906/4060
f 1325/907/4061 1326/1260/4061 1313/895/4061
f 1326/1260/4062 1275/2670/4062 1313/895/4062
f 2740/2654/4063 1275/2670/4063 1314/908/4063
f 1275/2670/4064 2753/2669/4064 1327/1259/4064
f 1327/1259/4065 2754/2671/4065 1328/909/4065
f 1275/2670/4066 1327/1259/4066 1314/908/4066
f 2741/2655/4067 1314/908/4067 1315/910/4067
f 2742/2656/4068 1315/910/4068 1276/2672/4068
f 1276/2672/4069 1315/910/4069 1328/909/4069
f 1328/909/4070 2755/2673/4070 1276/2672/4070
f 1314/908/4071 1327/1259/4071 1328/909/4071
f 2742/2656/4072 1276/2672/4072 1316/912/4072
f 1276/2672/4073 2755/2673/4073 1329/1275/4073
f 1329/1275/4074 2756/2674/4074 1330/913/4074
f 1276/2672/4075 1329/1275/4075 1330/913/4075
f 1316/912/4076 1276/2672/4076 1330/913/4076
f 2743/2659/4077 1316/912/4077 1317/2675/4077
f 2744/2676/4078 1317/2675/4078 1277/911/4078
f 1277/911/4079 1317/2675/4079 1316/912/4079
f 1330/913/4080 2757/2677/4080 1277/911/4080
f 2732/2658/4081 1270/899/4081 1306/2660/4081
f 1270/899/4082 2743/2659/4082 1317/2675/4082
f 1306/2660/4083 1270/899/4083 1265/915/4083
f 1317/2675/4084 2744/2676/4084 1318/914/4084
f 1318/914/4085 2745/2678/4085 1265/915/4085
f 1317/2675/4086 1318/914/4086 1270/899/4086
f 1306/2660/4087 1265/915/4087 1307/2679/4087
f 1307/2679/4088 2733/2661/4088 1306/2660/4088
f 1265/915/4089 2734/2680/4089 1307/2679/4089
f 2450/2296/4090 140/2681/4090 925/592/4090
f 140/2681/4091 2724/901/4091 1260/900/4091
f 1260/900/4092 2733/2661/4092 1307/2679/4092
f 1307/2679/4093 2734/2680/4093 139/916/4093
f 139/916/4094 2451/2300/4094 962/596/4094
f 1307/2679/4095 139/916/4095 1260/900/4095
f 140/2681/4096 1260/900/4096 925/592/4096
f 2473/2293/4097 925/592/4097 962/596/4097
f 139/916/4098 925/592/4098 1260/900/4098
f 2452/2303/4099 138/2682/4099 936/600/4099
f 138/2682/4100 2746/2683/4100 1271/920/4100
f 1271/920/4101 2759/2684/4101 1333/1277/4101
f 138/2682/4102 137/917/4102 936/600/4102
f 1333/1277/4103 2760/2685/4103 137/917/4103
f 137/917/4104 1933/1498/4104 984/918/4104
f 1333/1277/4105 137/917/4105 1271/920/4105
f 138/2682/4106 1271/920/4106 137/917/4106
f 2495/1496/4107 936/600/4107 984/918/4107
f 2744/2676/4108 1277/911/4108 1318/914/4108
f 1277/911/4109 2757/2677/4109 1331/1285/4109
f 1318/914/4110 1277/911/4110 1271/920/4110
f 1331/1285/4111 2758/2686/4111 1332/1278/4111
f 1332/1278/4112 2759/2684/4112 1271/920/4112
f 1331/1285/4113 1332/1278/4113 1277/911/4113
f 1271/920/4110 1277/911/4110 1332/1278/4110
f 1319/919/4114 2745/2678/4114 1318/914/4114
f 1271/920/4115 2746/2683/4115 1319/919/4115
f 2762/2687/4116 1336/2688/4116 1362/2689/4116
f 1336/2688/4117 2770/2690/4117 1365/925/4117
f 1362/2689/4118 1336/2688/4118 1365/925/4118
f 1365/925/4119 2771/2691/4119 1366/923/4119
f 1362/2689/4120 1366/923/4120 1363/922/4120
f 1366/923/4121 2772/951/4121 1335/921/4121
f 1365/925/4120 1366/923/4120 1362/2689/4120
f 1335/921/4122 2769/2362/4122 1363/922/4122
f 1363/922/4123 2768/2361/4123 1362/2689/4123
f 2451/2300/4124 139/2692/4124 930/597/4124
f 139/2692/4125 2734/2680/4125 1265/915/4125
f 1265/915/4126 2745/2678/4126 1319/919/4126
f 1319/919/4127 2746/2683/4127 138/924/4127
f 138/924/4128 2452/2303/4128 972/599/4128
f 1319/919/4129 138/924/4129 1265/915/4129
f 139/2692/4130 1265/915/4130 930/597/4130
f 2483/2297/4131 930/597/4131 972/599/4131
f 138/924/4132 930/597/4132 1265/915/4132
f 1338/2693/4133 2774/2694/4133 1369/2695/4133
f 1369/2695/4134 2775/2696/4134 1370/927/4134
f 1370/927/4135 2776/2697/4135 1339/2698/4135
f 1339/2698/4136 2771/2691/4136 1365/925/4136
f 1365/925/4137 2770/2690/4137 1364/926/4137
f 1364/926/4138 2763/2699/4138 1338/2693/4138
f 1338/2693/4139 1369/2695/4139 1364/926/4139
f 1369/2695/4140 1370/927/4140 1364/926/4140
f 1370/927/4141 1339/2698/4141 1365/925/4141
f 1341/929/4142 2780/2700/4142 1375/2701/4142
f 1375/2701/4143 2781/2702/4143 1376/930/4143
f 1376/930/4144 2782/2703/4144 1342/2704/4144
f 1342/2704/4145 2775/2696/4145 1369/2695/4145
f 1369/2695/4146 2774/2694/4146 1368/928/4146
f 1368/928/4147 2764/2705/4147 1341/929/4147
f 1341/929/4148 1375/2701/4148 1376/930/4148
f 1376/930/4149 1342/2704/4149 1368/928/4149
f 1342/2704/4150 1369/2695/4150 1368/928/4150
f 1345/931/4151 2788/2706/4151 1383/934/4151
f 1383/934/4152 2789/2707/4152 1384/963/4152
f 1384/963/4153 2790/2708/4153 1346/932/4153
f 1346/932/4154 2781/2702/4154 1375/2701/4154
f 1375/2701/4155 2780/2700/4155 1374/933/4155
f 1374/933/4156 2765/2709/4156 1345/931/4156
f 1345/931/4157 1383/934/4157 1384/963/4157
f 1384/963/4158 1346/932/4158 1345/931/4158
f 1346/932/4159 1375/2701/4159 1374/933/4159
f 1350/936/4160 2798/2710/4160 1393/937/4160
f 1393/937/4161 2799/2711/4161 1394/975/4161
f 1394/975/4162 2800/2712/4162 1351/964/4162
f 1351/964/4163 2789/2707/4163 1383/934/4163
f 1383/934/4164 2788/2706/4164 1382/935/4164
f 1382/935/4165 2766/2713/4165 1350/936/4165
f 1350/936/4166 1393/937/4166 1351/964/4166
f 1393/937/4167 1394/975/4167 1351/964/4167
f 1351/964/4168 1383/934/4168 1350/936/4168
f 1356/25/4169 2810/1494/4169 1405/21/4169
f 1405/21/4170 2811/1493/4170 1406/2714/4170
f 1406/2714/4171 2812/2715/4171 1357/976/4171
f 1357/976/4172 2799/2711/4172 1393/937/4172
f 1393/937/4173 2798/2710/4173 1392/938/4173
f 1392/938/4174 2767/1500/4174 1356/25/4174
f 1356/25/4175 1405/21/4175 1357/976/4175
f 1405/21/4176 1406/2714/4176 1357/976/4176
f 1357/976/4175 1393/937/4175 1356/25/4175
f 2504/2345/4177 118/944/4177 994/638/4177
f 118/944/4178 2763/2699/4178 1364/926/4178
f 1364/926/4179 2770/2690/4179 1336/2688/4179
f 1336/2688/4180 2762/2687/4180 117/939/4180
f 117/939/4181 2506/2352/4181 995/940/4181
f 1336/2688/4182 117/939/4182 1364/926/4182
f 118/944/4183 1364/926/4183 994/638/4183
f 2505/2348/4184 994/638/4184 995/940/4184
f 117/939/4185 994/638/4185 1364/926/4185
f 2443/2268/4186 131/869/4186 912/943/4186
f 131/869/4187 2699/2602/4187 1278/2604/4187
f 1278/2604/4188 2705/2277/4188 1250/2276/4188
f 131/869/4189 130/941/4189 912/943/4189
f 1250/2276/4190 2698/1860/4190 130/941/4190
f 130/941/4191 2445/1859/4191 913/942/4191
f 1250/2276/4192 130/941/4192 1278/2604/4192
f 131/869/4193 1278/2604/4193 130/941/4193
f 2444/2269/4194 912/943/4194 913/942/4194
f 2502/2342/4195 119/2716/4195 992/635/4195
f 119/2716/4196 2764/2705/4196 1368/928/4196
f 1368/928/4197 2774/2694/4197 1338/2693/4197
f 1338/2693/4198 2763/2699/4198 118/944/4198
f 118/944/4199 2504/2345/4199 993/945/4199
f 1338/2693/4200 118/944/4200 1368/928/4200
f 119/2716/4201 1368/928/4201 992/635/4201
f 2503/2344/4202 992/635/4202 993/945/4202
f 118/944/4203 992/635/4203 1368/928/4203
f 120/2717/4204 2765/2709/4204 1374/933/4204
f 1374/933/4205 2780/2700/4205 1341/929/4205
f 1341/929/4206 2764/2705/4206 119/2716/4206
f 119/2716/4207 2502/2342/4207 991/946/4207
f 991/946/4208 2501/2340/4208 990/947/4208
f 990/947/4209 2500/2339/4209 120/2717/4209
f 120/2717/4210 1374/933/4210 990/947/4210
f 1374/933/419 1341/929/419 990/947/419
f 1341/929/4211 119/2716/4211 991/946/4211
f 1342/2704/4212 2782/2703/4212 1377/949/4212
f 1377/949/4213 2783/2718/4213 1378/955/4213
f 1378/955/4214 2784/2719/4214 1343/2720/4214
f 1343/2720/4215 2777/2721/4215 1371/948/4215
f 1371/948/4216 2776/2697/4216 1370/927/4216
f 1370/927/4217 2775/2696/4217 1342/2704/4217
f 1342/2704/4218 1377/949/4218 1370/927/4218
f 1377/949/420 1378/955/420 1371/948/420
f 1378/955/4219 1343/2720/4219 1371/948/4219
f 2771/2691/4220 1339/2698/4220 1366/923/4220
f 1339/2698/4221 2776/2697/4221 1371/948/4221
f 1371/948/4222 2777/2721/4222 1372/2722/4222
f 1372/2722/4223 2778/2723/4223 1337/2724/4223
f 1337/2724/4224 2773/2725/4224 1367/950/4224
f 1372/2722/4225 1337/2724/4225 1367/950/4225
f 1371/948/4226 1372/2722/4226 1367/950/4226
f 1339/2698/4227 1371/948/4227 1366/923/4227
f 1366/923/4228 1371/948/4228 1367/950/4228
f 129/952/4229 2769/2362/4229 1335/921/4229
f 1335/921/4230 2772/951/4230 1367/950/4230
f 1367/950/4231 2773/2725/4231 128/959/4231
f 128/959/4232 2511/2369/4232 1028/652/4232
f 1028/652/4233 2518/2357/4233 1000/2356/4233
f 1000/2356/4234 2510/2355/4234 129/952/4234
f 129/952/4235 1335/921/4235 1367/950/4235
f 1367/950/4236 128/959/4236 1028/652/4236
f 1028/652/4237 1000/2356/4237 129/952/4237
f 121/953/4238 2766/2713/4238 1382/935/4238
f 1382/935/4239 2788/2706/4239 1345/931/4239
f 1345/931/4240 2765/2709/4240 120/2717/4240
f 120/2717/4241 2500/2339/4241 989/633/4241
f 989/633/4242 2499/2337/4242 988/2336/4242
f 988/2336/4243 2498/2335/4243 121/953/4243
f 121/953/4244 1382/935/4244 1345/931/4244
f 1345/931/4245 120/2717/4245 989/633/4245
f 989/633/4246 988/2336/4246 121/953/4246
f 1346/932/4247 2790/2708/4247 1385/962/4247
f 1385/962/4248 2791/2726/4248 1386/965/4248
f 1386/965/4249 2792/2727/4249 1347/954/4249
f 1347/954/4250 2783/2718/4250 1377/949/4250
f 1377/949/4251 2782/2703/4251 1376/930/4251
f 1376/930/4252 2781/2702/4252 1346/932/4252
f 1346/932/4253 1385/962/4253 1386/965/4253
f 1386/965/424 1347/954/424 1346/932/424
f 1347/954/4254 1377/949/4254 1376/930/4254
f 2783/2718/4255 1347/954/4255 1378/955/4255
f 1347/954/4256 2792/2727/4256 1387/967/4256
f 1348/2728/4257 1387/967/4257 1388/968/4257
f 1387/967/4258 2793/2729/4258 1388/968/4258
f 1347/954/4259 1387/967/4259 1348/2728/4259
f 1388/968/4260 2794/2730/4260 1348/2728/4260
f 1348/2728/4261 2785/2731/4261 1379/956/4261
f 2784/2719/4262 1378/955/4262 1379/956/4262
f 1379/956/4259 1347/954/4259 1348/2728/4259
f 2777/2721/4263 1343/2720/4263 1372/2722/4263
f 1343/2720/4264 2784/2719/4264 1379/956/4264
f 1379/956/4265 2785/2731/4265 1380/2732/4265
f 1380/2732/4266 2786/2733/4266 1340/958/4266
f 1340/958/4267 2779/2734/4267 1373/957/4267
f 1380/2732/4268 1340/958/4268 1379/956/4268
f 1343/2720/4269 1379/956/4269 1373/957/4269
f 1372/2722/4270 1343/2720/4270 1373/957/4270
f 1373/957/4271 2778/2723/4271 1372/2722/4271
f 128/959/4272 2773/2725/4272 1337/2724/4272
f 1337/2724/4273 2778/2723/4273 1373/957/4273
f 1373/957/4274 2779/2734/4274 127/2735/4274
f 127/2735/4275 2512/2375/4275 1032/654/4275
f 1032/654/4276 2522/2364/4276 1002/2363/4276
f 1002/2363/4277 2511/2369/4277 128/959/4277
f 128/959/4278 1337/2724/4278 1373/957/4278
f 1373/957/4279 127/2735/4279 1032/654/4279
f 1032/654/4280 1002/2363/4280 128/959/4280
f 122/960/4281 2767/1500/4281 1392/938/4281
f 1392/938/4282 2798/2710/4282 1350/936/4282
f 1350/936/4283 2766/2713/4283 121/953/4283
f 121/953/4284 2498/2335/4284 987/961/4284
f 987/961/4285 2497/2302/4285 986/2301/4285
f 986/2301/4286 2496/1499/4286 122/960/4286
f 122/960/4287 1392/938/4287 1350/936/4287
f 1350/936/4288 121/953/4288 987/961/4288
f 987/961/4289 986/2301/4289 122/960/4289
f 1351/964/4290 2800/2712/4290 1395/974/4290
f 1395/974/4291 2801/2736/4291 1396/977/4291
f 1396/977/4292 2802/2737/4292 1352/2738/4292
f 1352/2738/4293 2791/2726/4293 1385/962/4293
f 1385/962/4294 2790/2708/4294 1384/963/4294
f 1384/963/4295 2789/2707/4295 1351/964/4295
f 1351/964/4296 1395/974/4296 1352/2738/4296
f 1395/974/4297 1396/977/4297 1352/2738/4297
f 1352/2738/4296 1385/962/4296 1351/964/4296
f 2791/2726/4298 1352/2738/4298 1386/965/4298
f 1352/2738/4299 2802/2737/4299 1397/966/4299
f 1397/966/4300 2803/2739/4300 1398/979/4300
f 1352/2738/4301 1397/966/4301 1386/965/4301
f 2792/2727/4302 1386/965/4302 1387/967/4302
f 2793/2729/4303 1387/967/4303 1353/969/4303
f 1353/969/4304 1398/979/4304 2804/2740/4304
f 1397/966/430 1398/979/430 1387/967/430
f 1387/967/4305 1398/979/4305 1353/969/4305
f 2793/2729/4306 1353/969/4306 1388/968/4306
f 1353/969/4307 2804/2740/4307 1399/981/4307
f 1399/981/4308 2805/2741/4308 1400/983/4308
f 1353/969/4309 1399/981/4309 1400/983/4309
f 2794/2730/4310 1388/968/4310 1389/2742/4310
f 1389/2742/4311 1388/968/4311 1354/970/4311
f 1354/970/4312 2795/2743/4312 1389/2742/4312
f 1353/969/431 1400/983/431 1354/970/431
f 1400/983/4313 2806/2744/4313 1354/970/4313
f 2785/2731/4314 1348/2728/4314 1380/2732/4314
f 1348/2728/4315 2794/2730/4315 1389/2742/4315
f 1380/2732/4316 1348/2728/4316 1381/973/4316
f 1389/2742/4317 2795/2743/4317 1390/2745/4317
f 1390/2745/4318 2796/2746/4318 1344/971/4318
f 1389/2742/4319 1390/2745/4319 1344/971/4319
f 1348/2728/4320 1389/2742/4320 1344/971/4320
f 1381/973/4321 1348/2728/4321 1344/971/4321
f 1381/973/4322 2786/2733/4322 1380/2732/4322
f 127/2735/4323 2779/2734/4323 1340/958/4323
f 1340/958/4324 2786/2733/4324 1381/973/4324
f 1381/973/4325 2787/972/4325 126/2747/4325
f 126/2747/4326 2513/2379/4326 1038/659/4326
f 1038/659/4327 2528/2370/4327 1005/655/4327
f 1005/655/4328 2512/2375/4328 127/2735/4328
f 127/2735/4329 1340/958/4329 1005/655/4329
f 1340/958/433 1381/973/433 1038/659/433
f 1381/973/4330 126/2747/4330 1038/659/4330
f 1357/976/4331 2812/2715/4331 1407/1384/4331
f 1407/1384/4332 2813/2748/4332 1408/2749/4332
f 1408/2749/4333 2814/2750/4333 1358/2751/4333
f 1358/2751/4334 2801/2736/4334 1395/974/4334
f 1395/974/4335 2800/2712/4335 1394/975/4335
f 1394/975/4336 2799/2711/4336 1357/976/4336
f 1357/976/4337 1407/1384/4337 1395/974/4337
f 1407/1384/4338 1408/2749/4338 1358/2751/4338
f 1395/974/4339 1407/1384/4339 1358/2751/4339
f 1358/2751/4340 2814/2750/4340 1409/978/4340
f 1409/978/4341 2815/2752/4341 1410/1407/4341
f 1410/1407/4342 2816/2753/4342 1359/2754/4342
f 1359/2754/4343 2803/2739/4343 1397/966/4343
f 1397/966/4344 2802/2737/4344 1396/977/4344
f 1396/977/4345 2801/2736/4345 1358/2751/4345
f 1358/2751/4346 1409/978/4346 1396/977/4346
f 1409/978/4347 1410/1407/4347 1397/966/4347
f 1410/1407/4348 1359/2754/4348 1397/966/4348
f 2803/2739/4349 1359/2754/4349 1398/979/4349
f 1359/2754/4350 2816/2753/4350 1411/1406/4350
f 1411/1406/4351 2817/2755/4351 1412/980/4351
f 1359/2754/4352 1411/1406/4352 1398/979/4352
f 2804/2740/4353 1398/979/4353 1399/981/4353
f 2805/2741/4354 1399/981/4354 1360/2756/4354
f 1360/2756/4355 1399/981/4355 1412/980/4355
f 1412/980/4356 2818/2757/4356 1360/2756/4356
f 1398/979/4357 1411/1406/4357 1412/980/4357
f 2805/2741/4358 1360/2756/4358 1400/983/4358
f 1360/2756/4359 2818/2757/4359 1413/1421/4359
f 1413/1421/4360 2819/2758/4360 1414/984/4360
f 1360/2756/4361 1413/1421/4361 1414/984/4361
f 1400/983/4362 1360/2756/4362 1414/984/4362
f 2806/2744/4363 1400/983/4363 1401/2759/4363
f 2807/2760/4364 1401/2759/4364 1361/982/4364
f 1361/982/4365 1401/2759/4365 1400/983/4365
f 1414/984/4366 2820/2761/4366 1361/982/4366
f 2795/2743/4367 1354/970/4367 1390/2745/4367
f 1354/970/4368 2806/2744/4368 1401/2759/4368
f 1390/2745/4369 1354/970/4369 1349/986/4369
f 1401/2759/4370 2807/2760/4370 1402/985/4370
f 1402/985/4371 2808/2762/4371 1349/986/4371
f 1401/2759/4372 1402/985/4372 1354/970/4372
f 1390/2745/4373 1349/986/4373 1391/2763/4373
f 1391/2763/4374 2796/2746/4374 1390/2745/4374
f 1349/986/4375 2797/2764/4375 1391/2763/4375
f 2513/2379/4376 126/2747/4376 1009/657/4376
f 126/2747/4377 2787/972/4377 1344/971/4377
f 1344/971/4378 2796/2746/4378 1391/2763/4378
f 1391/2763/4379 2797/2764/4379 125/987/4379
f 125/987/4380 2514/2383/4380 1046/661/4380
f 1391/2763/4381 125/987/4381 1344/971/4381
f 126/2747/4382 1344/971/4382 1009/657/4382
f 2536/2376/4383 1009/657/4383 1046/661/4383
f 125/987/4384 1009/657/4384 1344/971/4384
f 2515/2386/4385 124/994/4385 1020/665/4385
f 124/994/4386 2809/2765/4386 1355/990/4386
f 1355/990/4387 2822/2766/4387 1417/1437/4387
f 124/994/4388 123/41/4388 1020/665/4388
f 1417/1437/4389 2823/1536/4389 123/41/4389
f 123/41/4390 1932/1486/4390 1068/988/4390
f 1417/1437/4391 123/41/4391 1355/990/4391
f 124/994/4392 1355/990/4392 123/41/4392
f 2558/1484/4393 1020/665/4393 1068/988/4393
f 2807/2760/4394 1361/982/4394 1402/985/4394
f 1361/982/4395 2820/2761/4395 1415/1440/4395
f 1402/985/4396 1361/982/4396 1355/990/4396
f 1415/1440/4397 2821/2767/4397 1416/1438/4397
f 1416/1438/4398 2822/2766/4398 1355/990/4398
f 1415/1440/4399 1416/1438/4399 1361/982/4399
f 1355/990/4396 1361/982/4396 1416/1438/4396
f 1403/989/4400 2808/2762/4400 1402/985/4400
f 1355/990/4401 2809/2765/4401 1403/989/4401
f 2825/2768/4402 1420/2769/4402 1446/2770/4402
f 1420/2769/4403 2833/2771/4403 1449/995/4403
f 1446/2770/4404 1420/2769/4404 1449/995/4404
f 1449/995/4405 2834/2772/4405 1450/993/4405
f 1446/2770/4406 1450/993/4406 1447/992/4406
f 1450/993/4407 2835/1021/4407 1419/991/4407
f 1449/995/4406 1450/993/4406 1446/2770/4406
f 1419/991/4408 2832/2028/4408 1447/992/4408
f 1447/992/4409 2831/2027/4409 1446/2770/4409
f 2514/2383/4410 125/987/4410 1014/662/4410
f 125/987/4411 2797/2764/4411 1349/986/4411
f 1349/986/4412 2808/2762/4412 1403/989/4412
f 1403/989/4413 2809/2765/4413 124/994/4413
f 124/994/4414 2515/2386/4414 1056/664/4414
f 1403/989/4415 124/994/4415 1349/986/4415
f 125/987/4416 1349/986/4416 1014/662/4416
f 2546/2380/4417 1014/662/4417 1056/664/4417
f 124/994/4418 1014/662/4418 1349/986/4418
f 1422/2773/4419 2837/2774/4419 1453/2775/4419
f 1453/2775/4420 2838/2776/4420 1454/997/4420
f 1454/997/4421 2839/2777/4421 1423/2778/4421
f 1423/2778/4422 2834/2772/4422 1449/995/4422
f 1449/995/4423 2833/2771/4423 1448/996/4423
f 1448/996/4424 2826/2779/4424 1422/2773/4424
f 1422/2773/4425 1453/2775/4425 1448/996/4425
f 1453/2775/4426 1454/997/4426 1448/996/4426
f 1454/997/4427 1423/2778/4427 1449/995/4427
f 1425/999/4428 2843/2780/4428 1459/2781/4428
f 1459/2781/4429 2844/2782/4429 1460/1000/4429
f 1460/1000/4430 2845/2783/4430 1426/2784/4430
f 1426/2784/4431 2838/2776/4431 1453/2775/4431
f 1453/2775/4432 2837/2774/4432 1452/998/4432
f 1452/998/4433 2827/2785/4433 1425/999/4433
f 1425/999/4434 1459/2781/4434 1460/1000/4434
f 1460/1000/4435 1426/2784/4435 1452/998/4435
f 1426/2784/4436 1453/2775/4436 1452/998/4436
f 1429/1001/4437 2851/2786/4437 1467/1004/4437
f 1467/1004/4438 2852/2787/4438 1468/1033/4438
f 1468/1033/4439 2853/2788/4439 1430/1002/4439
f 1430/1002/4440 2844/2782/4440 1459/2781/4440
f 1459/2781/4441 2843/2780/4441 1458/1003/4441
f 1458/1003/4442 2828/2789/4442 1429/1001/4442
f 1429/1001/4443 1467/1004/4443 1468/1033/4443
f 1468/1033/4444 1430/1002/4444 1429/1001/4444
f 1430/1002/4445 1459/2781/4445 1458/1003/4445
f 1434/1006/4446 2861/2790/4446 1477/1007/4446
f 1477/1007/4447 2862/2791/4447 1478/1045/4447
f 1478/1045/4448 2863/2792/4448 1435/1034/4448
f 1435/1034/4449 2852/2787/4449 1467/1004/4449
f 1467/1004/4450 2851/2786/4450 1466/1005/4450
f 1466/1005/4451 2829/2793/4451 1434/1006/4451
f 1434/1006/4452 1477/1007/4452 1435/1034/4452
f 1477/1007/4453 1478/1045/4453 1435/1034/4453
f 1435/1034/4454 1467/1004/4454 1434/1006/4454
f 1440/20/4455 2873/1464/4455 1489/1465/4455
f 1489/1465/4456 2874/1467/4456 1490/2794/4456
f 1490/2794/4457 2875/2795/4457 1441/1046/4457
f 1441/1046/4458 2862/2791/4458 1477/1007/4458
f 1477/1007/4459 2861/2790/4459 1476/1008/4459
f 1476/1008/4460 2830/1488/4460 1440/20/4460
f 1440/20/4461 1489/1465/4461 1441/1046/4461
f 1489/1465/4462 1490/2794/4462 1441/1046/4462
f 1441/1046/4461 1477/1007/4461 1440/20/4461
f 2567/2426/4463 104/1014/4463 1078/700/4463
f 104/1014/4464 2826/2779/4464 1448/996/4464
f 1448/996/4465 2833/2771/4465 1420/2769/4465
f 1420/2769/4466 2825/2768/4466 103/1009/4466
f 103/1009/4467 2569/2435/4467 1079/1010/4467
f 1420/2769/4468 103/1009/4468 1448/996/4468
f 104/1014/4469 1448/996/4469 1078/700/4469
f 2568/2429/4470 1078/700/4470 1079/1010/4470
f 103/1009/4471 1078/700/4471 1448/996/4471
f 2506/2352/4472 117/939/4472 996/1013/4472
f 117/939/4473 2762/2687/4473 1362/2689/4473
f 1362/2689/4474 2768/2361/4474 1334/2360/4474
f 117/939/4475 116/1011/4475 996/1013/4475
f 1334/2360/4476 2761/1947/4476 116/1011/4476
f 116/1011/4477 2508/1946/4477 997/1012/4477
f 1334/2360/4478 116/1011/4478 1362/2689/4478
f 117/939/4479 1362/2689/4479 116/1011/4479
f 2507/2353/4480 996/1013/4480 997/1012/4480
f 2565/2423/4481 105/2796/4481 1076/697/4481
f 105/2796/4482 2827/2785/4482 1452/998/4482
f 1452/998/4483 2837/2774/4483 1422/2773/4483
f 1422/2773/4484 2826/2779/4484 104/1014/4484
f 104/1014/4485 2567/2426/4485 1077/1015/4485
f 1422/2773/4486 104/1014/4486 1452/998/4486
f 105/2796/4487 1452/998/4487 1076/697/4487
f 2566/2425/4488 1076/697/4488 1077/1015/4488
f 104/1014/4489 1076/697/4489 1452/998/4489
f 106/2797/4490 2828/2789/4490 1458/1003/4490
f 1458/1003/4491 2843/2780/4491 1425/999/4491
f 1425/999/4492 2827/2785/4492 105/2796/4492
f 105/2796/4493 2565/2423/4493 1075/1016/4493
f 1075/1016/4494 2564/2421/4494 1074/1017/4494
f 1074/1017/4495 2563/2420/4495 106/2797/4495
f 106/2797/4496 1458/1003/4496 1074/1017/4496
f 1458/1003/452 1425/999/452 1074/1017/452
f 1425/999/4497 105/2796/4497 1075/1016/4497
f 1426/2784/4498 2845/2783/4498 1461/1019/4498
f 1461/1019/4499 2846/2798/4499 1462/1025/4499
f 1462/1025/4500 2847/2799/4500 1427/2800/4500
f 1427/2800/4501 2840/2801/4501 1455/1018/4501
f 1455/1018/4502 2839/2777/4502 1454/997/4502
f 1454/997/4503 2838/2776/4503 1426/2784/4503
f 1426/2784/4504 1461/1019/4504 1454/997/4504
f 1461/1019/453 1462/1025/453 1455/1018/453
f 1462/1025/4505 1427/2800/4505 1455/1018/4505
f 2834/2772/4506 1423/2778/4506 1450/993/4506
f 1423/2778/4507 2839/2777/4507 1455/1018/4507
f 1455/1018/4508 2840/2801/4508 1456/2802/4508
f 1456/2802/4509 2841/2803/4509 1421/2804/4509
f 1421/2804/4510 2836/2805/4510 1451/1020/4510
f 1456/2802/4511 1421/2804/4511 1451/1020/4511
f 1455/1018/4512 1456/2802/4512 1451/1020/4512
f 1423/2778/4513 1455/1018/4513 1450/993/4513
f 1450/993/4514 1455/1018/4514 1451/1020/4514
f 115/1022/4515 2832/2028/4515 1419/991/4515
f 1419/991/4516 2835/1021/4516 1451/1020/4516
f 1451/1020/4517 2836/2805/4517 114/1029/4517
f 114/1029/4518 2259/2035/4518 692/389/4518
f 692/389/4519 2266/2021/4519 664/2020/4519
f 664/2020/4520 2258/2019/4520 115/1022/4520
f 115/1022/4521 1419/991/4521 1451/1020/4521
f 1451/1020/4522 114/1029/4522 692/389/4522
f 692/389/4523 664/2020/4523 115/1022/4523
f 107/1023/4524 2829/2793/4524 1466/1005/4524
f 1466/1005/4525 2851/2786/4525 1429/1001/4525
f 1429/1001/4526 2828/2789/4526 106/2797/4526
f 106/2797/4527 2563/2420/4527 1073/695/4527
f 1073/695/4528 2562/2418/4528 1072/2417/4528
f 1072/2417/4529 2561/2416/4529 107/1023/4529
f 107/1023/4530 1466/1005/4530 1429/1001/4530
f 1429/1001/4531 106/2797/4531 1073/695/4531
f 1073/695/4532 1072/2417/4532 107/1023/4532
f 1430/1002/4533 2853/2788/4533 1469/1032/4533
f 1469/1032/4534 2854/2806/4534 1470/1035/4534
f 1470/1035/4535 2855/2807/4535 1431/1024/4535
f 1431/1024/4536 2846/2798/4536 1461/1019/4536
f 1461/1019/4537 2845/2783/4537 1460/1000/4537
f 1460/1000/4538 2844/2782/4538 1430/1002/4538
f 1430/1002/4539 1469/1032/4539 1470/1035/4539
f 1470/1035/457 1431/1024/457 1430/1002/457
f 1431/1024/4540 1461/1019/4540 1460/1000/4540
f 2846/2798/4541 1431/1024/4541 1462/1025/4541
f 1431/1024/4542 2855/2807/4542 1471/1037/4542
f 1432/2808/4543 1471/1037/4543 1472/1038/4543
f 1471/1037/4544 2856/2809/4544 1472/1038/4544
f 1431/1024/4545 1471/1037/4545 1432/2808/4545
f 1472/1038/4546 2857/2810/4546 1432/2808/4546
f 1432/2808/4547 2848/2811/4547 1463/1026/4547
f 2847/2799/4548 1462/1025/4548 1463/1026/4548
f 1463/1026/4545 1431/1024/4545 1432/2808/4545
f 2840/2801/4549 1427/2800/4549 1456/2802/4549
f 1427/2800/4550 2847/2799/4550 1463/1026/4550
f 1463/1026/4551 2848/2811/4551 1464/2812/4551
f 1464/2812/4552 2849/2813/4552 1424/1028/4552
f 1424/1028/4553 2842/2814/4553 1457/1027/4553
f 1464/2812/4554 1424/1028/4554 1463/1026/4554
f 1427/2800/4555 1463/1026/4555 1457/1027/4555
f 1456/2802/4556 1427/2800/4556 1457/1027/4556
f 1457/1027/4557 2841/2803/4557 1456/2802/4557
f 114/1029/4558 2836/2805/4558 1421/2804/4558
f 1421/2804/4559 2841/2803/4559 1457/1027/4559
f 1457/1027/4560 2842/2814/4560 113/2815/4560
f 113/2815/4561 2260/2041/4561 696/391/4561
f 696/391/4562 2270/2030/4562 666/2029/4562
f 666/2029/4563 2259/2035/4563 114/1029/4563
f 114/1029/4564 1421/2804/4564 1457/1027/4564
f 1457/1027/4565 113/2815/4565 696/391/4565
f 696/391/4566 666/2029/4566 114/1029/4566
f 108/1030/4567 2830/1488/4567 1476/1008/4567
f 1476/1008/4568 2861/2790/4568 1434/1006/4568
f 1434/1006/4569 2829/2793/4569 107/1023/4569
f 107/1023/4570 2561/2416/4570 1071/1031/4570
f 1071/1031/4571 2560/2385/4571 1070/2384/4571
f 1070/2384/4572 2559/1487/4572 108/1030/4572
f 108/1030/4573 1476/1008/4573 1434/1006/4573
f 1434/1006/4574 107/1023/4574 1071/1031/4574
f 1071/1031/4575 1070/2384/4575 108/1030/4575
f 1435/1034/4576 2863/2792/4576 1479/1044/4576
f 1479/1044/4577 2864/2816/4577 1480/1047/4577
f 1480/1047/4578 2865/2817/4578 1436/2818/4578
f 1436/2818/4579 2854/2806/4579 1469/1032/4579
f 1469/1032/4580 2853/2788/4580 1468/1033/4580
f 1468/1033/4581 2852/2787/4581 1435/1034/4581
f 1435/1034/4582 1479/1044/4582 1436/2818/4582
f 1479/1044/4583 1480/1047/4583 1436/2818/4583
f 1436/2818/4582 1469/1032/4582 1435/1034/4582
f 2854/2806/4584 1436/2818/4584 1470/1035/4584
f 1436/2818/4585 2865/2817/4585 1481/1036/4585
f 1481/1036/4586 2866/2819/4586 1482/1049/4586
f 1436/2818/4587 1481/1036/4587 1470/1035/4587
f 2855/2807/4588 1470/1035/4588 1471/1037/4588
f 2856/2809/4589 1471/1037/4589 1437/1039/4589
f 1437/1039/4590 1482/1049/4590 2867/2820/4590
f 1481/1036/463 1482/1049/463 1471/1037/463
f 1471/1037/4591 1482/1049/4591 1437/1039/4591
f 2856/2809/4592 1437/1039/4592 1472/1038/4592
f 1437/1039/4593 2867/2820/4593 1483/1051/4593
f 1483/1051/4594 2868/2821/4594 1484/1053/4594
f 1437/1039/4595 1483/1051/4595 1484/1053/4595
f 2857/2810/4596 1472/1038/4596 1473/2822/4596
f 1473/2822/4597 1472/1038/4597 1438/1040/4597
f 1438/1040/4598 2858/2823/4598 1473/2822/4598
f 1437/1039/464 1484/1053/464 1438/1040/464
f 1484/1053/4599 2869/2824/4599 1438/1040/4599
f 2848/2811/4600 1432/2808/4600 1464/2812/4600
f 1432/2808/4601 2857/2810/4601 1473/2822/4601
f 1464/2812/4602 1432/2808/4602 1465/1043/4602
f 1473/2822/4603 2858/2823/4603 1474/2825/4603
f 1474/2825/4604 2859/2826/4604 1428/1041/4604
f 1473/2822/4605 1474/2825/4605 1428/1041/4605
f 1432/2808/4606 1473/2822/4606 1428/1041/4606
f 1465/1043/4607 1432/2808/4607 1428/1041/4607
f 1465/1043/4608 2849/2813/4608 1464/2812/4608
f 113/2815/4609 2842/2814/4609 1424/1028/4609
f 1424/1028/4610 2849/2813/4610 1465/1043/4610
f 1465/1043/4611 2850/1042/4611 112/2827/4611
f 112/2827/4612 2261/2045/4612 702/396/4612
f 702/396/4613 2276/2036/4613 669/392/4613
f 669/392/4614 2260/2041/4614 113/2815/4614
f 113/2815/4615 1424/1028/4615 669/392/4615
f 1424/1028/466 1465/1043/466 702/396/466
f 1465/1043/4616 112/2827/4616 702/396/4616
f 1441/1046/4617 2875/2795/4617 1491/1324/4617
f 1491/1324/4618 2876/2828/4618 1492/2829/4618
f 1492/2829/4619 2877/2830/4619 1442/2831/4619
f 1442/2831/4620 2864/2816/4620 1479/1044/4620
f 1479/1044/4621 2863/2792/4621 1478/1045/4621
f 1478/1045/4622 2862/2791/4622 1441/1046/4622
f 1441/1046/4623 1491/1324/4623 1479/1044/4623
f 1491/1324/4624 1492/2829/4624 1442/2831/4624
f 1479/1044/4625 1491/1324/4625 1442/2831/4625
f 1442/2831/4626 2877/2830/4626 1493/1048/4626
f 1493/1048/4627 2878/2832/4627 1494/1309/4627
f 1494/1309/4628 2879/2833/4628 1443/2834/4628
f 1443/2834/4629 2866/2819/4629 1481/1036/4629
f 1481/1036/4630 2865/2817/4630 1480/1047/4630
f 1480/1047/4631 2864/2816/4631 1442/2831/4631
f 1442/2831/4632 1493/1048/4632 1480/1047/4632
f 1493/1048/4633 1494/1309/4633 1481/1036/4633
f 1494/1309/4634 1443/2834/4634 1481/1036/4634
f 2866/2819/4635 1443/2834/4635 1482/1049/4635
f 1443/2834/4636 2879/2833/4636 1495/1308/4636
f 1495/1308/4637 2880/2835/4637 1496/1050/4637
f 1443/2834/4638 1495/1308/4638 1482/1049/4638
f 2867/2820/4639 1482/1049/4639 1483/1051/4639
f 2868/2821/4640 1483/1051/4640 1444/2836/4640
f 1444/2836/4641 1483/1051/4641 1496/1050/4641
f 1496/1050/4642 2881/2837/4642 1444/2836/4642
f 1482/1049/4643 1495/1308/4643 1496/1050/4643
f 2868/2821/4644 1444/2836/4644 1484/1053/4644
f 1444/2836/4645 2881/2837/4645 1497/1307/4645
f 1497/1307/4646 2882/2838/4646 1498/1054/4646
f 1444/2836/4647 1497/1307/4647 1498/1054/4647
f 1484/1053/4648 1444/2836/4648 1498/1054/4648
f 2869/2824/4649 1484/1053/4649 1485/2839/4649
f 2870/2840/4650 1485/2839/4650 1445/1052/4650
f 1445/1052/4651 1485/2839/4651 1484/1053/4651
f 1498/1054/4652 2883/2841/4652 1445/1052/4652
f 2858/2823/4653 1438/1040/4653 1474/2825/4653
f 1438/1040/4654 2869/2824/4654 1485/2839/4654
f 1474/2825/4655 1438/1040/4655 1433/1056/4655
f 1485/2839/4656 2870/2840/4656 1486/1055/4656
f 1486/1055/4657 2871/2842/4657 1433/1056/4657
f 1485/2839/4658 1486/1055/4658 1438/1040/4658
f 1474/2825/4659 1433/1056/4659 1475/2843/4659
f 1475/2843/4660 2859/2826/4660 1474/2825/4660
f 1433/1056/4661 2860/2844/4661 1475/2843/4661
f 2261/2045/4662 112/2827/4662 673/394/4662
f 112/2827/4663 2850/1042/4663 1428/1041/4663
f 1428/1041/4664 2859/2826/4664 1475/2843/4664
f 1475/2843/4665 2860/2844/4665 111/1057/4665
f 111/1057/4666 2262/2049/4666 710/398/4666
f 1475/2843/4667 111/1057/4667 1428/1041/4667
f 112/2827/4668 1428/1041/4668 673/394/4668
f 2284/2042/4669 673/394/4669 710/398/4669
f 111/1057/4670 673/394/4670 1428/1041/4670
f 2263/2052/4671 110/1064/4671 684/402/4671
f 110/1064/4672 2872/2845/4672 1439/1060/4672
f 1439/1060/4673 2885/2846/4673 1501/1373/4673
f 110/1064/4674 109/43/4674 684/402/4674
f 1501/1373/4675 2886/1538/4675 109/43/4675
f 109/43/4676 1936/1533/4676 732/1058/4676
f 1501/1373/4677 109/43/4677 1439/1060/4677
f 110/1064/4678 1439/1060/4678 109/43/4678
f 2306/1531/4679 684/402/4679 732/1058/4679
f 2870/2840/4680 1445/1052/4680 1486/1055/4680
f 1445/1052/4681 2883/2841/4681 1499/1302/4681
f 1486/1055/4682 1445/1052/4682 1439/1060/4682
f 1499/1302/4683 2884/2847/4683 1500/1374/4683
f 1500/1374/4684 2885/2846/4684 1439/1060/4684
f 1499/1302/4685 1500/1374/4685 1445/1052/4685
f 1439/1060/4682 1445/1052/4682 1500/1374/4682
f 1487/1059/4686 2871/2842/4686 1486/1055/4686
f 1439/1060/4687 2872/2845/4687 1487/1059/4687
f 2888/2848/4688 1504/2849/4688 1530/1065/4688
f 1504/2849/4689 2896/2850/4689 1533/1068/4689
f 1530/1065/4690 1504/2849/4690 1533/1068/4690
f 1533/1068/4691 2897/2851/4691 1534/1063/4691
f 1530/1065/4692 1534/1063/4692 1531/1062/4692
f 1534/1063/4693 2898/1088/4693 1503/1061/4693
f 1533/1068/4692 1534/1063/4692 1530/1065/4692
f 1503/1061/4694 2895/1527/4694 1531/1062/4694
f 1531/1062/4695 2894/1526/4695 1530/1065/4695
f 2262/2049/4696 111/1057/4696 678/399/4696
f 111/1057/4697 2860/2844/4697 1433/1056/4697
f 1433/1056/4698 2871/2842/4698 1487/1059/4698
f 1487/1059/4699 2872/2845/4699 110/1064/4699
f 110/1064/4700 2263/2052/4700 720/401/4700
f 1487/1059/4701 110/1064/4701 1433/1056/4701
f 111/1057/4702 1433/1056/4702 678/399/4702
f 2294/2046/4703 678/399/4703 720/401/4703
f 110/1064/4704 678/399/4704 1433/1056/4704
f 6/1067/4705 3076/1539/4705 1754/2852/4705
f 1754/2852/4706 3083/2853/4706 1783/1282/4706
f 1783/1282/4707 3084/2854/4707 66/2855/4707
f 66/2855/4708 2888/2848/4708 1530/1065/4708
f 1530/1065/4709 2894/1526/4709 1502/1066/4709
f 1502/1066/4710 2887/1525/4710 6/1067/4710
f 6/1067/4711 1754/2852/4711 1783/1282/4711
f 1783/1282/4712 66/2855/4712 6/1067/4712
f 66/2855/4713 1530/1065/4713 6/1067/4713
f 1506/2856/4714 2900/2857/4714 1537/2858/4714
f 1537/2858/4715 2901/2859/4715 1538/1070/4715
f 1538/1070/4716 2902/2860/4716 1507/2861/4716
f 1507/2861/4717 2897/2851/4717 1533/1068/4717
f 1533/1068/4718 2896/2850/4718 1532/1069/4718
f 1532/1069/4719 2889/2862/4719 1506/2856/4719
f 1506/2856/4720 1537/2858/4720 1532/1069/4720
f 1537/2858/4721 1538/1070/4721 1532/1069/4721
f 1538/1070/4722 1507/2861/4722 1533/1068/4722
f 1509/1072/4723 2906/2863/4723 1543/2864/4723
f 1543/2864/4724 2907/2865/4724 1544/1073/4724
f 1544/1073/4725 2908/2866/4725 1510/2867/4725
f 1510/2867/4726 2901/2859/4726 1537/2858/4726
f 1537/2858/4727 2900/2857/4727 1536/1071/4727
f 1536/1071/4728 2890/2868/4728 1509/1072/4728
f 1509/1072/4729 1543/2864/4729 1544/1073/4729
f 1544/1073/4730 1510/2867/4730 1536/1071/4730
f 1510/2867/4731 1537/2858/4731 1536/1071/4731
f 1513/1074/4732 2914/2869/4732 1551/1077/4732
f 1551/1077/4733 2915/2870/4733 1552/1098/4733
f 1552/1098/4734 2916/2871/4734 1514/1075/4734
f 1514/1075/4735 2907/2865/4735 1543/2864/4735
f 1543/2864/4736 2906/2863/4736 1542/1076/4736
f 1542/1076/4737 2891/2872/4737 1513/1074/4737
f 1513/1074/4738 1551/1077/4738 1552/1098/4738
f 1552/1098/4739 1514/1075/4739 1513/1074/4739
f 1514/1075/4740 1543/2864/4740 1542/1076/4740
f 1518/1079/4741 2924/2873/4741 1561/1080/4741
f 1561/1080/4742 2925/2874/4742 1562/1112/4742
f 1562/1112/4743 2926/2875/4743 1519/1099/4743
f 1519/1099/4744 2915/2870/4744 1551/1077/4744
f 1551/1077/4745 2914/2869/4745 1550/1078/4745
f 1550/1078/4746 2892/2876/4746 1518/1079/4746
f 1518/1079/4747 1561/1080/4747 1519/1099/4747
f 1561/1080/4748 1562/1112/4748 1519/1099/4748
f 1519/1099/4749 1551/1077/4749 1518/1079/4749
f 1524/1082/4750 2936/1475/4750 1573/1476/4750
f 1573/1476/4751 2937/1478/4751 1574/2877/4751
f 1574/2877/4752 2938/2878/4752 1525/1113/4752
f 1525/1113/4753 2925/2874/4753 1561/1080/4753
f 1561/1080/4754 2924/2873/4754 1560/1081/4754
f 1560/1081/4755 2893/2879/4755 1524/1082/4755
f 1524/1082/4756 1573/1476/4756 1525/1113/4756
f 1573/1476/4757 1574/2877/4757 1525/1113/4757
f 1525/1113/4756 1561/1080/4756 1524/1082/4756
f 2569/2435/4758 103/1009/4758 1080/1084/4758
f 103/1009/4759 2825/2768/4759 1446/2770/4759
f 1446/2770/4760 2831/2027/4760 1418/2026/4760
f 103/1009/4761 102/713/4761 1080/1084/4761
f 1418/2026/4762 2824/2025/4762 102/713/4762
f 102/713/4763 2571/2443/4763 1081/1083/4763
f 1418/2026/4764 102/713/4764 1446/2770/4764
f 103/1009/4765 1446/2770/4765 102/713/4765
f 2570/2436/4766 1080/1084/4766 1081/1083/4766
f 1510/2867/4767 2908/2866/4767 1545/1086/4767
f 1545/1086/4768 2909/2880/4768 1546/2881/4768
f 1546/2881/4769 2910/2882/4769 1511/2883/4769
f 1511/2883/4770 2903/2884/4770 1539/1085/4770
f 1539/1085/4771 2902/2860/4771 1538/1070/4771
f 1538/1070/4772 2901/2859/4772 1510/2867/4772
f 1510/2867/4773 1545/1086/4773 1538/1070/4773
f 1545/1086/484 1546/2881/484 1539/1085/484
f 1546/2881/4774 1511/2883/4774 1539/1085/4774
f 2897/2851/4775 1507/2861/4775 1534/1063/4775
f 1507/2861/4776 2902/2860/4776 1539/1085/4776
f 1539/1085/4777 2903/2884/4777 1540/2885/4777
f 1540/2885/4778 2904/2886/4778 1505/2887/4778
f 1505/2887/4779 2899/2888/4779 1535/1087/4779
f 1540/2885/4780 1505/2887/4780 1535/1087/4780
f 1539/1085/4781 1540/2885/4781 1535/1087/4781
f 1507/2861/4782 1539/1085/4782 1534/1063/4782
f 1534/1063/4783 1539/1085/4783 1535/1087/4783
f 101/1089/4784 2895/1527/4784 1503/1061/4784
f 1503/1061/4785 2898/1088/4785 1535/1087/4785
f 1535/1087/4786 2899/2888/4786 100/1096/4786
f 100/1096/4787 2624/2500/4787 1155/1090/4787
f 1155/1090/4788 2623/2467/4788 1154/2466/4788
f 1154/2466/4789 2622/1528/4789 101/1089/4789
f 101/1089/4790 1503/1061/4790 1535/1087/4790
f 1535/1087/4791 100/1096/4791 1155/1090/4791
f 1155/1090/4792 1154/2466/4792 101/1089/4792
f 1514/1075/4793 2916/2871/4793 1553/1097/4793
f 1553/1097/4794 2917/2889/4794 1554/1100/4794
f 1554/1100/4795 2918/2890/4795 1515/1091/4795
f 1515/1091/4796 2909/2880/4796 1545/1086/4796
f 1545/1086/4797 2908/2866/4797 1544/1073/4797
f 1544/1073/4798 2907/2865/4798 1514/1075/4798
f 1514/1075/4799 1553/1097/4799 1554/1100/4799
f 1554/1100/487 1515/1091/487 1514/1075/487
f 1515/1091/4800 1545/1086/4800 1544/1073/4800
f 2909/2880/4801 1515/1091/4801 1546/2881/4801
f 1515/1091/4802 2918/2890/4802 1555/1102/4802
f 1555/1102/4803 2919/2891/4803 1556/1103/4803
f 1556/1103/4804 2920/2892/4804 1516/1093/4804
f 1516/1093/4805 2911/2893/4805 1547/1092/4805
f 1556/1103/4806 1516/1093/4806 1555/1102/4806
f 1515/1091/488 1555/1102/488 1516/1093/488
f 1546/2881/4807 1515/1091/4807 1547/1092/4807
f 2910/2882/4808 1546/2881/4808 1547/1092/4808
f 2903/2884/4809 1511/2883/4809 1540/2885/4809
f 1511/2883/4810 2910/2882/4810 1547/1092/4810
f 1547/1092/4811 2911/2893/4811 1548/2894/4811
f 1548/2894/4812 2912/2895/4812 1508/1095/4812
f 1508/1095/4813 2905/2896/4813 1541/1094/4813
f 1548/2894/4814 1508/1095/4814 1547/1092/4814
f 1511/2883/4815 1547/1092/4815 1541/1094/4815
f 1540/2885/4816 1511/2883/4816 1541/1094/4816
f 1541/1094/4817 2904/2886/4817 1540/2885/4817
f 100/1096/4818 2899/2888/4818 1505/2887/4818
f 1505/2887/4819 2904/2886/4819 1541/1094/4819
f 1541/1094/4820 2905/2896/4820 99/2897/4820
f 99/2897/4821 2626/2504/4821 1157/766/4821
f 1157/766/4822 2625/2502/4822 1156/2501/4822
f 1156/2501/4823 2624/2500/4823 100/1096/4823
f 100/1096/4824 1505/2887/4824 1541/1094/4824
f 1541/1094/4825 99/2897/4825 1157/766/4825
f 1157/766/4826 1156/2501/4826 100/1096/4826
f 1519/1099/4827 2926/2875/4827 1563/1111/4827
f 1563/1111/4828 2927/2898/4828 1564/1114/4828
f 1564/1114/4829 2928/2899/4829 1520/2900/4829
f 1520/2900/4830 2917/2889/4830 1553/1097/4830
f 1553/1097/4831 2916/2871/4831 1552/1098/4831
f 1552/1098/4832 2915/2870/4832 1519/1099/4832
f 1519/1099/4833 1563/1111/4833 1520/2900/4833
f 1563/1111/4834 1564/1114/4834 1520/2900/4834
f 1520/2900/4833 1553/1097/4833 1519/1099/4833
f 2917/2889/4835 1520/2900/4835 1554/1100/4835
f 1520/2900/4836 2928/2899/4836 1565/1101/4836
f 1565/1101/4837 2929/2901/4837 1566/1116/4837
f 1520/2900/4838 1565/1101/4838 1554/1100/4838
f 2918/2890/4839 1554/1100/4839 1555/1102/4839
f 2919/2891/4840 1555/1102/4840 1521/1104/4840
f 1521/1104/4841 1566/1116/4841 2930/2902/4841
f 1565/1101/492 1566/1116/492 1555/1102/492
f 1555/1102/4842 1566/1116/4842 1521/1104/4842
f 2919/2891/4843 1521/1104/4843 1556/1103/4843
f 1521/1104/4844 2930/2902/4844 1567/1118/4844
f 1567/1118/4845 2931/2903/4845 1568/1120/4845
f 1521/1104/4846 1567/1118/4846 1568/1120/4846
f 2920/2892/4847 1556/1103/4847 1557/2904/4847
f 1557/2904/4848 1556/1103/4848 1522/1105/4848
f 1522/1105/4849 2921/2905/4849 1557/2904/4849
f 1521/1104/493 1568/1120/493 1522/1105/493
f 1568/1120/4850 2932/2906/4850 1522/1105/4850
f 2911/2893/4851 1516/1093/4851 1548/2894/4851
f 1516/1093/4852 2920/2892/4852 1557/2904/4852
f 1548/2894/4853 1516/1093/4853 1549/1108/4853
f 1557/2904/4854 2921/2905/4854 1558/2907/4854
f 1558/2907/4855 2922/2908/4855 1512/1106/4855
f 1557/2904/4856 1558/2907/4856 1512/1106/4856
f 1516/1093/4857 1557/2904/4857 1512/1106/4857
f 1549/1108/4858 1516/1093/4858 1512/1106/4858
f 1549/1108/4859 2912/2895/4859 1548/2894/4859
f 99/2897/4860 2905/2896/4860 1508/1095/4860
f 1508/1095/4861 2912/2895/4861 1549/1108/4861
f 1549/1108/4862 2913/1107/4862 98/2909/4862
f 98/2909/4863 2628/2507/4863 1159/1109/4863
f 1159/1109/4864 2627/2505/4864 1158/1110/4864
f 1158/1110/4865 2626/2504/4865 99/2897/4865
f 99/2897/4866 1508/1095/4866 1158/1110/4866
f 1508/1095/495 1549/1108/495 1158/1110/495
f 1549/1108/4867 98/2909/4867 1159/1109/4867
f 1525/1113/4868 2938/2878/4868 1575/1171/4868
f 1575/1171/4869 2939/2910/4869 1576/2911/4869
f 1576/2911/4870 2940/2912/4870 1526/2913/4870
f 1526/2913/4871 2927/2898/4871 1563/1111/4871
f 1563/1111/4872 2926/2875/4872 1562/1112/4872
f 1562/1112/4873 2925/2874/4873 1525/1113/4873
f 1525/1113/4874 1575/1171/4874 1563/1111/4874
f 1575/1171/4875 1576/2911/4875 1526/2913/4875
f 1563/1111/4876 1575/1171/4876 1526/2913/4876
f 1526/2913/4877 2940/2912/4877 1577/1115/4877
f 1577/1115/4878 2941/2914/4878 1578/1155/4878
f 1578/1155/4879 2942/2915/4879 1527/2916/4879
f 1527/2916/4880 2929/2901/4880 1565/1101/4880
f 1565/1101/4881 2928/2899/4881 1564/1114/4881
f 1564/1114/4882 2927/2898/4882 1526/2913/4882
f 1526/2913/4883 1577/1115/4883 1564/1114/4883
f 1577/1115/4884 1578/1155/4884 1565/1101/4884
f 1578/1155/4885 1527/2916/4885 1565/1101/4885
f 2929/2901/4886 1527/2916/4886 1566/1116/4886
f 1527/2916/4887 2942/2915/4887 1579/1154/4887
f 1579/1154/4888 2943/2917/4888 1580/1117/4888
f 1527/2916/4889 1579/1154/4889 1566/1116/4889
f 2930/2902/4890 1566/1116/4890 1567/1118/4890
f 2931/2903/4891 1567/1118/4891 1528/2918/4891
f 1528/2918/4892 1567/1118/4892 1580/1117/4892
f 1580/1117/4893 2944/2919/4893 1528/2918/4893
f 1566/1116/4894 1579/1154/4894 1580/1117/4894
f 2931/2903/4895 1528/2918/4895 1568/1120/4895
f 1528/2918/4896 2944/2919/4896 1581/1153/4896
f 1581/1153/4897 2945/2920/4897 1582/1121/4897
f 1528/2918/4898 1581/1153/4898 1582/1121/4898
f 1568/1120/4899 1528/2918/4899 1582/1121/4899
f 2932/2906/4900 1568/1120/4900 1569/2921/4900
f 2933/2922/4901 1569/2921/4901 1529/1119/4901
f 1529/1119/4902 1569/2921/4902 1568/1120/4902
f 1582/1121/4903 2946/2923/4903 1529/1119/4903
f 2921/2905/4904 1522/1105/4904 1558/2907/4904
f 1522/1105/4905 2932/2906/4905 1569/2921/4905
f 1558/2907/4906 1522/1105/4906 1517/1123/4906
f 1569/2921/4907 2933/2922/4907 1570/1122/4907
f 1570/1122/4908 2934/2924/4908 1517/1123/4908
f 1569/2921/4909 1570/1122/4909 1522/1105/4909
f 1558/2907/4910 1517/1123/4910 1559/2925/4910
f 1559/2925/4911 2922/2908/4911 1558/2907/4911
f 1517/1123/4912 2923/2926/4912 1559/2925/4912
f 2628/2507/4913 98/2909/4913 1160/768/4913
f 98/2909/4914 2913/1107/4914 1512/1106/4914
f 1512/1106/4915 2922/2908/4915 1559/2925/4915
f 1559/2925/4916 2923/2926/4916 97/1124/4916
f 97/1124/4917 2630/2510/4917 1161/1125/4917
f 1559/2925/4918 97/1124/4918 1512/1106/4918
f 98/2909/4919 1512/1106/4919 1160/768/4919
f 2629/2509/4920 1160/768/4920 1161/1125/4920
f 97/1124/4921 1160/768/4921 1512/1106/4921
f 2933/2922/4922 1529/1119/4922 1570/1122/4922
f 1529/1119/4923 2946/2923/4923 1583/1149/4923
f 1570/1122/4924 1529/1119/4924 1523/1127/4924
f 1583/1149/4925 2947/2927/4925 1584/1227/4925
f 1584/1227/4926 2948/2928/4926 1523/1127/4926
f 1583/1149/4927 1584/1227/4927 1529/1119/4927
f 1523/1127/4924 1529/1119/4924 1584/1227/4924
f 1571/1126/4928 2934/2924/4928 1570/1122/4928
f 1523/1127/4929 2935/2929/4929 1571/1126/4929
f 2951/2930/4930 1588/2931/4930 1614/2932/4930
f 1588/2931/4931 2959/2933/4931 1617/1134/4931
f 1614/2932/4932 1588/2931/4932 1617/1134/4932
f 1617/1134/4933 2960/2934/4933 1618/1130/4933
f 1614/2932/4934 1618/1130/4934 1615/1129/4934
f 1618/1130/4935 2961/1159/4935 1587/1128/4935
f 1617/1134/4934 1618/1130/4934 1614/2932/4934
f 1587/1128/4936 2958/1516/4936 1615/1129/4936
f 1615/1129/4937 2957/1515/4937 1614/2932/4937
f 2630/2510/4938 97/1124/4938 1162/772/4938
f 97/1124/4939 2923/2926/4939 1517/1123/4939
f 1517/1123/4940 2934/2924/4940 1571/1126/4940
f 1571/1126/4941 2935/2929/4941 96/1131/4941
f 96/1131/4942 2632/2520/4942 1163/1132/4942
f 1571/1126/4943 96/1131/4943 1517/1123/4943
f 97/1124/4944 1517/1123/4944 1162/772/4944
f 2631/2513/4945 1162/772/4945 1163/1132/4945
f 96/1131/4946 1162/772/4946 1517/1123/4946
f 2949/2935/4947 81/2936/4947 95/1133/4947
f 81/2936/4948 2950/1513/4948 10/33/4948
f 10/33/4949 1930/1519/4949 18/34/4949
f 18/34/4950 1935/1522/4950 165/776/4950
f 95/1133/4951 165/776/4951 2634/2519/4951
f 18/34/505 165/776/505 95/1133/505
f 81/2936/505 10/33/505 95/1133/505
f 1590/2937/4952 2963/2938/4952 1621/2939/4952
f 1621/2939/4953 2964/2940/4953 1622/1136/4953
f 1622/1136/4954 2965/2941/4954 1591/2942/4954
f 1591/2942/4955 2960/2934/4955 1617/1134/4955
f 1617/1134/4956 2959/2933/4956 1616/1135/4956
f 1616/1135/4957 2952/2943/4957 1590/2937/4957
f 1590/2937/4958 1621/2939/4958 1616/1135/4958
f 1621/2939/4959 1622/1136/4959 1616/1135/4959
f 1622/1136/4960 1591/2942/4960 1617/1134/4960
f 1593/1138/4961 2969/2944/4961 1627/2945/4961
f 1627/2945/4962 2970/2946/4962 1628/1139/4962
f 1628/1139/4963 2971/2947/4963 1594/2948/4963
f 1594/2948/4964 2964/2940/4964 1621/2939/4964
f 1621/2939/4965 2963/2938/4965 1620/1137/4965
f 1620/1137/4966 2953/2949/4966 1593/1138/4966
f 1593/1138/4967 1627/2945/4967 1628/1139/4967
f 1628/1139/4968 1594/2948/4968 1620/1137/4968
f 1594/2948/4969 1621/2939/4969 1620/1137/4969
f 1597/1140/4970 2977/2950/4970 1635/1143/4970
f 1635/1143/4971 2978/2951/4971 1636/1173/4971
f 1636/1173/4972 2979/2952/4972 1598/1141/4972
f 1598/1141/4973 2970/2946/4973 1627/2945/4973
f 1627/2945/4974 2969/2944/4974 1626/1142/4974
f 1626/1142/4975 2954/2953/4975 1597/1140/4975
f 1597/1140/4976 1635/1143/4976 1636/1173/4976
f 1636/1173/4977 1598/1141/4977 1597/1140/4977
f 1598/1141/4978 1627/2945/4978 1626/1142/4978
f 1602/1145/4979 2987/2954/4979 1645/1146/4979
f 1645/1146/4980 2988/2955/4980 1646/1186/4980
f 1646/1186/4981 2989/2956/4981 1603/1174/4981
f 1603/1174/4982 2978/2951/4982 1635/1143/4982
f 1635/1143/4983 2977/2950/4983 1634/1144/4983
f 1634/1144/4984 2955/2957/4984 1602/1145/4984
f 1602/1145/4985 1645/1146/4985 1603/1174/4985
f 1645/1146/4986 1646/1186/4986 1603/1174/4986
f 1603/1174/4987 1635/1143/4987 1602/1145/4987
f 1608/14/4988 2999/1469/4988 1657/1470/4988
f 1657/1470/4989 3000/1472/4989 1658/2958/4989
f 1658/2958/4990 3001/2959/4990 1609/1187/4990
f 1609/1187/4991 2988/2955/4991 1645/1146/4991
f 1645/1146/4992 2987/2954/4992 1644/1147/4992
f 1644/1147/4993 2956/1480/4993 1608/14/4993
f 1608/14/4994 1657/1470/4994 1609/1187/4994
f 1657/1470/4995 1658/2958/4995 1609/1187/4995
f 1609/1187/4994 1645/1146/4994 1608/14/4994
f 2945/2920/4996 83/2960/4996 1582/1121/4996
f 83/2960/4997 2952/2943/4997 1616/1135/4997
f 1616/1135/4998 2959/2933/4998 1588/2931/4998
f 1588/2931/4999 2951/2930/4999 82/1148/4999
f 82/1148/5000 2947/2927/5000 1583/1149/5000
f 1588/2931/5001 82/1148/5001 1616/1135/5001
f 83/2960/5002 1616/1135/5002 1582/1121/5002
f 2946/2923/5003 1582/1121/5003 1583/1149/5003
f 82/1148/5004 1582/1121/5004 1616/1135/5004
f 2632/2520/5005 96/1131/5005 1164/1151/5005
f 96/1131/5006 2935/2929/5006 1523/1127/5006
f 1523/1127/5007 2948/2928/5007 1585/1226/5007
f 96/1131/5008 95/1133/5008 1164/1151/5008
f 1585/1226/5009 2949/2935/5009 95/1133/5009
f 95/1133/5010 2634/2519/5010 1165/1150/5010
f 1585/1226/5011 95/1133/5011 1523/1127/5011
f 96/1131/5012 1523/1127/5012 95/1133/5012
f 2633/2518/5013 1164/1151/5013 1165/1150/5013
f 2943/2917/5014 84/2961/5014 1580/1117/5014
f 84/2961/5015 2953/2949/5015 1620/1137/5015
f 1620/1137/5016 2963/2938/5016 1590/2937/5016
f 1590/2937/5017 2952/2943/5017 83/1152/5017
f 83/1152/5018 2945/2920/5018 1581/1153/5018
f 1590/2937/5019 83/1152/5019 1620/1137/5019
f 84/2961/5020 1620/1137/5020 1580/1117/5020
f 2944/2919/5021 1580/1117/5021 1581/1153/5021
f 83/1152/5022 1580/1117/5022 1620/1137/5022
f 85/2962/5023 2954/2953/5023 1626/1142/5023
f 1626/1142/5024 2969/2944/5024 1593/1138/5024
f 1593/1138/5025 2953/2949/5025 84/2963/5025
f 84/2963/5026 2943/2917/5026 1579/1154/5026
f 1579/1154/5027 2942/2915/5027 1578/1155/5027
f 1578/1155/5028 2941/2914/5028 85/2962/5028
f 85/2962/5029 1626/1142/5029 1578/1155/5029
f 1626/1142/514 1593/1138/514 1578/1155/514
f 1593/1138/5030 84/2963/5030 1579/1154/5030
f 1594/2948/5031 2971/2947/5031 1629/1157/5031
f 1629/1157/5032 2972/2964/5032 1630/2965/5032
f 1630/2965/5033 2973/2966/5033 1595/2967/5033
f 1595/2967/5034 2966/2968/5034 1623/1156/5034
f 1623/1156/5035 2965/2941/5035 1622/1136/5035
f 1622/1136/5036 2964/2940/5036 1594/2948/5036
f 1594/2948/5037 1629/1157/5037 1622/1136/5037
f 1629/1157/515 1630/2965/515 1623/1156/515
f 1630/2965/5038 1595/2967/5038 1623/1156/5038
f 2960/2934/5039 1591/2942/5039 1618/1130/5039
f 1591/2942/5040 2965/2941/5040 1623/1156/5040
f 1623/1156/5041 2966/2968/5041 1624/2969/5041
f 1624/2969/5042 2967/2970/5042 1589/2971/5042
f 1589/2971/5043 2962/2972/5043 1619/1158/5043
f 1624/2969/5044 1589/2971/5044 1619/1158/5044
f 1623/1156/5045 1624/2969/5045 1619/1158/5045
f 1591/2942/5046 1623/1156/5046 1618/1130/5046
f 1618/1130/5047 1623/1156/5047 1619/1158/5047
f 94/1160/5048 2958/1516/5048 1587/1128/5048
f 1587/1128/5049 2961/1159/5049 1619/1158/5049
f 1619/1158/5050 2962/2972/5050 93/1169/5050
f 93/1169/5051 2687/2581/5051 1239/1161/5051
f 1239/1161/5052 2686/2548/5052 1238/2547/5052
f 1238/2547/5053 2685/1517/5053 94/1160/5053
f 94/1160/5054 1587/1128/5054 1619/1158/5054
f 1619/1158/5055 93/1169/5055 1239/1161/5055
f 1239/1161/5056 1238/2547/5056 94/1160/5056
f 86/1162/5057 2955/2957/5057 1634/1144/5057
f 1634/1144/5058 2977/2950/5058 1597/1140/5058
f 1597/1140/5059 2954/2953/5059 85/2973/5059
f 85/2973/5060 2941/2914/5060 1577/1115/5060
f 1577/1115/5061 2940/2912/5061 1576/2911/5061
f 1576/2911/5062 2939/2910/5062 86/1162/5062
f 86/1162/5063 1634/1144/5063 1597/1140/5063
f 1597/1140/5064 85/2973/5064 1577/1115/5064
f 1577/1115/5065 1576/2911/5065 86/1162/5065
f 1598/1141/5066 2979/2952/5066 1637/1172/5066
f 1637/1172/5067 2980/2974/5067 1638/1175/5067
f 1638/1175/5068 2981/2975/5068 1599/1163/5068
f 1599/1163/5069 2972/2964/5069 1629/1157/5069
f 1629/1157/5070 2971/2947/5070 1628/1139/5070
f 1628/1139/5071 2970/2946/5071 1598/1141/5071
f 1598/1141/5072 1637/1172/5072 1638/1175/5072
f 1638/1175/519 1599/1163/519 1598/1141/519
f 1599/1163/5073 1629/1157/5073 1628/1139/5073
f 2972/2964/5074 1599/1163/5074 1630/2965/5074
f 1599/1163/5075 2981/2975/5075 1639/1165/5075
f 1639/1165/5076 2982/2976/5076 1640/2977/5076
f 1640/2977/5077 2983/2978/5077 1600/1166/5077
f 1600/1166/5078 2974/2979/5078 1631/1164/5078
f 1640/2977/5079 1600/1166/5079 1639/1165/5079
f 1599/1163/520 1639/1165/520 1631/1164/520
f 1630/2965/5080 1599/1163/5080 1631/1164/5080
f 2973/2966/5081 1630/2965/5081 1631/1164/5081
f 2966/2968/5082 1595/2967/5082 1624/2969/5082
f 1595/2967/5083 2973/2966/5083 1631/1164/5083
f 1631/1164/5084 2974/2979/5084 1632/2980/5084
f 1632/2980/5085 2975/2981/5085 1592/1168/5085
f 1592/1168/5086 2968/2982/5086 1625/1167/5086
f 1632/2980/5087 1592/1168/5087 1631/1164/5087
f 1595/2967/5088 1631/1164/5088 1625/1167/5088
f 1624/2969/5089 1595/2967/5089 1625/1167/5089
f 1625/1167/5090 2967/2970/5090 1624/2969/5090
f 93/1169/5091 2962/2972/5091 1589/2971/5091
f 1589/2971/5092 2967/2970/5092 1625/1167/5092
f 1625/1167/5093 2968/2982/5093 92/2983/5093
f 92/2983/5094 2689/2585/5094 1241/837/5094
f 1241/837/5095 2688/2583/5095 1240/2582/5095
f 1240/2582/5096 2687/2581/5096 93/1169/5096
f 93/1169/5097 1589/2971/5097 1625/1167/5097
f 1625/1167/5098 92/2983/5098 1241/837/5098
f 1241/837/5099 1240/2582/5099 93/1169/5099
f 87/1170/5100 2956/1480/5100 1644/1147/5100
f 1644/1147/5101 2987/2954/5101 1602/1145/5101
f 1602/1145/5102 2955/2957/5102 86/2984/5102
f 86/2984/5103 2939/2910/5103 1575/1171/5103
f 1575/1171/5104 2938/2878/5104 1574/2877/5104
f 1574/2877/5105 2937/1478/5105 87/1170/5105
f 87/1170/5106 1644/1147/5106 1602/1145/5106
f 1602/1145/5107 86/2984/5107 1575/1171/5107
f 1575/1171/5108 1574/2877/5108 87/1170/5108
f 1603/1174/5109 2989/2956/5109 1647/1185/5109
f 1647/1185/5110 2990/2985/5110 1648/1188/5110
f 1648/1188/5111 2991/2986/5111 1604/2987/5111
f 1604/2987/5112 2980/2974/5112 1637/1172/5112
f 1637/1172/5113 2979/2952/5113 1636/1173/5113
f 1636/1173/5114 2978/2951/5114 1603/1174/5114
f 1603/1174/5115 1647/1185/5115 1604/2987/5115
f 1647/1185/5116 1648/1188/5116 1604/2987/5116
f 1604/2987/5115 1637/1172/5115 1603/1174/5115
f 2980/2974/5117 1604/2987/5117 1638/1175/5117
f 1604/2987/5118 2991/2986/5118 1649/1176/5118
f 1649/1176/5119 2992/2988/5119 1650/1190/5119
f 1604/2987/5120 1649/1176/5120 1638/1175/5120
f 2981/2975/5121 1638/1175/5121 1639/1165/5121
f 2982/2976/5122 1639/1165/5122 1605/2989/5122
f 1605/2989/5123 1650/1190/5123 2993/2990/5123
f 1649/1176/525 1650/1190/525 1639/1165/525
f 1639/1165/5124 1650/1190/5124 1605/2989/5124
f 2982/2976/5125 1605/2989/5125 1640/2977/5125
f 1605/2989/5126 2993/2990/5126 1651/1192/5126
f 1651/1192/5127 2994/2991/5127 1652/1177/5127
f 1605/2989/5128 1651/1192/5128 1652/1177/5128
f 1640/2977/5129 1605/2989/5129 1652/1177/5129
f 2983/2978/5130 1640/2977/5130 1641/2992/5130
f 1641/2992/5131 1640/2977/5131 1606/1179/5131
f 1606/1179/5132 2984/2993/5132 1641/2992/5132
f 1606/1179/5129 1640/2977/5129 1652/1177/5129
f 2974/2979/5133 1600/1166/5133 1632/2980/5133
f 1600/1166/5134 2983/2978/5134 1641/2992/5134
f 1632/2980/5135 1600/1166/5135 1633/1182/5135
f 1641/2992/5136 2984/2993/5136 1642/2994/5136
f 1642/2994/5137 2985/2995/5137 1596/1180/5137
f 1641/2992/5138 1642/2994/5138 1596/1180/5138
f 1600/1166/5139 1641/2992/5139 1596/1180/5139
f 1633/1182/5140 1600/1166/5140 1596/1180/5140
f 1633/1182/5141 2975/2981/5141 1632/2980/5141
f 92/2983/5142 2968/2982/5142 1592/1168/5142
f 1592/1168/5143 2975/2981/5143 1633/1182/5143
f 1633/1182/5144 2976/1181/5144 91/2996/5144
f 91/2996/5145 2691/2588/5145 1243/1183/5145
f 1243/1183/5146 2690/2586/5146 1242/1184/5146
f 1242/1184/5147 2689/2585/5147 92/2983/5147
f 92/2983/5148 1592/1168/5148 1242/1184/5148
f 1592/1168/528 1633/1182/528 1243/1183/528
f 1633/1182/5149 91/2996/5149 1243/1183/5149
f 1609/1187/5150 3001/2959/5150 1659/1246/5150
f 1659/1246/5151 3002/2997/5151 1660/2998/5151
f 1660/2998/5152 3003/2999/5152 1610/3000/5152
f 1610/3000/5153 2990/2985/5153 1647/1185/5153
f 1647/1185/5154 2989/2956/5154 1646/1186/5154
f 1646/1186/5155 2988/2955/5155 1609/1187/5155
f 1609/1187/5156 1659/1246/5156 1647/1185/5156
f 1659/1246/5157 1660/2998/5157 1610/3000/5157
f 1647/1185/5158 1659/1246/5158 1610/3000/5158
f 1610/3000/5159 3003/2999/5159 1661/1189/5159
f 1661/1189/5160 3004/3001/5160 1662/1231/5160
f 1662/1231/5161 3005/3002/5161 1611/3003/5161
f 1611/3003/5162 2992/2988/5162 1649/1176/5162
f 1649/1176/5163 2991/2986/5163 1648/1188/5163
f 1648/1188/5164 2990/2985/5164 1610/3000/5164
f 1610/3000/5165 1661/1189/5165 1648/1188/5165
f 1661/1189/5166 1662/1231/5166 1649/1176/5166
f 1662/1231/5167 1611/3003/5167 1649/1176/5167
f 2992/2988/5168 1611/3003/5168 1650/1190/5168
f 1611/3003/5169 3005/3002/5169 1663/1230/5169
f 1663/1230/5170 3006/3004/5170 1664/1191/5170
f 1611/3003/5171 1663/1230/5171 1650/1190/5171
f 2993/2990/5172 1650/1190/5172 1651/1192/5172
f 2994/2991/5173 1651/1192/5173 1612/3005/5173
f 1612/3005/5174 1651/1192/5174 1664/1191/5174
f 1664/1191/5175 3007/3006/5175 1612/3005/5175
f 1650/1190/5176 1663/1230/5176 1664/1191/5176
f 2994/2991/5177 1612/3005/5177 1652/1177/5177
f 1612/3005/5178 3007/3006/5178 1665/1229/5178
f 1665/1229/5179 3008/3007/5179 1666/1194/5179
f 1612/3005/5180 1665/1229/5180 1666/1194/5180
f 1652/1177/5181 1612/3005/5181 1666/1194/5181
f 2995/1178/5182 1652/1177/5182 1653/3008/5182
f 2996/3009/5183 1653/3008/5183 1613/1193/5183
f 1613/1193/5184 1653/3008/5184 1652/1177/5184
f 1666/1194/5185 3009/3010/5185 1613/1193/5185
f 2984/2993/5186 1606/1179/5186 1642/2994/5186
f 1606/1179/5187 2995/1178/5187 1653/3008/5187
f 1642/2994/5188 1606/1179/5188 1601/1196/5188
f 1653/3008/5189 2996/3009/5189 1654/1195/5189
f 1654/1195/5190 2997/3011/5190 1601/1196/5190
f 1653/3008/5191 1654/1195/5191 1606/1179/5191
f 1642/2994/5192 1601/1196/5192 1643/3012/5192
f 1643/3012/5193 2985/2995/5193 1642/2994/5193
f 1601/1196/5194 2986/3013/5194 1643/3012/5194
f 2691/2588/5195 91/2996/5195 1244/839/5195
f 91/2996/5196 2976/1181/5196 1596/1180/5196
f 1596/1180/5197 2985/2995/5197 1643/3012/5197
f 1643/3012/5198 2986/3013/5198 90/1197/5198
f 90/1197/5199 2693/2591/5199 1245/1198/5199
f 1643/3012/5200 90/1197/5200 1596/1180/5200
f 91/2996/5201 1596/1180/5201 1244/839/5201
f 2692/2590/5202 1244/839/5202 1245/1198/5202
f 90/1197/5203 1244/839/5203 1596/1180/5203
f 2695/2601/5204 89/1207/5204 1248/1201/5204
f 89/1207/5205 2998/3014/5205 1607/1203/5205
f 1607/1203/5206 3011/3015/5206 1669/1304/5206
f 89/1207/5207 88/1199/5207 1248/1201/5207
f 1669/1304/5208 3012/3016/5208 88/1199/5208
f 88/1199/5209 2697/2600/5209 1249/1200/5209
f 1669/1304/5210 88/1199/5210 1607/1203/5210
f 89/1207/5211 1607/1203/5211 88/1199/5211
f 2696/2599/5212 1248/1201/5212 1249/1200/5212
f 2996/3009/5213 1613/1193/5213 1654/1195/5213
f 1613/1193/5214 3009/3010/5214 1667/1224/5214
f 1654/1195/5215 1613/1193/5215 1607/1203/5215
f 1667/1224/5216 3010/3017/5216 1668/1305/5216
f 1668/1305/5217 3011/3015/5217 1607/1203/5217
f 1667/1224/5218 1668/1305/5218 1613/1193/5218
f 1607/1203/5215 1613/1193/5215 1668/1305/5215
f 1655/1202/5219 2997/3011/5219 1654/1195/5219
f 1607/1203/5220 2998/3014/5220 1655/1202/5220
f 3014/3018/5221 1672/3019/5221 1698/1204/5221
f 1672/3019/5222 3022/3020/5222 1701/1209/5222
f 1698/1204/5223 1672/3019/5223 1701/1209/5223
f 1701/1209/5224 3023/3021/5224 1702/1205/5224
f 1702/1205/5225 3024/1235/5225 1671/3022/5225
f 1671/3022/5226 3021/1504/5226 1699/1206/5226
f 1699/1206/5227 3020/1503/5227 1698/1204/5227
f 1671/3022/5228 1699/1206/5228 1702/1205/5228
f 1701/1209/537 1702/1205/537 1698/1204/537
f 2693/2591/5229 90/1197/5229 1246/843/5229
f 90/1197/5230 2986/3013/5230 1601/1196/5230
f 1601/1196/5231 2997/3011/5231 1655/1202/5231
f 1655/1202/5232 2998/3014/5232 89/1207/5232
f 89/1207/5233 2695/2601/5233 1247/1208/5233
f 1655/1202/5234 89/1207/5234 1601/1196/5234
f 90/1197/5235 1601/1196/5235 1246/843/5235
f 2694/2594/5236 1246/843/5236 1247/1208/5236
f 89/1207/5237 1246/843/5237 1601/1196/5237
f 3012/3016/5238 67/3023/5238 88/1199/5238
f 67/3023/5239 3013/1501/5239 8/28/5239
f 8/28/5240 1929/1507/5240 16/29/5240
f 16/29/5241 1934/1510/5241 151/847/5241
f 88/1199/5242 151/847/5242 2697/2600/5242
f 16/29/539 151/847/539 88/1199/539
f 67/3023/539 8/28/539 88/1199/539
f 1674/3024/5243 3026/3025/5243 1705/3026/5243
f 1705/3026/5244 3027/3027/5244 1706/1211/5244
f 1706/1211/5245 3028/3028/5245 1675/3029/5245
f 1675/3029/5246 3023/3021/5246 1701/1209/5246
f 1701/1209/5247 3022/3020/5247 1700/1210/5247
f 1700/1210/5248 3015/3030/5248 1674/3024/5248
f 1674/3024/5249 1705/3026/5249 1700/1210/5249
f 1705/3026/5250 1706/1211/5250 1700/1210/5250
f 1706/1211/5251 1675/3029/5251 1701/1209/5251
f 1677/1213/5252 3032/3031/5252 1711/3032/5252
f 1711/3032/5253 3033/3033/5253 1712/1214/5253
f 1712/1214/5254 3034/3034/5254 1678/3035/5254
f 1678/3035/5255 3027/3027/5255 1705/3026/5255
f 1705/3026/5256 3026/3025/5256 1704/1212/5256
f 1704/1212/5257 3016/3036/5257 1677/1213/5257
f 1677/1213/5258 1711/3032/5258 1712/1214/5258
f 1712/1214/5259 1678/3035/5259 1704/1212/5259
f 1678/3035/5260 1705/3026/5260 1704/1212/5260
f 1681/1215/5261 3040/3037/5261 1719/1218/5261
f 1719/1218/5262 3041/3038/5262 1720/1248/5262
f 1720/1248/5263 3042/3039/5263 1682/1216/5263
f 1682/1216/5264 3033/3033/5264 1711/3032/5264
f 1711/3032/5265 3032/3031/5265 1710/1217/5265
f 1710/1217/5266 3017/3040/5266 1681/1215/5266
f 1681/1215/5267 1719/1218/5267 1720/1248/5267
f 1720/1248/5268 1682/1216/5268 1681/1215/5268
f 1682/1216/5269 1711/3032/5269 1710/1217/5269
f 1686/1220/5270 3050/3041/5270 1729/1221/5270
f 1729/1221/5271 3051/3042/5271 1730/1262/5271
f 1730/1262/5272 3052/3043/5272 1687/1249/5272
f 1687/1249/5273 3041/3038/5273 1719/1218/5273
f 1719/1218/5274 3040/3037/5274 1718/1219/5274
f 1718/1219/5275 3018/3044/5275 1686/1220/5275
f 1686/1220/5276 1729/1221/5276 1687/1249/5276
f 1729/1221/5277 1730/1262/5277 1687/1249/5277
f 1687/1249/5278 1719/1218/5278 1686/1220/5278
f 1692/11/5279 3062/1447/5279 1741/1448/5279
f 1741/1448/5280 3063/1451/5280 1742/3045/5280
f 1742/3045/5281 3064/3046/5281 1693/1263/5281
f 1693/1263/5282 3051/3042/5282 1729/1221/5282
f 1729/1221/5283 3050/3041/5283 1728/1222/5283
f 1728/1222/5284 3019/1474/5284 1692/11/5284
f 1692/11/5285 1741/1448/5285 1693/1263/5285
f 1741/1448/5286 1742/3045/5286 1693/1263/5286
f 1693/1263/5285 1729/1221/5285 1692/11/5285
f 3008/3007/5287 69/3047/5287 1666/1194/5287
f 69/3047/5288 3015/3030/5288 1700/1210/5288
f 1700/1210/5289 3022/3020/5289 1672/3019/5289
f 1672/3019/5290 3014/3018/5290 68/1223/5290
f 68/1223/5291 3010/3017/5291 1667/1224/5291
f 1672/3019/5292 68/1223/5292 1700/1210/5292
f 69/3047/5293 1700/1210/5293 1666/1194/5293
f 3009/3010/5294 1666/1194/5294 1667/1224/5294
f 68/1223/5295 1666/1194/5295 1700/1210/5295
f 2947/2927/5296 82/3048/5296 1584/1227/5296
f 82/3048/5297 2951/2930/5297 1614/2932/5297
f 1614/2932/5298 2957/1515/5298 1586/1514/5298
f 82/3048/5299 81/1225/5299 1584/1227/5299
f 1586/1514/5300 2950/1513/5300 81/1225/5300
f 81/1225/5301 2949/2935/5301 1585/1226/5301
f 1586/1514/5302 81/1225/5302 1614/2932/5302
f 82/3048/5303 1614/2932/5303 81/1225/5303
f 2948/2928/5304 1584/1227/5304 1585/1226/5304
f 3006/3004/5305 70/3049/5305 1664/1191/5305
f 70/3049/5306 3016/3036/5306 1704/1212/5306
f 1704/1212/5307 3026/3025/5307 1674/3024/5307
f 1674/3024/5308 3015/3030/5308 69/1228/5308
f 69/1228/5309 3008/3007/5309 1665/1229/5309
f 1674/3024/5310 69/1228/5310 1704/1212/5310
f 70/3049/5311 1704/1212/5311 1664/1191/5311
f 3007/3006/5312 1664/1191/5312 1665/1229/5312
f 69/1228/5313 1664/1191/5313 1704/1212/5313
f 71/3050/5314 3017/3040/5314 1710/1217/5314
f 1710/1217/5315 3032/3031/5315 1677/1213/5315
f 1677/1213/5316 3016/3036/5316 70/3051/5316
f 70/3051/5317 3006/3004/5317 1663/1230/5317
f 1663/1230/5318 3005/3002/5318 1662/1231/5318
f 1662/1231/5319 3004/3001/5319 71/3050/5319
f 71/3050/5320 1710/1217/5320 1662/1231/5320
f 1710/1217/548 1677/1213/548 1662/1231/548
f 1677/1213/5321 70/3051/5321 1663/1230/5321
f 1678/3035/5322 3034/3034/5322 1713/1233/5322
f 1713/1233/5323 3035/3052/5323 1714/1240/5323
f 1714/1240/5324 3036/3053/5324 1679/3054/5324
f 1679/3054/5325 3029/3055/5325 1707/1232/5325
f 1707/1232/5326 3028/3028/5326 1706/1211/5326
f 1706/1211/5327 3027/3027/5327 1678/3035/5327
f 1678/3035/5328 1713/1233/5328 1706/1211/5328
f 1713/1233/549 1714/1240/549 1707/1232/549
f 1714/1240/5329 1679/3054/5329 1707/1232/5329
f 3023/3021/5330 1675/3029/5330 1702/1205/5330
f 1675/3029/5331 3028/3028/5331 1707/1232/5331
f 1707/1232/5332 3029/3055/5332 1708/3056/5332
f 1708/3056/5333 3030/3057/5333 1673/3058/5333
f 1673/3058/5334 3025/3059/5334 1703/1234/5334
f 1708/3056/5335 1673/3058/5335 1703/1234/5335
f 1707/1232/5336 1708/3056/5336 1703/1234/5336
f 1675/3029/5337 1707/1232/5337 1702/1205/5337
f 1702/1205/5338 1707/1232/5338 1703/1234/5338
f 80/1236/5339 3021/1504/5339 1671/3022/5339
f 1671/3022/5340 3024/1235/5340 1703/1234/5340
f 1703/1234/5341 3025/3059/5341 79/1244/5341
f 79/1244/5342 2750/2664/5342 1323/1237/5342
f 1323/1237/5343 2749/2629/5343 1322/2628/5343
f 1322/2628/5344 2748/1505/5344 80/1236/5344
f 80/1236/5345 1671/3022/5345 1703/1234/5345
f 1703/1234/5346 79/1244/5346 1323/1237/5346
f 1323/1237/5347 1322/2628/5347 80/1236/5347
f 72/1238/5348 3018/3044/5348 1718/1219/5348
f 1718/1219/5349 3040/3037/5349 1681/1215/5349
f 1681/1215/5350 3017/3040/5350 71/3060/5350
f 71/3060/5351 3004/3001/5351 1661/1189/5351
f 1661/1189/5352 3003/2999/5352 1660/2998/5352
f 1660/2998/5353 3002/2997/5353 72/1238/5353
f 72/1238/5354 1718/1219/5354 1681/1215/5354
f 1681/1215/5355 71/3060/5355 1661/1189/5355
f 1661/1189/5356 1660/2998/5356 72/1238/5356
f 1682/1216/5357 3042/3039/5357 1721/1247/5357
f 1721/1247/5358 3043/3061/5358 1722/1250/5358
f 1722/1250/5359 3044/3062/5359 1683/1239/5359
f 1683/1239/5360 3035/3052/5360 1713/1233/5360
f 1713/1233/5361 3034/3034/5361 1712/1214/5361
f 1712/1214/5362 3033/3033/5362 1682/1216/5362
f 1682/1216/5363 1721/1247/5363 1722/1250/5363
f 1722/1250/553 1683/1239/553 1682/1216/553
f 1683/1239/5364 1713/1233/5364 1712/1214/5364
f 3035/3052/5365 1683/1239/5365 1714/1240/5365
f 1683/1239/5366 3044/3062/5366 1723/1252/5366
f 1684/3063/5367 1723/1252/5367 1724/1253/5367
f 1723/1252/5368 3045/3064/5368 1724/1253/5368
f 1683/1239/5369 1723/1252/5369 1684/3063/5369
f 1724/1253/5370 3046/3065/5370 1684/3063/5370
f 1684/3063/5371 3037/3066/5371 1715/1241/5371
f 3036/3053/5372 1714/1240/5372 1715/1241/5372
f 1715/1241/5369 1683/1239/5369 1684/3063/5369
f 3029/3055/5373 1679/3054/5373 1708/3056/5373
f 1679/3054/5374 3036/3053/5374 1715/1241/5374
f 1715/1241/5375 3037/3066/5375 1716/3067/5375
f 1716/3067/5376 3038/3068/5376 1676/1243/5376
f 1676/1243/5377 3031/3069/5377 1709/1242/5377
f 1716/3067/5378 1676/1243/5378 1715/1241/5378
f 1679/3054/5379 1715/1241/5379 1709/1242/5379
f 1708/3056/5380 1679/3054/5380 1709/1242/5380
f 1709/1242/5381 3030/3057/5381 1708/3056/5381
f 79/1244/5382 3025/3059/5382 1673/3058/5382
f 1673/3058/5383 3030/3057/5383 1709/1242/5383
f 1709/1242/5384 3031/3069/5384 78/3070/5384
f 78/3070/5385 2752/2668/5385 1325/907/5385
f 1325/907/5386 2751/2666/5386 1324/2665/5386
f 1324/2665/5387 2750/2664/5387 79/1244/5387
f 79/1244/5388 1673/3058/5388 1709/1242/5388
f 1709/1242/5389 78/3070/5389 1325/907/5389
f 1325/907/5390 1324/2665/5390 79/1244/5390
f 73/1245/5391 3019/1474/5391 1728/1222/5391
f 1728/1222/5392 3050/3041/5392 1686/1220/5392
f 1686/1220/5393 3018/3044/5393 72/3071/5393
f 72/3071/5394 3002/2997/5394 1659/1246/5394
f 1659/1246/5395 3001/2959/5395 1658/2958/5395
f 1658/2958/5396 3000/1472/5396 73/1245/5396
f 73/1245/5397 1728/1222/5397 1686/1220/5397
f 1686/1220/5398 72/3071/5398 1659/1246/5398
f 1659/1246/5399 1658/2958/5399 73/1245/5399
f 1687/1249/5400 3052/3043/5400 1731/1261/5400
f 1731/1261/5401 3053/3072/5401 1732/1264/5401
f 1732/1264/5402 3054/3073/5402 1688/3074/5402
f 1688/3074/5403 3043/3061/5403 1721/1247/5403
f 1721/1247/5404 3042/3039/5404 1720/1248/5404
f 1720/1248/5405 3041/3038/5405 1687/1249/5405
f 1687/1249/5406 1731/1261/5406 1688/3074/5406
f 1731/1261/5407 1732/1264/5407 1688/3074/5407
f 1688/3074/5406 1721/1247/5406 1687/1249/5406
f 3043/3061/5408 1688/3074/5408 1722/1250/5408
f 1688/3074/5409 3054/3073/5409 1733/1251/5409
f 1733/1251/5410 3055/3075/5410 1734/1266/5410
f 1688/3074/5411 1733/1251/5411 1722/1250/5411
f 3044/3062/5412 1722/1250/5412 1723/1252/5412
f 3045/3064/5413 1723/1252/5413 1689/1254/5413
f 1689/1254/5414 1734/1266/5414 3056/3076/5414
f 1733/1251/559 1734/1266/559 1723/1252/559
f 1723/1252/5415 1734/1266/5415 1689/1254/5415
f 3045/3064/5416 1689/1254/5416 1724/1253/5416
f 1689/1254/5417 3056/3076/5417 1735/1268/5417
f 1735/1268/5418 3057/3077/5418 1736/1270/5418
f 1689/1254/5419 1735/1268/5419 1736/1270/5419
f 3046/3065/5420 1724/1253/5420 1725/3078/5420
f 1725/3078/5421 1724/1253/5421 1690/1255/5421
f 1690/1255/5422 3047/3079/5422 1725/3078/5422
f 1689/1254/560 1736/1270/560 1690/1255/560
f 1736/1270/5423 3058/3080/5423 1690/1255/5423
f 3037/3066/5424 1684/3063/5424 1716/3067/5424
f 1684/3063/5425 3046/3065/5425 1725/3078/5425
f 1716/3067/5426 1684/3063/5426 1717/1258/5426
f 1725/3078/5427 3047/3079/5427 1726/3081/5427
f 1726/3081/5428 3048/3082/5428 1680/1256/5428
f 1725/3078/5429 1726/3081/5429 1680/1256/5429
f 1684/3063/5430 1725/3078/5430 1680/1256/5430
f 1717/1258/5431 1684/3063/5431 1680/1256/5431
f 1717/1258/5432 3038/3068/5432 1716/3067/5432
f 78/3070/5433 3031/3069/5433 1676/1243/5433
f 1676/1243/5434 3038/3068/5434 1717/1258/5434
f 1717/1258/5435 3039/1257/5435 77/3083/5435
f 77/3083/5436 2754/2671/5436 1327/1259/5436
f 1327/1259/5437 2753/2669/5437 1326/1260/5437
f 1326/1260/5438 2752/2668/5438 78/3070/5438
f 78/3070/5439 1676/1243/5439 1326/1260/5439
f 1676/1243/562 1717/1258/562 1326/1260/562
f 1717/1258/5440 77/3083/5440 1327/1259/5440
f 1693/1263/5441 3064/3046/5441 1743/1393/5441
f 1743/1393/5442 3065/3084/5442 1744/3085/5442
f 1744/3085/5443 3066/3086/5443 1694/3087/5443
f 1694/3087/5444 3053/3072/5444 1731/1261/5444
f 1731/1261/5445 3052/3043/5445 1730/1262/5445
f 1730/1262/5446 3051/3042/5446 1693/1263/5446
f 1693/1263/5447 1743/1393/5447 1731/1261/5447
f 1743/1393/5448 1744/3085/5448 1694/3087/5448
f 1731/1261/5449 1743/1393/5449 1694/3087/5449
f 1694/3087/5450 3066/3086/5450 1745/1265/5450
f 1745/1265/5451 3067/3088/5451 1746/1378/5451
f 1746/1378/5452 3068/3089/5452 1695/3090/5452
f 1695/3090/5453 3055/3075/5453 1733/1251/5453
f 1733/1251/5454 3054/3073/5454 1732/1264/5454
f 1732/1264/5455 3053/3072/5455 1694/3087/5455
f 1694/3087/5456 1745/1265/5456 1732/1264/5456
f 1745/1265/5457 1746/1378/5457 1733/1251/5457
f 1746/1378/5458 1695/3090/5458 1733/1251/5458
f 3055/3075/5459 1695/3090/5459 1734/1266/5459
f 1695/3090/5460 3068/3089/5460 1747/1377/5460
f 1747/1377/5461 3069/3091/5461 1748/1267/5461
f 1695/3090/5462 1747/1377/5462 1734/1266/5462
f 3056/3076/5463 1734/1266/5463 1735/1268/5463
f 3057/3077/5464 1735/1268/5464 1696/3092/5464
f 1696/3092/5465 1735/1268/5465 1748/1267/5465
f 1748/1267/5466 3070/3093/5466 1696/3092/5466
f 1734/1266/5467 1747/1377/5467 1748/1267/5467
f 3057/3077/5468 1696/3092/5468 1736/1270/5468
f 1696/3092/5469 3070/3093/5469 1749/1376/5469
f 1749/1376/5470 3071/3094/5470 1750/1271/5470
f 1696/3092/5471 1749/1376/5471 1750/1271/5471
f 1736/1270/5472 1696/3092/5472 1750/1271/5472
f 3058/3080/5473 1736/1270/5473 1737/3095/5473
f 3059/3096/5474 1737/3095/5474 1697/1269/5474
f 1697/1269/5475 1737/3095/5475 1736/1270/5475
f 1750/1271/5476 3072/3097/5476 1697/1269/5476
f 3047/3079/5477 1690/1255/5477 1726/3081/5477
f 1690/1255/5478 3058/3080/5478 1737/3095/5478
f 1726/3081/5479 1690/1255/5479 1685/1273/5479
f 1737/3095/5480 3059/3096/5480 1738/1272/5480
f 1738/1272/5481 3060/3098/5481 1685/1273/5481
f 1737/3095/5482 1738/1272/5482 1690/1255/5482
f 1726/3081/5483 1685/1273/5483 1727/3099/5483
f 1727/3099/5484 3048/3082/5484 1726/3081/5484
f 1685/1273/5485 3049/3100/5485 1727/3099/5485
f 2754/2671/5486 77/3083/5486 1328/909/5486
f 77/3083/5487 3039/1257/5487 1680/1256/5487
f 1680/1256/5488 3048/3082/5488 1727/3099/5488
f 1727/3099/5489 3049/3100/5489 76/1274/5489
f 76/1274/5490 2756/2674/5490 1329/1275/5490
f 1727/3099/5491 76/1274/5491 1680/1256/5491
f 77/3083/5492 1680/1256/5492 1328/909/5492
f 2755/2673/5493 1328/909/5493 1329/1275/5493
f 76/1274/5494 1328/909/5494 1680/1256/5494
f 2758/2686/5495 75/1284/5495 1332/1278/5495
f 75/1284/5496 3061/3101/5496 1691/1280/5496
f 1691/1280/5497 3074/3102/5497 1753/1442/5497
f 75/1284/5498 74/1276/5498 1332/1278/5498
f 1753/1442/5499 3075/3103/5499 74/1276/5499
f 74/1276/5500 2760/2685/5500 1333/1277/5500
f 1753/1442/5501 74/1276/5501 1691/1280/5501
f 75/1284/5502 1691/1280/5502 74/1276/5502
f 2759/2684/5503 1332/1278/5503 1333/1277/5503
f 3059/3096/5504 1697/1269/5504 1738/1272/5504
f 1697/1269/5505 3072/3097/5505 1751/1372/5505
f 1738/1272/5506 1697/1269/5506 1691/1280/5506
f 1751/1372/5507 3073/3104/5507 1752/1443/5507
f 1752/1443/5508 3074/3102/5508 1691/1280/5508
f 1751/1372/5509 1752/1443/5509 1697/1269/5509
f 1691/1280/5506 1697/1269/5506 1752/1443/5506
f 1739/1279/5510 3060/3098/5510 1738/1272/5510
f 1691/1280/5511 3061/3101/5511 1739/1279/5511
f 3077/3105/5512 1756/3106/5512 1782/3107/5512
f 1756/3106/5513 3085/3108/5513 1785/1287/5513
f 1782/3107/5514 1756/3106/5514 1785/1287/5514
f 1785/1287/5515 3086/3109/5515 1786/1283/5515
f 1782/3107/5516 1786/1283/5516 1783/1282/5516
f 1786/1283/5517 3087/1313/5517 1755/1281/5517
f 1785/1287/5516 1786/1283/5516 1782/3107/5516
f 1755/1281/5518 3084/2854/5518 1783/1282/5518
f 1783/1282/5519 3083/2853/5519 1782/3107/5519
f 2756/2674/5520 76/1274/5520 1330/913/5520
f 76/1274/5521 3049/3100/5521 1685/1273/5521
f 1685/1273/5522 3060/3098/5522 1739/1279/5522
f 1739/1279/5523 3061/3101/5523 75/1284/5523
f 75/1284/5524 2758/2686/5524 1331/1285/5524
f 1739/1279/5525 75/1284/5525 1685/1273/5525
f 76/1274/5526 1685/1273/5526 1330/913/5526
f 2757/2677/5527 1330/913/5527 1331/1285/5527
f 75/1284/5528 1330/913/5528 1685/1273/5528
f 3075/3103/5529 32/3110/5529 74/1276/5529
f 32/3110/5530 3139/1489/5530 4/23/5530
f 4/23/5531 1928/1495/5531 14/24/5531
f 14/24/5532 1933/1498/5532 137/1286/5532
f 137/1286/5533 2760/2685/5533 74/1276/5533
f 137/1286/5534 4/23/5534 14/24/5534
f 32/3110/5534 4/23/5534 74/1276/5534
f 1758/3111/5535 3089/3112/5535 1789/3113/5535
f 1789/3113/5536 3090/3114/5536 1790/1289/5536
f 1790/1289/5537 3091/3115/5537 1759/3116/5537
f 1759/3116/5538 3086/3109/5538 1785/1287/5538
f 1785/1287/5539 3085/3108/5539 1784/1288/5539
f 1784/1288/5540 3078/3117/5540 1758/3111/5540
f 1758/3111/5541 1789/3113/5541 1784/1288/5541
f 1789/3113/5542 1790/1289/5542 1784/1288/5542
f 1790/1289/5543 1759/3116/5543 1785/1287/5543
f 1761/1291/5544 3095/3118/5544 1795/3119/5544
f 1795/3119/5545 3096/3120/5545 1796/1292/5545
f 1796/1292/5546 3097/3121/5546 1762/3122/5546
f 1762/3122/5547 3090/3114/5547 1789/3113/5547
f 1789/3113/5548 3089/3112/5548 1788/1290/5548
f 1788/1290/5549 3079/3123/5549 1761/1291/5549
f 1761/1291/5550 1795/3119/5550 1796/1292/5550
f 1796/1292/5551 1762/3122/5551 1788/1290/5551
f 1762/3122/5552 1789/3113/5552 1788/1290/5552
f 1765/1293/5553 3103/3124/5553 1803/1296/5553
f 1803/1296/5554 3104/3125/5554 1804/1326/5554
f 1804/1326/5555 3105/3126/5555 1766/1294/5555
f 1766/1294/5556 3096/3120/5556 1795/3119/5556
f 1795/3119/5557 3095/3118/5557 1794/1295/5557
f 1794/1295/5558 3080/3127/5558 1765/1293/5558
f 1765/1293/5559 1803/1296/5559 1804/1326/5559
f 1804/1326/5560 1766/1294/5560 1765/1293/5560
f 1766/1294/5561 1795/3119/5561 1794/1295/5561
f 1770/1298/5562 3113/3128/5562 1813/1299/5562
f 1813/1299/5563 3114/3129/5563 1814/1337/5563
f 1814/1337/5564 3115/3130/5564 1771/1327/5564
f 1771/1327/5565 3104/3125/5565 1803/1296/5565
f 1803/1296/5566 3103/3124/5566 1802/1297/5566
f 1802/1297/5567 3081/3131/5567 1770/1298/5567
f 1770/1298/5568 1813/1299/5568 1771/1327/5568
f 1813/1299/5569 1814/1337/5569 1771/1327/5569
f 1771/1327/5570 1803/1296/5570 1770/1298/5570
f 1776/8/5571 3125/1462/5571 1825/4/5571
f 1825/4/5572 3126/1461/5572 1826/3132/5572
f 1826/3132/5573 3127/3133/5573 1777/1338/5573
f 1777/1338/5574 3114/3129/5574 1813/1299/5574
f 1813/1299/5575 3113/3128/5575 1812/1300/5575
f 1812/1300/5576 3082/1468/5576 1776/8/5576
f 1776/8/5577 1825/4/5577 1777/1338/5577
f 1825/4/5578 1826/3132/5578 1777/1338/5578
f 1777/1338/5577 1813/1299/5577 1776/8/5577
f 2882/2838/5579 55/1306/5579 1498/1054/5579
f 55/1306/5580 3078/3117/5580 1784/1288/5580
f 1784/1288/5581 3085/3108/5581 1756/3106/5581
f 1756/3106/5582 3077/3105/5582 54/1301/5582
f 54/1301/5583 2884/2847/5583 1499/1302/5583
f 1756/3106/5584 54/1301/5584 1784/1288/5584
f 55/1306/5585 1784/1288/5585 1498/1054/5585
f 2883/2841/5586 1498/1054/5586 1499/1302/5586
f 54/1301/5587 1498/1054/5587 1784/1288/5587
f 3010/3017/5588 68/3134/5588 1668/1305/5588
f 68/3134/5589 3014/3018/5589 1698/1204/5589
f 1698/1204/5590 3020/1503/5590 1670/1502/5590
f 68/3134/5591 67/1303/5591 1668/1305/5591
f 1670/1502/5592 3013/1501/5592 67/1303/5592
f 67/1303/5593 3012/3016/5593 1669/1304/5593
f 1670/1502/5594 67/1303/5594 1698/1204/5594
f 68/3134/5595 1698/1204/5595 67/1303/5595
f 3011/3015/5596 1668/1305/5596 1669/1304/5596
f 2880/2835/5597 56/3135/5597 1496/1050/5597
f 56/3135/5598 3079/3123/5598 1788/1290/5598
f 1788/1290/5599 3089/3112/5599 1758/3111/5599
f 1758/3111/5600 3078/3117/5600 55/1306/5600
f 55/1306/5601 2882/2838/5601 1497/1307/5601
f 1758/3111/5602 55/1306/5602 1788/1290/5602
f 56/3135/5603 1788/1290/5603 1496/1050/5603
f 2881/2837/5604 1496/1050/5604 1497/1307/5604
f 55/1306/5605 1496/1050/5605 1788/1290/5605
f 57/3136/5606 3080/3127/5606 1794/1295/5606
f 1794/1295/5607 3095/3118/5607 1761/1291/5607
f 1761/1291/5608 3079/3123/5608 56/3135/5608
f 56/3135/5609 2880/2835/5609 1495/1308/5609
f 1495/1308/5610 2879/2833/5610 1494/1309/5610
f 1494/1309/5611 2878/2832/5611 57/3136/5611
f 57/3136/5612 1794/1295/5612 1494/1309/5612
f 1794/1295/582 1761/1291/582 1494/1309/582
f 1761/1291/5613 56/3135/5613 1495/1308/5613
f 1762/3122/5614 3097/3121/5614 1797/1311/5614
f 1797/1311/5615 3098/3137/5615 1798/3138/5615
f 1798/3138/5616 3099/3139/5616 1763/3140/5616
f 1763/3140/5617 3092/3141/5617 1791/1310/5617
f 1791/1310/5618 3091/3115/5618 1790/1289/5618
f 1790/1289/5619 3090/3114/5619 1762/3122/5619
f 1762/3122/5620 1797/1311/5620 1790/1289/5620
f 1797/1311/583 1798/3138/583 1791/1310/583
f 1798/3138/5621 1763/3140/5621 1791/1310/5621
f 3086/3109/5622 1759/3116/5622 1786/1283/5622
f 1759/3116/5623 3091/3115/5623 1791/1310/5623
f 1791/1310/5624 3092/3141/5624 1792/3142/5624
f 1792/3142/5625 3093/3143/5625 1757/3144/5625
f 1757/3144/5626 3088/3145/5626 1787/1312/5626
f 1792/3142/5627 1757/3144/5627 1787/1312/5627
f 1791/1310/5628 1792/3142/5628 1787/1312/5628
f 1759/3116/5629 1791/1310/5629 1786/1283/5629
f 1786/1283/5630 1791/1310/5630 1787/1312/5630
f 66/1314/5631 3084/2854/5631 1755/1281/5631
f 1755/1281/5632 3087/1313/5632 1787/1312/5632
f 1787/1312/5633 3088/3145/5633 65/3146/5633
f 65/3146/5634 2889/2862/5634 1532/1069/5634
f 1532/1069/5635 2896/2850/5635 1504/2849/5635
f 1504/2849/5636 2888/2848/5636 66/1314/5636
f 66/1314/5637 1755/1281/5637 1787/1312/5637
f 1787/1312/5638 65/3146/5638 1532/1069/5638
f 1532/1069/5639 1504/2849/5639 66/1314/5639
f 58/1315/5640 3081/3131/5640 1802/1297/5640
f 1802/1297/5641 3103/3124/5641 1765/1293/5641
f 1765/1293/5642 3080/3127/5642 57/3136/5642
f 57/3136/5643 2878/2832/5643 1493/1048/5643
f 1493/1048/5644 2877/2830/5644 1492/2829/5644
f 1492/2829/5645 2876/2828/5645 58/1315/5645
f 58/1315/5646 1802/1297/5646 1765/1293/5646
f 1765/1293/5647 57/3136/5647 1493/1048/5647
f 1493/1048/5648 1492/2829/5648 58/1315/5648
f 1766/1294/5649 3105/3126/5649 1805/1325/5649
f 1805/1325/5650 3106/3147/5650 1806/1328/5650
f 1806/1328/5651 3107/3148/5651 1767/1316/5651
f 1767/1316/5652 3098/3137/5652 1797/1311/5652
f 1797/1311/5653 3097/3121/5653 1796/1292/5653
f 1796/1292/5654 3096/3120/5654 1766/1294/5654
f 1766/1294/5655 1805/1325/5655 1806/1328/5655
f 1806/1328/587 1767/1316/587 1766/1294/587
f 1767/1316/5656 1797/1311/5656 1796/1292/5656
f 3098/3137/5657 1767/1316/5657 1798/3138/5657
f 1767/1316/5658 3107/3148/5658 1807/1318/5658
f 1807/1318/5659 3108/3149/5659 1808/3150/5659
f 1808/3150/5660 3109/3151/5660 1768/1319/5660
f 1768/1319/5661 3100/3152/5661 1799/1317/5661
f 1808/3150/5662 1768/1319/5662 1807/1318/5662
f 1767/1316/588 1807/1318/588 1799/1317/588
f 1798/3138/5663 1767/1316/5663 1799/1317/5663
f 3099/3139/5664 1798/3138/5664 1799/1317/5664
f 3092/3141/5665 1763/3140/5665 1792/3142/5665
f 1763/3140/5666 3099/3139/5666 1799/1317/5666
f 1799/1317/5667 3100/3152/5667 1800/3153/5667
f 1800/3153/5668 3101/3154/5668 1760/1321/5668
f 1760/1321/5669 3094/3155/5669 1793/1320/5669
f 1800/3153/5670 1760/1321/5670 1799/1317/5670
f 1763/3140/5671 1799/1317/5671 1793/1320/5671
f 1792/3142/5672 1763/3140/5672 1793/1320/5672
f 1793/1320/5673 3093/3143/5673 1792/3142/5673
f 65/1322/5674 3088/3145/5674 1757/3144/5674
f 1757/3144/5675 3093/3143/5675 1793/1320/5675
f 1793/1320/5676 3094/3155/5676 64/3156/5676
f 64/3156/5677 2890/2868/5677 1536/1071/5677
f 1536/1071/5678 2900/2857/5678 1506/2856/5678
f 1506/2856/5679 2889/2862/5679 65/1322/5679
f 65/1322/5680 1757/3144/5680 1793/1320/5680
f 1793/1320/5681 64/3156/5681 1536/1071/5681
f 1536/1071/5682 1506/2856/5682 65/1322/5682
f 59/1323/5683 3082/1468/5683 1812/1300/5683
f 1812/1300/5684 3113/3128/5684 1770/1298/5684
f 1770/1298/5685 3081/3131/5685 58/1315/5685
f 58/1315/5686 2876/2828/5686 1491/1324/5686
f 1491/1324/5687 2875/2795/5687 1490/2794/5687
f 1490/2794/5688 2874/1467/5688 59/1323/5688
f 59/1323/5689 1812/1300/5689 1770/1298/5689
f 1770/1298/5690 58/1315/5690 1491/1324/5690
f 1491/1324/5691 1490/2794/5691 59/1323/5691
f 1771/1327/5692 3115/3130/5692 1815/1336/5692
f 1815/1336/5693 3116/3157/5693 1816/1339/5693
f 1816/1339/5694 3117/3158/5694 1772/3159/5694
f 1772/3159/5695 3106/3147/5695 1805/1325/5695
f 1805/1325/5696 3105/3126/5696 1804/1326/5696
f 1804/1326/5697 3104/3125/5697 1771/1327/5697
f 1771/1327/5698 1815/1336/5698 1772/3159/5698
f 1815/1336/5699 1816/1339/5699 1772/3159/5699
f 1772/3159/5698 1805/1325/5698 1771/1327/5698
f 3106/3147/5700 1772/3159/5700 1806/1328/5700
f 1772/3159/5701 3117/3158/5701 1817/1329/5701
f 1817/1329/5702 3118/3160/5702 1818/1341/5702
f 1772/3159/5703 1817/1329/5703 1806/1328/5703
f 3107/3148/5704 1806/1328/5704 1807/1318/5704
f 3108/3149/5705 1807/1318/5705 1773/3161/5705
f 1773/3161/5706 1818/1341/5706 3119/3162/5706
f 1817/1329/593 1818/1341/593 1807/1318/593
f 1807/1318/5707 1818/1341/5707 1773/3161/5707
f 3108/3149/5708 1773/3161/5708 1808/3150/5708
f 1773/3161/5709 3119/3162/5709 1819/1343/5709
f 1819/1343/5710 3120/3163/5710 1820/1330/5710
f 1773/3161/5711 1819/1343/5711 1820/1330/5711
f 1808/3150/5712 1773/3161/5712 1820/1330/5712
f 3109/3151/5713 1808/3150/5713 1809/3164/5713
f 1809/3164/5714 1808/3150/5714 1774/1332/5714
f 1774/1332/5715 3110/3165/5715 1809/3164/5715
f 1774/1332/5712 1808/3150/5712 1820/1330/5712
f 3100/3152/5716 1768/1319/5716 1800/3153/5716
f 1768/1319/5717 3109/3151/5717 1809/3164/5717
f 1800/3153/5718 1768/1319/5718 1801/1335/5718
f 1809/3164/5719 3110/3165/5719 1810/3166/5719
f 1810/3166/5720 3111/3167/5720 1764/1333/5720
f 1809/3164/5721 1810/3166/5721 1764/1333/5721
f 1768/1319/5722 1809/3164/5722 1764/1333/5722
f 1801/1335/5723 1768/1319/5723 1764/1333/5723
f 1801/1335/5724 3101/3154/5724 1800/3153/5724
f 64/3168/5725 3094/3155/5725 1760/1321/5725
f 1760/1321/5726 3101/3154/5726 1801/1335/5726
f 1801/1335/5727 3102/1334/5727 63/3169/5727
f 63/3169/5728 2891/2872/5728 1542/1076/5728
f 1542/1076/5729 2906/2863/5729 1509/1072/5729
f 1509/1072/5730 2890/2868/5730 64/3168/5730
f 64/3168/5731 1760/1321/5731 1509/1072/5731
f 1760/1321/596 1801/1335/596 1509/1072/596
f 1801/1335/5732 63/3169/5732 1542/1076/5732
f 1777/1338/5733 3127/3133/5733 1827/1434/5733
f 1827/1434/5734 3128/3170/5734 1828/3171/5734
f 1828/3171/5735 3129/3172/5735 1778/3173/5735
f 1778/3173/5736 3116/3157/5736 1815/1336/5736
f 1815/1336/5737 3115/3130/5737 1814/1337/5737
f 1814/1337/5738 3114/3129/5738 1777/1338/5738
f 1777/1338/5739 1827/1434/5739 1815/1336/5739
f 1827/1434/5740 1828/3171/5740 1778/3173/5740
f 1815/1336/5741 1827/1434/5741 1778/3173/5741
f 1778/3173/5742 3129/3172/5742 1829/1340/5742
f 1829/1340/5743 3130/3174/5743 1830/1430/5743
f 1830/1430/5744 3131/3175/5744 1779/3176/5744
f 1779/3176/5745 3118/3160/5745 1817/1329/5745
f 1817/1329/5746 3117/3158/5746 1816/1339/5746
f 1816/1339/5747 3116/3157/5747 1778/3173/5747
f 1778/3173/5748 1829/1340/5748 1816/1339/5748
f 1829/1340/5749 1830/1430/5749 1817/1329/5749
f 1830/1430/5750 1779/3176/5750 1817/1329/5750
f 3118/3160/5751 1779/3176/5751 1818/1341/5751
f 1779/3176/5752 3131/3175/5752 1831/1429/5752
f 1831/1429/5753 3132/3177/5753 1832/1342/5753
f 1779/3176/5754 1831/1429/5754 1818/1341/5754
f 3119/3162/5755 1818/1341/5755 1819/1343/5755
f 3120/3163/5756 1819/1343/5756 1780/3178/5756
f 1780/3178/5757 1819/1343/5757 1832/1342/5757
f 1832/1342/5758 3133/3179/5758 1780/3178/5758
f 1818/1341/5759 1831/1429/5759 1832/1342/5759
f 3120/3163/5760 1780/3178/5760 1820/1330/5760
f 1780/3178/5761 3133/3179/5761 1833/1428/5761
f 1833/1428/5762 3134/3180/5762 1834/1345/5762
f 1780/3178/5763 1833/1428/5763 1834/1345/5763
f 1820/1330/5764 1780/3178/5764 1834/1345/5764
f 3121/1331/5765 1820/1330/5765 1821/3181/5765
f 3122/3182/5766 1821/3181/5766 1781/1344/5766
f 1781/1344/5767 1821/3181/5767 1820/1330/5767
f 1834/1345/5768 3135/3183/5768 1781/1344/5768
f 3110/3165/5769 1774/1332/5769 1810/3166/5769
f 1774/1332/5770 3121/1331/5770 1821/3181/5770
f 1810/3166/5771 1774/1332/5771 1769/1347/5771
f 1821/3181/5772 3122/3182/5772 1822/1346/5772
f 1822/1346/5773 3123/3184/5773 1769/1347/5773
f 1821/3181/5774 1822/1346/5774 1774/1332/5774
f 1810/3166/5775 1769/1347/5775 1811/3185/5775
f 1811/3185/5776 3111/3167/5776 1810/3166/5776
f 1769/1347/5777 3112/3186/5777 1811/3185/5777
f 2891/2872/5778 63/3187/5778 1513/1074/5778
f 63/3187/5779 3102/1334/5779 1764/1333/5779
f 1764/1333/5780 3111/3167/5780 1811/3185/5780
f 1811/3185/5781 3112/3186/5781 62/1348/5781
f 62/1348/5782 2892/2876/5782 1550/1078/5782
f 1811/3185/5783 62/1348/5783 1764/1333/5783
f 63/3187/5784 1764/1333/5784 1513/1074/5784
f 2914/2869/5785 1513/1074/5785 1550/1078/5785
f 62/1348/5786 1513/1074/5786 1764/1333/5786
f 2893/2879/5787 61/3188/5787 1524/1082/5787
f 61/3188/5788 3124/3189/5788 1775/1352/5788
f 1775/1352/5789 3137/3190/5789 1837/1423/5789
f 61/3188/5790 60/1349/5790 1524/1082/5790
f 1837/1423/5791 3138/1483/5791 60/1349/5791
f 60/1349/5792 1926/1477/5792 1572/1350/5792
f 1837/1423/5793 60/1349/5793 1775/1352/5793
f 61/3188/5794 1775/1352/5794 60/1349/5794
f 2936/1475/5795 1524/1082/5795 1572/1350/5795
f 3122/3182/5796 1781/1344/5796 1822/1346/5796
f 1781/1344/5797 3135/3183/5797 1835/1426/5797
f 1822/1346/5798 1781/1344/5798 1775/1352/5798
f 1835/1426/5799 3136/3191/5799 1836/1424/5799
f 1836/1424/5800 3137/3190/5800 1775/1352/5800
f 1835/1426/5801 1836/1424/5801 1781/1344/5801
f 1775/1352/5798 1781/1344/5798 1836/1424/5798
f 1823/1351/5802 3123/3184/5802 1822/1346/5802
f 1775/1352/5803 3124/3189/5803 1823/1351/5803
f 3140/3192/5804 1840/3193/5804 1866/3194/5804
f 1840/3193/5805 3148/3195/5805 1869/1357/5805
f 1866/3194/5806 1840/3193/5806 1869/1357/5806
f 1869/1357/5807 3149/3196/5807 1870/1355/5807
f 1866/3194/5808 1870/1355/5808 1867/1354/5808
f 1870/1355/5809 3150/1382/5809 1839/1353/5809
f 1869/1357/5808 1870/1355/5808 1866/3194/5808
f 1839/1353/5810 3147/1492/5810 1867/1354/5810
f 1867/1354/5811 3146/1491/5811 1866/3194/5811
f 2892/2876/5812 62/3197/5812 1518/1079/5812
f 62/3197/5813 3112/3186/5813 1769/1347/5813
f 1769/1347/5814 3123/3184/5814 1823/1351/5814
f 1823/1351/5815 3124/3189/5815 61/1356/5815
f 61/1356/5816 2893/2879/5816 1560/1081/5816
f 1823/1351/5817 61/1356/5817 1769/1347/5817
f 62/3197/5818 1769/1347/5818 1518/1079/5818
f 2924/2873/5819 1518/1079/5819 1560/1081/5819
f 61/1356/5820 1518/1079/5820 1769/1347/5820
f 1842/3198/5821 3152/3199/5821 1873/3200/5821
f 1873/3200/5822 3153/3201/5822 1874/1359/5822
f 1874/1359/5823 3154/3202/5823 1843/3203/5823
f 1843/3203/5824 3149/3196/5824 1869/1357/5824
f 1869/1357/5825 3148/3195/5825 1868/1358/5825
f 1868/1358/5826 3141/3204/5826 1842/3198/5826
f 1842/3198/5827 1873/3200/5827 1868/1358/5827
f 1873/3200/5828 1874/1359/5828 1868/1358/5828
f 1874/1359/5829 1843/3203/5829 1869/1357/5829
f 1845/1361/5830 3158/3205/5830 1879/3206/5830
f 1879/3206/5831 3159/3207/5831 1880/1362/5831
f 1880/1362/5832 3160/3208/5832 1846/3209/5832
f 1846/3209/5833 3153/3201/5833 1873/3200/5833
f 1873/3200/5834 3152/3199/5834 1872/1360/5834
f 1872/1360/5835 3142/3210/5835 1845/1361/5835
f 1845/1361/5836 1879/3206/5836 1880/1362/5836
f 1880/1362/5837 1846/3209/5837 1872/1360/5837
f 1846/3209/5838 1873/3200/5838 1872/1360/5838
f 1849/1363/5839 3166/3211/5839 1887/1366/5839
f 1887/1366/5840 3167/3212/5840 1888/1395/5840
f 1888/1395/5841 3168/3213/5841 1850/1364/5841
f 1850/1364/5842 3159/3207/5842 1879/3206/5842
f 1879/3206/5843 3158/3205/5843 1878/1365/5843
f 1878/1365/5844 3143/3214/5844 1849/1363/5844
f 1849/1363/5845 1887/1366/5845 1888/1395/5845
f 1888/1395/5846 1850/1364/5846 1849/1363/5846
f 1850/1364/5847 1879/3206/5847 1878/1365/5847
f 1854/1368/5848 3176/3215/5848 1897/1369/5848
f 1897/1369/5849 3177/3216/5849 1898/1409/5849
f 1898/1409/5850 3178/3217/5850 1855/1396/5850
f 1855/1396/5851 3167/3212/5851 1887/1366/5851
f 1887/1366/5852 3166/3211/5852 1886/1367/5852
f 1886/1367/5853 3144/3218/5853 1854/1368/5853
f 1854/1368/5854 1897/1369/5854 1855/1396/5854
f 1897/1369/5855 1898/1409/5855 1855/1396/5855
f 1855/1396/5856 1887/1366/5856 1854/1368/5856
f 1860/3/5857 3188/1454/5857 1909/3219/5857
f 1909/3219/5858 3189/3220/5858 1910/3221/5858
f 1910/3221/5859 3190/3222/5859 1861/1410/5859
f 1861/1410/5860 3177/3216/5860 1897/1369/5860
f 1897/1369/5861 3176/3215/5861 1896/1370/5861
f 1896/1370/5862 3145/1453/5862 1860/3/5862
f 1860/3/5863 1909/3219/5863 1861/1410/5863
f 1909/3219/5864 1910/3221/5864 1861/1410/5864
f 1861/1410/5863 1897/1369/5863 1860/3/5863
f 3071/3094/5865 34/3223/5865 1750/1271/5865
f 34/3223/5866 3141/3204/5866 1868/1358/5866
f 1868/1358/5867 3148/3195/5867 1840/3193/5867
f 1840/3193/5868 3140/3192/5868 33/1371/5868
f 33/1371/5869 3073/3104/5869 1751/1372/5869
f 1840/3193/5870 33/1371/5870 1868/1358/5870
f 34/3223/5871 1868/1358/5871 1750/1271/5871
f 3072/3097/5872 1750/1271/5872 1751/1372/5872
f 33/1371/5873 1750/1271/5873 1868/1358/5873
f 2884/2847/5874 54/1301/5874 1500/1374/5874
f 54/1301/5875 3077/3105/5875 1782/3107/5875
f 1782/3107/5876 3083/2853/5876 1754/2852/5876
f 54/1301/5877 53/44/5877 1500/1374/5877
f 1754/2852/5878 3076/1539/5878 53/44/5878
f 53/44/5879 2886/1538/5879 1501/1373/5879
f 1754/2852/5880 53/44/5880 1782/3107/5880
f 54/1301/5881 1782/3107/5881 53/44/5881
f 2885/2846/5882 1500/1374/5882 1501/1373/5882
f 3069/3091/5883 35/3224/5883 1748/1267/5883
f 35/3224/5884 3142/3210/5884 1872/1360/5884
f 1872/1360/5885 3152/3199/5885 1842/3198/5885
f 1842/3198/5886 3141/3204/5886 34/1375/5886
f 34/1375/5887 3071/3094/5887 1749/1376/5887
f 1842/3198/5888 34/1375/5888 1872/1360/5888
f 35/3224/5889 1872/1360/5889 1748/1267/5889
f 3070/3093/5890 1748/1267/5890 1749/1376/5890
f 34/1375/5891 1748/1267/5891 1872/1360/5891
f 36/3225/5892 3143/3214/5892 1878/1365/5892
f 1878/1365/5893 3158/3205/5893 1845/1361/5893
f 1845/1361/5894 3142/3210/5894 35/3226/5894
f 35/3226/5895 3069/3091/5895 1747/1377/5895
f 1747/1377/5896 3068/3089/5896 1746/1378/5896
f 1746/1378/5897 3067/3088/5897 36/3225/5897
f 36/3225/5898 1878/1365/5898 1746/1378/5898
f 1878/1365/615 1845/1361/615 1746/1378/615
f 1845/1361/5899 35/3226/5899 1747/1377/5899
f 1846/3209/5900 3160/3208/5900 1881/1380/5900
f 1881/1380/5901 3161/3227/5901 1882/3228/5901
f 1882/3228/5902 3162/3229/5902 1847/3230/5902
f 1847/3230/5903 3155/3231/5903 1875/1379/5903
f 1875/1379/5904 3154/3202/5904 1874/1359/5904
f 1874/1359/5905 3153/3201/5905 1846/3209/5905
f 1846/3209/5906 1881/1380/5906 1874/1359/5906
f 1881/1380/616 1882/3228/616 1875/1379/616
f 1882/3228/5907 1847/3230/5907 1875/1379/5907
f 3149/3196/5908 1843/3203/5908 1870/1355/5908
f 1843/3203/5909 3154/3202/5909 1875/1379/5909
f 1875/1379/5910 3155/3231/5910 1876/3232/5910
f 1876/3232/5911 3156/3233/5911 1841/3234/5911
f 1841/3234/5912 3151/3235/5912 1871/1381/5912
f 1876/3232/5913 1841/3234/5913 1871/1381/5913
f 1875/1379/5914 1876/3232/5914 1871/1381/5914
f 1843/3203/5915 1875/1379/5915 1870/1355/5915
f 1870/1355/5916 1875/1379/5916 1871/1381/5916
f 52/1383/5917 3147/1492/5917 1839/1353/5917
f 1839/1353/5918 3150/1382/5918 1871/1381/5918
f 1871/1381/5919 3151/3235/5919 51/1391/5919
f 51/1391/5920 2813/2748/5920 1407/1384/5920
f 1407/1384/5921 2812/2715/5921 1406/2714/5921
f 1406/2714/5922 2811/1493/5922 52/1383/5922
f 52/1383/5923 1839/1353/5923 1871/1381/5923
f 1871/1381/5924 51/1391/5924 1407/1384/5924
f 1407/1384/5925 1406/2714/5925 52/1383/5925
f 37/1385/5926 3144/3218/5926 1886/1367/5926
f 1886/1367/5927 3166/3211/5927 1849/1363/5927
f 1849/1363/5928 3143/3214/5928 36/3236/5928
f 36/3236/5929 3067/3088/5929 1745/1265/5929
f 1745/1265/5930 3066/3086/5930 1744/3085/5930
f 1744/3085/5931 3065/3084/5931 37/1385/5931
f 37/1385/5932 1886/1367/5932 1849/1363/5932
f 1849/1363/5933 36/3236/5933 1745/1265/5933
f 1745/1265/5934 1744/3085/5934 37/1385/5934
f 1850/1364/5935 3168/3213/5935 1889/1394/5935
f 1889/1394/5936 3169/3237/5936 1890/1397/5936
f 1890/1397/5937 3170/3238/5937 1851/1386/5937
f 1851/1386/5938 3161/3227/5938 1881/1380/5938
f 1881/1380/5939 3160/3208/5939 1880/1362/5939
f 1880/1362/5940 3159/3207/5940 1850/1364/5940
f 1850/1364/5941 1889/1394/5941 1890/1397/5941
f 1890/1397/620 1851/1386/620 1850/1364/620
f 1851/1386/5942 1881/1380/5942 1880/1362/5942
f 3161/3227/5943 1851/1386/5943 1882/3228/5943
f 1851/1386/5944 3170/3238/5944 1891/1399/5944
f 1891/1399/5945 3171/3239/5945 1892/3240/5945
f 1892/3240/5946 3172/3241/5946 1852/1388/5946
f 1852/1388/5947 3163/3242/5947 1883/1387/5947
f 1892/3240/5948 1852/1388/5948 1891/1399/5948
f 1851/1386/621 1891/1399/621 1852/1388/621
f 1882/3228/5949 1851/1386/5949 1883/1387/5949
f 3162/3229/5950 1882/3228/5950 1883/1387/5950
f 3155/3231/5951 1847/3230/5951 1876/3232/5951
f 1847/3230/5952 3162/3229/5952 1883/1387/5952
f 1883/1387/5953 3163/3242/5953 1884/3243/5953
f 1884/3243/5954 3164/3244/5954 1844/1390/5954
f 1844/1390/5955 3157/3245/5955 1877/1389/5955
f 1884/3243/5956 1844/1390/5956 1883/1387/5956
f 1847/3230/5957 1883/1387/5957 1877/1389/5957
f 1876/3232/5958 1847/3230/5958 1877/1389/5958
f 1877/1389/5959 3156/3233/5959 1876/3232/5959
f 51/1391/5960 3151/3235/5960 1841/3234/5960
f 1841/3234/5961 3156/3233/5961 1877/1389/5961
f 1877/1389/5962 3157/3245/5962 50/3246/5962
f 50/3246/5963 2815/2752/5963 1409/978/5963
f 1409/978/5964 2814/2750/5964 1408/2749/5964
f 1408/2749/5965 2813/2748/5965 51/1391/5965
f 51/1391/5966 1841/3234/5966 1877/1389/5966
f 1877/1389/5967 50/3246/5967 1409/978/5967
f 1409/978/5968 1408/2749/5968 51/1391/5968
f 38/1392/5969 3145/1453/5969 1896/1370/5969
f 1896/1370/5970 3176/3215/5970 1854/1368/5970
f 1854/1368/5971 3144/3218/5971 37/3247/5971
f 37/3247/5972 3065/3084/5972 1743/1393/5972
f 1743/1393/5973 3064/3046/5973 1742/3045/5973
f 1742/3045/5974 3063/1451/5974 38/1392/5974
f 38/1392/5975 1896/1370/5975 1854/1368/5975
f 1854/1368/5976 37/3247/5976 1743/1393/5976
f 1743/1393/5977 1742/3045/5977 38/1392/5977
f 1855/1396/5978 3178/3217/5978 1899/1408/5978
f 1899/1408/5979 3179/3248/5979 1900/1411/5979
f 1900/1411/5980 3180/3249/5980 1856/3250/5980
f 1856/3250/5981 3169/3237/5981 1889/1394/5981
f 1889/1394/5982 3168/3213/5982 1888/1395/5982
f 1888/1395/5983 3167/3212/5983 1855/1396/5983
f 1855/1396/5984 1899/1408/5984 1856/3250/5984
f 1899/1408/5985 1900/1411/5985 1856/3250/5985
f 1856/3250/5984 1889/1394/5984 1855/1396/5984
f 3169/3237/5986 1856/3250/5986 1890/1397/5986
f 1856/3250/5987 3180/3249/5987 1901/1398/5987
f 1901/1398/5988 3181/3251/5988 1902/1413/5988
f 1856/3250/5989 1901/1398/5989 1890/1397/5989
f 3170/3238/5990 1890/1397/5990 1891/1399/5990
f 3171/3239/5991 1891/1399/5991 1857/3252/5991
f 1857/3252/5992 1902/1413/5992 3182/3253/5992
f 1901/1398/626 1902/1413/626 1891/1399/626
f 1891/1399/5993 1902/1413/5993 1857/3252/5993
f 3171/3239/5994 1857/3252/5994 1892/3240/5994
f 1857/3252/5995 3182/3253/5995 1903/1415/5995
f 1903/1415/5996 3183/3254/5996 1904/1400/5996
f 1857/3252/5997 1903/1415/5997 1904/1400/5997
f 1892/3240/5998 1857/3252/5998 1904/1400/5998
f 3172/3241/5999 1892/3240/5999 1893/3255/5999
f 1893/3255/6000 1892/3240/6000 1858/1402/6000
f 1858/1402/6001 3173/3256/6001 1893/3255/6001
f 1858/1402/5998 1892/3240/5998 1904/1400/5998
f 3163/3242/6002 1852/1388/6002 1884/3243/6002
f 1852/1388/6003 3172/3241/6003 1893/3255/6003
f 1884/3243/6004 1852/1388/6004 1885/1405/6004
f 1893/3255/6005 3173/3256/6005 1894/3257/6005
f 1894/3257/6006 3174/3258/6006 1848/1403/6006
f 1893/3255/6007 1894/3257/6007 1848/1403/6007
f 1852/1388/6008 1893/3255/6008 1848/1403/6008
f 1885/1405/6009 1852/1388/6009 1848/1403/6009
f 1885/1405/6010 3164/3244/6010 1884/3243/6010
f 50/3246/6011 3157/3245/6011 1844/1390/6011
f 1844/1390/6012 3164/3244/6012 1885/1405/6012
f 1885/1405/6013 3165/1404/6013 49/3259/6013
f 49/3259/6014 2817/2755/6014 1411/1406/6014
f 1411/1406/6015 2816/2753/6015 1410/1407/6015
f 1410/1407/6016 2815/2752/6016 50/3246/6016
f 50/3246/6017 1844/1390/6017 1410/1407/6017
f 1844/1390/629 1885/1405/629 1411/1406/629
f 1885/1405/6018 49/3259/6018 1411/1406/6018
f 1861/1410/6019 3190/3222/6019 1911/3260/6019
f 1911/3260/6020 3191/3261/6020 1912/3262/6020
f 1912/3262/6021 3192/3263/6021 1862/3264/6021
f 1862/3264/6022 3179/3248/6022 1899/1408/6022
f 1899/1408/6023 3178/3217/6023 1898/1409/6023
f 1898/1409/6024 3177/3216/6024 1861/1410/6024
f 1861/1410/6025 1911/3260/6025 1899/1408/6025
f 1911/3260/6026 1912/3262/6026 1862/3264/6026
f 1899/1408/6027 1911/3260/6027 1862/3264/6027
f 1862/3264/6028 3192/3263/6028 1913/1412/6028
f 1913/1412/6029 3193/3265/6029 1914/3266/6029
f 1914/3266/6030 3194/3267/6030 1863/3268/6030
f 1863/3268/6031 3181/3251/6031 1901/1398/6031
f 1901/1398/6032 3180/3249/6032 1900/1411/6032
f 1900/1411/6033 3179/3248/6033 1862/3264/6033
f 1862/3264/6034 1913/1412/6034 1900/1411/6034
f 1913/1412/6035 1914/3266/6035 1901/1398/6035
f 1914/3266/6036 1863/3268/6036 1901/1398/6036
f 3181/3251/6037 1863/3268/6037 1902/1413/6037
f 1863/3268/6038 3194/3267/6038 1915/1431/6038
f 1915/1431/6039 3195/3269/6039 1916/1414/6039
f 1863/3268/6040 1915/1431/6040 1902/1413/6040
f 3182/3253/6041 1902/1413/6041 1903/1415/6041
f 3183/3254/6042 1903/1415/6042 1864/3270/6042
f 1864/3270/6043 1903/1415/6043 1916/1414/6043
f 1916/1414/6044 3196/3271/6044 1864/3270/6044
f 1902/1413/6045 1915/1431/6045 1916/1414/6045
f 3183/3254/6046 1864/3270/6046 1904/1400/6046
f 1864/3270/6047 3196/3271/6047 1917/3272/6047
f 1917/3272/6048 3197/3273/6048 1918/1417/6048
f 1864/3270/6049 1917/3272/6049 1918/1417/6049
f 1904/1400/6050 1864/3270/6050 1918/1417/6050
f 3184/1401/6051 1904/1400/6051 1905/3274/6051
f 3185/3275/6052 1905/3274/6052 1865/1416/6052
f 1865/1416/6053 1905/3274/6053 1904/1400/6053
f 1918/1417/6054 3198/3276/6054 1865/1416/6054
f 3173/3256/6055 1858/1402/6055 1894/3257/6055
f 1858/1402/6056 3184/1401/6056 1905/3274/6056
f 1894/3257/6057 1858/1402/6057 1853/1419/6057
f 1905/3274/6058 3185/3275/6058 1906/1418/6058
f 1906/1418/6059 3186/3277/6059 1853/1419/6059
f 1905/3274/6060 1906/1418/6060 1858/1402/6060
f 1894/3257/6061 1853/1419/6061 1895/3278/6061
f 1895/3278/6062 3174/3258/6062 1894/3257/6062
f 1853/1419/6063 3175/3279/6063 1895/3278/6063
f 2817/2755/6064 49/3259/6064 1412/980/6064
f 49/3259/6065 3165/1404/6065 1848/1403/6065
f 1848/1403/6066 3174/3258/6066 1895/3278/6066
f 1895/3278/6067 3175/3279/6067 48/1420/6067
f 48/1420/6068 2819/2758/6068 1413/1421/6068
f 1895/3278/6069 48/1420/6069 1848/1403/6069
f 49/3259/6070 1848/1403/6070 1412/980/6070
f 2818/2757/6071 1412/980/6071 1413/1421/6071
f 48/1420/6072 1412/980/6072 1848/1403/6072
f 3136/3191/6073 40/3280/6073 1836/1424/6073
f 40/3280/6074 3189/3220/6074 1909/3219/6074
f 1909/3219/6075 3188/1454/6075 1908/2/6075
f 40/3280/6076 39/1422/6076 1836/1424/6076
f 1908/2/6077 1922/1450/6077 39/1422/6077
f 39/1422/6078 3138/1483/6078 1837/1423/6078
f 1908/2/6079 39/1422/6079 1909/3219/6079
f 40/3280/6080 1909/3219/6080 39/1422/6080
f 3137/3190/6081 1836/1424/6081 1837/1423/6081
f 3134/3180/6082 41/3281/6082 1834/1345/6082
f 41/3281/6083 3191/3261/6083 1911/3260/6083
f 1911/3260/6084 3190/3222/6084 1910/3221/6084
f 1910/3221/6085 3189/3220/6085 40/1425/6085
f 40/1425/6086 3136/3191/6086 1835/1426/6086
f 1910/3221/6087 40/1425/6087 1911/3260/6087
f 41/3281/6088 1911/3260/6088 1834/1345/6088
f 3135/3183/6089 1834/1345/6089 1835/1426/6089
f 40/1425/6090 1834/1345/6090 1911/3260/6090
f 3132/3177/6091 42/3282/6091 1832/1342/6091
f 42/3282/6092 3193/3265/6092 1913/1412/6092
f 1913/1412/6093 3192/3263/6093 1912/3262/6093
f 1912/3262/6094 3191/3261/6094 41/1427/6094
f 41/1427/6095 3134/3180/6095 1833/1428/6095
f 1912/3262/6096 41/1427/6096 1913/1412/6096
f 42/3282/6097 1913/1412/6097 1832/1342/6097
f 3133/3179/6098 1832/1342/6098 1833/1428/6098
f 41/1427/6099 1832/1342/6099 1913/1412/6099
f 43/3283/6100 3195/3269/6100 1915/1431/6100
f 1915/1431/6101 3194/3267/6101 1914/3266/6101
f 1914/3266/6102 3193/3265/6102 42/3284/6102
f 42/3284/6103 3132/3177/6103 1831/1429/6103
f 1831/1429/6104 3131/3175/6104 1830/1430/6104
f 1830/1430/6105 3130/3174/6105 43/3283/6105
f 43/3283/6106 1915/1431/6106 1830/1430/6106
f 1915/1431/639 1914/3266/639 1831/1429/639
f 1914/3266/6107 42/3284/6107 1831/1429/6107
f 44/1432/6108 3197/3273/6108 1917/3272/6108
f 1917/3272/6109 3196/3271/6109 1916/1414/6109
f 1916/1414/6110 3195/3269/6110 43/3285/6110
f 43/3285/6111 3130/3174/6111 1829/1340/6111
f 1829/1340/6112 3129/3172/6112 1828/3171/6112
f 1828/3171/6113 3128/3170/6113 44/1432/6113
f 44/1432/6114 1917/3272/6114 1916/1414/6114
f 1916/1414/6115 43/3285/6115 1829/1340/6115
f 1829/1340/6116 1828/3171/6116 44/1432/6116
f 45/1433/6117 3199/1459/6117 1919/3286/6117
f 1919/3286/6118 3198/3276/6118 1918/1417/6118
f 1918/1417/6119 3197/3273/6119 44/3287/6119
f 44/3287/6120 3128/3170/6120 1827/1434/6120
f 1827/1434/6121 3127/3133/6121 1826/3132/6121
f 1826/3132/6122 3126/1461/6122 45/1433/6122
f 45/1433/6123 1919/3286/6123 1918/1417/6123
f 1918/1417/6124 44/3287/6124 1827/1434/6124
f 1827/1434/6125 1826/3132/6125 45/1433/6125
f 3185/3275/6126 1865/1416/6126 1906/1418/6126
f 1865/1416/6127 3198/3276/6127 1919/3286/6127
f 1906/1418/6128 1865/1416/6128 1859/1436/6128
f 1919/3286/6129 3199/1459/6129 1920/1458/6129
f 1920/1458/6130 3200/1457/6130 1859/1436/6130
f 1919/3286/6131 1920/1458/6131 1865/1416/6131
f 1859/1436/6128 1865/1416/6128 1920/1458/6128
f 1907/1435/6132 3186/3277/6132 1906/1418/6132
f 1859/1436/6133 3187/3288/6133 1907/1435/6133
f 2821/2767/6134 47/1439/6134 1416/1438/6134
f 47/1439/6135 3187/3288/6135 1859/1436/6135
f 1859/1436/6136 3200/1457/6136 1921/1456/6136
f 47/1439/6137 46/42/6137 1416/1438/6137
f 1921/1456/6138 3201/1455/6138 46/42/6138
f 46/42/6139 2823/1536/6139 1417/1437/6139
f 1921/1456/6140 46/42/6140 1859/1436/6140
f 47/1439/6141 1859/1436/6141 46/42/6141
f 2822/2766/6142 1416/1438/6142 1417/1437/6142
f 2819/2758/6143 48/1420/6143 1414/984/6143
f 48/1420/6144 3175/3279/6144 1853/1419/6144
f 1853/1419/6145 3186/3277/6145 1907/1435/6145
f 1907/1435/6146 3187/3288/6146 47/1439/6146
f 47/1439/6147 2821/2767/6147 1415/1440/6147
f 1907/1435/6148 47/1439/6148 1853/1419/6148
f 48/1420/6149 1853/1419/6149 1414/984/6149
f 2820/2761/6150 1414/984/6150 1415/1440/6150
f 47/1439/6151 1414/984/6151 1853/1419/6151
f 3073/3104/6152 33/3289/6152 1752/1443/6152
f 33/3289/6153 3140/3192/6153 1866/3194/6153
f 1866/3194/6154 3146/1491/6154 1838/1490/6154
f 33/3289/6155 32/1441/6155 1752/1443/6155
f 1838/1490/6156 3139/1489/6156 32/1441/6156
f 32/1441/6157 3075/3103/6157 1753/1442/6157
f 1838/1490/6158 32/1441/6158 1866/3194/6158
f 33/3289/6159 1866/3194/6159 32/1441/6159
f 3074/3102/6160 1752/1443/6160 1753/1442/6160
f 2533/2401/6161 1012/2397/6161 1044/2402/6161
f 1012/2397/6162 2542/2400/6162 1053/2413/6162
f 1044/2402/6163 1012/2397/6163 1045/1446/6163
f 1053/2413/6164 2543/2414/6164 1054/2430/6164
f 1054/2430/6165 2544/2433/6165 1008/1444/6165
f 1053/2413/6166 1054/2430/6166 1008/1444/6166
f 1012/2397/6167 1053/2413/6167 1008/1444/6167
f 1045/1446/6168 1012/2397/6168 1008/1444/6168
f 1045/1446/6169 2534/2403/6169 1044/2402/6169
