# Blender v3.2.1 OBJ File: ''
# www.blender.org
mtllib PlayerBase2.mtl
o main_Plane.001
v 0.406714 0.777842 1.083289
v 0.165471 1.014849 1.083289
v 0.413277 0.151079 1.083289
v -0.409710 0.770610 1.083289
v -0.410614 0.150874 1.083289
v -0.172703 1.011853 1.083289
v 0.316450 0.739514 1.083289
v 0.128747 0.923920 1.083289
v 0.315215 0.150408 1.083289
v -0.318781 0.733886 1.083289
v -0.312550 0.151178 1.083289
v -0.134375 0.921589 1.083289
v -1.141966 0.147255 1.141966
v 1.141966 0.147255 1.141966
v -1.141966 0.147255 -1.141966
v 1.141966 0.147255 -1.141966
v -1.141966 0.147255 -1.033208
v -1.141966 0.147255 -0.924449
v -1.141966 0.147255 -0.815690
v -1.141966 0.147255 -0.706932
v -1.141966 0.147255 -0.598173
v -1.141966 0.147255 -0.489414
v -1.141966 0.147255 -0.380655
v -1.141966 0.147255 -0.271897
v -1.141966 0.147255 -0.163138
v -1.141966 0.147255 -0.054379
v -1.141966 0.147255 0.054379
v -1.141966 0.147255 0.163138
v -1.141966 0.147255 0.271897
v -1.141966 0.147255 0.380655
v -1.141966 0.147255 0.489414
v -1.141966 0.147255 0.598173
v -1.141966 0.147255 0.706932
v -1.141966 0.147255 0.815690
v -1.141966 0.147255 0.924449
v -1.141966 0.147255 1.033208
v 1.141966 0.147255 1.033208
v 1.141966 0.147255 0.924449
v 1.141966 0.147255 0.815690
v 1.141966 0.147255 0.706932
v 1.141966 0.147255 0.598173
v 1.141966 0.147255 0.489414
v 1.141966 0.147255 0.380655
v 1.141966 0.147255 0.271897
v 1.141966 0.147255 0.163138
v 1.141966 0.147255 0.054379
v 1.141966 0.147255 -0.054379
v 1.141966 0.147255 -0.163138
v 1.141966 0.147255 -0.271897
v 1.141966 0.147255 -0.380655
v 1.141966 0.147255 -0.489414
v 1.141966 0.147255 -0.598173
v 1.141966 0.147255 -0.706932
v 1.141966 0.147255 -0.815690
v 1.141966 0.147255 -0.924449
v 1.141966 0.147255 -1.033208
v -1.033208 0.147255 1.141966
v -0.924449 0.147255 1.141966
v -0.815690 0.147255 1.141966
v -0.706932 0.147255 1.141966
v -0.598173 0.147255 1.141966
v -0.489414 0.147255 1.141966
v -0.380655 0.147255 1.141966
v -0.271897 0.147255 1.141966
v -0.163138 0.147255 1.141966
v -0.054379 0.147255 1.141966
v 0.054379 0.147255 1.141966
v 0.163138 0.147255 1.141966
v 0.271897 0.147255 1.141966
v 0.380655 0.147255 1.141966
v 0.489414 0.147255 1.141966
v 0.598173 0.147255 1.141966
v 0.706932 0.147255 1.141966
v 0.815690 0.147255 1.141966
v 0.924449 0.147255 1.141966
v 1.033208 0.147255 1.141966
v 1.033208 0.147255 -1.141966
v 0.924449 0.147255 -1.141966
v 0.815690 0.147255 -1.141966
v 0.706932 0.147255 -1.141966
v 0.598173 0.147255 -1.141966
v 0.489414 0.147255 -1.141966
v 0.380655 0.147255 -1.141966
v 0.271897 0.147255 -1.141966
v 0.163138 0.147255 -1.141966
v 0.054379 0.147255 -1.141966
v -0.054379 0.147255 -1.141966
v -0.163138 0.147255 -1.141966
v -0.271897 0.147255 -1.141966
v -0.380655 0.147255 -1.141966
v -0.489414 0.147255 -1.141966
v -0.598173 0.147255 -1.141966
v -0.706932 0.147255 -1.141966
v -0.815690 0.147255 -1.141966
v -0.924449 0.147255 -1.141966
v -1.033208 0.147255 -1.141966
v 1.033208 0.147255 1.033208
v 0.924449 0.147255 1.033208
v 0.815690 0.147255 1.033208
v 0.706932 0.147255 1.033208
v 0.598173 0.147255 1.033208
v 0.489414 0.147255 1.033208
v 0.380655 0.147255 1.033208
v 0.271897 0.147255 1.033208
v 0.163138 0.147255 1.033208
v 0.054379 0.147255 1.033208
v -0.054379 0.147255 1.033208
v -0.163138 0.147255 1.033208
v -0.271897 0.147255 1.033208
v -0.380655 0.147255 1.033208
v -0.489414 0.147255 1.033208
v -0.598173 0.147255 1.033208
v -0.706932 0.147255 1.033208
v -0.815690 0.147255 1.033208
v -0.924449 0.147255 1.033208
v -1.033208 0.147255 1.033208
v 1.033208 0.147255 0.924449
v 0.924449 0.147255 0.924449
v 0.815690 0.147255 0.924449
v 0.706932 0.147255 0.924449
v 0.598173 0.147255 0.924449
v 0.489414 0.147255 0.924449
v 0.380655 0.147255 0.924449
v 0.271897 0.147255 0.924449
v 0.163138 0.147255 0.924449
v 0.054379 0.147255 0.924449
v -0.054379 0.147255 0.924449
v -0.163138 0.147255 0.924449
v -0.271897 0.147255 0.924449
v -0.380655 0.147255 0.924449
v -0.489414 0.147255 0.924449
v -0.598173 0.147255 0.924449
v -0.706932 0.147255 0.924449
v -0.815690 0.147255 0.924449
v -0.924449 0.147255 0.924449
v -1.033208 0.147255 0.924449
v 1.033208 0.147255 0.815690
v 0.924449 0.147255 0.815690
v 0.815690 0.147255 0.815690
v 0.706932 0.147255 0.815690
v 0.598173 0.147255 0.815690
v 0.489414 0.147255 0.815690
v 0.380655 0.147255 0.815690
v 0.271897 0.147255 0.815690
v 0.163138 0.147255 0.815690
v 0.054379 0.147255 0.815690
v -0.054379 0.147255 0.815690
v -0.163138 0.147255 0.815690
v -0.271897 0.147255 0.815690
v -0.380655 0.147255 0.815690
v -0.489414 0.147255 0.815690
v -0.598173 0.147255 0.815690
v -0.706932 0.147255 0.815690
v -0.815690 0.147255 0.815690
v -0.924449 0.147255 0.815690
v -1.033208 0.147255 0.815690
v 1.033208 0.147255 0.706932
v 0.924449 0.147255 0.706932
v 0.815690 0.147255 0.706932
v 0.706932 0.147255 0.706932
v 0.598173 0.147255 0.706932
v 0.489414 0.147255 0.706932
v 0.380655 0.147255 0.706932
v 0.271897 0.147255 0.706932
v 0.163138 0.147255 0.706932
v 0.054379 0.147255 0.706932
v -0.054379 0.147255 0.706932
v -0.163138 0.147255 0.706932
v -0.271897 0.147255 0.706932
v -0.380655 0.147255 0.706932
v -0.489414 0.147255 0.706932
v -0.598173 0.147255 0.706932
v -0.706932 0.147255 0.706932
v -0.815690 0.147255 0.706932
v -0.924449 0.147255 0.706932
v -1.033208 0.147255 0.706932
v 1.033208 0.147255 0.598173
v 0.924449 0.147255 0.598173
v 0.815690 0.147255 0.598173
v 0.706932 0.147255 0.598173
v 0.924449 1.206648 0.815690
v 1.033208 1.206648 0.815690
v -0.924449 1.206648 0.924449
v -0.815690 1.206648 0.924449
v -0.706932 1.206648 0.924449
v -0.598173 1.206648 0.924449
v -0.489414 1.206648 0.924449
v -0.380655 1.206648 0.924449
v -0.271897 1.206648 0.924449
v -0.163138 1.206648 0.924449
v -0.054379 1.206648 0.924449
v 0.054379 1.206648 0.924449
v -0.706932 0.147255 0.598173
v -0.815690 0.147255 0.598173
v -0.924449 0.147255 0.598173
v -1.033208 0.147255 0.598173
v 1.033208 0.147255 0.489414
v 0.924449 0.147255 0.489414
v 0.815690 0.147255 0.489414
v 0.706932 0.147255 0.489414
v 0.163138 1.206648 0.924449
v 0.271897 1.206648 0.924449
v 0.380655 1.206648 0.924449
v 0.489414 1.206648 0.924449
v 0.598173 1.206648 0.924449
v 0.706932 1.206648 0.924449
v 0.815690 1.206648 0.924449
v 0.924449 1.206648 0.924449
v 1.033208 1.206648 0.924449
v -0.924449 1.206648 1.033208
v -0.815690 1.206648 1.033208
v -0.706932 1.206648 1.033208
v -0.706932 0.147255 0.489414
v -0.815690 0.147255 0.489414
v -0.924449 0.147255 0.489414
v -1.033208 0.147255 0.489414
v 1.033208 0.147255 0.380655
v 0.924449 0.147255 0.380655
v 0.815690 0.147255 0.380655
v 0.706932 0.147255 0.380655
v -0.598173 1.206648 1.033208
v -0.489414 1.206648 1.033208
v -0.380655 1.206648 1.033208
v -0.271897 1.206648 1.033208
v -0.163138 1.206648 1.033208
v -0.054379 1.206648 1.033208
v 0.054379 1.206648 1.033208
v 0.163138 1.206648 1.033208
v 0.271897 1.206648 1.033208
v 0.380655 1.206648 1.033208
v 0.489414 1.206648 1.033208
v 0.598173 1.206648 1.033208
v -0.706932 0.147255 0.380655
v -0.815690 0.147255 0.380655
v -0.924449 0.147255 0.380655
v -1.033208 0.147255 0.380655
v 1.033208 0.147255 0.271897
v 0.924449 0.147255 0.271897
v 0.815690 0.147255 0.271897
v 0.706932 0.147255 0.271897
v 0.706932 1.206648 1.033208
v 0.815690 1.206648 1.033208
v 0.924449 1.206648 1.033208
v 1.033208 1.206648 1.033208
v -0.995737 1.229207 -1.230685
v -0.878591 1.229207 -1.230685
v -0.761446 1.229207 -1.230685
v -0.644300 1.229207 -1.230685
v -0.527155 1.229207 -1.230685
v -0.410009 1.229207 -1.230685
v -0.292864 1.229207 -1.230685
v -0.175718 1.229207 -1.230685
v -0.706932 0.147255 0.271897
v -0.815690 0.147255 0.271897
v -0.924449 0.147255 0.271897
v -1.033208 0.147255 0.271897
v 1.033208 0.147255 0.163138
v 0.924449 0.147255 0.163138
v 0.815690 0.147255 0.163138
v 0.706932 0.147255 0.163138
v -0.058573 1.229207 -1.230685
v 0.058573 1.229207 -1.230685
v 0.175718 1.229207 -1.230685
v 0.292864 1.229207 -1.230685
v 0.410009 1.229207 -1.230685
v 0.527155 1.229207 -1.230685
v 0.644300 1.229207 -1.230685
v 0.761446 1.229207 -1.230685
v 0.878592 1.229207 -1.230685
v 0.995737 1.229207 -1.230685
v 1.112883 1.229207 -1.230685
v 0.995737 1.229208 1.229372
v -0.706932 0.147255 0.163138
v -0.815690 0.147255 0.163138
v -0.924449 0.147255 0.163138
v -1.033208 0.147255 0.163138
v 1.033208 0.147255 0.054379
v 0.924449 0.147255 0.054379
v 0.815690 0.147255 0.054379
v 0.706932 0.147255 0.054379
v 0.878591 1.229208 1.229372
v 0.761446 1.229208 1.229372
v 0.644300 1.229208 1.229372
v 0.527155 1.229208 1.229372
v 0.410009 1.229208 1.229372
v 0.292864 1.229208 1.229372
v 0.175718 1.229208 1.229372
v 0.058573 1.229208 1.229372
v -0.058573 1.229208 1.229372
v -0.175718 1.229208 1.229372
v -0.292864 1.229208 1.229372
v -0.410009 1.229208 1.229372
v -0.706932 0.147255 0.054379
v -0.815690 0.147255 0.054379
v -0.924449 0.147255 0.054379
v -1.033208 0.147255 0.054379
v 1.033208 0.147255 -0.054379
v 0.924449 0.147255 -0.054379
v 0.815690 0.147255 -0.054379
v 0.706932 0.147255 -0.054379
v -0.527155 1.229208 1.229372
v -0.644300 1.229208 1.229372
v -0.761446 1.229208 1.229372
v -0.878592 1.229208 1.229372
v -0.995737 1.229208 1.229372
v -1.112883 1.229208 1.229372
v -1.033208 1.206648 -1.033208
v -1.033208 1.206648 -0.924449
v -1.033208 1.206648 -0.815690
v -1.033208 1.206648 -0.706932
v -1.033208 1.206648 -0.598173
v -1.033208 1.206648 -0.489414
v -0.706932 0.147255 -0.054379
v -0.815690 0.147255 -0.054379
v -0.924449 0.147255 -0.054379
v -1.033208 0.147255 -0.054379
v 1.033208 0.147255 -0.163138
v 0.924449 0.147255 -0.163138
v 0.815690 0.147255 -0.163138
v 0.706932 0.147255 -0.163138
v -1.033208 1.206648 -0.380656
v -1.033208 1.206648 -0.271897
v -1.033208 1.206648 -0.163138
v -1.033208 1.206648 -0.054380
v -1.033208 1.206648 0.054379
v -1.033208 1.206648 0.163138
v -1.033208 1.206648 0.271897
v -1.033208 1.206648 0.380655
v -1.033208 1.206648 0.489414
v -1.033208 1.206648 0.598173
v -1.033208 1.206648 0.706931
v -1.033208 1.206648 0.815690
v -0.706932 0.147255 -0.163138
v -0.815690 0.147255 -0.163138
v -0.924449 0.147255 -0.163138
v -1.033208 0.147255 -0.163138
v 1.033208 0.147255 -0.271897
v 0.924449 0.147255 -0.271897
v 0.815690 0.147255 -0.271897
v 0.706932 0.147255 -0.271897
v -1.033208 1.206648 0.924449
v -1.033208 1.206648 1.033208
v 1.230028 1.229207 -0.996393
v 1.230028 1.229207 -0.879248
v 1.230028 1.229207 -0.762102
v 1.230028 1.229207 -0.644957
v 1.230028 1.229207 -0.527811
v 1.230028 1.229207 -0.410666
v 1.230028 1.229208 -0.293520
v 1.230028 1.229208 -0.176375
v 1.230028 1.229208 -0.059229
v 1.230028 1.229208 0.057916
v -0.706932 0.147255 -0.271897
v -0.815690 0.147255 -0.271897
v -0.924449 0.147255 -0.271897
v -1.033208 0.147255 -0.271897
v 1.033208 0.147255 -0.380655
v 0.924449 0.147255 -0.380655
v 0.815690 0.147255 -0.380655
v 0.706932 0.147255 -0.380655
v 1.230028 1.229208 0.175062
v 1.230028 1.229208 0.292207
v 1.230028 1.229208 0.409353
v 1.230028 1.229208 0.526499
v 1.230028 1.229208 0.643644
v 1.230028 1.229208 0.760790
v 1.230028 1.229208 0.877935
v 1.230028 1.229208 0.995081
v 1.230028 1.229208 1.112226
v -1.230028 1.229208 0.995081
v -1.230028 1.229208 0.877935
v -1.230028 1.229208 0.760790
v -0.706932 0.147255 -0.380655
v -0.815690 0.147255 -0.380655
v -0.924449 0.147255 -0.380655
v -1.033208 0.147255 -0.380655
v 1.033208 0.147255 -0.489414
v 0.924449 0.147255 -0.489414
v 0.815690 0.147255 -0.489414
v 0.706932 0.147255 -0.489414
v -1.230028 1.229208 0.643644
v -1.230028 1.229208 0.526498
v -1.230028 1.229208 0.409353
v -1.230028 1.229208 0.292207
v -1.230028 1.229208 0.175062
v -1.230028 1.229208 0.057916
v -1.230028 1.229208 -0.059229
v -1.230028 1.229208 -0.176375
v -1.230028 1.229208 -0.293520
v -1.230028 1.229207 -0.410666
v -1.230028 1.229207 -0.527811
v -1.230028 1.229207 -0.644957
v -0.706932 0.147255 -0.489414
v -0.815690 0.147255 -0.489414
v -0.924449 0.147255 -0.489414
v -1.033208 0.147255 -0.489414
v 1.033208 0.147255 -0.598173
v 0.924449 0.147255 -0.598173
v 0.815690 0.147255 -0.598173
v 0.706932 0.147255 -0.598173
v -1.230028 1.229207 -0.762102
v -1.230028 1.229207 -0.879248
v -1.230028 1.229207 -0.996393
v -1.230028 1.229207 -1.113539
v -1.230028 1.229207 -1.230685
v -1.112883 1.229207 -1.230685
v 1.230028 1.229207 -1.230685
v 1.230028 1.229207 -1.113539
v 1.230028 1.229208 1.229372
v 1.112883 1.229208 1.229372
v -1.230028 1.229208 1.229372
v -1.230028 1.229208 1.112226
v -0.706932 0.147255 -0.598173
v -0.815690 0.147255 -0.598173
v -0.924449 0.147255 -0.598173
v -1.033208 0.147255 -0.598173
v 1.033208 0.147255 -0.706932
v 0.924449 0.147255 -0.706932
v 0.815690 0.147255 -0.706932
v 0.706932 0.147255 -0.706932
v 0.598173 0.147255 -0.706932
v 0.489414 0.147255 -0.706932
v 0.380655 0.147255 -0.706932
v 0.271897 0.147255 -0.706932
v 0.163138 0.147255 -0.706932
v 0.054379 0.147255 -0.706932
v -0.054379 0.147255 -0.706932
v -0.163138 0.147255 -0.706932
v -0.271897 0.147255 -0.706932
v -0.380655 0.147255 -0.706932
v -0.489414 0.147255 -0.706932
v -0.598173 0.147255 -0.706932
v -0.706932 0.147255 -0.706932
v -0.815690 0.147255 -0.706932
v -0.924449 0.147255 -0.706932
v -1.033208 0.147255 -0.706932
v 1.033208 0.147255 -0.815690
v 0.924449 0.147255 -0.815690
v 0.815690 0.147255 -0.815690
v 0.706932 0.147255 -0.815690
v 0.598173 0.147255 -0.815690
v 0.489414 0.147255 -0.815690
v 0.380655 0.147255 -0.815690
v 0.271897 0.147255 -0.815690
v 0.163138 0.147255 -0.815690
v 0.054379 0.147255 -0.815690
v -0.054379 0.147255 -0.815690
v -0.163138 0.147255 -0.815690
v -0.271897 0.147255 -0.815690
v -0.380655 0.147255 -0.815690
v -0.489414 0.147255 -0.815690
v -0.598173 0.147255 -0.815690
v -0.706932 0.147255 -0.815690
v -0.815690 0.147255 -0.815690
v -0.924449 0.147255 -0.815690
v -1.033208 0.147255 -0.815690
v 1.033208 0.147255 -0.924449
v 0.924449 0.147255 -0.924449
v 0.815690 0.147255 -0.924449
v 0.706932 0.147255 -0.924449
v 0.598173 0.147255 -0.924449
v 0.489414 0.147255 -0.924449
v 0.380655 0.147255 -0.924449
v 0.271897 0.147255 -0.924449
v 0.163138 0.147255 -0.924449
v 0.054379 0.147255 -0.924449
v -0.054379 0.147255 -0.924449
v -0.163138 0.147255 -0.924449
v -0.271897 0.147255 -0.924449
v -0.380655 0.147255 -0.924449
v -0.489414 0.147255 -0.924449
v -0.598173 0.147255 -0.924449
v -0.706932 0.147255 -0.924449
v -0.815690 0.147255 -0.924449
v -0.924449 0.147255 -0.924449
v -1.033208 0.147255 -0.924449
v 1.033208 0.147255 -1.033208
v 0.924449 0.147255 -1.033208
v 0.815690 0.147255 -1.033208
v 0.706932 0.147255 -1.033208
v 0.598173 0.147255 -1.033208
v 0.489414 0.147255 -1.033208
v 0.380655 0.147255 -1.033208
v 0.271897 0.147255 -1.033208
v 0.163138 0.147255 -1.033208
v 0.054379 0.147255 -1.033208
v -0.054379 0.147255 -1.033208
v -0.163138 0.147255 -1.033208
v -0.271897 0.147255 -1.033208
v -0.380655 0.147255 -1.033208
v -0.489414 0.147255 -1.033208
v -0.598173 0.147255 -1.033208
v -0.706932 0.147255 -1.033208
v -0.815690 0.147255 -1.033208
v -0.924449 0.147255 -1.033208
v -1.033208 0.147255 -1.033208
v 0.815690 1.206648 0.815690
v 0.706932 1.206648 0.815690
v 0.598173 1.206648 0.815690
v 0.489414 1.206648 0.815690
v 0.380655 1.206648 0.815690
v 0.271897 1.206648 0.815690
v 0.163138 1.206648 0.815690
v 0.054379 1.206648 0.815690
v -0.054379 1.206648 0.815690
v -0.163138 1.206648 0.815690
v -0.271897 1.206648 0.815690
v -0.380655 1.206648 0.815690
v -0.489414 1.206648 0.815690
v -0.598173 1.206648 0.815690
v -0.706932 1.206648 0.815690
v -0.815690 1.206648 0.815690
v -0.924449 1.206648 0.815690
v 1.033208 1.206648 0.706931
v 0.924449 1.206648 0.706931
v 0.815690 1.206648 0.706931
v 0.706932 1.206648 0.706931
v 0.598173 1.206648 0.706931
v 0.489414 1.206648 0.706931
v 0.380655 1.206648 0.706931
v 0.271897 1.206648 0.706931
v 0.163138 1.206648 0.706931
v 0.054379 1.206648 0.706931
v -0.054379 1.206648 0.706931
v -0.163138 1.206648 0.706931
v -0.271897 1.206648 0.706931
v -0.380655 1.206648 0.706931
v -0.489414 1.206648 0.706931
v -0.598173 1.206648 0.706931
v -0.706932 1.206648 0.706931
v -0.815690 1.206648 0.706931
v -0.924449 1.206648 0.706931
v 1.033208 1.206648 0.598173
v 0.924449 1.206648 0.598173
v 0.815690 1.206648 0.598173
v 0.706932 1.206648 0.598173
v -0.706932 1.206648 0.598173
v -0.815690 1.206648 0.598173
v -0.924449 1.206648 0.598173
v 1.033208 1.206648 0.489414
v 0.924449 1.206648 0.489414
v 0.815690 1.206648 0.489414
v 0.706932 1.206648 0.489414
v -0.706932 1.206648 0.489414
v -0.815690 1.206648 0.489414
v -0.924449 1.206648 0.489414
v 1.033208 1.206648 0.380655
v 0.924449 1.206648 0.380655
v 0.815690 1.206648 0.380655
v 0.706932 1.206648 0.380655
v -0.706932 1.206648 0.380655
v -0.815690 1.206648 0.380655
v -0.924449 1.206648 0.380655
v 1.033208 1.206648 0.271897
v 0.924449 1.206648 0.271897
v 0.815690 1.206648 0.271897
v 0.706932 1.206648 0.271897
v -0.706932 1.206648 0.271897
v -0.815690 1.206648 0.271897
v -0.924449 1.206648 0.271897
v 1.033208 1.206648 0.163138
v 0.924449 1.206648 0.163138
v 0.815690 1.206648 0.163138
v 0.706932 1.206648 0.163138
v -0.706932 1.206648 0.163138
v -0.815690 1.206648 0.163138
v -0.924449 1.206648 0.163138
v 1.033208 1.206648 0.054379
v 0.924449 1.206648 0.054379
v 0.815690 1.206648 0.054379
v 0.706932 1.206648 0.054379
v -0.706932 1.206648 0.054379
v -0.815690 1.206648 0.054379
v -0.924449 1.206648 0.054379
v 1.033208 1.206648 -0.054380
v 0.924449 1.206648 -0.054380
v 0.815690 1.206648 -0.054380
v 0.706932 1.206648 -0.054380
v -0.706932 1.206648 -0.054380
v -0.815690 1.206648 -0.054380
v -0.924449 1.206648 -0.054380
v 1.033208 1.206648 -0.163138
v 0.924449 1.206648 -0.163138
v 0.815690 1.206648 -0.163138
v 0.706932 1.206648 -0.163138
v -0.706932 1.206648 -0.163138
v -0.815690 1.206648 -0.163138
v -0.924449 1.206648 -0.163138
v 1.033208 1.206648 -0.271897
v 0.924449 1.206648 -0.271897
v 0.815690 1.206648 -0.271897
v 0.706932 1.206648 -0.271897
v -0.706932 1.206648 -0.271897
v -0.815690 1.206648 -0.271897
v -0.924449 1.206648 -0.271897
v 1.033208 1.206648 -0.380656
v 0.924449 1.206648 -0.380656
v 0.815690 1.206648 -0.380656
v 0.706932 1.206648 -0.380656
v -0.706932 1.206648 -0.380656
v -0.815690 1.206648 -0.380656
v -0.924449 1.206648 -0.380656
v 1.033208 1.206648 -0.489414
v 0.924449 1.206648 -0.489414
v 0.815690 1.206648 -0.489414
v 0.706932 1.206648 -0.489414
v -0.706932 1.206648 -0.489414
v -0.815690 1.206648 -0.489414
v -0.924449 1.206648 -0.489414
v 1.033208 1.206648 -0.598173
v 0.924449 1.206648 -0.598173
v 0.815690 1.206648 -0.598173
v 0.706932 1.206648 -0.598173
v -0.706932 1.206648 -0.598173
v -0.815690 1.206648 -0.598173
v -0.924449 1.206648 -0.598173
v 1.033208 1.206648 -0.706932
v 0.924449 1.206648 -0.706932
v 0.815690 1.206648 -0.706932
v 0.706932 1.206648 -0.706932
v 0.598173 1.206648 -0.706932
v 0.489414 1.206648 -0.706932
v 0.380655 1.206648 -0.706932
v 0.271897 1.206648 -0.706932
v 0.163138 1.206648 -0.706932
v 0.054379 1.206648 -0.706932
v -0.054379 1.206648 -0.706932
v -0.163138 1.206648 -0.706932
v -0.271897 1.206648 -0.706932
v -0.380655 1.206648 -0.706932
v -0.489414 1.206648 -0.706932
v -0.598173 1.206648 -0.706932
v -0.706932 1.206648 -0.706932
v -0.815690 1.206648 -0.706932
v -0.924449 1.206648 -0.706932
v 1.033208 1.206648 -0.815690
v 0.924449 1.206648 -0.815690
v 0.815690 1.206648 -0.815690
v 0.706932 1.206648 -0.815690
v 0.598173 1.206648 -0.815690
v 0.489414 1.206648 -0.815690
v 0.380655 1.206648 -0.815690
v 0.271897 1.206648 -0.815690
v 0.163138 1.206648 -0.815690
v 0.054379 1.206648 -0.815690
v -0.054379 1.206648 -0.815690
v -0.163138 1.206648 -0.815690
v -0.271897 1.206648 -0.815690
v -0.380655 1.206648 -0.815690
v -0.489414 1.206648 -0.815690
v -0.598173 1.206648 -0.815690
v -0.706932 1.206648 -0.815690
v -0.815690 1.206648 -0.815690
v -0.924449 1.206648 -0.815690
v 1.033208 1.206648 -0.924449
v 0.924449 1.206648 -0.924449
v 0.815690 1.206648 -0.924449
v 0.706932 1.206648 -0.924449
v 0.598173 1.206648 -0.924449
v 0.489414 1.206648 -0.924449
v 0.380655 1.206648 -0.924449
v 0.271897 1.206648 -0.924449
v 0.163138 1.206648 -0.924449
v 0.054379 1.206648 -0.924449
v -0.054379 1.206648 -0.924449
v -0.163138 1.206648 -0.924449
v -0.271897 1.206648 -0.924449
v -0.380655 1.206648 -0.924449
v -0.489414 1.206648 -0.924449
v -0.598173 1.206648 -0.924449
v -0.706932 1.206648 -0.924449
v -0.815690 1.206648 -0.924449
v -0.924449 1.206648 -0.924449
v 1.033208 1.206648 -1.033208
v 0.924449 1.206648 -1.033208
v 0.815690 1.206648 -1.033208
v 0.706932 1.206648 -1.033208
v 0.598173 1.206648 -1.033208
v 0.489414 1.206648 -1.033208
v 0.380655 1.206648 -1.033208
v 0.271897 1.206648 -1.033208
v 0.163138 1.206648 -1.033208
v 0.054379 1.206648 -1.033208
v -0.054379 1.206648 -1.033208
v -0.163138 1.206648 -1.033208
v -0.271897 1.206648 -1.033208
v -0.380655 1.206648 -1.033208
v -0.489414 1.206648 -1.033208
v -0.598173 1.206648 -1.033208
v -0.706932 1.206648 -1.033208
v -0.815690 1.206648 -1.033208
v -0.924449 1.206648 -1.033208
v -1.141966 0.815744 -0.163138
v -1.141966 0.815744 -0.271897
v -1.033208 0.815744 1.141966
v -1.141966 0.815744 1.141966
v -1.141966 0.815744 -0.054379
v -0.924449 0.815744 1.141966
v -1.141966 0.815744 0.054379
v -0.815690 0.815744 1.141966
v -1.141966 0.815744 0.163138
v -0.706932 0.815744 1.141966
v -1.141966 0.815744 0.271897
v -0.598173 0.815744 1.141966
v -1.141966 0.815744 0.380655
v -0.489414 0.815744 1.141966
v -1.141966 0.815744 0.489414
v -0.380655 0.815744 1.141966
v -1.141966 0.815744 0.598173
v -1.141966 0.815744 0.706931
v -0.163138 0.815744 1.141966
v -1.141966 0.815744 0.815690
v -0.054379 0.815744 1.141966
v -1.141966 0.815744 0.924449
v 0.054379 0.815744 1.141966
v -1.141966 0.815744 1.033208
v 0.163138 0.815744 1.141966
v 1.141966 0.815744 1.033208
v 1.141966 0.815744 1.141966
v 1.141966 0.815744 0.924449
v 0.380655 0.815744 1.141966
v 1.141966 0.815744 0.815690
v 0.489414 0.815744 1.141966
v 1.141966 0.815744 0.706931
v 0.598173 0.815744 1.141966
v 1.141966 0.815744 0.598173
v 0.706932 0.815744 1.141966
v 1.141966 0.815744 0.489414
v 0.815690 0.815744 1.141966
v 1.141966 0.815744 0.380655
v 0.924449 0.815744 1.141966
v 1.141966 0.815744 0.271897
v 1.033208 0.815744 1.141966
v 1.141966 0.815744 0.163138
v 1.033208 0.815744 -1.141966
v 1.141966 0.815744 -1.141966
v 1.141966 0.815744 0.054379
v 0.924449 0.815744 -1.141966
v 1.141966 0.815744 -0.054379
v 0.815690 0.815744 -1.141966
v 1.141966 0.815744 -0.163138
v 0.706932 0.815744 -1.141966
v 1.141966 0.815744 -0.271897
v 0.598173 0.815744 -1.141966
v 1.141966 0.815744 -0.380656
v 0.489414 0.815744 -1.141966
v 1.141966 0.815744 -0.489414
v 0.380655 0.815744 -1.141966
v 1.141966 0.815744 -0.598173
v 0.271897 0.815744 -1.141966
v 1.141966 0.815744 -0.706932
v 0.163138 0.815744 -1.141966
v 1.141966 0.815744 -0.815690
v 0.054379 0.815744 -1.141966
v 1.141966 0.815744 -0.924449
v -0.054379 0.815744 -1.141966
v 1.141966 0.815744 -1.033208
v -0.163138 0.815744 -1.141966
v -0.271897 0.815744 -1.141966
v -0.380655 0.815744 -1.141966
v -0.489414 0.815744 -1.141966
v -0.598173 0.815744 -1.141966
v -0.706932 0.815744 -1.141966
v -0.815690 0.815744 -1.141966
v -0.924449 0.815744 -1.141966
v -1.033208 0.815744 -1.141966
v -1.141966 0.815744 -1.141966
v -1.141966 0.815744 -1.033208
v -1.141966 0.815744 -0.924449
v -1.141966 0.815744 -0.815690
v -1.141966 0.815744 -0.706932
v -1.141966 0.815744 -0.598173
v -1.141966 0.815744 -0.489414
v -1.141966 0.815744 -0.380656
v -1.141966 0.863554 -0.163138
v -1.033208 0.863554 1.141966
v -1.141966 0.863554 -0.054379
v -0.924449 0.863554 1.141966
v -1.141966 0.863554 0.054379
v -0.815690 0.863554 1.141966
v -1.141966 0.863554 0.163138
v -0.706932 0.863554 1.141966
v -1.141966 0.863554 0.271897
v -0.598173 0.863554 1.141966
v -1.141966 0.863554 0.380655
v -0.489414 0.863554 1.141966
v -1.141966 0.863554 0.489414
v -0.380655 0.863554 1.141966
v -1.141966 0.863554 0.598173
v -1.141966 0.863554 0.706931
v -0.163138 0.863554 1.141966
v -1.141966 0.863554 0.815690
v -0.054379 0.863554 1.141966
v -1.141966 0.863554 0.924449
v 0.054379 0.863554 1.141966
v -1.141966 0.863554 1.033208
v 0.163138 0.863554 1.141966
v 1.141966 0.863554 1.033208
v 1.141966 0.863554 0.924449
v 0.380655 0.863554 1.141966
v 1.141966 0.863554 0.815690
v 0.489414 0.863554 1.141966
v 1.141966 0.863554 0.706931
v 0.598173 0.863554 1.141966
v 1.141966 0.863554 0.598173
v 0.706932 0.863554 1.141966
v 1.141966 0.863554 0.489414
v 0.815690 0.863554 1.141966
v 1.141966 0.863554 0.380655
v 0.924449 0.863554 1.141966
v 1.141966 0.863554 0.271897
v 1.033208 0.863554 1.141966
v 1.141966 0.863554 0.163138
v 1.033208 0.863554 -1.141966
v 1.141966 0.863554 0.054379
v 0.924449 0.863554 -1.141966
v 1.141966 0.863554 -0.054379
v 0.815690 0.863554 -1.141966
v 1.141966 0.863554 -0.163138
v 0.706932 0.863554 -1.141966
v 1.141966 0.863554 -0.271897
v 0.598173 0.863554 -1.141966
v 1.141966 0.863554 -0.380656
v 0.489414 0.863554 -1.141966
v 1.141966 0.863554 -0.489414
v 0.380655 0.863554 -1.141966
v 1.141966 0.863554 -0.598173
v 0.271897 0.863554 -1.141966
v 1.141966 0.863554 -0.706932
v 0.163138 0.863554 -1.141966
v 1.141966 0.863554 -0.815690
v 0.054379 0.863554 -1.141966
v 1.141966 0.863554 -0.924449
v -0.054379 0.863554 -1.141966
v 1.141966 0.863554 -1.033208
v -0.163138 0.863554 -1.141966
v -0.271897 0.863554 -1.141966
v -0.380655 0.863554 -1.141966
v -0.489414 0.863554 -1.141966
v -0.598173 0.863554 -1.141966
v -0.706932 0.863554 -1.141966
v -0.815690 0.863554 -1.141966
v -0.924449 0.863554 -1.141966
v -1.033208 0.863554 -1.141966
v -1.141966 0.863554 -1.141966
v -1.141966 0.863554 -1.033208
v -1.141966 0.863554 -0.924449
v -1.141966 0.863554 -0.815690
v -1.141966 0.863554 -0.706932
v -1.141966 0.863554 -0.598173
v -1.141966 0.863554 -0.489414
v -1.141966 0.863554 -0.380656
v -1.141966 0.863554 -0.271897
v -1.141966 0.863554 1.141966
v 1.141966 0.863554 1.141966
v 1.141966 0.863554 -1.141966
v -1.141966 1.060957 -0.163138
v -1.033208 1.060957 1.141966
v -1.141966 1.060957 -0.054380
v -0.924449 1.060957 1.141966
v -1.141966 1.060957 0.054379
v -0.815690 1.060957 1.141966
v -1.141966 1.060957 0.163138
v -0.706932 1.060957 1.141966
v -1.141966 1.060957 0.271897
v -0.598173 1.060957 1.141966
v -1.141966 1.060957 0.380655
v -0.489414 1.060957 1.141966
v -1.141966 1.060957 0.489414
v -0.380655 1.060957 1.141966
v -1.141966 1.060957 0.598173
v -0.271897 1.060957 1.141966
v -1.141966 1.060957 0.706931
v -0.163138 1.060957 1.141966
v -1.141966 1.060957 0.815690
v -0.054379 1.060957 1.141966
v -1.141966 1.060957 0.924449
v 0.054379 1.060957 1.141966
v -1.141966 1.060957 1.033208
v 0.163138 1.060957 1.141966
v 1.141966 1.060957 1.033208
v 0.271897 1.060957 1.141966
v 1.141966 1.060957 0.924449
v 0.380655 1.060957 1.141966
v 1.141966 1.060957 0.815690
v 0.489414 1.060957 1.141966
v 1.141966 1.060957 0.706931
v 0.598173 1.060957 1.141966
v 1.141966 1.060957 0.598173
v 0.706932 1.060957 1.141966
v 1.141966 1.060957 0.489414
v 0.815690 1.060957 1.141966
v 1.141966 1.060957 0.380655
v 0.924449 1.060957 1.141966
v 1.141966 1.060957 0.271897
v 1.033208 1.060957 1.141966
v 1.141966 1.060957 0.163138
v 1.033208 1.060956 -1.141966
v 1.141966 1.060957 0.054379
v 0.924449 1.060956 -1.141966
v 1.141966 1.060957 -0.054379
v 0.815690 1.060956 -1.141966
v 1.141966 1.060957 -0.163138
v 0.706932 1.060956 -1.141966
v 1.141966 1.060957 -0.271897
v 0.598173 1.060956 -1.141966
v 1.141966 1.060957 -0.380656
v 0.489414 1.060956 -1.141966
v 1.141966 1.060957 -0.489414
v 0.380655 1.060956 -1.141966
v 1.141966 1.060957 -0.598173
v 0.271897 1.060956 -1.141966
v 1.141966 1.060957 -0.706932
v 0.163138 1.060956 -1.141966
v 1.141966 1.060957 -0.815690
v 0.054379 1.060956 -1.141966
v 1.141966 1.060956 -0.924449
v -0.054379 1.060956 -1.141966
v 1.141966 1.060956 -1.033208
v -0.163138 1.060956 -1.141966
v -0.271897 1.060956 -1.141966
v -0.380655 1.060956 -1.141966
v -0.489414 1.060956 -1.141966
v -0.598173 1.060956 -1.141966
v -0.706932 1.060956 -1.141966
v -0.815690 1.060956 -1.141966
v -0.924449 1.060956 -1.141966
v -1.033208 1.060956 -1.141966
v -1.141966 1.060956 -1.141966
v -1.141966 1.060956 -1.033208
v -1.141966 1.060956 -0.924449
v -1.141966 1.060957 -0.815690
v -1.141966 1.060957 -0.706932
v -1.141966 1.060957 -0.598173
v -1.141966 1.060957 -0.489414
v -1.141966 1.060957 -0.380656
v -1.141966 1.060957 -0.271897
v -1.141966 1.060957 1.141966
v 1.141966 1.060957 1.141966
v 1.141966 1.060956 -1.141966
v -1.141966 1.138975 -0.163138
v -1.033208 1.138975 1.141966
v -1.141966 1.138975 -0.054380
v -0.924449 1.138975 1.141966
v -1.141966 1.138975 0.054379
v -0.815690 1.138975 1.141966
v -1.141966 1.138975 0.163138
v -0.706932 1.138975 1.141966
v -1.141966 1.138975 0.271897
v -0.598173 1.138975 1.141966
v -1.141966 1.138975 0.380655
v -0.489414 1.138975 1.141966
v -1.141966 1.138975 0.489414
v -0.380655 1.138975 1.141966
v -1.141966 1.138975 0.598173
v -0.271897 1.138975 1.141966
v -1.141966 1.138975 0.706931
v -0.163138 1.138975 1.141966
v -1.141966 1.138975 0.815690
v -0.054379 1.138975 1.141966
v -1.141966 1.138975 0.924449
v 0.054379 1.138975 1.141966
v -1.141966 1.138975 1.033208
v 0.163138 1.138975 1.141966
v 1.141966 1.138975 1.033208
v 0.271897 1.138975 1.141966
v 1.141966 1.138975 0.924449
v 0.380655 1.138975 1.141966
v 1.141966 1.138975 0.815690
v 0.489414 1.138975 1.141966
v 1.141966 1.138975 0.706931
v 0.598173 1.138975 1.141966
v 1.141966 1.138975 0.598173
v 0.706932 1.138975 1.141966
v 1.141966 1.138975 0.489414
v 0.815690 1.138975 1.141966
v 1.141966 1.138975 0.380655
v 0.924449 1.138975 1.141966
v 1.141966 1.138975 0.271897
v 1.033208 1.138975 1.141966
v 1.141966 1.138975 0.163138
v 1.033208 1.138974 -1.141966
v 1.141966 1.138975 0.054379
v 0.924449 1.138974 -1.141966
v 1.141966 1.138975 -0.054380
v 0.815690 1.138974 -1.141966
v 1.141966 1.138975 -0.163138
v 0.706932 1.138974 -1.141966
v 1.141966 1.138975 -0.271897
v 0.598173 1.138974 -1.141966
v 1.141966 1.138975 -0.380656
v 0.489414 1.138974 -1.141966
v 1.141966 1.138975 -0.489414
v 0.380655 1.138974 -1.141966
v 1.141966 1.138975 -0.598173
v 0.271897 1.138974 -1.141966
v 1.141966 1.138975 -0.706932
v 0.163138 1.138974 -1.141966
v 1.141966 1.138975 -0.815690
v 0.054379 1.138974 -1.141966
v 1.141966 1.138974 -0.924449
v -0.054379 1.138974 -1.141966
v 1.141966 1.138974 -1.033208
v -0.163138 1.138974 -1.141966
v -0.271897 1.138974 -1.141966
v -0.380655 1.138974 -1.141966
v -0.489414 1.138974 -1.141966
v -0.598173 1.138974 -1.141966
v -0.706932 1.138974 -1.141966
v -0.815690 1.138974 -1.141966
v -0.924449 1.138974 -1.141966
v -1.033208 1.138974 -1.141966
v -1.141966 1.138974 -1.141966
v -1.141966 1.138974 -1.033208
v -1.141966 1.138974 -0.924449
v -1.141966 1.138975 -0.815690
v -1.141966 1.138975 -0.706932
v -1.141966 1.138975 -0.598173
v -1.141966 1.138975 -0.489414
v -1.141966 1.138975 -0.380656
v -1.141966 1.138975 -0.271897
v -1.141966 1.138975 1.141966
v 1.141966 1.138975 1.141966
v 1.141966 1.138974 -1.141966
v -0.000000 0.147255 1.141966
v 0.000000 0.147255 1.033208
v 0.000000 0.147255 0.924449
v 0.000000 0.147255 0.815690
v 0.000000 0.147255 0.706932
v 0.000000 1.206648 0.706931
v 0.000000 1.206648 0.815690
v 0.000000 1.206648 0.924449
v 0.000000 1.206648 1.033208
v -0.000000 1.229208 1.229372
v -0.000000 0.815744 1.141966
v -0.000000 0.863554 1.141966
v -0.000000 1.060957 1.141966
v -0.000000 1.138975 1.141966
v 1.230028 1.369645 -0.996393
v 1.112883 1.369645 -0.996393
v -0.706932 1.337031 -0.815690
v -0.815690 1.337031 -0.815690
v -0.598173 1.337031 -0.815690
v -0.489414 1.337031 -0.815690
v -0.380655 1.337031 -0.815690
v -0.271897 1.337031 -0.815690
v -0.163138 1.337031 -0.815690
v -0.054379 1.337031 -0.815690
v 0.054379 1.337031 -0.815690
v 0.163138 1.337031 -0.815690
v 0.271897 1.337031 -0.815690
v 0.380655 1.337031 -0.815690
v 0.489414 1.337031 -0.815690
v 0.598173 1.337031 -0.815690
v 0.706932 1.337031 -0.815690
v 0.815690 1.337031 -0.815690
v 1.230028 1.369645 -0.879248
v 1.112883 1.369645 -0.879248
v -0.706932 1.337031 -0.706932
v -0.815690 1.337031 -0.706932
v -0.598173 1.337031 -0.706932
v -0.489414 1.337031 -0.706932
v -0.380655 1.337031 -0.706932
v -0.271897 1.337031 -0.706932
v -0.163138 1.337031 -0.706932
v -0.054379 1.337031 -0.706932
v 0.054379 1.337031 -0.706932
v 0.163138 1.337031 -0.706932
v 0.271897 1.337031 -0.706932
v 0.380655 1.337031 -0.706932
v 0.489414 1.337031 -0.706932
v 0.598173 1.337031 -0.706932
v 0.706932 1.337031 -0.706932
v 0.815690 1.337031 -0.706932
v 1.230028 1.369645 -0.762102
v 1.112883 1.369645 -0.762102
v -0.706932 1.337031 -0.598173
v -0.815690 1.337031 -0.598173
v 0.815690 1.337031 -0.598173
v 0.706932 1.337031 -0.598173
v 1.230028 1.369645 -0.644957
v 1.112883 1.369645 -0.644957
v -0.706932 1.337031 -0.489414
v -0.815690 1.337031 -0.489414
v 0.815690 1.337031 -0.489414
v 0.706932 1.337031 -0.489414
v 1.230028 1.369645 -0.527811
v 1.112883 1.369645 -0.527811
v -0.706932 1.337031 -0.380656
v -0.815690 1.337031 -0.380656
v 0.815690 1.337031 -0.380656
v 0.706932 1.337031 -0.380656
v 1.230028 1.369645 -0.410666
v 1.112883 1.369645 -0.410666
v -0.706932 1.337031 -0.271897
v -0.815690 1.337031 -0.271897
v 0.815690 1.337031 -0.271897
v 0.706932 1.337031 -0.271897
v 1.230028 1.369645 -0.293520
v 1.112883 1.369645 -0.293520
v -0.706932 1.337031 -0.163138
v -0.815690 1.337031 -0.163138
v 0.815690 1.337031 -0.163138
v 0.706932 1.337031 -0.163138
v 1.230028 1.369645 -0.176375
v 1.112883 1.369645 -0.176375
v -0.706932 1.337031 -0.054380
v -0.815690 1.337031 -0.054380
v 0.815690 1.337031 -0.054380
v 0.706932 1.337031 -0.054380
v 1.230028 1.369645 -0.059229
v 1.112883 1.369645 -0.059229
v -0.706932 1.337031 0.054379
v -0.815690 1.337031 0.054379
v 0.815690 1.337031 0.054379
v 0.706932 1.337031 0.054379
v 1.230028 1.369645 0.057916
v 1.112883 1.369645 0.057916
v -0.706932 1.337031 0.163138
v -0.815690 1.337031 0.163138
v 0.815690 1.337031 0.163138
v 0.706932 1.337031 0.163138
v 1.230028 1.369645 0.175062
v 1.112883 1.369645 0.175062
v -0.706932 1.337031 0.271897
v -0.815690 1.337031 0.271897
v 0.815690 1.337031 0.271897
v 0.706932 1.337031 0.271897
v 1.230028 1.369645 0.292207
v 1.112883 1.369645 0.292207
v -0.706932 1.337031 0.380655
v -0.815690 1.337031 0.380655
v 0.815690 1.337031 0.380655
v 0.706932 1.337031 0.380655
v 1.230028 1.369645 0.409353
v 1.112883 1.369645 0.409353
v -0.706932 1.337031 0.489414
v -0.815690 1.337031 0.489414
v 0.815690 1.337031 0.489414
v 0.706932 1.337031 0.489414
v 1.230028 1.369645 0.526499
v 1.112883 1.369645 0.526499
v -0.706932 1.337031 0.598173
v -0.815690 1.337031 0.598173
v 0.815690 1.337031 0.598173
v 0.706932 1.337031 0.598173
v 1.230028 1.369645 0.643644
v 1.112883 1.369645 0.643644
v -0.706932 1.337031 0.706931
v -0.815690 1.337031 0.706931
v -0.598173 1.337031 0.706931
v -0.489414 1.337031 0.706931
v -0.380655 1.337031 0.706931
v -0.271897 1.337031 0.706931
v -0.163138 1.337031 0.706931
v -0.054379 1.337031 0.706931
v 0.000000 1.337031 0.706931
v 0.163138 1.337031 0.706931
v 0.054379 1.337031 0.706931
v 0.271897 1.337031 0.706931
v 0.380655 1.337031 0.706931
v 0.489414 1.337031 0.706931
v 0.598173 1.337031 0.706931
v 0.706932 1.337031 0.706931
v 0.815690 1.337031 0.706931
v 1.230028 1.369645 0.760790
v 1.112883 1.369645 0.760790
v -0.706932 1.337031 0.815690
v -0.815690 1.337031 0.815690
v -0.598173 1.337031 0.815690
v -0.489414 1.337031 0.815690
v -0.380655 1.337031 0.815690
v -0.271897 1.337031 0.815690
v -0.163138 1.337031 0.815690
v -0.054379 1.337031 0.815690
v 0.000000 1.337031 0.815690
v 0.163138 1.337031 0.815690
v 0.054379 1.337031 0.815690
v 0.271897 1.337031 0.815690
v 0.380655 1.337031 0.815690
v 0.489414 1.337031 0.815690
v 0.598173 1.337031 0.815690
v 0.706932 1.337031 0.815690
v 0.815690 1.337031 0.815690
v 1.230028 1.369645 0.877935
v 1.112883 1.369645 0.877935
v 1.230028 1.369645 0.995081
v 1.112883 1.369645 0.995081
v -0.995737 1.369645 1.112226
v -1.112883 1.369645 1.112226
v -0.878591 1.369645 1.112226
v -0.761446 1.369645 1.112226
v -0.644300 1.369645 1.112226
v -0.527155 1.369645 1.112226
v -0.410009 1.369645 1.112226
v -0.292864 1.369645 1.112226
v -0.175718 1.369645 1.112226
v -0.058573 1.369645 1.112226
v 0.000000 1.369645 1.112226
v 0.175718 1.369645 1.112226
v 0.058573 1.369645 1.112226
v 0.292864 1.369645 1.112226
v 0.410009 1.369645 1.112226
v 0.527155 1.369645 1.112226
v 0.644300 1.369645 1.112226
v 0.761446 1.369645 1.112226
v 0.878592 1.369645 1.112226
v 0.995737 1.369645 1.112226
v 1.112883 1.369645 1.112226
v 1.230028 1.369645 1.112226
v -0.995737 1.369645 -1.230685
v -1.112883 1.369645 -1.230685
v -0.878591 1.369645 -1.230685
v -0.761446 1.369645 -1.230685
v -0.644300 1.369645 -1.230685
v -0.527155 1.369645 -1.230685
v -0.410009 1.369645 -1.230685
v -0.292864 1.369645 -1.230685
v -0.175718 1.369645 -1.230685
v -0.058573 1.369645 -1.230685
v 0.058573 1.369645 -1.230685
v 0.175718 1.369645 -1.230685
v 0.292864 1.369645 -1.230685
v 0.410009 1.369645 -1.230685
v 0.527155 1.369645 -1.230685
v 0.644300 1.369645 -1.230685
v 0.761446 1.369645 -1.230685
v 0.878592 1.369645 -1.230685
v 0.995737 1.369645 -1.230685
v 1.112883 1.369645 -1.230685
v 1.230028 1.369645 -1.230685
v 0.995737 1.369645 1.229372
v 1.112883 1.369645 1.229372
v 0.878591 1.369645 1.229372
v 0.761446 1.369645 1.229372
v 0.644300 1.369645 1.229372
v 0.527155 1.369645 1.229372
v 0.410009 1.369645 1.229372
v 0.292864 1.369645 1.229372
v 0.175718 1.369645 1.229372
v 0.058573 1.369645 1.229372
v -0.000000 1.369645 1.229372
v -0.175718 1.369645 1.229372
v -0.058573 1.369645 1.229372
v -0.292864 1.369645 1.229372
v -0.410009 1.369645 1.229372
v -0.527155 1.369645 1.229372
v -0.644300 1.369645 1.229372
v -0.761446 1.369645 1.229372
v -0.878592 1.369645 1.229372
v -0.995737 1.369645 1.229372
v -1.112883 1.369645 1.229372
v -1.230028 1.369645 1.229372
v -1.112883 1.369645 -1.113539
v -1.230028 1.369645 -1.113539
v -1.112883 1.369645 -0.996393
v -1.230028 1.369645 -0.996393
v -1.112883 1.369645 -0.879248
v -1.230028 1.369645 -0.879248
v -1.112883 1.369645 -0.762102
v -1.230028 1.369645 -0.762102
v -1.112883 1.369645 -0.644957
v -1.230028 1.369645 -0.644957
v -1.112883 1.369645 -0.527811
v -1.230028 1.369645 -0.527811
v -1.112883 1.369645 -0.410666
v -1.230028 1.369645 -0.410666
v -1.112883 1.369645 -0.293520
v -1.230028 1.369645 -0.293520
v -1.112883 1.369645 -0.176375
v -1.230028 1.369645 -0.176375
v -1.112883 1.369645 -0.059229
v -1.230028 1.369645 -0.059229
v -1.112883 1.369645 0.057916
v -1.230028 1.369645 0.057916
v -1.112883 1.369645 0.175062
v -1.230028 1.369645 0.175062
v -1.112883 1.369645 0.292207
v -1.230028 1.369645 0.292207
v -1.112883 1.369645 0.409353
v -1.230028 1.369645 0.409353
v -1.112883 1.369645 0.526498
v -1.230028 1.369645 0.526498
v -1.112883 1.369645 0.643644
v -1.230028 1.369645 0.643644
v -1.112883 1.369645 0.760790
v -1.230028 1.369645 0.760790
v -1.112883 1.369645 0.877935
v -1.230028 1.369645 0.877935
v -1.112883 1.369645 0.995081
v -1.230028 1.369645 0.995081
v -1.230028 1.369645 1.112226
v 1.230028 1.369645 -1.113539
v 1.230028 1.369645 1.229372
v -1.230028 1.369645 -1.230685
v 1.112883 1.369645 -1.113539
v 0.995737 1.369645 -1.113539
v 0.878592 1.369645 -1.113539
v 0.761446 1.369645 -1.113539
v 0.644300 1.369645 -1.113539
v 0.527155 1.369645 -1.113539
v 0.410009 1.369645 -1.113539
v 0.292864 1.369645 -1.113539
v 0.175718 1.369645 -1.113539
v 0.058573 1.369645 -1.113539
v -0.058573 1.369645 -1.113539
v -0.175718 1.369645 -1.113539
v -0.292864 1.369645 -1.113539
v -0.410009 1.369645 -1.113539
v -0.527155 1.369645 -1.113539
v -0.644300 1.369645 -1.113539
v -0.761446 1.369645 -1.113539
v -0.878591 1.369645 -1.113539
v -0.995737 1.369645 -1.113539
v -0.500311 1.458342 -0.804793
v -0.587276 1.458342 -0.804793
v -0.282794 1.458342 -0.804793
v -0.369758 1.458342 -0.804793
v -0.065276 1.458342 -0.804793
v -0.152241 1.458342 -0.804793
v 0.152241 1.458342 -0.804793
v 0.065276 1.458342 -0.804793
v 0.369758 1.458342 -0.804793
v 0.282794 1.458342 -0.804793
v 0.587276 1.458342 -0.804793
v 0.500311 1.458342 -0.804793
v -0.500311 1.458342 -0.717829
v -0.587276 1.458342 -0.717829
v -0.282794 1.458342 -0.717829
v -0.369758 1.458342 -0.717829
v -0.065276 1.458342 -0.717829
v -0.152241 1.458342 -0.717829
v 0.152241 1.458342 -0.717829
v 0.065276 1.458342 -0.717829
v 0.369758 1.458342 -0.717829
v 0.282794 1.458342 -0.717829
v 0.587276 1.458342 -0.717829
v 0.500311 1.458342 -0.717829
v -0.717829 1.458342 -0.587276
v -0.804793 1.458342 -0.587276
v 0.804793 1.458342 -0.587276
v 0.717829 1.458342 -0.587276
v 1.218291 1.500311 -0.633219
v 1.124620 1.500311 -0.633219
v -0.717829 1.458342 -0.500311
v -0.804793 1.458342 -0.500311
v 0.804793 1.458342 -0.500311
v 0.717829 1.458342 -0.500311
v 1.218291 1.500311 -0.539549
v 1.124620 1.500311 -0.539549
v -0.717829 1.458342 -0.369759
v -0.804793 1.458342 -0.369759
v 0.804793 1.458342 -0.369759
v 0.717829 1.458342 -0.369759
v 1.218291 1.500311 -0.398928
v 1.124620 1.500311 -0.398928
v -0.717829 1.458342 -0.282794
v -0.804793 1.458342 -0.282794
v 0.804793 1.458342 -0.282794
v 0.717829 1.458342 -0.282794
v 1.218291 1.500311 -0.305258
v 1.124620 1.500311 -0.305258
v -0.717829 1.458342 -0.152241
v -0.804793 1.458342 -0.152241
v 0.804793 1.458342 -0.152241
v 0.717829 1.458342 -0.152241
v 1.218291 1.500311 -0.164637
v 1.124620 1.500311 -0.164637
v -0.717829 1.458342 -0.065277
v -0.804793 1.458342 -0.065277
v 0.804793 1.458342 -0.065277
v 0.717829 1.458342 -0.065277
v 1.218291 1.500311 -0.070967
v 1.124620 1.500311 -0.070967
v -0.717829 1.458342 0.065276
v -0.804793 1.458342 0.065276
v 0.804793 1.458342 0.065276
v 0.717829 1.458342 0.065276
v 1.218291 1.500311 0.069654
v 1.124620 1.500311 0.069654
v -0.717829 1.458342 0.152241
v -0.804793 1.458342 0.152241
v 0.804793 1.458342 0.152241
v 0.717829 1.458342 0.152241
v 1.218291 1.500311 0.163324
v 1.124620 1.500311 0.163324
v -0.717829 1.458342 0.282794
v -0.804793 1.458342 0.282794
v 0.804793 1.458342 0.282794
v 0.717829 1.458342 0.282794
v 1.218291 1.500311 0.303945
v 1.124620 1.500311 0.303945
v -0.717829 1.458342 0.369758
v -0.804793 1.458342 0.369758
v 0.804793 1.458342 0.369758
v 0.717829 1.458342 0.369758
v 1.218291 1.500311 0.397616
v 1.124620 1.500311 0.397616
v -0.717829 1.458342 0.500311
v -0.804793 1.458342 0.500311
v 0.804793 1.458342 0.500311
v 0.717829 1.458342 0.500311
v 1.218291 1.500311 0.538236
v 1.124620 1.500311 0.538236
v -0.717829 1.458342 0.587276
v -0.804793 1.458342 0.587276
v 0.804793 1.458342 0.587276
v 0.717829 1.458342 0.587276
v 1.218291 1.500311 0.631907
v 1.124620 1.500311 0.631907
v -0.500311 1.458342 0.717828
v -0.587276 1.458342 0.717828
v -0.282794 1.458342 0.717828
v -0.369758 1.458342 0.717828
v -0.065276 1.458342 0.717828
v -0.152241 1.458342 0.717828
v 0.152241 1.458342 0.717828
v 0.065276 1.458342 0.717828
v 0.369758 1.458342 0.717828
v 0.282794 1.458342 0.717828
v 0.587276 1.458342 0.717828
v 0.500311 1.458342 0.717828
v -0.500311 1.458342 0.804793
v -0.587276 1.458342 0.804793
v -0.282794 1.458342 0.804793
v -0.369758 1.458342 0.804793
v -0.065276 1.458342 0.804793
v -0.152241 1.458342 0.804793
v 0.152241 1.458342 0.804793
v 0.065276 1.458342 0.804793
v 0.369758 1.458342 0.804793
v 0.282794 1.458342 0.804793
v 0.587276 1.458342 0.804793
v 0.500311 1.458342 0.804793
v -0.538892 1.500311 1.123964
v -0.632563 1.500311 1.123964
v -0.304601 1.500311 1.123964
v -0.398272 1.500311 1.123964
v -0.070310 1.500311 1.123964
v -0.163981 1.500311 1.123964
v 0.163981 1.500311 1.123964
v 0.070310 1.500311 1.123964
v 0.398272 1.500311 1.123964
v 0.304601 1.500311 1.123964
v 0.632563 1.500311 1.123964
v 0.538892 1.500311 1.123964
v -0.538892 1.500310 -1.218947
v -0.632563 1.500310 -1.218947
v -0.304601 1.500310 -1.218947
v -0.398272 1.500310 -1.218947
v -0.070310 1.500310 -1.218947
v -0.163981 1.500310 -1.218947
v 0.163981 1.500310 -1.218947
v 0.070310 1.500310 -1.218947
v 0.398272 1.500310 -1.218947
v 0.304601 1.500310 -1.218947
v 0.632563 1.500310 -1.218947
v 0.538892 1.500310 -1.218947
v 0.538892 1.500311 1.217634
v 0.632563 1.500311 1.217634
v 0.304601 1.500311 1.217634
v 0.398272 1.500311 1.217634
v 0.070310 1.500311 1.217634
v 0.163981 1.500311 1.217634
v -0.163981 1.500311 1.217634
v -0.070310 1.500311 1.217634
v -0.398272 1.500311 1.217634
v -0.304601 1.500311 1.217634
v -0.632563 1.500311 1.217634
v -0.538892 1.500311 1.217634
v -1.124620 1.500311 -0.633220
v -1.218291 1.500311 -0.633220
v -1.124620 1.500311 -0.539549
v -1.218291 1.500311 -0.539549
v -1.124620 1.500311 -0.398928
v -1.218291 1.500311 -0.398928
v -1.124620 1.500311 -0.305258
v -1.218291 1.500311 -0.305258
v -1.124620 1.500311 -0.164637
v -1.218291 1.500311 -0.164637
v -1.124620 1.500311 -0.070967
v -1.218291 1.500311 -0.070967
v -1.124620 1.500311 0.069654
v -1.218291 1.500311 0.069654
v -1.124620 1.500311 0.163324
v -1.218291 1.500311 0.163324
v -1.124620 1.500311 0.303945
v -1.218291 1.500311 0.303945
v -1.124620 1.500311 0.397616
v -1.218291 1.500311 0.397616
v -1.124620 1.500311 0.538236
v -1.218291 1.500311 0.538236
v -1.124620 1.500311 0.631907
v -1.218291 1.500311 0.631907
v 0.632563 1.500310 -1.125276
v 0.538892 1.500310 -1.125276
v 0.398272 1.500310 -1.125276
v 0.304601 1.500310 -1.125276
v 0.163981 1.500310 -1.125276
v 0.070310 1.500310 -1.125276
v -0.070310 1.500310 -1.125276
v -0.163981 1.500310 -1.125276
v -0.304601 1.500310 -1.125276
v -0.398272 1.500310 -1.125276
v -0.538892 1.500310 -1.125276
v -0.632563 1.500310 -1.125276
v -1.141966 0.206444 -0.271897
v -1.141966 0.206445 1.141966
v 1.141966 0.206445 1.141966
v 1.141966 0.206444 -1.141966
v -1.141966 0.206444 -0.163138
v -1.033208 0.206445 1.141966
v -1.141966 0.206444 -0.054379
v -0.924449 0.206445 1.141966
v -1.141966 0.206444 0.054379
v -0.815690 0.206445 1.141966
v -1.141966 0.206444 0.163138
v -0.706932 0.206445 1.141966
v -1.141966 0.206444 0.271897
v -0.598173 0.206445 1.141966
v -1.141966 0.206444 0.380655
v -0.489414 0.206445 1.141966
v -1.141966 0.206444 0.489414
v -1.141966 0.206445 0.598173
v -0.271897 0.206445 1.141966
v -1.141966 0.206445 0.706932
v -0.163138 0.206445 1.141966
v -1.141966 0.206445 0.815690
v -0.054379 0.206445 1.141966
v -1.141966 0.206445 0.924449
v 0.054379 0.206445 1.141966
v -1.141966 0.206445 1.033208
v 0.163138 0.206445 1.141966
v 1.141966 0.206445 1.033208
v 0.271897 0.206445 1.141966
v 1.141966 0.206445 0.924449
v 1.141966 0.206445 0.815690
v 0.489414 0.206445 1.141966
v 1.141966 0.206445 0.706932
v 0.598173 0.206445 1.141966
v 1.141966 0.206445 0.598173
v 0.706932 0.206445 1.141966
v 1.141966 0.206444 0.489414
v 0.815690 0.206445 1.141966
v 1.141966 0.206444 0.380655
v 0.924449 0.206445 1.141966
v 1.141966 0.206444 0.271897
v 1.033208 0.206445 1.141966
v 1.141966 0.206444 0.163138
v 1.033208 0.206444 -1.141966
v 1.141966 0.206444 0.054379
v 0.924449 0.206444 -1.141966
v 1.141966 0.206444 -0.054379
v 0.815690 0.206444 -1.141966
v 1.141966 0.206444 -0.163138
v 0.706932 0.206444 -1.141966
v 1.141966 0.206444 -0.271897
v 0.598173 0.206444 -1.141966
v 1.141966 0.206444 -0.380655
v 0.489414 0.206444 -1.141966
v 1.141966 0.206444 -0.489414
v 0.380655 0.206444 -1.141966
v 1.141966 0.206444 -0.598173
v 0.271897 0.206444 -1.141966
v 1.141966 0.206444 -0.706932
v 0.163138 0.206444 -1.141966
v 1.141966 0.206444 -0.815690
v 0.054379 0.206444 -1.141966
v 1.141966 0.206444 -0.924449
v -0.054379 0.206444 -1.141966
v 1.141966 0.206444 -1.033208
v -0.163138 0.206444 -1.141966
v -0.271897 0.206444 -1.141966
v -0.380655 0.206444 -1.141966
v -0.489414 0.206444 -1.141966
v -0.598173 0.206444 -1.141966
v -0.706932 0.206444 -1.141966
v -0.815690 0.206444 -1.141966
v -0.924449 0.206444 -1.141966
v -1.033208 0.206444 -1.141966
v -1.141966 0.206444 -1.141966
v -1.141966 0.206444 -1.033208
v -1.141966 0.206444 -0.924449
v -1.141966 0.206444 -0.815690
v -1.141966 0.206444 -0.706932
v -1.141966 0.206444 -0.598173
v -1.141966 0.206444 -0.489414
v -1.141966 0.206444 -0.380655
v -0.000000 0.206445 1.141966
v -1.204376 0.145638 1.088939
v -1.204376 0.145638 1.203642
v 1.089674 0.145638 1.203642
v 1.204376 0.145638 1.203642
v 1.204376 0.145638 -1.090408
v 1.204376 0.145638 -1.205110
v -1.089674 0.145638 -1.205110
v -1.204376 0.145638 -1.205110
v -1.204376 0.145638 -1.090408
v -1.204376 0.145638 -0.975705
v -1.204376 0.145638 -0.861003
v -1.204376 0.145638 -0.746300
v -1.204376 0.145638 -0.631598
v -1.204376 0.145638 -0.516895
v -1.204376 0.145638 -0.402193
v -1.204376 0.145638 -0.287490
v -1.204376 0.145638 -0.172788
v -1.204376 0.145638 -0.058085
v -1.204376 0.145638 0.056617
v -1.204376 0.145638 0.171319
v -1.204376 0.145638 0.286022
v -1.204376 0.145638 0.400724
v -1.204376 0.145638 0.515427
v -1.204376 0.145638 0.630129
v -1.204376 0.145638 0.744832
v -1.204376 0.145638 0.859534
v -1.204376 0.145638 0.974237
v 1.204376 0.145638 1.088939
v 1.204376 0.145638 0.974237
v 1.204376 0.145638 0.859534
v 1.204376 0.145638 0.744832
v 1.204376 0.145638 0.630130
v 1.204376 0.145638 0.515427
v 1.204376 0.145638 0.400725
v 1.204376 0.145638 0.286022
v 1.204376 0.145638 0.171320
v 1.204376 0.145638 0.056617
v 1.204376 0.145638 -0.058085
v 1.204376 0.145638 -0.172788
v 1.204376 0.145638 -0.287490
v 1.204376 0.145638 -0.402193
v 1.204376 0.145638 -0.516895
v 1.204376 0.145638 -0.631598
v 1.204376 0.145638 -0.746300
v 1.204376 0.145638 -0.861003
v 1.204376 0.145638 -0.975705
v -1.089674 0.145638 1.203642
v -0.974971 0.145638 1.203642
v -0.860269 0.145638 1.203642
v -0.745566 0.145638 1.203642
v -0.630864 0.145638 1.203642
v -0.516161 0.145638 1.203642
v -0.401459 0.145638 1.203642
v -0.286756 0.145638 1.203642
v -0.172054 0.145638 1.203642
v -0.057351 0.145638 1.203642
v -0.000000 0.145638 1.203642
v 0.057351 0.145638 1.203642
v 0.172054 0.145638 1.203642
v 0.286756 0.145638 1.203642
v 0.401459 0.145638 1.203642
v 0.516161 0.145638 1.203642
v 0.630864 0.145638 1.203642
v 0.745566 0.145638 1.203642
v 0.860269 0.145638 1.203642
v 0.974971 0.145638 1.203642
v 1.089674 0.145638 -1.205110
v 0.974971 0.145638 -1.205110
v 0.860269 0.145638 -1.205110
v 0.745566 0.145638 -1.205110
v 0.630864 0.145638 -1.205110
v 0.516161 0.145638 -1.205110
v 0.401459 0.145638 -1.205110
v 0.286756 0.145638 -1.205110
v 0.172054 0.145638 -1.205110
v 0.057351 0.145638 -1.205110
v -0.057351 0.145638 -1.205110
v -0.172054 0.145638 -1.205110
v -0.286756 0.145638 -1.205110
v -0.401459 0.145638 -1.205110
v -0.516161 0.145638 -1.205110
v -0.630864 0.145638 -1.205110
v -0.745566 0.145638 -1.205110
v -0.860269 0.145638 -1.205110
v -0.974971 0.145638 -1.205110
v -1.204376 0.208062 -0.287490
v -1.204376 0.208062 1.203642
v 1.204376 0.208062 1.203642
v 1.204376 0.208062 -1.205110
v -1.204376 0.208062 -0.172788
v -1.089674 0.208062 1.203642
v -1.204376 0.208062 -0.058085
v -0.974971 0.208062 1.203642
v -1.204376 0.208062 0.056617
v -0.860269 0.208062 1.203642
v -1.204376 0.208062 0.171319
v -0.745566 0.208062 1.203642
v -1.204376 0.208062 0.286022
v -0.630864 0.208062 1.203642
v -1.204376 0.208062 0.400724
v -0.516161 0.208062 1.203642
v -1.204376 0.208062 0.515427
v -1.204376 0.208062 0.630129
v -0.286756 0.208062 1.203642
v -1.204376 0.208062 0.744832
v -0.172054 0.208062 1.203642
v -1.204376 0.208062 0.859534
v -0.057351 0.208062 1.203642
v -1.204376 0.208062 0.974237
v 0.057351 0.208062 1.203642
v -1.204376 0.208062 1.088939
v 0.172054 0.208062 1.203642
v 1.204376 0.208062 1.088939
v 0.286756 0.208062 1.203642
v 1.204376 0.208062 0.974237
v 1.204376 0.208062 0.859534
v 0.516161 0.208062 1.203642
v 1.204376 0.208062 0.744832
v 0.630864 0.208062 1.203642
v 1.204376 0.208062 0.630130
v 0.745566 0.208062 1.203642
v 1.204376 0.208062 0.515427
v 0.860269 0.208062 1.203642
v 1.204376 0.208062 0.400725
v 0.974971 0.208062 1.203642
v 1.204376 0.208062 0.286022
v 1.089674 0.208062 1.203642
v 1.204376 0.208062 0.171320
v 1.089674 0.208062 -1.205110
v 1.204376 0.208062 0.056617
v 0.974971 0.208062 -1.205110
v 1.204376 0.208062 -0.058085
v 0.860269 0.208062 -1.205110
v 1.204376 0.208062 -0.172788
v 0.745566 0.208062 -1.205110
v 1.204376 0.208062 -0.287490
v 0.630864 0.208062 -1.205110
v 1.204376 0.208062 -0.402193
v 0.516161 0.208062 -1.205110
v 1.204376 0.208062 -0.516895
v 0.401459 0.208062 -1.205110
v 1.204376 0.208062 -0.631598
v 0.286756 0.208062 -1.205110
v 1.204376 0.208062 -0.746300
v 0.172054 0.208062 -1.205110
v 1.204376 0.208062 -0.861003
v 0.057351 0.208062 -1.205110
v 1.204376 0.208062 -0.975705
v -0.057351 0.208062 -1.205110
v 1.204376 0.208062 -1.090408
v -0.172054 0.208062 -1.205110
v -0.286756 0.208062 -1.205110
v -0.401459 0.208062 -1.205110
v -0.516161 0.208062 -1.205110
v -0.630864 0.208062 -1.205110
v -0.745566 0.208062 -1.205110
v -0.860269 0.208062 -1.205110
v -0.974971 0.208062 -1.205110
v -1.089674 0.208062 -1.205110
v -1.204376 0.208062 -1.205110
v -1.204376 0.208062 -1.090408
v -1.204376 0.208062 -0.975705
v -1.204376 0.208062 -0.861003
v -1.204376 0.208062 -0.746300
v -1.204376 0.208062 -0.631598
v -1.204376 0.208062 -0.516895
v -1.204376 0.208062 -0.402193
v -0.000000 0.208062 1.203642
v -0.000000 1.013383 1.141966
v -0.163138 1.011938 1.141966
v -0.054379 1.012901 1.141966
v -0.172703 1.011853 1.141966
v 0.271897 0.910292 1.141966
v 0.165471 1.014849 1.141966
v 0.319470 0.863554 1.141966
v 0.368134 0.815744 1.141966
v 0.380655 0.803443 1.141966
v 0.406714 0.777842 1.141966
v 0.163138 1.014828 1.141966
v 0.054379 1.013865 1.141966
v -0.318397 0.863554 1.141966
v -0.365368 0.815744 1.141966
v -0.409710 0.770610 1.141966
v -0.380655 0.800183 1.141966
v -0.271897 0.910886 1.141966
v 0.271897 0.783285 1.141966
v 0.316450 0.739514 1.141966
v 0.238857 0.815744 1.141966
v 0.190192 0.863554 1.141966
v 0.163138 0.890133 1.141966
v 0.128747 0.923920 1.141966
v -0.000000 0.922780 1.141966
v 0.054379 0.923261 1.141966
v -0.134375 0.921589 1.141966
v -0.054379 0.922298 1.141966
v 0.412697 0.206445 1.141966
v 0.412680 0.208062 1.203642
v 0.413276 0.151079 1.203642
v -0.238361 0.815744 1.141966
v -0.271897 0.781609 1.141966
v -0.318781 0.733886 1.141966
v -0.163138 0.892312 1.141966
v -0.191391 0.863554 1.141966
v 0.315336 0.208062 1.203642
v 0.315332 0.206445 1.141966
v 0.315215 0.150408 1.203642
v -0.410531 0.208062 1.203642
v -0.410533 0.206445 1.141966
v -0.410614 0.150874 1.203642
v 0.401459 0.150998 1.203642
v -0.313141 0.206445 1.141966
v -0.313159 0.208062 1.203642
v -0.312550 0.151178 1.203642
v -0.401459 0.150903 1.203642
v -0.007044 0.147255 1.033208
v -0.007044 0.147255 0.924449
v -0.007044 0.147255 0.815690
v -0.007044 0.147255 0.706932
v -0.007044 1.206648 0.706931
v -0.007044 1.206648 0.815690
v -0.007044 1.206648 0.924449
v -0.007044 1.206648 1.033208
v -0.007044 0.815744 1.141966
v -0.007044 0.863554 1.141966
v -0.007044 1.060957 1.141966
v -0.007044 1.138975 1.141966
v -0.007044 0.147255 1.141966
v -0.008608 1.229208 1.229372
v -0.007044 1.337031 0.706931
v -0.007044 1.337031 0.815690
v -0.008608 1.369645 1.112226
v -0.008608 1.369645 1.229372
v -0.007044 0.206445 1.141966
v -0.008153 0.145638 1.203642
v -0.008153 0.208062 1.203642
v -0.007044 1.013203 1.141966
v -0.007044 0.922600 1.141966
v 0.007261 0.147255 1.141966
v 0.008645 1.229208 1.229372
v 0.007261 0.147255 1.033208
v 0.007261 0.147255 0.924449
v 0.007261 0.147255 0.815690
v 0.007261 0.147255 0.706932
v 0.007261 1.206648 0.706931
v 0.007261 1.206648 0.815690
v 0.007261 1.206648 0.924449
v 0.007261 1.206648 1.033208
v 0.007261 0.815744 1.141966
v 0.007261 0.863554 1.141966
v 0.007261 1.060957 1.141966
v 0.007261 1.138975 1.141966
v 0.008645 1.369645 1.229372
v 0.007261 1.337031 0.706931
v 0.007261 1.337031 0.815690
v 0.008645 1.369645 1.112226
v 0.007261 0.206445 1.141966
v 0.008242 0.145638 1.203642
v 0.008242 0.208062 1.203642
v 0.007261 1.013542 1.141966
v 0.007261 0.922939 1.141966
vt 0.952381 1.000000
vt 1.000000 0.952381
vt 0.952381 0.952381
vt 0.952381 0.047619
vt 1.000000 0.000000
vt 0.952381 0.000000
vt 0.952381 0.095238
vt 1.000000 0.047619
vt 0.952381 0.142857
vt 1.000000 0.095238
vt 0.952381 0.190476
vt 1.000000 0.142857
vt 0.952381 0.238095
vt 1.000000 0.190476
vt 0.952381 0.285714
vt 1.000000 0.238095
vt 0.952381 0.333333
vt 1.000000 0.285714
vt 0.952381 0.380952
vt 1.000000 0.333333
vt 0.952381 0.428571
vt 1.000000 0.380952
vt 0.952381 0.476191
vt 1.000000 0.428571
vt 0.952381 0.523810
vt 1.000000 0.476190
vt 0.952381 0.571429
vt 1.000000 0.523810
vt 0.952381 0.619048
vt 1.000000 0.571429
vt 0.952381 0.666667
vt 1.000000 0.619048
vt 0.952381 0.714286
vt 1.000000 0.666667
vt 0.952381 0.761905
vt 1.000000 0.714286
vt 0.952381 0.809524
vt 1.000000 0.761905
vt 0.952381 0.857143
vt 1.000000 0.809524
vt 0.952381 0.904762
vt 1.000000 0.857143
vt 1.000000 0.904762
vt 0.000000 0.952381
vt 0.047619 0.904762
vt 0.000000 0.904762
vt 0.047619 0.952381
vt 0.095238 0.904762
vt 0.095238 0.952381
vt 0.142857 0.904762
vt 0.142857 0.952381
vt 0.190476 0.904762
vt 0.190476 0.952381
vt 0.238095 0.904762
vt 0.238095 0.952381
vt 0.285714 0.904762
vt 0.285714 0.952381
vt 0.333333 0.904762
vt 0.333333 0.952381
vt 0.380952 0.904762
vt 0.380952 0.952381
vt 0.428571 0.904762
vt 0.428571 0.952381
vt 0.476190 0.904762
vt 0.476190 0.952381
vt 0.523810 0.904762
vt 0.523810 0.952381
vt 0.571429 0.904762
vt 0.571429 0.952381
vt 0.619048 0.904762
vt 0.619048 0.952381
vt 0.666667 0.904762
vt 0.666667 0.952381
vt 0.714286 0.904762
vt 0.714286 0.952381
vt 0.761905 0.904762
vt 0.761905 0.952381
vt 0.809524 0.904762
vt 0.809524 0.952381
vt 0.857143 0.904762
vt 0.857143 0.952381
vt 0.904762 0.904762
vt 0.904762 0.952381
vt 0.047619 0.857143
vt 0.000000 0.857143
vt 0.095238 0.857143
vt 0.142857 0.857143
vt 0.190476 0.857143
vt 0.238095 0.857143
vt 0.285714 0.857143
vt 0.333333 0.857143
vt 0.380952 0.857143
vt 0.428571 0.857143
vt 0.476190 0.857143
vt 0.523810 0.857143
vt 0.571429 0.857143
vt 0.619048 0.857143
vt 0.666667 0.857143
vt 0.714286 0.857143
vt 0.761905 0.857143
vt 0.809524 0.857143
vt 0.857143 0.857143
vt 0.904762 0.857143
vt 0.047619 0.809524
vt 0.000000 0.809524
vt 0.095238 0.809524
vt 0.142857 0.809524
vt 0.190476 0.809524
vt 0.238095 0.809524
vt 0.285714 0.809524
vt 0.333333 0.809524
vt 0.380952 0.809524
vt 0.428571 0.809524
vt 0.476190 0.809524
vt 0.523810 0.809524
vt 0.571429 0.809524
vt 0.619048 0.809524
vt 0.666667 0.809524
vt 0.714286 0.809524
vt 0.761905 0.809524
vt 0.809524 0.809524
vt 0.857143 0.809524
vt 0.904762 0.809524
vt 0.047619 0.761905
vt 0.000000 0.761905
vt 0.095238 0.761905
vt 0.142857 0.761905
vt 0.190476 0.761905
vt 0.857143 0.761905
vt 0.809524 0.761905
vt 0.904762 0.761905
vt 0.047619 0.714286
vt 0.000000 0.714286
vt 0.095238 0.714286
vt 0.142857 0.714286
vt 0.190476 0.714286
vt 0.857143 0.714286
vt 0.809524 0.714286
vt 0.904762 0.714286
vt 0.047619 0.666667
vt 0.000000 0.666667
vt 0.095238 0.666667
vt 0.142857 0.666667
vt 0.190476 0.666667
vt 0.857143 0.666667
vt 0.809524 0.666667
vt 0.904762 0.666667
vt 0.000000 0.619048
vt 0.047619 0.619048
vt 0.095238 0.619048
vt 0.142857 0.619048
vt 0.190476 0.619048
vt 0.857143 0.619048
vt 0.809524 0.619048
vt 0.904762 0.619048
vt 0.047619 0.571429
vt 0.000000 0.571429
vt 0.095238 0.571429
vt 0.142857 0.571429
vt 0.190476 0.571429
vt 0.857143 0.571429
vt 0.809524 0.571429
vt 0.904762 0.571429
vt 0.047619 0.523810
vt 0.000000 0.523810
vt 0.095238 0.523810
vt 0.142857 0.523810
vt 0.190476 0.523810
vt 0.857143 0.523810
vt 0.809524 0.523810
vt 0.904762 0.523810
vt 0.047619 0.476190
vt 0.000000 0.476190
vt 0.095238 0.476190
vt 0.142857 0.476190
vt 0.190476 0.476190
vt 0.857143 0.476191
vt 0.809524 0.476190
vt 0.904762 0.476191
vt 0.047619 0.428571
vt 0.000000 0.428571
vt 0.095238 0.428571
vt 0.142857 0.428571
vt 0.190476 0.428571
vt 0.857143 0.428571
vt 0.809524 0.428571
vt 0.904762 0.428571
vt 0.047619 0.380952
vt 0.000000 0.380952
vt 0.095238 0.380952
vt 0.142857 0.380952
vt 0.190476 0.380952
vt 0.857143 0.380952
vt 0.809524 0.380952
vt 0.904762 0.380952
vt 0.047619 0.333333
vt 0.000000 0.333333
vt 0.095238 0.333333
vt 0.142857 0.333333
vt 0.190476 0.333333
vt 0.857143 0.333333
vt 0.809524 0.333333
vt 0.904762 0.333333
vt 0.047619 0.285714
vt 0.000000 0.285714
vt 0.095238 0.285714
vt 0.142857 0.285714
vt 0.190476 0.285714
vt 0.857143 0.285714
vt 0.809524 0.285714
vt 0.904762 0.285714
vt 0.000000 0.238095
vt 0.047619 0.238095
vt 0.095238 0.238095
vt 0.142857 0.238095
vt 0.190476 0.238095
vt 0.857143 0.238095
vt 0.809524 0.238095
vt 0.904762 0.238095
vt 0.000000 0.190476
vt 0.047619 0.190476
vt 0.095238 0.190476
vt 0.142857 0.190476
vt 0.190476 0.190476
vt 0.857143 0.190476
vt 0.809524 0.190476
vt 0.904762 0.190476
vt 0.000000 0.142857
vt 0.047619 0.142857
vt 0.095238 0.142857
vt 0.142857 0.142857
vt 0.190476 0.142857
vt 0.238095 0.142857
vt 0.238095 0.190476
vt 0.285714 0.142857
vt 0.285714 0.190476
vt 0.333333 0.142857
vt 0.333333 0.190476
vt 0.380952 0.142857
vt 0.380952 0.190476
vt 0.428571 0.142857
vt 0.428571 0.190476
vt 0.476190 0.142857
vt 0.507856 0.190476
vt 0.523810 0.142857
vt 0.507856 0.142857
vt 0.523810 0.190476
vt 0.571429 0.142857
vt 0.571429 0.190476
vt 0.619048 0.142857
vt 0.619048 0.190476
vt 0.666667 0.142857
vt 0.666667 0.190476
vt 0.714286 0.142857
vt 0.714286 0.190476
vt 0.761905 0.142857
vt 0.761905 0.190476
vt 0.809524 0.142857
vt 0.857143 0.142857
vt 0.904762 0.142857
vt 0.000000 0.095238
vt 0.047619 0.095238
vt 0.095238 0.095238
vt 0.142857 0.095238
vt 0.190476 0.095238
vt 0.238095 0.095238
vt 0.285714 0.095238
vt 0.333333 0.095238
vt 0.380952 0.095238
vt 0.428571 0.095238
vt 0.476190 0.095238
vt 0.523810 0.095238
vt 0.507856 0.095238
vt 0.571429 0.095238
vt 0.619048 0.095238
vt 0.666667 0.095238
vt 0.714286 0.095238
vt 0.761905 0.095238
vt 0.809524 0.095238
vt 0.857143 0.095238
vt 0.904762 0.095238
vt 0.000000 0.047619
vt 0.047619 0.047619
vt 0.095238 0.047619
vt 0.142857 0.047619
vt 0.190476 0.047619
vt 0.238095 0.047619
vt 0.285714 0.047619
vt 0.333333 0.047619
vt 0.380952 0.047619
vt 0.428571 0.047619
vt 0.476190 0.047619
vt 0.523810 0.047619
vt 0.507856 0.047619
vt 0.571429 0.047619
vt 0.619048 0.047619
vt 0.666667 0.047619
vt 0.714286 0.047619
vt 0.761905 0.047619
vt 0.809524 0.047619
vt 0.857143 0.047619
vt 0.904762 0.047619
vt 0.047619 0.000000
vt 0.000000 0.000000
vt 0.095238 0.000000
vt 0.142857 0.000000
vt 0.190476 0.000000
vt 0.238095 0.000000
vt 0.285714 0.000000
vt 0.333333 0.000000
vt 0.380952 0.000000
vt 0.428571 0.000000
vt 0.476190 0.000000
vt 0.523810 0.000000
vt 0.507856 0.000000
vt 0.571429 0.000000
vt 0.619048 0.000000
vt 0.666667 0.000000
vt 0.714286 0.000000
vt 0.761905 0.000000
vt 0.809524 0.000000
vt 0.857143 0.000000
vt 0.904762 0.000000
vt 0.000000 1.000000
vt 0.047619 1.000000
vt 0.095238 1.000000
vt 0.142857 1.000000
vt 0.190476 1.000000
vt 0.238095 1.000000
vt 0.285714 1.000000
vt 0.333333 1.000000
vt 0.380952 1.000000
vt 0.428571 1.000000
vt 0.476190 1.000000
vt 0.523810 1.000000
vt 0.571429 1.000000
vt 0.619048 1.000000
vt 0.666667 1.000000
vt 0.714286 1.000000
vt 0.761905 1.000000
vt 0.809524 1.000000
vt 0.857143 1.000000
vt 0.904762 1.000000
vt 0.047619 0.000000
vt 0.000000 0.000000
vt 0.000000 0.000000
vt 0.000000 0.047619
vt 0.000000 0.047619
vt 0.095238 0.000000
vt 0.047619 0.000000
vt 1.000000 0.000000
vt 0.952381 0.000000
vt 0.952381 0.000000
vt 0.142857 0.000000
vt 0.095238 0.000000
vt 1.000000 1.000000
vt 1.000000 0.952381
vt 1.000000 0.952381
vt 0.190476 0.000000
vt 0.142857 0.000000
vt 0.000000 1.000000
vt 0.047619 1.000000
vt 0.047619 1.000000
vt 0.500000 0.000000
vt 0.491117 0.000000
vt 0.491117 0.000000
vt 0.238095 0.000000
vt 0.190476 0.000000
vt 0.000000 0.952381
vt 0.000000 1.000000
vt 0.285714 0.000000
vt 0.238095 0.000000
vt 0.000000 0.904762
vt 0.000000 0.952381
vt 0.333333 0.000000
vt 0.285714 0.000000
vt 0.000000 0.857143
vt 0.000000 0.904762
vt 0.380952 0.000000
vt 0.333333 0.000000
vt 0.000000 0.809524
vt 0.000000 0.857143
vt 0.000000 0.761905
vt 0.000000 0.809524
vt 0.000000 0.714286
vt 0.000000 0.761905
vt 0.000000 0.666667
vt 0.000000 0.714286
vt 0.000000 0.619048
vt 0.000000 0.666667
vt 0.000000 0.619048
vt 0.000000 0.571429
vt 0.000000 0.000000
vt 0.000000 0.571429
vt 0.000000 0.523810
vt 0.047619 0.000000
vt 0.000000 0.523810
vt 0.000000 0.476190
vt 0.095238 0.000000
vt 0.000000 0.428571
vt 0.000000 0.476191
vt 0.142857 0.000000
vt 0.000000 0.380952
vt 0.000000 0.428571
vt 0.190476 0.000000
vt 0.000000 0.333333
vt 0.000000 0.380952
vt 0.238095 0.000000
vt 0.000000 0.285714
vt 0.000000 0.333333
vt 0.285714 0.000000
vt 0.000000 0.238095
vt 0.000000 0.285714
vt 0.333333 0.000000
vt 0.000000 0.190476
vt 0.000000 0.238095
vt 0.380952 0.000000
vt 0.428571 0.000000
vt 0.000000 0.142857
vt 0.000000 0.190476
vt 0.428571 0.000000
vt 0.476190 0.000000
vt 0.000000 0.095238
vt 0.000000 0.142857
vt 0.523810 0.000000
vt 0.507856 0.000000
vt 0.507856 0.000000
vt 0.000000 0.047619
vt 0.000000 0.095238
vt 0.571429 0.000000
vt 0.523810 0.000000
vt 1.000000 0.000000
vt 1.000000 0.047619
vt 0.619048 0.000000
vt 0.571429 0.000000
vt 1.000000 0.047619
vt 1.000000 0.095238
vt 0.666667 0.000000
vt 0.619048 0.000000
vt 1.000000 0.095238
vt 1.000000 0.142857
vt 0.714286 0.000000
vt 0.666667 0.000000
vt 1.000000 0.142857
vt 1.000000 0.190476
vt 0.761905 0.000000
vt 0.714286 0.000000
vt 1.000000 0.190476
vt 1.000000 0.238095
vt 0.809524 0.000000
vt 0.761905 0.000000
vt 1.000000 0.238095
vt 1.000000 0.285714
vt 0.857143 0.000000
vt 0.809524 0.000000
vt 1.000000 0.285714
vt 1.000000 0.333333
vt 0.904762 0.000000
vt 0.857143 0.000000
vt 1.000000 0.333333
vt 1.000000 0.380952
vt 0.952381 0.000000
vt 0.904762 0.000000
vt 1.000000 0.380952
vt 1.000000 0.428571
vt 1.000000 1.000000
vt 0.952381 1.000000
vt 1.000000 0.428571
vt 1.000000 0.476190
vt 0.952381 1.000000
vt 0.904762 1.000000
vt 1.000000 0.523810
vt 1.000000 0.476191
vt 0.904762 1.000000
vt 0.857143 1.000000
vt 1.000000 0.571429
vt 1.000000 0.523810
vt 0.857143 1.000000
vt 0.809524 1.000000
vt 1.000000 0.619048
vt 1.000000 0.571429
vt 0.809524 1.000000
vt 0.761905 1.000000
vt 1.000000 0.666667
vt 1.000000 0.619048
vt 0.761905 1.000000
vt 0.714286 1.000000
vt 1.000000 0.714286
vt 1.000000 0.666667
vt 0.714286 1.000000
vt 0.666667 1.000000
vt 1.000000 0.761905
vt 1.000000 0.714286
vt 0.666667 1.000000
vt 0.619048 1.000000
vt 1.000000 0.809524
vt 1.000000 0.761905
vt 0.619048 1.000000
vt 0.571429 1.000000
vt 1.000000 0.857143
vt 1.000000 0.809524
vt 0.571429 1.000000
vt 0.523810 1.000000
vt 1.000000 0.904762
vt 1.000000 0.857143
vt 0.476191 1.000000
vt 0.523810 1.000000
vt 1.000000 0.952381
vt 1.000000 0.904762
vt 0.428571 1.000000
vt 0.476190 1.000000
vt 0.380952 1.000000
vt 0.428571 1.000000
vt 0.333333 1.000000
vt 0.380952 1.000000
vt 0.285714 1.000000
vt 0.333333 1.000000
vt 0.238095 1.000000
vt 0.285714 1.000000
vt 0.190476 1.000000
vt 0.238095 1.000000
vt 0.142857 1.000000
vt 0.190476 1.000000
vt 0.095238 1.000000
vt 0.142857 1.000000
vt 0.047619 1.000000
vt 0.095238 1.000000
vt 0.000000 1.000000
vt 0.000000 0.952381
vt 0.000000 0.904762
vt 0.000000 0.857143
vt 0.000000 0.809524
vt 0.000000 0.761905
vt 0.000000 0.714286
vt 0.000000 0.666667
vt 0.000000 0.619048
vt 0.000000 0.666667
vt 0.000000 0.666667
vt 0.000000 0.714286
vt 0.000000 0.714286
vt 0.000000 0.761905
vt 0.000000 0.761905
vt 0.000000 0.809524
vt 0.000000 0.809524
vt 0.000000 0.857143
vt 0.000000 0.857143
vt 0.000000 0.904762
vt 0.000000 0.904762
vt 0.000000 0.952381
vt 0.000000 0.952381
vt 0.000000 1.000000
vt 0.000000 1.000000
vt 0.047619 1.000000
vt 0.047619 1.000000
vt 1.000000 1.000000
vt 1.000000 0.952381
vt 1.000000 0.952381
vt 1.000000 0.000000
vt 0.952381 0.000000
vt 0.952381 0.000000
vt 0.095238 1.000000
vt 0.095238 1.000000
vt 0.000000 0.000000
vt 0.000000 0.047619
vt 0.000000 0.047619
vt 0.142857 1.000000
vt 0.142857 1.000000
vt 0.190476 1.000000
vt 0.190476 1.000000
vt 0.238095 1.000000
vt 0.238095 1.000000
vt 0.285714 1.000000
vt 0.285714 1.000000
vt 0.333333 1.000000
vt 0.333333 1.000000
vt 0.380952 1.000000
vt 0.380952 1.000000
vt 0.428571 1.000000
vt 0.428571 1.000000
vt 0.476191 1.000000
vt 0.476191 1.000000
vt 1.000000 0.904762
vt 1.000000 0.904762
vt 0.523810 1.000000
vt 0.523810 1.000000
vt 1.000000 0.857143
vt 1.000000 0.857143
vt 0.571429 1.000000
vt 0.571429 1.000000
vt 1.000000 0.809524
vt 1.000000 0.809524
vt 0.619048 1.000000
vt 0.619048 1.000000
vt 1.000000 0.761905
vt 1.000000 0.761905
vt 0.666667 1.000000
vt 0.666667 1.000000
vt 1.000000 0.714286
vt 1.000000 0.714286
vt 0.714286 1.000000
vt 0.714286 1.000000
vt 1.000000 0.666667
vt 1.000000 0.666667
vt 0.761905 1.000000
vt 0.761905 1.000000
vt 1.000000 0.619048
vt 1.000000 0.619048
vt 0.809524 1.000000
vt 0.809524 1.000000
vt 1.000000 0.571429
vt 1.000000 0.571429
vt 0.857143 1.000000
vt 0.857143 1.000000
vt 1.000000 0.523810
vt 1.000000 0.523810
vt 0.904762 1.000000
vt 0.904762 1.000000
vt 1.000000 0.476191
vt 1.000000 0.476191
vt 0.952381 1.000000
vt 0.952381 1.000000
vt 1.000000 0.428571
vt 1.000000 0.428571
vt 1.000000 1.000000
vt 1.000000 0.380952
vt 1.000000 0.380952
vt 0.904762 0.000000
vt 0.904762 0.000000
vt 1.000000 0.333333
vt 1.000000 0.333333
vt 0.857143 0.000000
vt 0.857143 0.000000
vt 1.000000 0.285714
vt 1.000000 0.285714
vt 0.809524 0.000000
vt 0.809524 0.000000
vt 1.000000 0.238095
vt 1.000000 0.238095
vt 0.761905 0.000000
vt 0.761905 0.000000
vt 1.000000 0.190476
vt 1.000000 0.190476
vt 0.714286 0.000000
vt 0.714286 0.000000
vt 1.000000 0.142857
vt 1.000000 0.142857
vt 1.000000 0.095238
vt 1.000000 0.095238
vt 1.000000 0.047619
vt 1.000000 0.047619
vt 1.000000 0.000000
vt 0.000000 0.095238
vt 0.000000 0.095238
vt 0.000000 0.142857
vt 0.000000 0.142857
vt 0.000000 0.190476
vt 0.000000 0.190476
vt 0.000000 0.238095
vt 0.000000 0.238095
vt 0.000000 0.285714
vt 0.000000 0.285714
vt 0.320612 0.000000
vt 0.333333 0.000000
vt 0.285714 0.000000
vt 0.000000 0.333333
vt 0.000000 0.333333
vt 0.285714 0.000000
vt 0.238095 0.000000
vt 0.238095 0.000000
vt 0.000000 0.380952
vt 0.000000 0.380952
vt 0.190476 0.000000
vt 0.190476 0.000000
vt 0.000000 0.428571
vt 0.000000 0.428571
vt 0.142857 0.000000
vt 0.142857 0.000000
vt 0.000000 0.476191
vt 0.000000 0.476191
vt 0.095238 0.000000
vt 0.095238 0.000000
vt 0.000000 0.523810
vt 0.000000 0.523810
vt 0.047619 0.000000
vt 0.047619 0.000000
vt 0.000000 0.571429
vt 0.000000 0.571429
vt 0.000000 0.000000
vt 0.000000 0.619048
vt 0.491117 0.000000
vt 0.380952 0.000000
vt 0.491117 0.047619
vt 0.500000 0.000000
vt 0.491117 0.000000
vt 0.491117 0.095238
vt 0.500000 0.047619
vt 0.491117 0.142857
vt 0.500000 0.095238
vt 0.491117 0.190476
vt 0.500000 0.142857
vt 0.190476 0.190476
vt 0.142857 0.238095
vt 0.142857 0.190476
vt 0.000000 0.190476
vt 0.047619 0.238095
vt 0.000000 0.238095
vt 0.952381 0.285714
vt 1.000000 0.285714
vt 1.000000 0.285714
vt 0.047619 0.333333
vt 0.047619 0.380952
vt 0.047619 0.333333
vt 0.761905 0.047619
vt 0.714286 0.047619
vt 0.761905 0.047619
vt 0.857143 0.285714
vt 0.809524 0.333333
vt 0.809524 0.285714
vt 0.190476 0.285714
vt 0.142857 0.333333
vt 0.142857 0.285714
vt 0.047619 0.285714
vt 0.000000 0.333333
vt 0.000000 0.285714
vt 0.285714 0.047619
vt 0.285714 0.000000
vt 0.714286 0.857143
vt 0.761905 0.857143
vt 0.761905 0.857143
vt 0.047619 0.714286
vt 0.000000 0.714286
vt 0.857143 0.380952
vt 0.809524 0.428571
vt 0.809524 0.380952
vt 0.190476 0.380952
vt 0.142857 0.428571
vt 0.142857 0.380952
vt 0.047619 0.380952
vt 0.000000 0.428571
vt 0.000000 0.380952
vt 0.857143 0.285714
vt 0.238095 0.047619
vt 0.238095 0.000000
vt 0.238095 0.047619
vt 0.047619 0.761905
vt 0.047619 0.761905
vt 0.857143 0.476191
vt 0.809524 0.523810
vt 0.809524 0.476190
vt 0.190476 0.476190
vt 0.142857 0.523810
vt 0.142857 0.476190
vt 0.047619 0.476190
vt 0.000000 0.523810
vt 0.000000 0.476190
vt 0.190476 0.285714
vt 0.619048 0.047619
vt 0.666667 0.047619
vt 0.666667 0.047619
vt 0.619048 0.857143
vt 0.666667 0.857143
vt 0.666667 0.857143
vt 0.857143 0.571429
vt 0.809524 0.619048
vt 0.809524 0.571429
vt 0.142857 0.571429
vt 0.190476 0.619048
vt 0.142857 0.619048
vt 0.000000 0.571429
vt 0.047619 0.619048
vt 0.000000 0.619048
vt 1.000000 0.333333
vt 0.952381 0.333333
vt 0.952381 0.333333
vt 0.000000 0.761905
vt 0.857143 0.333333
vt 0.809524 0.333333
vt 0.857143 0.666667
vt 0.809524 0.714286
vt 0.809524 0.666667
vt 0.190476 0.666667
vt 0.142857 0.714286
vt 0.142857 0.666667
vt 0.047619 0.666667
vt 0.523810 0.047619
vt 0.571429 0.047619
vt 0.571429 0.047619
vt 0.523810 0.857143
vt 0.571429 0.857143
vt 0.571429 0.857143
vt 0.190476 0.333333
vt 0.142857 0.333333
vt 0.857143 0.761905
vt 0.809524 0.809524
vt 0.809524 0.761905
vt 0.190476 0.761905
vt 0.142857 0.809524
vt 0.142857 0.761905
vt 0.857143 0.809524
vt 0.809524 0.857143
vt 0.761905 0.809524
vt 0.000000 0.666667
vt 0.714286 0.809524
vt 0.666667 0.809524
vt 0.952381 0.380952
vt 1.000000 0.380952
vt 1.000000 0.380952
vt 0.619048 0.809524
vt 0.571429 0.809524
vt 0.428571 0.047619
vt 0.476190 0.047619
vt 0.476190 0.047619
vt 0.523810 0.809524
vt 0.476190 0.857143
vt 0.476190 0.809524
vt 0.428571 0.857143
vt 0.476190 0.857143
vt 0.428571 0.809524
vt 0.380952 0.857143
vt 0.380952 0.809524
vt 0.761905 0.809524
vt 0.333333 0.809524
vt 0.285714 0.857143
vt 0.285714 0.809524
vt 0.857143 0.380952
vt 0.238095 0.809524
vt 0.190476 0.857143
vt 0.190476 0.809524
vt 0.142857 0.857143
vt 0.047619 0.809524
vt 0.047619 0.857143
vt 0.047619 0.904762
vt 1.000000 0.904762
vt 0.952381 0.952381
vt 0.952381 0.904762
vt 1.000000 0.857143
vt 0.952381 0.857143
vt 1.000000 0.809524
vt 0.952381 0.809524
vt 1.000000 0.761905
vt 0.952381 0.761905
vt 0.952381 0.428571
vt 0.952381 0.476191
vt 0.952381 0.476191
vt 1.000000 0.666667
vt 0.952381 0.714286
vt 0.952381 0.666667
vt 0.000000 0.571429
vt 1.000000 0.571429
vt 0.952381 0.619048
vt 0.952381 0.571429
vt 0.714286 0.857143
vt 1.000000 0.476190
vt 0.952381 0.523810
vt 0.190476 0.380952
vt 0.857143 0.428571
vt 0.857143 0.428571
vt 0.380952 0.047619
vt 0.333333 0.047619
vt 0.380952 0.047619
vt 1.000000 0.190476
vt 0.952381 0.238095
vt 0.952381 0.190476
vt 1.000000 0.142857
vt 0.952381 0.142857
vt 1.000000 0.095238
vt 0.952381 0.095238
vt 1.000000 0.047619
vt 0.952381 0.047619
vt 1.000000 0.000000
vt 0.952381 1.000000
vt 0.857143 0.190476
vt 0.809524 0.238095
vt 0.809524 0.190476
vt 0.000000 0.142857
vt 0.047619 0.190476
vt 0.190476 0.142857
vt 0.142857 0.142857
vt 0.238095 0.142857
vt 0.333333 0.857143
vt 0.380952 0.857143
vt 0.333333 0.142857
vt 0.285714 0.190476
vt 0.285714 0.142857
vt 0.666667 0.809524
vt 0.428571 0.142857
vt 0.380952 0.190476
vt 0.380952 0.142857
vt 1.000000 0.428571
vt 0.952381 0.428571
vt 0.523810 0.142857
vt 0.507856 0.190476
vt 0.507856 0.142857
vt 0.809524 0.476190
vt 0.619048 0.142857
vt 0.571429 0.190476
vt 0.571429 0.142857
vt 0.000000 0.476190
vt 0.714286 0.142857
vt 0.666667 0.190476
vt 0.666667 0.142857
vt 0.619048 0.857143
vt 0.809524 0.142857
vt 0.761905 0.190476
vt 0.761905 0.142857
vt 0.857143 0.142857
vt 0.000000 0.095238
vt 0.047619 0.142857
vt 0.047619 0.095238
vt 0.047619 0.047619
vt 0.095238 0.047619
vt 0.142857 0.047619
vt 0.190476 0.047619
vt 0.809524 0.428571
vt 0.190476 0.428571
vt 0.190476 0.428571
vt 0.428571 0.000000
vt 0.285714 0.047619
vt 0.523810 0.000000
vt 0.507856 0.047619
vt 0.507856 0.000000
vt 0.238095 0.857143
vt 0.285714 0.857143
vt 0.619048 0.000000
vt 0.571429 0.000000
vt 0.571429 0.809524
vt 0.714286 0.000000
vt 0.666667 0.000000
vt 0.142857 0.428571
vt 0.809524 0.000000
vt 0.761905 0.000000
vt 0.857143 0.000000
vt 0.809524 0.047619
vt 0.904762 0.000000
vt 0.857143 0.047619
vt 0.904762 0.047619
vt 0.047619 0.952381
vt 0.095238 0.952381
vt 0.142857 0.952381
vt 0.095238 1.000000
vt 0.190476 0.952381
vt 0.142857 1.000000
vt 0.238095 0.952381
vt 0.190476 1.000000
vt 0.142857 0.476190
vt 0.333333 0.952381
vt 0.285714 1.000000
vt 0.285714 0.952381
vt 0.000000 0.380952
vt 0.428571 0.952381
vt 0.380952 1.000000
vt 0.380952 0.952381
vt 0.523810 0.857143
vt 0.523810 0.952381
vt 0.476190 1.000000
vt 0.476190 0.952381
vt 0.619048 0.952381
vt 0.571429 1.000000
vt 0.571429 0.952381
vt 1.000000 0.476190
vt 0.714286 0.952381
vt 0.666667 1.000000
vt 0.666667 0.952381
vt 0.047619 0.428571
vt 0.047619 0.428571
vt 0.809524 0.952381
vt 0.761905 1.000000
vt 0.761905 0.952381
vt 0.857143 0.952381
vt 0.809524 1.000000
vt 0.904762 0.952381
vt 0.857143 1.000000
vt 0.904762 1.000000
vt 0.500000 0.047619
vt 0.491117 0.047619
vt 0.500000 0.142857
vt 0.491117 0.190476
vt 0.491117 0.142857
vt 1.000000 0.714286
vt 1.000000 0.619048
vt 0.238095 1.000000
vt 0.333333 1.000000
vt 0.428571 1.000000
vt 1.000000 0.523810
vt 0.523810 1.000000
vt 1.000000 0.238095
vt 0.619048 1.000000
vt 0.714286 1.000000
vt 1.000000 1.000000
vt 0.857143 0.238095
vt 0.809524 0.285714
vt 0.809524 0.238095
vt 0.190476 0.238095
vt 0.142857 0.285714
vt 0.142857 0.238095
vt 0.000000 0.238095
vt 0.047619 0.285714
vt 0.000000 0.285714
vt 0.857143 0.333333
vt 0.809524 0.380952
vt 0.190476 0.333333
vt 0.142857 0.380952
vt 0.000000 0.333333
vt 0.000000 0.428571
vt 0.857143 0.523810
vt 0.809524 0.571429
vt 0.809524 0.523810
vt 0.190476 0.523810
vt 0.142857 0.571429
vt 0.142857 0.523810
vt 0.047619 0.523810
vt 0.000000 0.523810
vt 0.857143 0.619048
vt 0.809524 0.666667
vt 0.809524 0.619048
vt 0.142857 0.619048
vt 0.190476 0.666667
vt 0.142857 0.666667
vt 0.047619 0.619048
vt 0.000000 0.619048
vt 0.857143 0.714286
vt 0.809524 0.761905
vt 0.809524 0.714286
vt 0.190476 0.714286
vt 0.142857 0.761905
vt 0.142857 0.714286
vt 0.047619 0.714286
vt 0.714286 0.809524
vt 0.619048 0.809524
vt 0.523810 0.809524
vt 0.476190 0.809524
vt 0.428571 0.857143
vt 0.428571 0.809524
vt 0.380952 0.809524
vt 0.333333 0.857143
vt 0.333333 0.809524
vt 0.285714 0.809524
vt 0.238095 0.857143
vt 0.238095 0.809524
vt 1.000000 0.714286
vt 0.952381 0.761905
vt 0.952381 0.714286
vt 1.000000 0.619048
vt 0.952381 0.666667
vt 0.952381 0.619048
vt 1.000000 0.523810
vt 0.952381 0.571429
vt 0.952381 0.523810
vt 1.000000 0.428571
vt 1.000000 0.333333
vt 0.952381 0.380952
vt 1.000000 0.238095
vt 0.952381 0.285714
vt 0.952381 0.238095
vt 0.285714 0.142857
vt 0.238095 0.190476
vt 0.238095 0.142857
vt 0.380952 0.142857
vt 0.333333 0.190476
vt 0.333333 0.142857
vt 0.476190 0.142857
vt 0.428571 0.190476
vt 0.428571 0.142857
vt 0.571429 0.142857
vt 0.523810 0.190476
vt 0.523810 0.142857
vt 0.666667 0.142857
vt 0.619048 0.190476
vt 0.619048 0.142857
vt 0.761905 0.142857
vt 0.714286 0.190476
vt 0.714286 0.142857
vt 0.380952 0.000000
vt 0.333333 0.000000
vt 0.476190 0.000000
vt 0.428571 0.047619
vt 0.428571 0.000000
vt 0.571429 0.000000
vt 0.523810 0.047619
vt 0.523810 0.000000
vt 0.666667 0.000000
vt 0.619048 0.047619
vt 0.619048 0.000000
vt 0.761905 0.000000
vt 0.714286 0.000000
vt 0.285714 0.952381
vt 0.238095 1.000000
vt 0.238095 0.952381
vt 0.380952 0.952381
vt 0.333333 1.000000
vt 0.333333 0.952381
vt 0.476190 0.952381
vt 0.428571 1.000000
vt 0.428571 0.952381
vt 0.571429 0.952381
vt 0.523810 1.000000
vt 0.523810 0.952381
vt 0.666667 0.952381
vt 0.619048 1.000000
vt 0.619048 0.952381
vt 0.761905 0.952381
vt 0.714286 1.000000
vt 0.714286 0.952381
vt 0.047619 0.666667
vt 0.333333 0.047619
vt 0.190476 0.238095
vt 0.857143 0.238095
vt 0.047619 0.571429
vt 0.047619 0.571429
vt 0.047619 0.523810
vt 0.476190 0.000000
vt 0.047619 0.476190
vt 0.190476 0.714286
vt 0.238095 0.190476
vt 0.285714 0.190476
vt 0.857143 0.714286
vt 0.333333 0.190476
vt 0.380952 0.190476
vt 0.714286 0.047619
vt 0.285714 1.000000
vt 0.428571 0.190476
vt 0.476190 0.190476
vt 0.476190 0.190476
vt 0.380952 1.000000
vt 0.047619 0.238095
vt 0.523810 0.190476
vt 0.571429 0.190476
vt 0.476190 1.000000
vt 0.619048 0.190476
vt 0.666667 0.190476
vt 0.571429 1.000000
vt 0.714286 0.190476
vt 0.761905 0.190476
vt 0.190476 0.619048
vt 0.666667 1.000000
vt 0.857143 0.619048
vt 0.190476 0.761905
vt 0.761905 1.000000
vt 1.000000 0.666667
vt 0.857143 0.761905
vt 1.000000 0.761905
vt 1.000000 0.571429
vt 0.476190 0.142857
vt 0.857143 0.666667
vt 0.190476 0.571429
vt 0.190476 0.523810
vt 0.857143 0.523810
vt 0.190476 0.571429
vt 0.857143 0.571429
vt 0.190476 0.476190
vt 0.857143 0.476191
vt 0.761905 1.000000
vt 0.809524 1.000000
vt 1.000000 0.571429
vt 0.857143 1.000000
vt 1.000000 0.523810
vt 0.904762 1.000000
vt 1.000000 0.476190
vt 0.952381 1.000000
vt 1.000000 0.428571
vt 1.000000 1.000000
vt 1.000000 1.000000
vt 1.000000 0.380952
vt 0.904762 0.000000
vt 1.000000 0.333333
vt 0.857143 0.000000
vt 1.000000 0.285714
vt 0.809524 0.000000
vt 1.000000 0.238095
vt 0.761905 0.000000
vt 1.000000 0.190476
vt 0.714286 0.000000
vt 1.000000 0.142857
vt 0.666667 0.000000
vt 1.000000 0.095238
vt 0.619048 0.000000
vt 1.000000 0.047619
vt 0.571429 0.000000
vt 1.000000 0.000000
vt 0.523810 0.000000
vt 0.000000 0.095238
vt 0.507856 0.000000
vt 0.000000 0.142857
vt 0.476190 0.000000
vt 0.428571 0.000000
vt 0.000000 0.190476
vt 0.380952 0.000000
vt 0.000000 0.238095
vt 0.333333 0.000000
vt 0.000000 0.285714
vt 0.285714 0.000000
vt 0.000000 0.333333
vt 0.238095 0.000000
vt 0.000000 0.380952
vt 0.190476 0.000000
vt 0.000000 0.428571
vt 0.142857 0.000000
vt 0.000000 0.476190
vt 0.095238 0.000000
vt 0.000000 0.523810
vt 0.047619 0.000000
vt 0.000000 0.571429
vt 0.000000 0.000000
vt 0.000000 0.619048
vt 0.500000 0.000000
vt 0.491117 0.000000
vt 1.000000 0.619048
vt 0.714286 1.000000
vt 1.000000 0.666667
vt 0.666667 1.000000
vt 1.000000 0.714286
vt 0.619048 1.000000
vt 1.000000 0.761905
vt 0.571429 1.000000
vt 1.000000 0.809524
vt 0.523810 1.000000
vt 1.000000 0.857143
vt 1.000000 0.904762
vt 0.476190 1.000000
vt 0.428571 1.000000
vt 0.380952 1.000000
vt 0.333333 1.000000
vt 0.285714 1.000000
vt 0.238095 1.000000
vt 0.190476 1.000000
vt 0.142857 1.000000
vt 0.000000 0.047619
vt 0.095238 1.000000
vt 0.952381 0.000000
vt 1.000000 0.952381
vt 0.047619 1.000000
vt 0.000000 0.952381
vt 0.000000 1.000000
vt 0.000000 0.904762
vt 0.000000 0.857143
vt 0.000000 0.809524
vt 0.000000 0.761905
vt 0.000000 0.714286
vt 0.000000 0.666667
vt 0.333333 0.000000
vt 0.340027 0.000000
vt 0.678076 0.000000
vt 0.661184 0.000000
vt 0.666667 0.000000
vt 0.666667 0.000000
vt 0.476190 0.190476
vt 0.476191 0.000000
vt 0.500000 0.000000
vt 0.500000 0.190476
vt 0.500000 0.000000
vt 0.500000 0.190476
vt 0.000000 0.000000
vt 0.000000 0.000000
vt 0.000000 0.000000
vt 0.320252 0.000000
vt 0.857143 0.857143
vt 0.680696 0.000000
vt 0.000000 0.000000
vt 0.000000 0.000000
vt 0.000000 0.000000
vt 0.000000 0.000000
vt 0.000000 0.000000
vt 0.000000 0.000000
vt 0.000000 0.000000
vt 0.000000 0.000000
vt 0.000000 0.000000
vt 0.000000 0.000000
vt 0.000000 0.000000
vt 0.000000 0.000000
vt 0.000000 0.000000
vt 0.000000 0.000000
vt 0.000000 0.000000
vt 0.000000 0.000000
vt 0.000000 0.000000
vt 0.000000 0.000000
vt 0.000000 0.000000
vt 0.000000 0.000000
vt 0.000000 0.000000
vt 0.000000 0.000000
vt 0.000000 0.000000
vt 0.000000 0.000000
vt 0.000000 0.000000
vt 0.000000 0.000000
vt 0.000000 0.000000
vt 0.000000 0.000000
vt 0.000000 0.000000
vt 0.000000 0.000000
vt 0.000000 0.000000
vt 0.000000 0.000000
vt 0.000000 0.000000
vt 0.000000 0.000000
vt 0.000000 0.000000
vt 0.000000 0.000000
vt 0.000000 0.000000
vt 0.000000 0.000000
vt 0.000000 0.000000
vt 0.000000 0.000000
vt 0.000000 0.000000
vt 0.000000 0.000000
vt 0.000000 0.000000
vt 0.000000 0.000000
vt 0.000000 0.000000
vt 0.000000 0.000000
vt 0.000000 0.000000
vt 0.000000 0.000000
vt 0.000000 0.000000
vt 0.000000 0.000000
vt 0.000000 0.000000
vt 0.000000 0.000000
vt 0.000000 0.666667
vt 0.000000 0.714286
vt 0.000000 0.761905
vt 0.000000 0.809524
vt 0.000000 0.857143
vt 0.000000 0.904762
vt 0.000000 0.952381
vt 0.000000 1.000000
vt 0.047619 1.000000
vt 1.000000 0.952381
vt 0.952381 0.000000
vt 0.095238 1.000000
vt 0.000000 0.047619
vt 0.142857 1.000000
vt 0.190476 1.000000
vt 0.238095 1.000000
vt 0.285714 1.000000
vt 0.333333 1.000000
vt 0.380952 1.000000
vt 0.428571 1.000000
vt 0.476191 1.000000
vt 1.000000 0.904762
vt 0.523810 1.000000
vt 1.000000 0.857143
vt 0.571429 1.000000
vt 1.000000 0.809524
vt 0.619048 1.000000
vt 1.000000 0.761905
vt 0.666667 1.000000
vt 1.000000 0.714286
vt 0.714286 1.000000
vt 1.000000 0.666667
vt 0.761905 1.000000
vt 1.000000 0.619048
vt 0.809524 1.000000
vt 1.000000 0.571429
vt 0.857143 1.000000
vt 1.000000 0.523810
vt 0.904762 1.000000
vt 1.000000 0.476191
vt 0.952381 1.000000
vt 1.000000 0.428571
vt 1.000000 1.000000
vt 1.000000 0.380952
vt 0.904762 0.000000
vt 1.000000 0.333333
vt 0.857143 0.000000
vt 1.000000 0.285714
vt 0.809524 0.000000
vt 1.000000 0.238095
vt 0.761905 0.000000
vt 1.000000 0.190476
vt 0.714286 0.000000
vt 1.000000 0.142857
vt 0.666667 0.000000
vt 1.000000 0.095238
vt 1.000000 0.047619
vt 1.000000 0.000000
vt 0.000000 0.095238
vt 0.000000 0.142857
vt 0.000000 0.190476
vt 0.000000 0.238095
vt 0.333333 0.000000
vt 0.000000 0.285714
vt 0.285714 0.000000
vt 0.000000 0.333333
vt 0.238095 0.000000
vt 0.000000 0.380952
vt 0.190476 0.000000
vt 0.000000 0.428571
vt 0.142857 0.000000
vt 0.000000 0.476191
vt 0.095238 0.000000
vt 0.000000 0.523810
vt 0.047619 0.000000
vt 0.000000 0.571429
vt 0.000000 0.000000
vt 0.000000 0.619048
vt 0.000000 0.619048
vt 0.000000 0.666667
vt 0.000000 0.714286
vt 0.000000 0.761905
vt 0.000000 0.809524
vt 0.000000 0.857143
vt 0.000000 0.904762
vt 0.000000 0.952381
vt 0.000000 1.000000
vt 0.047619 1.000000
vt 1.000000 1.000000
vt 1.000000 0.952381
vt 1.000000 0.000000
vt 0.952381 0.000000
vt 0.095238 1.000000
vt 0.000000 0.000000
vt 0.000000 0.047619
vt 0.142857 1.000000
vt 0.190476 1.000000
vt 0.238095 1.000000
vt 0.285714 1.000000
vt 0.333333 1.000000
vt 0.380952 1.000000
vt 0.428571 1.000000
vt 0.476191 1.000000
vt 1.000000 0.904762
vt 0.523810 1.000000
vt 1.000000 0.857143
vt 0.571429 1.000000
vt 1.000000 0.809524
vt 0.619048 1.000000
vt 1.000000 0.761905
vt 0.666667 1.000000
vt 1.000000 0.714286
vt 0.714286 1.000000
vt 1.000000 0.666667
vt 0.761905 1.000000
vt 1.000000 0.619048
vt 0.809524 1.000000
vt 1.000000 0.571429
vt 0.857143 1.000000
vt 1.000000 0.523810
vt 0.904762 1.000000
vt 1.000000 0.476191
vt 0.952381 1.000000
vt 1.000000 0.428571
vt 1.000000 0.380952
vt 0.904762 0.000000
vt 1.000000 0.333333
vt 0.857143 0.000000
vt 1.000000 0.285714
vt 0.809524 0.000000
vt 1.000000 0.238095
vt 0.761905 0.000000
vt 1.000000 0.190476
vt 0.714286 0.000000
vt 1.000000 0.142857
vt 0.666667 0.000000
vt 1.000000 0.095238
vt 0.619048 0.000000
vt 1.000000 0.047619
vt 0.571429 0.000000
vt 0.523810 0.000000
vt 0.000000 0.095238
vt 0.507856 0.000000
vt 0.000000 0.142857
vt 0.476191 0.000000
vt 0.428571 0.000000
vt 0.000000 0.190476
vt 0.380952 0.000000
vt 0.000000 0.238095
vt 0.333333 0.000000
vt 0.000000 0.285714
vt 0.285714 0.000000
vt 0.000000 0.333333
vt 0.238095 0.000000
vt 0.000000 0.380952
vt 0.190476 0.000000
vt 0.000000 0.428571
vt 0.142857 0.000000
vt 0.000000 0.476191
vt 0.095238 0.000000
vt 0.000000 0.523810
vt 0.047619 0.000000
vt 0.000000 0.571429
vt 0.500000 0.000000
vt 0.491117 0.000000
vt 0.500000 0.000000
vt 0.491117 0.000000
vt 0.491117 0.000000
vt 0.500000 0.000000
vt 0.491117 0.000000
vt 0.500000 0.000000
vt 0.491117 0.000000
vt 0.639877 0.000000
vt 0.507856 0.000000
vt 0.500000 0.000000
vt 0.507856 0.000000
vt 0.507856 0.000000
vt 0.360592 0.000000
vt 0.507856 0.000000
vt 0.380952 0.000000
vt 0.491117 0.000000
vt 0.000000 0.619048
vt 0.000000 0.000000
vt 0.000000 0.571429
vt 0.047619 0.000000
vt 0.000000 0.523810
vt 0.095238 0.000000
vt 0.000000 0.476191
vt 0.142857 0.000000
vt 0.000000 0.428571
vt 0.190476 0.000000
vt 0.000000 0.380952
vt 0.238095 0.000000
vt 0.000000 0.333333
vt 0.329532 0.000000
vt 0.329567 0.000000
vt 0.285714 0.000000
vt 0.000000 0.285714
vt 0.380952 0.000000
vt 0.369991 0.000000
vt 0.370244 0.000000
vt 0.000000 0.238095
vt 0.000000 0.190476
vt 0.428571 0.000000
vt 0.000000 0.142857
vt 0.507856 0.000000
vt 0.000000 0.095238
vt 0.523810 0.000000
vt 1.000000 0.000000
vt 0.571429 0.000000
vt 1.000000 0.047619
vt 0.630862 0.000000
vt 0.619048 0.000000
vt 1.000000 0.095238
vt 0.714286 0.000000
vt 0.671325 0.000000
vt 0.671573 0.000000
vt 1.000000 0.142857
vt 1.000000 0.190476
vt 0.761905 0.000000
vt 1.000000 0.238095
vt 0.809524 0.000000
vt 1.000000 0.285714
vt 0.857143 0.000000
vt 1.000000 0.333333
vt 0.904762 0.000000
vt 1.000000 0.380952
vt 1.000000 1.000000
vt 1.000000 0.428571
vt 0.952381 1.000000
vt 1.000000 0.476191
vt 0.904762 1.000000
vt 1.000000 0.523810
vt 0.857143 1.000000
vt 1.000000 0.571429
vt 0.809524 1.000000
vt 1.000000 0.619048
vt 0.761905 1.000000
vt 1.000000 0.666667
vt 0.714286 1.000000
vt 1.000000 0.714286
vt 0.666667 1.000000
vt 1.000000 0.761905
vt 0.619048 1.000000
vt 1.000000 0.809524
vt 0.571429 1.000000
vt 1.000000 0.857143
vt 0.523810 1.000000
vt 1.000000 0.904762
vt 0.476191 1.000000
vt 0.428571 1.000000
vt 0.380952 1.000000
vt 0.333333 1.000000
vt 0.285714 1.000000
vt 0.238095 1.000000
vt 0.190476 1.000000
vt 0.142857 1.000000
vt 0.000000 0.047619
vt 0.095238 1.000000
vt 0.952381 0.000000
vt 1.000000 0.952381
vt 0.047619 1.000000
vt 0.000000 1.000000
vt 0.000000 0.952381
vt 0.000000 0.904762
vt 0.000000 0.857143
vt 0.000000 0.809524
vt 0.000000 0.761905
vt 0.000000 0.714286
vt 0.000000 0.666667
vt 0.424383 0.000000
vt 0.619048 0.000000
vt 0.476191 0.000000
vt 0.428571 0.000000
vt 0.571429 0.000000
vt 0.523810 0.000000
vt 0.507856 0.000000
vt 0.572450 0.000000
vt 0.500000 0.000000
vt 0.491117 0.000000
vt 0.476191 0.000000
vt 0.500000 0.000000
vt 0.333333 0.000000
vt 0.666667 0.000000
vt 0.630912 0.000000
vt 0.250000 0.490000
vt 0.382042 0.382042
vt 0.250000 0.436736
vt 0.490000 0.250000
vt 0.436736 0.250000
vt 0.080294 0.080294
vt 0.063264 0.250000
vt 0.117958 0.117958
vt 0.010000 0.250000
vt 0.117958 0.382042
vt 0.080294 0.419706
vt 0.190476 0.952381
vt 0.142857 0.190476
vt 0.095238 0.238095
vt 0.095238 0.190476
vt 0.047619 0.238095
vt 0.047619 0.190476
vt 0.047619 0.571429
vt 0.047619 0.523810
vt 0.952381 0.238095
vt 0.904762 0.285714
vt 0.904762 0.238095
vt 0.857143 0.285714
vt 0.857143 0.238095
vt 0.047619 0.047619
vt 0.238095 0.952381
vt 0.142857 0.285714
vt 0.095238 0.285714
vt 0.047619 0.285714
vt 0.952381 0.619048
vt 0.952381 0.285714
vt 0.904762 0.333333
vt 0.857143 0.333333
vt 0.952381 0.095238
vt 0.952381 0.142857
vt 0.285714 0.952381
vt 0.142857 0.333333
vt 0.095238 0.333333
vt 0.047619 0.333333
vt 0.333333 0.952381
vt 0.952381 0.333333
vt 0.904762 0.380952
vt 0.857143 0.380952
vt 0.857143 0.619048
vt 0.857143 0.571429
vt 0.380952 0.952381
vt 0.142857 0.380952
vt 0.095238 0.380952
vt 0.047619 0.380952
vt 0.809524 0.571429
vt 0.809524 0.619048
vt 0.952381 0.380952
vt 0.904762 0.428571
vt 0.857143 0.428571
vt 0.809524 0.047619
vt 0.428571 0.952381
vt 0.095238 0.428571
vt 0.047619 0.428571
vt 0.190476 0.619048
vt 0.190476 0.571429
vt 0.952381 0.428571
vt 0.904762 0.476191
vt 0.857143 0.476191
vt 0.761905 0.047619
vt 0.523810 0.952381
vt 0.476190 0.952381
vt 0.142857 0.476190
vt 0.095238 0.476190
vt 0.047619 0.476190
vt 0.142857 0.571429
vt 0.142857 0.619048
vt 0.952381 0.476191
vt 0.904762 0.523810
vt 0.857143 0.523810
vt 0.714286 0.047619
vt 0.571429 0.952381
vt 0.095238 0.523810
vt 0.666667 0.047619
vt 0.952381 0.523810
vt 0.904762 0.571429
vt 0.619048 0.952381
vt 0.047619 0.619048
vt 0.142857 0.523810
vt 0.095238 0.571429
vt 0.619048 0.047619
vt 0.952381 0.571429
vt 0.904762 0.619048
vt 0.666667 0.952381
vt 0.952381 0.666667
vt 0.095238 0.619048
vt 0.571429 0.047619
vt 0.904762 0.666667
vt 0.857143 0.666667
vt 0.714286 0.952381
vt 0.476190 0.047619
vt 0.491117 0.047619
vt 0.142857 0.666667
vt 0.095238 0.666667
vt 0.047619 0.666667
vt 0.761905 0.952381
vt 0.904762 0.714286
vt 0.857143 0.714286
vt 0.428571 0.047619
vt 0.142857 0.714286
vt 0.095238 0.714286
vt 0.047619 0.714286
vt 0.809524 0.857143
vt 0.857143 0.857143
vt 0.952381 0.714286
vt 0.904762 0.761905
vt 0.857143 0.761905
vt 0.809524 0.952381
vt 0.809524 0.666667
vt 0.142857 0.761905
vt 0.095238 0.761905
vt 0.047619 0.761905
vt 0.380952 0.047619
vt 0.952381 0.761905
vt 0.904762 0.809524
vt 0.857143 0.809524
vt 0.761905 0.857143
vt 0.857143 0.952381
vt 0.095238 0.809524
vt 0.047619 0.809524
vt 0.190476 0.666667
vt 0.952381 0.809524
vt 0.904762 0.857143
vt 0.333333 0.047619
vt 0.714286 0.857143
vt 0.904762 0.952381
vt 0.285714 0.047619
vt 0.666667 0.857143
vt 0.428571 0.142857
vt 0.380952 0.142857
vt 0.952381 0.952381
vt 0.238095 0.047619
vt 0.619048 0.857143
vt 0.333333 0.142857
vt 0.571429 0.857143
vt 0.285714 0.142857
vt 0.142857 0.809524
vt 0.095238 0.857143
vt 0.047619 0.857143
vt 0.523810 0.857143
vt 0.952381 0.857143
vt 0.904762 0.904762
vt 0.857143 0.904762
vt 0.809524 0.904762
vt 0.761905 0.904762
vt 0.714286 0.904762
vt 0.666667 0.904762
vt 0.619048 0.904762
vt 0.571429 0.904762
vt 0.523810 0.904762
vt 0.476190 0.904762
vt 0.476190 0.857143
vt 0.428571 0.904762
vt 0.428571 0.857143
vt 0.380952 0.904762
vt 0.380952 0.857143
vt 0.333333 0.904762
vt 0.333333 0.857143
vt 0.285714 0.904762
vt 0.285714 0.857143
vt 0.238095 0.904762
vt 0.238095 0.857143
vt 0.190476 0.904762
vt 0.190476 0.857143
vt 0.142857 0.904762
vt 0.142857 0.857143
vt 0.095238 0.904762
vt 0.047619 0.904762
vt 0.238095 0.142857
vt 0.952381 0.904762
vt 0.142857 0.952381
vt 0.095238 0.952381
vt 0.047619 0.952381
vt 0.190476 0.142857
vt 0.142857 0.142857
vt 0.809524 0.714286
vt 0.047619 0.095238
vt 0.190476 0.714286
vt 0.952381 0.190476
vt 0.857143 0.190476
vt 0.857143 0.142857
vt 0.190476 0.047619
vt 0.142857 0.047619
vt 0.095238 0.047619
vt 0.761905 0.190476
vt 0.809524 0.190476
vt 0.809524 0.761905
vt 0.190476 0.761905
vt 0.904762 0.190476
vt 0.095238 0.142857
vt 0.047619 0.142857
vt 0.714286 0.190476
vt 0.904762 0.142857
vt 0.095238 0.095238
vt 0.142857 0.095238
vt 0.190476 0.095238
vt 0.238095 0.095238
vt 0.285714 0.095238
vt 0.333333 0.095238
vt 0.380952 0.095238
vt 0.428571 0.095238
vt 0.476190 0.095238
vt 0.523810 0.095238
vt 0.507856 0.142857
vt 0.507856 0.095238
vt 0.571429 0.095238
vt 0.523810 0.142857
vt 0.619048 0.095238
vt 0.571429 0.142857
vt 0.666667 0.095238
vt 0.619048 0.142857
vt 0.714286 0.095238
vt 0.666667 0.142857
vt 0.761905 0.095238
vt 0.714286 0.142857
vt 0.809524 0.095238
vt 0.761905 0.142857
vt 0.857143 0.095238
vt 0.809524 0.142857
vt 0.904762 0.095238
vt 0.666667 0.190476
vt 0.523810 0.047619
vt 0.507856 0.047619
vt 0.857143 0.047619
vt 0.904762 0.047619
vt 0.952381 0.047619
vt 0.809524 0.809524
vt 0.619048 0.190476
vt 0.190476 0.809524
vt 0.571429 0.190476
vt 0.523810 0.190476
vt 0.476190 0.190476
vt 0.491117 0.190476
vt 0.500000 0.190476
vt 0.507856 0.190476
vt 0.428571 0.190476
vt 0.380952 0.190476
vt 0.333333 0.190476
vt 0.285714 0.190476
vt 0.809524 0.238095
vt 0.238095 0.190476
vt 0.190476 0.238095
vt 0.190476 0.190476
vt 0.142857 0.238095
vt 0.761905 0.809524
vt 0.714286 0.809524
vt 0.190476 0.476190
vt 0.666667 0.809524
vt 0.619048 0.809524
vt 0.809524 0.428571
vt 0.571429 0.809524
vt 0.523810 0.809524
vt 0.476190 0.809524
vt 0.428571 0.809524
vt 0.380952 0.809524
vt 0.333333 0.809524
vt 0.285714 0.809524
vt 0.190476 0.333333
vt 0.238095 0.809524
vt 0.809524 0.285714
vt 0.809524 0.523810
vt 0.190476 0.428571
vt 0.809524 0.380952
vt 0.190476 0.285714
vt 0.190476 0.523810
vt 0.809524 0.476190
vt 0.190476 0.380952
vt 0.809524 0.333333
vt 0.500000 0.047619
vt 0.491117 0.095238
vt 0.500000 0.095238
vt 0.491117 0.142857
vt 0.142857 0.428571
vt 0.476190 0.142857
vt 0.500000 0.142857
vt 0.476191 0.000000
vt 0.362894 0.000000
vt 0.380952 0.000000
vt 0.428571 0.000000
vt 0.571429 0.000000
vt 0.619048 0.000000
vt 0.073991 0.095512
vt 0.175209 0.405757
vt 0.158102 0.398670
vt 0.063264 0.250000
vt 0.112770 0.130481
vt 0.419706 0.419706
vt 0.358333 0.445127
vt 0.392566 0.430947
vt 0.638065 0.000000
vt 0.419706 0.419706
vt 0.483791 0.264991
vt 0.431533 0.262560
vt 0.117958 0.117958
vt 0.083811 0.083811
vt 0.087116 0.307584
vt 0.077170 0.283571
vt 0.490000 0.250000
vt 0.483581 0.250000
vt 0.175966 0.459334
vt 0.194251 0.466908
vt 0.037083 0.315383
vt 0.050874 0.348679
vt 0.293224 0.418832
vt 0.274193 0.426715
vt 0.523810 0.000000
vt 0.010000 0.250000
vt 0.080294 0.080294
vt 0.073808 0.095954
vt 0.117958 0.382042
vt 0.185391 0.409974
vt 0.250000 0.436736
vt 0.212680 0.421277
vt 0.194395 0.413703
vt 0.112619 0.130848
vt 0.401374 0.427299
vt 0.324867 0.458989
vt 0.250000 0.490000
vt 0.483609 0.265429
vt 0.382042 0.382042
vt 0.436736 0.250000
vt 0.431383 0.262923
vt 0.109427 0.361446
vt 0.101047 0.341217
vt 0.248829 0.489515
vt 0.166962 0.455604
vt 0.080294 0.419706
vt 0.085094 0.421694
vt 0.139673 0.444301
vt 0.156780 0.451387
vt 0.018617 0.270804
vt 0.023151 0.281750
vt 0.327458 0.404652
vt 0.350700 0.395024
vt 0.638555 0.000000
vt 0.619048 0.000000
vt 0.604582 0.000000
vt 0.571429 0.000000
vt 0.523810 0.000000
vt 0.428571 0.000000
vt 0.395636 0.000000
vt 0.380952 0.000000
vt 0.583274 0.000000
vt 0.571429 0.000000
vt 0.523810 0.000000
vt 0.476191 0.000000
vt 0.428571 0.000000
vt 0.571429 0.000000
vt 0.556371 0.000000
vt 0.476191 0.000000
vt 0.476191 0.000000
vt 0.441165 0.000000
vt 0.428571 0.000000
vt 0.416201 0.000000
vt 0.360424 0.000000
vt 0.523810 0.000000
vn 0.0000 -1.0000 0.0000
vn 0.0000 0.0000 1.0000
vn -1.0000 -0.0000 0.0000
vn 1.0000 0.0000 0.0000
vn 0.0000 -0.0000 -1.0000
vn -0.7157 -0.6984 0.0000
vn 0.0000 -0.6958 0.7183
vn 0.7157 -0.6984 0.0000
vn 0.0000 -0.7011 -0.7131
vn 0.0000 1.0000 0.0000
vn 0.0000 0.0895 -0.9960
vn 0.9960 0.0895 -0.0000
vn 0.0000 0.0895 0.9960
vn -0.9960 0.0895 -0.0000
vn 0.0000 -0.9997 0.0256
vn -0.0259 -0.9997 0.0000
vn 0.0000 -0.9997 -0.0262
vn 0.0259 -0.9997 0.0000
vn 0.0000 0.4421 0.8970
vn 0.8984 0.4392 0.0000
vn -0.8984 0.4392 0.0000
vn 0.0000 0.4362 -0.8998
vn 0.0000 0.9997 -0.0262
vn -0.0259 0.9997 -0.0000
vn 0.0259 0.9997 -0.0000
vn 0.0000 0.9997 0.0256
vn -1.0000 0.0015 -0.0000
vn 0.0229 -0.9992 -0.0324
vn 0.0069 -1.0000 0.0027
vn 0.0088 -1.0000 -0.0001
vn 0.9999 0.0107 0.0000
vn 0.7008 0.7133 -0.0000
vn 0.9999 0.0105 0.0000
vn -1.0000 0.0021 0.0000
vn 0.0031 -1.0000 0.0000
vn 0.7133 -0.7008 -0.0000
vn 0.0068 -1.0000 0.0000
vn -0.0202 0.9993 -0.0320
vn -0.0072 1.0000 0.0032
vn -0.0088 1.0000 -0.0000
vn -0.7133 0.7008 0.0000
vn -0.7008 -0.7133 -0.0000
vn 0.0089 -1.0000 0.0000
vn 0.0088 -1.0000 0.0001
vn 0.0128 -0.9999 -0.0011
vn 0.0073 -1.0000 -0.0020
vn 0.0197 -0.9995 0.0241
vn -0.0120 0.9999 0.0011
vn -0.0089 1.0000 0.0000
vn -0.0067 1.0000 -0.0043
vn -0.0234 0.9988 0.0431
usemtl mat_grey01
s 1
f 77/1/1 56/2/1 477/3/1
f 97/4/1 14/5/1 76/6/1
f 117/7/1 37/8/1 97/4/1
f 137/9/1 38/10/1 117/7/1
f 157/11/1 39/12/1 137/9/1
f 177/13/1 40/14/1 157/11/1
f 197/15/1 41/16/1 177/13/1
f 217/17/1 42/18/1 197/15/1
f 237/19/1 43/20/1 217/17/1
f 257/21/1 44/22/1 237/19/1
f 277/23/1 45/24/1 257/21/1
f 297/25/1 46/26/1 277/23/1
f 317/27/1 47/28/1 297/25/1
f 337/29/1 48/30/1 317/27/1
f 357/31/1 49/32/1 337/29/1
f 377/33/1 50/34/1 357/31/1
f 397/35/1 51/36/1 377/33/1
f 417/37/1 52/38/1 397/35/1
f 437/39/1 53/40/1 417/37/1
f 457/41/1 54/42/1 437/39/1
f 477/3/1 55/43/1 457/41/1
f 17/44/1 476/45/1 18/46/1
f 496/47/1 475/48/1 476/45/1
f 495/49/1 474/50/1 475/48/1
f 494/51/1 473/52/1 474/50/1
f 493/53/1 472/54/1 473/52/1
f 492/55/1 471/56/1 472/54/1
f 491/57/1 470/58/1 471/56/1
f 490/59/1 469/60/1 470/58/1
f 489/61/1 468/62/1 469/60/1
f 488/63/1 467/64/1 468/62/1
f 487/65/1 466/66/1 467/64/1
f 486/67/1 465/68/1 466/66/1
f 485/69/1 464/70/1 465/68/1
f 484/71/1 463/72/1 464/70/1
f 483/73/1 462/74/1 463/72/1
f 482/75/1 461/76/1 462/74/1
f 481/77/1 460/78/1 461/76/1
f 480/79/1 459/80/1 460/78/1
f 479/81/1 458/82/1 459/80/1
f 478/83/1 457/41/1 458/82/1
f 18/46/1 456/84/1 19/85/1
f 456/84/1 475/48/1 455/86/1
f 475/48/1 454/87/1 455/86/1
f 474/50/1 453/88/1 454/87/1
f 473/52/1 452/89/1 453/88/1
f 472/54/1 451/90/1 452/89/1
f 471/56/1 450/91/1 451/90/1
f 470/58/1 449/92/1 450/91/1
f 469/60/1 448/93/1 449/92/1
f 468/62/1 447/94/1 448/93/1
f 467/64/1 446/95/1 447/94/1
f 466/66/1 445/96/1 446/95/1
f 465/68/1 444/97/1 445/96/1
f 464/70/1 443/98/1 444/97/1
f 463/72/1 442/99/1 443/98/1
f 462/74/1 441/100/1 442/99/1
f 461/76/1 440/101/1 441/100/1
f 460/78/1 439/102/1 440/101/1
f 459/80/1 438/103/1 439/102/1
f 458/82/1 437/39/1 438/103/1
f 19/85/1 436/104/1 20/105/1
f 436/104/1 455/86/1 435/106/1
f 455/86/1 434/107/1 435/106/1
f 454/87/1 433/108/1 434/107/1
f 453/88/1 432/109/1 433/108/1
f 452/89/1 431/110/1 432/109/1
f 451/90/1 430/111/1 431/110/1
f 450/91/1 429/112/1 430/111/1
f 449/92/1 428/113/1 429/112/1
f 448/93/1 427/114/1 428/113/1
f 447/94/1 426/115/1 427/114/1
f 446/95/1 425/116/1 426/115/1
f 445/96/1 424/117/1 425/116/1
f 444/97/1 423/118/1 424/117/1
f 443/98/1 422/119/1 423/118/1
f 442/99/1 421/120/1 422/119/1
f 441/100/1 420/121/1 421/120/1
f 440/101/1 419/122/1 420/121/1
f 439/102/1 418/123/1 419/122/1
f 438/103/1 417/37/1 418/123/1
f 20/105/1 416/124/1 21/125/1
f 416/124/1 435/106/1 415/126/1
f 435/106/1 414/127/1 415/126/1
f 434/107/1 413/128/1 414/127/1
f 420/121/1 399/129/1 400/130/1
f 419/122/1 398/131/1 399/129/1
f 418/123/1 397/35/1 398/131/1
f 21/125/1 396/132/1 22/133/1
f 396/132/1 415/126/1 395/134/1
f 395/134/1 414/127/1 394/135/1
f 414/127/1 393/136/1 394/135/1
f 400/130/1 379/137/1 380/138/1
f 399/129/1 378/139/1 379/137/1
f 398/131/1 377/33/1 378/139/1
f 22/133/1 376/140/1 23/141/1
f 376/140/1 395/134/1 375/142/1
f 375/142/1 394/135/1 374/143/1
f 394/135/1 373/144/1 374/143/1
f 380/138/1 359/145/1 360/146/1
f 379/137/1 358/147/1 359/145/1
f 378/139/1 357/31/1 358/147/1
f 24/148/1 376/140/1 356/149/1
f 356/149/1 375/142/1 355/150/1
f 355/150/1 374/143/1 354/151/1
f 354/151/1 373/144/1 353/152/1
f 360/146/1 339/153/1 340/154/1
f 359/145/1 338/155/1 339/153/1
f 358/147/1 337/29/1 338/155/1
f 24/148/1 336/156/1 25/157/1
f 336/156/1 355/150/1 335/158/1
f 335/158/1 354/151/1 334/159/1
f 334/159/1 353/152/1 333/160/1
f 340/154/1 319/161/1 320/162/1
f 339/153/1 318/163/1 319/161/1
f 338/155/1 317/27/1 318/163/1
f 25/157/1 316/164/1 26/165/1
f 316/164/1 335/158/1 315/166/1
f 335/158/1 314/167/1 315/166/1
f 334/159/1 313/168/1 314/167/1
f 320/162/1 299/169/1 300/170/1
f 319/161/1 298/171/1 299/169/1
f 318/163/1 297/25/1 298/171/1
f 26/165/1 296/172/1 27/173/1
f 316/164/1 295/174/1 296/172/1
f 315/166/1 294/175/1 295/174/1
f 314/167/1 293/176/1 294/175/1
f 300/170/1 279/177/1 280/178/1
f 299/169/1 278/179/1 279/177/1
f 298/171/1 277/23/1 278/179/1
f 27/173/1 276/180/1 28/181/1
f 276/180/1 295/174/1 275/182/1
f 275/182/1 294/175/1 274/183/1
f 294/175/1 273/184/1 274/183/1
f 280/178/1 259/185/1 260/186/1
f 279/177/1 258/187/1 259/185/1
f 278/179/1 257/21/1 258/187/1
f 28/181/1 256/188/1 29/189/1
f 256/188/1 275/182/1 255/190/1
f 275/182/1 254/191/1 255/190/1
f 274/183/1 253/192/1 254/191/1
f 260/186/1 239/193/1 240/194/1
f 259/185/1 238/195/1 239/193/1
f 258/187/1 237/19/1 238/195/1
f 29/189/1 236/196/1 30/197/1
f 236/196/1 255/190/1 235/198/1
f 235/198/1 254/191/1 234/199/1
f 254/191/1 233/200/1 234/199/1
f 240/194/1 219/201/1 220/202/1
f 239/193/1 218/203/1 219/201/1
f 238/195/1 217/17/1 218/203/1
f 30/197/1 216/204/1 31/205/1
f 216/204/1 235/198/1 215/206/1
f 215/206/1 234/199/1 214/207/1
f 234/199/1 213/208/1 214/207/1
f 220/202/1 199/209/1 200/210/1
f 219/201/1 198/211/1 199/209/1
f 218/203/1 197/15/1 198/211/1
f 32/212/1 216/204/1 196/213/1
f 196/213/1 215/206/1 195/214/1
f 195/214/1 214/207/1 194/215/1
f 214/207/1 193/216/1 194/215/1
f 200/210/1 179/217/1 180/218/1
f 199/209/1 178/219/1 179/217/1
f 198/211/1 177/13/1 178/219/1
f 33/220/1 196/213/1 176/221/1
f 196/213/1 175/222/1 176/221/1
f 195/214/1 174/223/1 175/222/1
f 194/215/1 173/224/1 174/223/1
f 180/218/1 159/225/1 160/226/1
f 179/217/1 158/227/1 159/225/1
f 178/219/1 157/11/1 158/227/1
f 34/228/1 176/221/1 156/229/1
f 176/221/1 155/230/1 156/229/1
f 175/222/1 154/231/1 155/230/1
f 174/223/1 153/232/1 154/231/1
f 173/224/1 152/233/1 153/232/1
f 172/234/1 151/235/1 152/233/1
f 171/236/1 150/237/1 151/235/1
f 170/238/1 149/239/1 150/237/1
f 169/240/1 148/241/1 149/239/1
f 168/242/1 147/243/1 148/241/1
f 1832/244/1 146/245/1 1831/246/1
f 166/247/1 145/248/1 146/245/1
f 165/249/1 144/250/1 145/248/1
f 164/251/1 143/252/1 144/250/1
f 163/253/1 142/254/1 143/252/1
f 162/255/1 141/256/1 142/254/1
f 161/257/1 140/258/1 141/256/1
f 160/226/1 139/259/1 140/258/1
f 159/225/1 138/260/1 139/259/1
f 158/227/1 137/9/1 138/260/1
f 35/261/1 156/229/1 136/262/1
f 156/229/1 135/263/1 136/262/1
f 155/230/1 134/264/1 135/263/1
f 154/231/1 133/265/1 134/264/1
f 153/232/1 132/266/1 133/265/1
f 152/233/1 131/267/1 132/266/1
f 151/235/1 130/268/1 131/267/1
f 150/237/1 129/269/1 130/268/1
f 149/239/1 128/270/1 129/269/1
f 148/241/1 127/271/1 128/270/1
f 1831/246/1 126/272/1 1830/273/1
f 146/245/1 125/274/1 126/272/1
f 145/248/1 124/275/1 125/274/1
f 144/250/1 123/276/1 124/275/1
f 143/252/1 122/277/1 123/276/1
f 142/254/1 121/278/1 122/277/1
f 141/256/1 120/279/1 121/278/1
f 140/258/1 119/280/1 120/279/1
f 139/259/1 118/281/1 119/280/1
f 138/260/1 117/7/1 118/281/1
f 36/282/1 136/262/1 116/283/1
f 136/262/1 115/284/1 116/283/1
f 135/263/1 114/285/1 115/284/1
f 134/264/1 113/286/1 114/285/1
f 133/265/1 112/287/1 113/286/1
f 132/266/1 111/288/1 112/287/1
f 131/267/1 110/289/1 111/288/1
f 130/268/1 109/290/1 110/289/1
f 129/269/1 108/291/1 109/290/1
f 128/270/1 107/292/1 108/291/1
f 1830/273/1 106/293/1 1829/294/1
f 126/272/1 105/295/1 106/293/1
f 125/274/1 104/296/1 105/295/1
f 124/275/1 103/297/1 104/296/1
f 123/276/1 102/298/1 103/297/1
f 122/277/1 101/299/1 102/298/1
f 121/278/1 100/300/1 101/299/1
f 120/279/1 99/301/1 100/300/1
f 119/280/1 98/302/1 99/301/1
f 118/281/1 97/4/1 98/302/1
f 36/282/1 57/303/1 13/304/1
f 116/283/1 58/305/1 57/303/1
f 115/284/1 59/306/1 58/305/1
f 114/285/1 60/307/1 59/306/1
f 113/286/1 61/308/1 60/307/1
f 112/287/1 62/309/1 61/308/1
f 111/288/1 63/310/1 62/309/1
f 110/289/1 64/311/1 63/310/1
f 109/290/1 65/312/1 64/311/1
f 108/291/1 66/313/1 65/312/1
f 1829/294/1 67/314/1 1827/315/1
f 106/293/1 68/316/1 67/314/1
f 105/295/1 69/317/1 68/316/1
f 104/296/1 70/318/1 69/317/1
f 103/297/1 71/319/1 70/318/1
f 102/298/1 72/320/1 71/319/1
f 101/299/1 73/321/1 72/320/1
f 100/300/1 74/322/1 73/321/1
f 99/301/1 75/323/1 74/322/1
f 98/302/1 76/6/1 75/323/1
f 15/324/1 496/47/1 17/44/1
f 96/325/1 495/49/1 496/47/1
f 95/326/1 494/51/1 495/49/1
f 94/327/1 493/53/1 494/51/1
f 93/328/1 492/55/1 493/53/1
f 92/329/1 491/57/1 492/55/1
f 91/330/1 490/59/1 491/57/1
f 90/331/1 489/61/1 490/59/1
f 89/332/1 488/63/1 489/61/1
f 88/333/1 487/65/1 488/63/1
f 87/334/1 486/67/1 487/65/1
f 86/335/1 485/69/1 486/67/1
f 85/336/1 484/71/1 485/69/1
f 84/337/1 483/73/1 484/71/1
f 83/338/1 482/75/1 483/73/1
f 82/339/1 481/77/1 482/75/1
f 81/340/1 480/79/1 481/77/1
f 80/341/1 479/81/1 480/79/1
f 79/342/1 478/83/1 479/81/1
f 78/343/1 477/3/1 478/83/1
f 306/344/2 1253/345/2 411/346/2
f 411/346/3 1292/347/3 412/348/3
f 305/349/2 1252/350/2 306/344/2
f 409/351/2 1233/352/2 410/353/2
f 304/354/2 1251/355/2 305/349/2
f 407/356/4 1293/357/4 408/358/4
f 303/359/2 1250/360/2 304/354/2
f 405/361/5 1212/362/5 406/363/5
f 1034/364/2 1821/365/2 1817/366/2
f 302/367/2 1249/368/2 303/359/2
f 404/369/3 1295/370/3 405/361/3
f 301/371/2 1248/372/2 302/367/2
f 403/373/3 1255/374/3 404/369/3
f 292/375/2 1247/376/2 301/371/2
f 402/377/3 1257/378/3 403/373/3
f 291/379/2 1246/380/2 292/375/2
f 401/381/3 1259/382/3 402/377/3
f 392/383/3 1261/384/3 401/381/3
f 391/385/3 1263/386/3 392/383/3
f 390/387/3 1265/388/3 391/385/3
f 389/389/3 1267/390/3 390/387/3
f 1021/391/6 388/392/6 389/389/6
f 1022/393/7 306/344/7 411/346/7
f 941/394/6 387/395/6 388/392/6
f 942/396/7 305/349/7 306/344/7
f 943/397/6 386/398/6 387/395/6
f 944/399/7 304/354/7 305/349/7
f 947/400/6 386/398/6 945/401/6
f 946/402/7 303/359/7 304/354/7
f 949/403/6 385/404/6 947/400/6
f 948/405/7 302/367/7 303/359/7
f 951/406/6 384/407/6 949/403/6
f 950/408/7 301/371/7 302/367/7
f 953/409/6 383/410/6 951/406/6
f 952/411/7 292/375/7 301/371/7
f 955/412/6 382/413/6 953/409/6
f 954/414/7 291/379/7 292/375/7
f 957/415/6 381/416/6 955/412/6
f 956/417/7 290/418/7 291/379/7
f 959/419/6 372/420/6 957/415/6
f 958/421/7 289/422/7 290/418/7
f 961/423/6 371/424/6 959/419/6
f 962/425/7 1828/426/7 1840/427/7
f 963/428/6 370/429/6 961/423/6
f 964/430/7 288/431/7 962/425/7
f 1023/432/8 369/433/8 409/351/8
f 966/434/7 287/435/7 964/430/7
f 965/436/8 368/437/8 369/433/8
f 968/438/7 286/439/7 966/434/7
f 967/440/8 367/441/8 368/437/8
f 970/442/7 285/443/7 968/438/7
f 969/444/8 366/445/8 367/441/8
f 972/446/7 284/447/7 970/442/7
f 971/448/8 365/449/8 366/445/8
f 974/450/7 283/451/7 972/446/7
f 973/452/8 364/453/8 365/449/8
f 976/454/7 282/455/7 974/450/7
f 975/456/8 363/457/8 364/453/8
f 978/458/7 281/459/7 976/454/7
f 977/460/8 362/461/8 363/457/8
f 980/462/7 272/463/7 978/458/7
f 979/464/8 361/465/8 362/461/8
f 1024/466/9 271/467/9 407/356/9
f 981/468/8 352/469/8 361/465/8
f 982/470/9 270/471/9 271/467/9
f 985/472/8 352/469/8 983/473/8
f 984/474/9 269/475/9 270/471/9
f 987/476/8 351/477/8 985/472/8
f 986/478/9 268/479/9 269/475/9
f 989/480/8 350/481/8 987/476/8
f 988/482/9 267/483/9 268/479/9
f 991/484/8 349/485/8 989/480/8
f 990/486/9 266/487/9 267/483/9
f 993/488/8 348/489/8 991/484/8
f 992/490/9 265/491/9 266/487/9
f 995/492/8 347/493/8 993/488/8
f 994/494/9 264/495/9 265/491/9
f 997/496/8 346/497/8 995/492/8
f 996/498/9 263/499/9 264/495/9
f 999/500/8 345/501/8 997/496/8
f 998/502/9 262/503/9 263/499/9
f 1001/504/8 344/505/8 999/500/8
f 1002/506/9 262/503/9 1000/507/9
f 1003/508/8 343/509/8 1001/504/8
f 1004/510/9 261/511/9 1002/506/9
f 1005/512/9 252/513/9 1004/510/9
f 1006/514/9 251/515/9 1005/512/9
f 1007/516/9 250/517/9 1006/514/9
f 1008/518/9 249/519/9 1007/516/9
f 1009/520/9 248/521/9 1008/518/9
f 1010/522/9 247/523/9 1009/520/9
f 1011/524/9 246/525/9 1010/522/9
f 1022/393/6 412/348/6 963/428/6
f 1012/526/9 245/527/9 1011/524/9
f 1023/432/7 410/353/7 980/462/7
f 1024/466/8 408/358/8 1003/508/8
f 1013/528/9 406/363/9 1012/526/9
f 1013/528/6 404/369/6 405/361/6
f 1014/529/6 403/373/6 404/369/6
f 1015/530/6 402/377/6 403/373/6
f 1016/531/6 401/381/6 402/377/6
f 1017/532/6 392/383/6 401/381/6
f 1018/533/6 391/385/6 392/383/6
f 1019/534/6 390/387/6 391/385/6
f 1020/535/6 389/389/6 390/387/6
f 1507/536/3 774/537/3 1588/538/3
f 1588/538/3 773/539/3 1587/540/3
f 1587/540/3 772/541/3 1586/542/3
f 1586/542/3 771/543/3 1585/544/3
f 1585/544/3 770/545/3 1584/546/3
f 1584/546/3 769/547/3 1583/548/3
f 1583/548/3 768/549/3 1582/550/3
f 1582/550/3 767/551/3 1581/552/3
f 1581/552/5 766/553/5 1580/554/5
f 1510/555/4 757/556/4 1571/557/4
f 1509/558/2 733/559/2 1548/560/2
f 1580/554/5 765/561/5 1579/562/5
f 1508/563/3 716/564/3 1532/565/3
f 1579/562/5 764/566/5 1578/567/5
f 1578/567/5 763/568/5 1577/569/5
f 1577/569/5 762/570/5 1576/571/5
f 1576/571/5 761/572/5 1575/573/5
f 1575/573/5 760/574/5 1574/575/5
f 1574/575/5 759/576/5 1573/577/5
f 1573/577/5 758/578/5 1572/579/5
f 1572/579/5 756/580/5 1570/581/5
f 1571/557/4 755/582/4 1569/583/4
f 1570/581/5 754/584/5 1568/585/5
f 1569/583/4 753/586/4 1567/587/4
f 1568/585/5 752/588/5 1566/589/5
f 1567/587/4 751/590/4 1565/591/4
f 1566/589/5 750/592/5 1564/593/5
f 1565/591/4 749/594/4 1563/595/4
f 1564/593/5 748/596/5 1562/597/5
f 1563/595/4 747/598/4 1561/599/4
f 1562/597/5 746/600/5 1560/601/5
f 1561/599/4 745/602/4 1559/603/4
f 1560/601/5 744/604/5 1558/605/5
f 1559/603/4 743/606/4 1557/607/4
f 1558/605/5 742/608/5 1556/609/5
f 1557/607/4 741/610/4 1555/611/4
f 1556/609/5 740/612/5 1554/613/5
f 1555/611/4 739/614/4 1553/615/4
f 1554/613/5 738/616/5 1552/617/5
f 1553/615/4 737/618/4 1551/619/4
f 1552/617/5 735/620/5 1550/621/5
f 1551/619/4 734/622/4 1549/623/4
f 1550/621/5 736/624/5 1510/555/5
f 1549/623/4 732/625/4 1547/626/4
f 1548/560/2 731/627/2 1546/628/2
f 1547/626/4 730/629/4 1545/630/4
f 1546/628/2 729/631/2 1544/632/2
f 1545/630/4 728/633/4 1543/634/4
f 1544/632/2 727/635/2 1542/636/2
f 1543/634/4 726/637/4 1541/638/4
f 1542/636/2 725/639/2 1540/640/2
f 1541/638/4 724/641/4 1539/642/4
f 1540/640/2 723/643/2 1538/644/2
f 1539/642/4 722/645/4 1537/646/4
f 1537/646/4 720/647/4 1536/648/4
f 1536/648/4 718/649/4 1534/650/4
f 1534/650/4 719/651/4 1509/558/4
f 1532/565/3 714/652/3 1530/653/3
f 1530/653/3 712/654/3 1528/655/3
f 1528/655/3 710/656/3 1526/657/3
f 1526/657/3 709/658/3 1524/659/3
f 1524/659/3 707/660/3 1523/661/3
f 1772/662/2 708/663/2 706/664/2
f 1523/661/3 705/665/3 1521/666/3
f 1522/667/2 704/668/2 1520/669/2
f 1521/666/3 703/670/3 1519/671/3
f 1520/669/2 702/672/2 1518/673/2
f 1519/671/3 701/674/3 1517/675/3
f 1518/673/2 700/676/2 1516/677/2
f 1517/675/3 699/678/3 1515/679/3
f 1516/677/2 698/680/2 1514/681/2
f 1515/679/3 697/682/3 1513/683/3
f 1514/681/2 695/684/2 1512/685/2
f 1513/683/3 693/686/3 1511/687/3
f 1512/685/2 696/688/2 1508/563/2
f 1511/687/3 694/689/3 1507/536/3
f 1815/690/7 1034/364/7 1817/366/7
f 290/418/2 1245/691/2 291/379/2
f 1804/692/1 1025/693/1 1816/694/1
f 1805/695/1 1026/696/1 1804/692/1
f 1806/697/1 1027/698/1 1805/695/1
f 1807/699/1 1028/700/1 1806/697/1
f 1149/701/10 1144/702/10 1150/703/10
f 1287/704/10 1284/705/10 1285/706/10
f 1142/707/11 1403/708/11 1141/709/11
f 1280/710/12 1487/711/12 1489/712/12
f 1205/713/11 1446/714/11 1445/715/11
f 1139/716/10 1134/717/10 1140/718/10
f 1137/719/10 1132/720/10 1138/721/10
f 1282/722/10 1281/723/10 1283/724/10
f 1194/725/12 1470/726/12 1247/376/12
f 1053/727/11 1325/728/11 1054/729/11
f 1264/730/13 1474/731/13 1265/388/13
f 1127/732/10 1122/733/10 1128/734/10
f 1125/735/10 1120/736/10 1126/737/10
f 1278/738/10 1277/739/10 1279/740/10
f 1140/718/11 1401/741/11 1139/716/11
f 1193/742/14 1469/743/14 1436/744/14
f 1263/386/11 1471/745/11 1262/746/11
f 1115/747/10 1110/748/10 1116/749/10
f 1113/750/10 1108/751/10 1114/752/10
f 1274/753/10 1273/754/10 1275/755/10
f 1138/721/11 1399/756/11 1137/719/11
f 1202/757/11 1443/758/11 1203/759/11
f 1051/760/11 1323/761/11 1052/762/11
f 1103/763/10 1098/764/10 1104/765/10
f 1102/766/10 1095/767/10 1096/768/10
f 1271/769/10 1268/770/10 1269/771/10
f 1135/772/13 1398/773/13 1136/774/13
f 1265/388/14 1472/775/14 1263/386/14
f 1133/776/13 1396/777/13 1134/717/13
f 1091/778/10 1086/779/10 1092/780/10
f 1089/781/10 1084/782/10 1090/783/10
f 1266/784/10 1265/388/10 1267/390/10
f 1201/785/11 1441/786/11 1200/787/11
f 1049/788/11 1321/789/11 1050/790/11
f 1131/791/13 1394/792/13 1132/720/13
f 1079/793/10 1073/794/10 1080/795/10
f 1077/796/10 1060/797/10 1078/798/10
f 1262/746/10 1261/384/10 1263/386/10
f 1074/799/10 1055/800/10 1073/794/10
f 1073/794/10 1054/729/10 1072/801/10
f 1269/771/14 1476/802/14 1267/390/14
f 1071/803/10 1052/762/10 1070/804/10
f 1130/805/11 1391/806/11 1129/807/11
f 1069/808/10 1050/790/10 1068/809/10
f 1197/810/11 1439/811/11 1198/812/11
f 1067/813/10 1048/814/10 1066/815/10
f 1047/816/11 1319/817/11 1048/814/11
f 1065/818/10 1046/819/10 1064/820/10
f 1054/729/12 1337/821/12 1072/801/12
f 1063/822/10 1044/823/10 1062/824/10
f 1128/734/11 1389/825/11 1127/732/11
f 1061/826/10 1041/827/10 1059/828/10
f 1059/828/10 1042/829/10 1060/797/10
f 1260/830/10 1259/382/10 1261/384/10
f 1258/831/10 1257/378/10 1259/382/10
f 1256/832/10 1255/374/10 1257/378/10
f 1039/833/10 1296/834/10 1040/835/10
f 1057/836/10 1040/835/10 1058/837/10
f 1075/838/10 1058/837/10 1076/839/10
f 1081/840/10 1076/839/10 1082/841/10
f 1124/842/14 1380/843/14 1118/844/14
f 1093/845/10 1088/846/10 1094/847/10
f 1273/754/14 1480/848/14 1271/769/14
f 1105/849/10 1100/850/10 1106/851/10
f 1071/803/14 1326/852/14 1053/727/14
f 1117/853/10 1112/854/10 1118/844/10
f 1126/737/11 1387/855/11 1125/735/11
f 1129/807/10 1124/842/10 1130/805/10
f 1115/747/12 1383/856/12 1121/857/12
f 1141/709/10 1136/774/10 1142/707/10
f 1196/858/11 1438/859/11 1437/860/11
f 1166/861/10 1148/862/10 1167/863/10
f 1185/864/10 1167/863/10 1186/865/10
f 1187/866/10 1186/865/10 1188/867/10
f 1210/868/10 1188/867/10 1209/869/10
f 1294/870/10 1209/869/10 1233/352/10
f 1293/357/10 1230/871/10 1296/834/10
f 1165/872/10 1146/873/10 1164/874/10
f 1289/875/10 1286/876/10 1287/704/10
f 1168/877/10 1150/703/10 1169/878/10
f 1170/879/10 1149/701/10 1168/877/10
f 1045/880/11 1317/881/11 1046/819/11
f 1172/882/10 1152/883/10 1171/884/10
f 1052/762/12 1335/885/12 1070/804/12
f 1174/886/10 1154/887/10 1173/888/10
f 1123/889/13 1386/890/13 1124/842/13
f 1178/891/10 1842/892/10 1843/893/10
f 1122/733/14 1378/894/14 1116/749/14
f 1179/895/10 1158/896/10 1177/897/10
f 1277/739/14 1484/898/14 1275/755/14
f 1181/899/10 1161/900/10 1180/901/10
f 1069/808/14 1324/902/14 1051/760/14
f 1183/903/10 1163/904/10 1182/905/10
f 1184/906/10 1164/874/10 1183/903/10
f 1291/907/10 1288/908/10 1289/875/10
f 1292/347/10 1290/909/10 1291/907/10
f 1252/350/10 1292/347/10 1253/345/10
f 1251/355/10 1190/910/10 1252/350/10
f 1250/360/10 1189/911/10 1251/355/10
f 1249/368/10 1191/912/10 1250/360/10
f 1248/372/10 1192/913/10 1249/368/10
f 1121/857/13 1384/914/13 1122/733/13
f 1246/380/10 1194/725/10 1247/376/10
f 1113/750/12 1381/915/12 1119/916/12
f 1243/917/10 1196/858/10 1245/691/10
f 1193/742/11 1435/918/11 1194/725/11
f 1241/919/10 1844/920/10 1841/921/10
f 1043/922/11 1315/923/11 1044/823/11
f 1239/924/10 1200/787/10 1240/925/10
f 1050/790/12 1333/926/12 1068/809/12
f 1237/927/10 1203/759/10 1238/928/10
f 1119/916/13 1382/929/13 1120/736/13
f 1235/930/10 1205/713/10 1236/931/10
f 1234/932/10 1206/933/10 1235/930/10
f 1232/934/10 1207/935/10 1234/932/10
f 1233/352/10 1208/936/10 1232/934/10
f 1254/937/10 1295/370/10 1255/374/10
f 1314/938/10 1212/362/10 1254/937/10
f 1313/939/10 1211/940/10 1314/938/10
f 1312/941/10 1213/942/10 1313/939/10
f 1311/943/10 1214/944/10 1312/941/10
f 1120/736/14 1376/945/14 1114/752/14
f 1309/946/10 1216/947/10 1310/948/10
f 1281/723/14 1488/949/14 1279/740/14
f 1307/950/10 1218/951/10 1308/952/10
f 1067/813/14 1322/953/14 1049/788/14
f 1305/954/10 1220/955/10 1306/956/10
f 1248/372/13 1470/726/13 1469/743/13
f 1303/957/10 1222/958/10 1304/959/10
f 1118/844/11 1379/960/11 1117/853/11
f 1301/961/10 1224/962/10 1302/963/10
f 1274/753/12 1485/964/12 1276/965/12
f 1299/966/10 1226/967/10 1300/968/10
f 1298/969/10 1227/970/10 1299/966/10
f 1297/971/10 1228/972/10 1298/969/10
f 1296/834/10 1229/973/10 1297/971/10
f 1821/365/10 1199/974/10 1820/975/10
f 1176/976/10 1818/977/10 1819/978/10
f 408/358/4 1039/833/4 343/509/4
f 343/509/4 1057/836/4 344/505/4
f 344/505/4 1075/838/4 345/501/4
f 345/501/4 1081/840/4 346/497/4
f 346/497/4 1087/979/4 347/493/4
f 406/363/5 1211/940/5 245/527/5
f 347/493/4 1093/845/4 348/489/4
f 245/527/5 1213/942/5 246/525/5
f 348/489/4 1099/980/4 349/485/4
f 246/525/5 1214/944/5 247/523/5
f 349/485/4 1105/849/4 350/481/4
f 247/523/5 1215/981/5 248/521/5
f 248/521/5 1216/947/5 249/519/5
f 249/519/5 1217/982/5 250/517/5
f 250/517/5 1218/951/5 251/515/5
f 251/515/5 1219/983/5 252/513/5
f 350/481/4 1111/984/4 351/477/4
f 351/477/4 1117/853/4 352/469/4
f 352/469/4 1123/889/4 361/465/4
f 361/465/4 1129/807/4 362/461/4
f 362/461/4 1135/772/4 363/457/4
f 252/513/5 1220/955/5 261/511/5
f 363/457/4 1141/709/4 364/453/4
f 261/511/5 1221/985/5 262/503/5
f 364/453/4 1147/986/4 365/449/4
f 262/503/5 1222/958/5 263/499/5
f 365/449/4 1166/861/4 366/445/4
f 263/499/5 1223/987/5 264/495/5
f 366/445/4 1185/864/4 367/441/4
f 264/495/5 1224/962/5 265/491/5
f 367/441/4 1187/866/4 368/437/4
f 265/491/5 1225/988/5 266/487/5
f 368/437/4 1210/868/4 369/433/4
f 266/487/5 1226/967/5 267/483/5
f 369/433/4 1294/870/4 409/351/4
f 267/483/5 1227/970/5 268/479/5
f 268/479/5 1228/972/5 269/475/5
f 269/475/5 1229/973/5 270/471/5
f 270/471/5 1230/871/5 271/467/5
f 271/467/5 1231/989/5 407/356/5
f 412/348/3 1291/907/3 370/429/3
f 370/429/3 1289/875/3 371/424/3
f 371/424/3 1287/704/3 372/420/3
f 372/420/3 1285/706/3 381/416/3
f 381/416/3 1283/724/3 382/413/3
f 410/353/2 1232/934/2 272/463/2
f 382/413/3 1281/723/3 383/410/3
f 272/463/2 1234/932/2 281/459/2
f 383/410/3 1279/740/3 384/407/3
f 281/459/2 1235/930/2 282/455/2
f 384/407/3 1277/739/3 385/404/3
f 282/455/2 1236/931/2 283/451/2
f 385/404/3 1275/755/3 386/398/3
f 283/451/2 1237/927/2 284/447/2
f 386/398/3 1273/754/3 387/395/3
f 284/447/2 1238/928/2 285/443/2
f 387/395/3 1271/769/3 388/392/3
f 285/443/2 1239/924/2 286/439/2
f 388/392/3 1269/771/3 389/389/3
f 286/439/2 1240/925/2 287/435/2
f 287/435/2 1241/919/2 288/431/2
f 288/431/2 1841/921/2 1828/426/2
f 289/422/2 1243/917/2 290/418/2
f 1407/990/10 1402/991/10 1408/992/10
f 1405/993/10 1400/994/10 1406/995/10
f 1494/996/10 1491/997/10 1492/998/10
f 1395/999/10 1390/1000/10 1396/777/10
f 1393/1001/10 1388/1002/10 1394/792/10
f 1489/712/10 1488/949/10 1490/1003/10
f 1383/856/10 1378/894/10 1384/914/10
f 1381/915/10 1376/945/10 1382/929/10
f 1485/964/10 1484/898/10 1486/1004/10
f 1371/1005/10 1366/1006/10 1372/1007/10
f 1369/1008/10 1364/1009/10 1370/1010/10
f 1481/1011/10 1480/848/10 1482/1012/10
f 1359/1013/10 1354/1014/10 1360/1015/10
f 1358/1016/10 1351/1017/10 1352/1018/10
f 1477/1019/10 1476/802/10 1478/1020/10
f 1347/1021/10 1342/1022/10 1348/1023/10
f 1345/1024/10 1340/1025/10 1346/1026/10
f 1473/1027/10 1472/775/10 1474/731/10
f 1337/821/10 1326/852/10 1338/1028/10
f 1335/885/10 1324/902/10 1336/1029/10
f 1333/926/10 1322/953/10 1334/1030/10
f 1331/1031/10 1320/1032/10 1332/1033/10
f 1329/1034/10 1318/1035/10 1330/1036/10
f 1327/1037/10 1316/1038/10 1328/1039/10
f 1349/1040/10 1344/1041/10 1350/1042/10
f 1361/1043/10 1356/1044/10 1362/1045/10
f 1373/1046/10 1368/1047/10 1374/1048/10
f 1385/1049/10 1380/843/10 1386/890/10
f 1397/1050/10 1392/1051/10 1398/773/10
f 1409/1052/10 1404/1053/10 1410/1054/10
f 1423/1055/10 1412/1056/10 1424/1057/10
f 1425/1058/10 1414/1059/10 1426/1060/10
f 1427/1061/10 1416/1062/10 1428/1063/10
f 1429/1064/10 1418/1065/10 1430/1066/10
f 1431/1067/10 1420/1068/10 1432/1069/10
f 1433/1070/10 1422/1071/10 1434/1072/10
f 1470/726/10 1436/744/10 1469/743/10
f 1468/1073/10 1438/859/10 1467/1074/10
f 1466/1075/10 1440/1076/10 1465/1077/10
f 1464/1078/10 1442/1079/10 1463/1080/10
f 1462/1081/10 1444/1082/10 1461/1083/10
f 1460/1084/10 1446/714/10 1459/1085/10
f 1505/1086/10 1448/1087/10 1506/1088/10
f 1503/1089/10 1450/1090/10 1504/1091/10
f 1501/1092/10 1452/1093/10 1502/1094/10
f 1499/1095/10 1454/1096/10 1500/1097/10
f 1497/1098/10 1456/1099/10 1498/1100/10
f 1495/1101/10 1458/1102/10 1496/1103/10
f 1267/390/11 1475/1104/11 1266/784/11
f 1195/1105/14 1467/1074/14 1438/859/14
f 1132/720/14 1388/1002/14 1126/737/14
f 1143/1106/13 1406/995/13 1144/702/13
f 1268/770/13 1478/1020/13 1269/771/13
f 1196/858/12 1468/1073/12 1245/691/12
f 1125/735/12 1393/1001/12 1131/791/12
f 1145/1107/13 1408/992/13 1146/873/13
f 1271/769/11 1479/1108/11 1270/1109/11
f 1197/810/14 1465/1077/14 1440/1076/14
f 1134/717/14 1390/1000/14 1128/734/14
f 1147/986/13 1410/1054/13 1148/862/13
f 1272/1110/13 1482/1012/13 1273/754/13
f 1262/746/12 1473/1027/12 1264/730/12
f 1198/812/12 1466/1075/12 1244/1111/12
f 1127/732/12 1395/999/12 1133/776/12
f 1275/755/11 1483/1112/11 1274/753/11
f 1084/782/14 1340/1025/14 1078/798/14
f 1201/785/14 1463/1080/14 1442/1079/14
f 1136/774/14 1392/1051/14 1130/805/14
f 1276/965/13 1486/1004/13 1277/739/13
f 1077/796/12 1345/1024/12 1083/1113/12
f 1062/824/13 1328/1039/13 1061/826/13
f 1200/787/12 1464/1078/12 1240/925/12
f 1151/1114/11 1411/1115/11 1152/883/11
f 1279/740/11 1487/711/11 1278/738/11
f 1086/779/14 1342/1022/14 1080/795/14
f 1202/757/14 1461/1083/14 1444/1082/14
f 1280/710/13 1490/1003/13 1281/723/13
f 1079/793/12 1347/1021/12 1085/1116/12
f 1064/820/13 1330/1036/13 1063/822/13
f 1203/759/12 1462/1081/12 1238/928/12
f 1153/1117/11 1413/1118/11 1154/887/11
f 1283/724/11 1491/997/11 1282/722/11
f 1088/846/14 1344/1041/14 1082/841/14
f 1204/1119/14 1459/1085/14 1446/714/14
f 1284/705/13 1494/996/13 1285/706/13
f 1066/815/13 1332/1033/13 1065/818/13
f 1205/713/12 1460/1084/12 1236/931/12
f 1215/981/11 1447/1120/11 1216/947/11
f 1155/1121/11 1415/1122/11 1156/1123/11
f 1068/809/13 1334/1030/13 1067/813/13
f 1218/951/11 1450/1090/11 1449/1124/11
f 1300/968/13 1496/1103/13 1301/961/13
f 1282/722/12 1493/1125/12 1284/705/12
f 1159/1126/11 1417/1127/11 1158/896/11
f 1144/702/14 1400/994/14 1138/721/14
f 1070/804/13 1336/1029/13 1069/808/13
f 1219/983/11 1451/1128/11 1220/955/11
f 1302/963/13 1498/1100/13 1303/957/13
f 1137/719/12 1405/993/12 1143/1106/12
f 1160/1129/11 1419/1130/11 1161/900/11
f 1146/873/14 1402/991/14 1140/718/14
f 1266/784/12 1477/1019/12 1268/770/12
f 1072/801/13 1338/1028/13 1071/803/13
f 1221/985/11 1453/1131/11 1222/958/11
f 1304/959/13 1500/1097/13 1305/954/13
f 1139/716/12 1407/990/12 1145/1107/12
f 1162/1132/11 1421/1133/11 1163/904/11
f 1096/768/14 1352/1018/14 1090/783/14
f 1148/862/14 1404/1053/14 1142/707/14
f 1089/781/12 1357/1134/12 1095/767/12
f 1223/987/11 1455/1135/11 1224/962/11
f 1307/950/13 1501/1092/13 1502/1094/13
f 1081/840/12 1349/1040/12 1087/979/12
f 1098/764/14 1354/1014/14 1092/780/14
f 1311/943/14 1448/1087/14 1215/981/14
f 1091/778/12 1359/1013/12 1097/1136/12
f 1078/798/11 1339/1137/11 1077/796/11
f 1216/947/12 1505/1086/12 1310/948/12
f 1226/967/11 1458/1102/11 1457/1138/11
f 1308/952/13 1504/1091/13 1309/946/13
f 1099/980/12 1355/1139/12 1361/1043/12
f 1100/850/14 1356/1044/14 1094/847/14
f 1080/795/11 1341/1140/11 1079/793/11
f 1309/946/14 1450/1090/14 1217/982/14
f 1082/841/11 1343/1141/11 1081/840/11
f 1218/951/12 1503/1089/12 1308/952/12
f 1310/948/13 1506/1088/13 1311/943/13
f 1171/884/13 1424/1057/13 1170/879/13
f 1111/984/12 1367/1142/12 1373/1046/12
f 1083/1113/13 1346/1026/13 1084/782/13
f 1307/950/14 1452/1093/14 1219/983/14
f 1085/1116/13 1348/1023/13 1086/779/13
f 1220/955/12 1501/1092/12 1306/956/12
f 1173/888/13 1426/1060/13 1172/882/13
f 1123/889/12 1379/960/12 1385/1049/12
f 1087/979/13 1350/1042/13 1088/846/13
f 1305/954/14 1454/1096/14 1221/985/14
f 1090/783/11 1351/1017/11 1089/781/11
f 1222/958/12 1499/1095/12 1304/959/12
f 1175/1143/13 1428/1063/13 1174/886/13
f 1135/772/12 1391/806/12 1397/1050/12
f 1092/780/11 1353/1144/11 1091/778/11
f 1303/957/14 1456/1099/14 1223/987/14
f 1170/879/14 1412/1056/14 1151/1114/14
f 1270/1109/12 1481/1011/12 1272/1110/12
f 1094/847/11 1355/1139/11 1093/845/11
f 1224/962/12 1497/1098/12 1302/963/12
f 1152/883/12 1423/1055/12 1171/884/12
f 1177/897/13 1430/1066/13 1178/891/13
f 1147/986/12 1403/708/12 1409/1052/12
f 1108/751/14 1364/1009/14 1102/766/14
f 1095/767/13 1358/1016/13 1096/768/13
f 1301/961/14 1458/1102/14 1225/988/14
f 1172/882/14 1414/1059/14 1153/1117/14
f 1101/1145/12 1369/1008/12 1107/1146/12
f 1097/1136/13 1360/1015/13 1098/764/13
f 1226/967/12 1495/1101/12 1300/968/12
f 1236/931/13 1459/1085/13 1237/927/13
f 1154/887/12 1425/1058/12 1173/888/12
f 1180/901/13 1432/1069/13 1179/895/13
f 1110/748/14 1366/1006/14 1104/765/14
f 1099/980/13 1362/1045/13 1100/850/13
f 1174/886/14 1416/1062/14 1155/1121/14
f 1103/763/12 1371/1005/12 1109/1147/12
f 1102/766/11 1363/1148/11 1101/1145/11
f 1238/928/13 1461/1083/13 1239/924/13
f 1156/1123/12 1427/1061/12 1175/1143/12
f 1182/905/13 1434/1072/13 1181/899/13
f 1112/854/14 1368/1047/14 1106/851/14
f 1104/765/11 1365/1149/11 1103/763/11
f 1178/891/14 1418/1065/14 1159/1126/14
f 1106/851/11 1367/1142/11 1105/849/11
f 1240/925/13 1463/1080/13 1241/919/13
f 1061/826/14 1316/1038/14 1043/922/14
f 1158/896/12 1429/1064/12 1177/897/12
f 1107/1146/13 1370/1010/13 1108/751/13
f 1044/823/12 1327/1037/12 1062/824/12
f 1179/895/14 1420/1068/14 1160/1129/14
f 1109/1147/13 1372/1007/13 1110/748/13
f 1244/1111/13 1465/1077/13 1243/917/13
f 1063/822/14 1318/1035/14 1045/880/14
f 1161/900/12 1431/1067/12 1180/901/12
f 1111/984/13 1374/1048/13 1112/854/13
f 1046/819/12 1329/1034/12 1064/820/12
f 1181/899/14 1422/1071/14 1162/1132/14
f 1114/752/11 1375/1150/11 1113/750/11
f 1245/691/13 1467/1074/13 1246/380/13
f 1065/818/14 1320/1032/14 1047/816/14
f 1163/904/12 1433/1070/12 1182/905/12
f 1285/706/14 1492/998/14 1283/724/14
f 1116/749/11 1377/1151/11 1115/747/11
f 1048/814/12 1331/1031/12 1066/815/12
f 80/341/15 1660/1152/15 1659/1153/15
f 49/32/16 1628/1154/16 48/30/16
f 79/342/15 1659/1153/15 1658/1155/15
f 48/30/16 1627/1156/16 47/28/16
f 78/343/15 1658/1155/15 1657/1157/15
f 47/28/16 1626/1158/16 46/26/16
f 77/1/15 1657/1157/15 1656/1159/15
f 45/24/16 1626/1158/16 1625/1160/16
f 16/1161/15 1656/1159/15 1595/1162/15
f 44/22/16 1625/1160/16 1624/1163/16
f 76/6/17 1655/1164/17 75/323/17
f 43/20/16 1624/1163/16 1623/1165/16
f 75/323/17 1654/1166/17 74/322/17
f 42/18/16 1623/1165/16 1622/1167/16
f 74/322/17 1653/1168/17 73/321/17
f 41/16/16 1622/1167/16 1621/1169/16
f 73/321/17 1652/1170/17 72/320/17
f 40/14/16 1621/1169/16 1620/1171/16
f 72/320/17 1651/1172/17 71/319/17
f 39/12/16 1620/1171/16 1619/1173/16
f 71/319/17 1650/1174/17 70/318/17
f 38/10/16 1619/1173/16 1618/1175/16
f 70/318/17 1649/1176/17 69/317/17
f 37/8/16 1618/1175/16 1617/1177/16
f 69/317/17 1648/1178/17 68/316/17
f 14/5/16 1617/1177/16 1593/1179/16
f 68/316/17 1647/1180/17 67/314/17
f 36/282/18 1616/1181/18 35/261/18
f 67/314/17 1846/1182/17 1827/315/17
f 35/261/18 1615/1183/18 34/228/18
f 65/312/17 1645/1184/17 1644/1185/17
f 34/228/18 1614/1186/18 33/220/18
f 64/311/17 1644/1185/17 1643/1187/17
f 33/220/18 1613/1188/18 32/212/18
f 63/310/17 1643/1187/17 1642/1189/17
f 32/212/18 1612/1190/18 31/205/18
f 62/309/17 1642/1189/17 1641/1191/17
f 31/205/18 1611/1192/18 30/197/18
f 61/308/17 1641/1191/17 1640/1193/17
f 30/197/18 1610/1194/18 29/189/18
f 60/307/17 1640/1193/17 1639/1195/17
f 29/189/18 1609/1196/18 28/181/18
f 59/306/17 1639/1195/17 1638/1197/17
f 28/181/18 1608/1198/18 27/173/18
f 58/305/17 1638/1197/17 1637/1199/17
f 26/165/18 1608/1198/18 1607/1200/18
f 57/303/17 1637/1199/17 1636/1201/17
f 25/157/18 1607/1200/18 1606/1202/18
f 13/304/17 1636/1201/17 1591/1203/17
f 24/148/18 1606/1202/18 1605/1204/18
f 1816/694/17 1646/1205/17 1823/1206/17
f 50/34/16 1629/1207/16 49/32/16
f 81/340/15 1661/1208/15 1660/1152/15
f 51/36/16 1630/1209/16 50/34/16
f 82/339/15 1662/1210/15 1661/1208/15
f 52/38/16 1631/1211/16 51/36/16
f 83/338/15 1663/1212/15 1662/1210/15
f 53/40/16 1632/1213/16 52/38/16
f 84/337/15 1664/1214/15 1663/1212/15
f 54/42/16 1633/1215/16 53/40/16
f 85/336/15 1665/1216/15 1664/1214/15
f 55/43/16 1634/1217/16 54/42/16
f 87/334/15 1665/1216/15 86/335/15
f 56/2/16 1635/1218/16 55/43/16
f 88/333/15 1666/1219/15 87/334/15
f 89/332/15 1667/1220/15 88/333/15
f 90/331/15 1668/1221/15 89/332/15
f 91/330/15 1669/1222/15 90/331/15
f 92/329/15 1670/1223/15 91/330/15
f 93/328/15 1671/1224/15 92/329/15
f 94/327/15 1672/1225/15 93/328/15
f 95/326/15 1673/1226/15 94/327/15
f 13/304/18 1590/1227/18 36/282/18
f 96/325/15 1674/1228/15 95/326/15
f 14/5/17 1592/1229/17 76/6/17
f 16/1161/16 1594/1230/16 56/2/16
f 15/324/15 1596/1231/15 96/325/15
f 15/324/18 1598/1232/18 1597/1233/18
f 17/44/18 1599/1234/18 1598/1232/18
f 18/46/18 1600/1235/18 1599/1234/18
f 19/85/18 1601/1236/18 1600/1235/18
f 20/105/18 1602/1237/18 1601/1236/18
f 21/125/18 1603/1238/18 1602/1237/18
f 22/133/18 1604/1239/18 1603/1238/18
f 23/141/18 1605/1204/18 1604/1239/18
f 1773/1240/2 1771/1241/2 708/663/2
f 1767/1242/2 1538/644/2 723/643/2
f 1765/1243/2 1766/1244/2 721/1245/2
f 66/313/17 1823/1206/17 1645/1184/17
f 1819/978/10 1156/1123/10 1175/1143/10
f 1821/365/10 1198/812/10 1244/1111/10
f 167/1246/1 1806/697/1 147/243/1
f 147/243/1 1805/695/1 127/271/1
f 127/271/1 1804/692/1 107/292/1
f 107/292/1 1816/694/1 66/313/1
f 960/1247/7 1817/366/7 289/422/7
f 1817/366/2 1244/1111/2 289/422/2
f 1827/315/17 1646/1205/17 1025/693/17
f 1828/426/2 1242/1248/2 1034/364/2
f 1841/921/10 1199/974/10 1242/1248/10
f 1843/893/10 1157/1249/10 1176/976/10
f 1840/427/7 1034/364/7 1038/1250/7
f 1026/696/1 1827/315/1 1025/693/1
f 1027/698/1 1829/294/1 1026/696/1
f 1028/700/1 1830/273/1 1027/698/1
f 1029/1251/1 1831/246/1 1028/700/1
f 431/1252/10 413/1253/10 393/1254/10
f 77/1/1 16/1161/1 56/2/1
f 97/4/1 37/8/1 14/5/1
f 117/7/1 38/10/1 37/8/1
f 137/9/1 39/12/1 38/10/1
f 157/11/1 40/14/1 39/12/1
f 177/13/1 41/16/1 40/14/1
f 197/15/1 42/18/1 41/16/1
f 217/17/1 43/20/1 42/18/1
f 237/19/1 44/22/1 43/20/1
f 257/21/1 45/24/1 44/22/1
f 277/23/1 46/26/1 45/24/1
f 297/25/1 47/28/1 46/26/1
f 317/27/1 48/30/1 47/28/1
f 337/29/1 49/32/1 48/30/1
f 357/31/1 50/34/1 49/32/1
f 377/33/1 51/36/1 50/34/1
f 397/35/1 52/38/1 51/36/1
f 417/37/1 53/40/1 52/38/1
f 437/39/1 54/42/1 53/40/1
f 457/41/1 55/43/1 54/42/1
f 477/3/1 56/2/1 55/43/1
f 17/44/1 496/47/1 476/45/1
f 496/47/1 495/49/1 475/48/1
f 495/49/1 494/51/1 474/50/1
f 494/51/1 493/53/1 473/52/1
f 493/53/1 492/55/1 472/54/1
f 492/55/1 491/57/1 471/56/1
f 491/57/1 490/59/1 470/58/1
f 490/59/1 489/61/1 469/60/1
f 489/61/1 488/63/1 468/62/1
f 488/63/1 487/65/1 467/64/1
f 487/65/1 486/67/1 466/66/1
f 486/67/1 485/69/1 465/68/1
f 485/69/1 484/71/1 464/70/1
f 484/71/1 483/73/1 463/72/1
f 483/73/1 482/75/1 462/74/1
f 482/75/1 481/77/1 461/76/1
f 481/77/1 480/79/1 460/78/1
f 480/79/1 479/81/1 459/80/1
f 479/81/1 478/83/1 458/82/1
f 478/83/1 477/3/1 457/41/1
f 18/46/1 476/45/1 456/84/1
f 456/84/1 476/45/1 475/48/1
f 475/48/1 474/50/1 454/87/1
f 474/50/1 473/52/1 453/88/1
f 473/52/1 472/54/1 452/89/1
f 472/54/1 471/56/1 451/90/1
f 471/56/1 470/58/1 450/91/1
f 470/58/1 469/60/1 449/92/1
f 469/60/1 468/62/1 448/93/1
f 468/62/1 467/64/1 447/94/1
f 467/64/1 466/66/1 446/95/1
f 466/66/1 465/68/1 445/96/1
f 465/68/1 464/70/1 444/97/1
f 464/70/1 463/72/1 443/98/1
f 463/72/1 462/74/1 442/99/1
f 462/74/1 461/76/1 441/100/1
f 461/76/1 460/78/1 440/101/1
f 460/78/1 459/80/1 439/102/1
f 459/80/1 458/82/1 438/103/1
f 458/82/1 457/41/1 437/39/1
f 19/85/1 456/84/1 436/104/1
f 436/104/1 456/84/1 455/86/1
f 455/86/1 454/87/1 434/107/1
f 454/87/1 453/88/1 433/108/1
f 453/88/1 452/89/1 432/109/1
f 452/89/1 451/90/1 431/110/1
f 451/90/1 450/91/1 430/111/1
f 450/91/1 449/92/1 429/112/1
f 449/92/1 448/93/1 428/113/1
f 448/93/1 447/94/1 427/114/1
f 447/94/1 446/95/1 426/115/1
f 446/95/1 445/96/1 425/116/1
f 445/96/1 444/97/1 424/117/1
f 444/97/1 443/98/1 423/118/1
f 443/98/1 442/99/1 422/119/1
f 442/99/1 441/100/1 421/120/1
f 441/100/1 440/101/1 420/121/1
f 440/101/1 439/102/1 419/122/1
f 439/102/1 438/103/1 418/123/1
f 438/103/1 437/39/1 417/37/1
f 20/105/1 436/104/1 416/124/1
f 416/124/1 436/104/1 435/106/1
f 435/106/1 434/107/1 414/127/1
f 434/107/1 433/108/1 413/128/1
f 420/121/1 419/122/1 399/129/1
f 419/122/1 418/123/1 398/131/1
f 418/123/1 417/37/1 397/35/1
f 21/125/1 416/124/1 396/132/1
f 396/132/1 416/124/1 415/126/1
f 395/134/1 415/126/1 414/127/1
f 414/127/1 413/128/1 393/136/1
f 400/130/1 399/129/1 379/137/1
f 399/129/1 398/131/1 378/139/1
f 398/131/1 397/35/1 377/33/1
f 22/133/1 396/132/1 376/140/1
f 376/140/1 396/132/1 395/134/1
f 375/142/1 395/134/1 394/135/1
f 394/135/1 393/136/1 373/144/1
f 380/138/1 379/137/1 359/145/1
f 379/137/1 378/139/1 358/147/1
f 378/139/1 377/33/1 357/31/1
f 24/148/1 23/141/1 376/140/1
f 356/149/1 376/140/1 375/142/1
f 355/150/1 375/142/1 374/143/1
f 354/151/1 374/143/1 373/144/1
f 360/146/1 359/145/1 339/153/1
f 359/145/1 358/147/1 338/155/1
f 358/147/1 357/31/1 337/29/1
f 24/148/1 356/149/1 336/156/1
f 336/156/1 356/149/1 355/150/1
f 335/158/1 355/150/1 354/151/1
f 334/159/1 354/151/1 353/152/1
f 340/154/1 339/153/1 319/161/1
f 339/153/1 338/155/1 318/163/1
f 338/155/1 337/29/1 317/27/1
f 25/157/1 336/156/1 316/164/1
f 316/164/1 336/156/1 335/158/1
f 335/158/1 334/159/1 314/167/1
f 334/159/1 333/160/1 313/168/1
f 320/162/1 319/161/1 299/169/1
f 319/161/1 318/163/1 298/171/1
f 318/163/1 317/27/1 297/25/1
f 26/165/1 316/164/1 296/172/1
f 316/164/1 315/166/1 295/174/1
f 315/166/1 314/167/1 294/175/1
f 314/167/1 313/168/1 293/176/1
f 300/170/1 299/169/1 279/177/1
f 299/169/1 298/171/1 278/179/1
f 298/171/1 297/25/1 277/23/1
f 27/173/1 296/172/1 276/180/1
f 276/180/1 296/172/1 295/174/1
f 275/182/1 295/174/1 294/175/1
f 294/175/1 293/176/1 273/184/1
f 280/178/1 279/177/1 259/185/1
f 279/177/1 278/179/1 258/187/1
f 278/179/1 277/23/1 257/21/1
f 28/181/1 276/180/1 256/188/1
f 256/188/1 276/180/1 275/182/1
f 275/182/1 274/183/1 254/191/1
f 274/183/1 273/184/1 253/192/1
f 260/186/1 259/185/1 239/193/1
f 259/185/1 258/187/1 238/195/1
f 258/187/1 257/21/1 237/19/1
f 29/189/1 256/188/1 236/196/1
f 236/196/1 256/188/1 255/190/1
f 235/198/1 255/190/1 254/191/1
f 254/191/1 253/192/1 233/200/1
f 240/194/1 239/193/1 219/201/1
f 239/193/1 238/195/1 218/203/1
f 238/195/1 237/19/1 217/17/1
f 30/197/1 236/196/1 216/204/1
f 216/204/1 236/196/1 235/198/1
f 215/206/1 235/198/1 234/199/1
f 234/199/1 233/200/1 213/208/1
f 220/202/1 219/201/1 199/209/1
f 219/201/1 218/203/1 198/211/1
f 218/203/1 217/17/1 197/15/1
f 32/212/1 31/205/1 216/204/1
f 196/213/1 216/204/1 215/206/1
f 195/214/1 215/206/1 214/207/1
f 214/207/1 213/208/1 193/216/1
f 200/210/1 199/209/1 179/217/1
f 199/209/1 198/211/1 178/219/1
f 198/211/1 197/15/1 177/13/1
f 33/220/1 32/212/1 196/213/1
f 196/213/1 195/214/1 175/222/1
f 195/214/1 194/215/1 174/223/1
f 194/215/1 193/216/1 173/224/1
f 180/218/1 179/217/1 159/225/1
f 179/217/1 178/219/1 158/227/1
f 178/219/1 177/13/1 157/11/1
f 34/228/1 33/220/1 176/221/1
f 176/221/1 175/222/1 155/230/1
f 175/222/1 174/223/1 154/231/1
f 174/223/1 173/224/1 153/232/1
f 173/224/1 172/234/1 152/233/1
f 172/234/1 171/236/1 151/235/1
f 171/236/1 170/238/1 150/237/1
f 170/238/1 169/240/1 149/239/1
f 169/240/1 168/242/1 148/241/1
f 168/242/1 167/1246/1 147/243/1
f 1832/244/1 166/247/1 146/245/1
f 166/247/1 165/249/1 145/248/1
f 165/249/1 164/251/1 144/250/1
f 164/251/1 163/253/1 143/252/1
f 163/253/1 162/255/1 142/254/1
f 162/255/1 161/257/1 141/256/1
f 161/257/1 160/226/1 140/258/1
f 160/226/1 159/225/1 139/259/1
f 159/225/1 158/227/1 138/260/1
f 158/227/1 157/11/1 137/9/1
f 35/261/1 34/228/1 156/229/1
f 156/229/1 155/230/1 135/263/1
f 155/230/1 154/231/1 134/264/1
f 154/231/1 153/232/1 133/265/1
f 153/232/1 152/233/1 132/266/1
f 152/233/1 151/235/1 131/267/1
f 151/235/1 150/237/1 130/268/1
f 150/237/1 149/239/1 129/269/1
f 149/239/1 148/241/1 128/270/1
f 148/241/1 147/243/1 127/271/1
f 1831/246/1 146/245/1 126/272/1
f 146/245/1 145/248/1 125/274/1
f 145/248/1 144/250/1 124/275/1
f 144/250/1 143/252/1 123/276/1
f 143/252/1 142/254/1 122/277/1
f 142/254/1 141/256/1 121/278/1
f 141/256/1 140/258/1 120/279/1
f 140/258/1 139/259/1 119/280/1
f 139/259/1 138/260/1 118/281/1
f 138/260/1 137/9/1 117/7/1
f 36/282/1 35/261/1 136/262/1
f 136/262/1 135/263/1 115/284/1
f 135/263/1 134/264/1 114/285/1
f 134/264/1 133/265/1 113/286/1
f 133/265/1 132/266/1 112/287/1
f 132/266/1 131/267/1 111/288/1
f 131/267/1 130/268/1 110/289/1
f 130/268/1 129/269/1 109/290/1
f 129/269/1 128/270/1 108/291/1
f 128/270/1 127/271/1 107/292/1
f 1830/273/1 126/272/1 106/293/1
f 126/272/1 125/274/1 105/295/1
f 125/274/1 124/275/1 104/296/1
f 124/275/1 123/276/1 103/297/1
f 123/276/1 122/277/1 102/298/1
f 122/277/1 121/278/1 101/299/1
f 121/278/1 120/279/1 100/300/1
f 120/279/1 119/280/1 99/301/1
f 119/280/1 118/281/1 98/302/1
f 118/281/1 117/7/1 97/4/1
f 36/282/1 116/283/1 57/303/1
f 116/283/1 115/284/1 58/305/1
f 115/284/1 114/285/1 59/306/1
f 114/285/1 113/286/1 60/307/1
f 113/286/1 112/287/1 61/308/1
f 112/287/1 111/288/1 62/309/1
f 111/288/1 110/289/1 63/310/1
f 110/289/1 109/290/1 64/311/1
f 109/290/1 108/291/1 65/312/1
f 108/291/1 107/292/1 66/313/1
f 1829/294/1 106/293/1 67/314/1
f 106/293/1 105/295/1 68/316/1
f 105/295/1 104/296/1 69/317/1
f 104/296/1 103/297/1 70/318/1
f 103/297/1 102/298/1 71/319/1
f 102/298/1 101/299/1 72/320/1
f 101/299/1 100/300/1 73/321/1
f 100/300/1 99/301/1 74/322/1
f 99/301/1 98/302/1 75/323/1
f 98/302/1 97/4/1 76/6/1
f 15/324/1 96/325/1 496/47/1
f 96/325/1 95/326/1 495/49/1
f 95/326/1 94/327/1 494/51/1
f 94/327/1 93/328/1 493/53/1
f 93/328/1 92/329/1 492/55/1
f 92/329/1 91/330/1 491/57/1
f 91/330/1 90/331/1 490/59/1
f 90/331/1 89/332/1 489/61/1
f 89/332/1 88/333/1 488/63/1
f 88/333/1 87/334/1 487/65/1
f 87/334/1 86/335/1 486/67/1
f 86/335/1 85/336/1 485/69/1
f 85/336/1 84/337/1 484/71/1
f 84/337/1 83/338/1 483/73/1
f 83/338/1 82/339/1 482/75/1
f 82/339/1 81/340/1 481/77/1
f 81/340/1 80/341/1 480/79/1
f 80/341/1 79/342/1 479/81/1
f 79/342/1 78/343/1 478/83/1
f 78/343/1 77/1/1 477/3/1
f 306/344/2 1252/350/2 1253/345/2
f 411/346/3 1253/345/3 1292/347/3
f 305/349/2 1251/355/2 1252/350/2
f 409/351/2 1294/870/2 1233/352/2
f 304/354/2 1250/360/2 1251/355/2
f 407/356/4 1231/989/4 1293/357/4
f 303/359/2 1249/368/2 1250/360/2
f 405/361/5 1295/370/5 1212/362/5
f 1034/364/2 1242/1248/2 1821/365/2
f 302/367/2 1248/372/2 1249/368/2
f 404/369/3 1255/374/3 1295/370/3
f 301/371/2 1247/376/2 1248/372/2
f 403/373/3 1257/378/3 1255/374/3
f 292/375/2 1246/380/2 1247/376/2
f 402/377/3 1259/382/3 1257/378/3
f 291/379/2 1245/691/2 1246/380/2
f 401/381/3 1261/384/3 1259/382/3
f 392/383/3 1263/386/3 1261/384/3
f 391/385/3 1265/388/3 1263/386/3
f 390/387/3 1267/390/3 1265/388/3
f 389/389/3 1269/771/3 1267/390/3
f 1021/391/6 941/394/6 388/392/6
f 1022/393/7 942/396/7 306/344/7
f 941/394/6 943/397/6 387/395/6
f 942/396/7 944/399/7 305/349/7
f 943/397/6 945/401/6 386/398/6
f 944/399/7 946/402/7 304/354/7
f 947/400/6 385/404/6 386/398/6
f 946/402/7 948/405/7 303/359/7
f 949/403/6 384/407/6 385/404/6
f 948/405/7 950/408/7 302/367/7
f 951/406/6 383/410/6 384/407/6
f 950/408/7 952/411/7 301/371/7
f 953/409/6 382/413/6 383/410/6
f 952/411/7 954/414/7 292/375/7
f 955/412/6 381/416/6 382/413/6
f 954/414/7 956/417/7 291/379/7
f 957/415/6 372/420/6 381/416/6
f 956/417/7 958/421/7 290/418/7
f 959/419/6 371/424/6 372/420/6
f 958/421/7 960/1247/7 289/422/7
f 961/423/6 370/429/6 371/424/6
f 962/425/7 288/431/7 1828/426/7
f 963/428/6 412/348/6 370/429/6
f 964/430/7 287/435/7 288/431/7
f 1023/432/8 965/436/8 369/433/8
f 966/434/7 286/439/7 287/435/7
f 965/436/8 967/440/8 368/437/8
f 968/438/7 285/443/7 286/439/7
f 967/440/8 969/444/8 367/441/8
f 970/442/7 284/447/7 285/443/7
f 969/444/8 971/448/8 366/445/8
f 972/446/7 283/451/7 284/447/7
f 971/448/8 973/452/8 365/449/8
f 974/450/7 282/455/7 283/451/7
f 973/452/8 975/456/8 364/453/8
f 976/454/7 281/459/7 282/455/7
f 975/456/8 977/460/8 363/457/8
f 978/458/7 272/463/7 281/459/7
f 977/460/8 979/464/8 362/461/8
f 980/462/7 410/353/7 272/463/7
f 979/464/8 981/468/8 361/465/8
f 1024/466/9 982/470/9 271/467/9
f 981/468/8 983/473/8 352/469/8
f 982/470/9 984/474/9 270/471/9
f 985/472/8 351/477/8 352/469/8
f 984/474/9 986/478/9 269/475/9
f 987/476/8 350/481/8 351/477/8
f 986/478/9 988/482/9 268/479/9
f 989/480/8 349/485/8 350/481/8
f 988/482/9 990/486/9 267/483/9
f 991/484/8 348/489/8 349/485/8
f 990/486/9 992/490/9 266/487/9
f 993/488/8 347/493/8 348/489/8
f 992/490/9 994/494/9 265/491/9
f 995/492/8 346/497/8 347/493/8
f 994/494/9 996/498/9 264/495/9
f 997/496/8 345/501/8 346/497/8
f 996/498/9 998/502/9 263/499/9
f 999/500/8 344/505/8 345/501/8
f 998/502/9 1000/507/9 262/503/9
f 1001/504/8 343/509/8 344/505/8
f 1002/506/9 261/511/9 262/503/9
f 1003/508/8 408/358/8 343/509/8
f 1004/510/9 252/513/9 261/511/9
f 1005/512/9 251/515/9 252/513/9
f 1006/514/9 250/517/9 251/515/9
f 1007/516/9 249/519/9 250/517/9
f 1008/518/9 248/521/9 249/519/9
f 1009/520/9 247/523/9 248/521/9
f 1010/522/9 246/525/9 247/523/9
f 1011/524/9 245/527/9 246/525/9
f 1022/393/6 411/346/6 412/348/6
f 1012/526/9 406/363/9 245/527/9
f 1023/432/7 409/351/7 410/353/7
f 1024/466/8 407/356/8 408/358/8
f 1013/528/9 405/361/9 406/363/9
f 1013/528/6 1014/529/6 404/369/6
f 1014/529/6 1015/530/6 403/373/6
f 1015/530/6 1016/531/6 402/377/6
f 1016/531/6 1017/532/6 401/381/6
f 1017/532/6 1018/533/6 392/383/6
f 1018/533/6 1019/534/6 391/385/6
f 1019/534/6 1020/535/6 390/387/6
f 1020/535/6 1021/391/6 389/389/6
f 1507/536/3 694/689/3 774/537/3
f 1588/538/3 774/537/3 773/539/3
f 1587/540/3 773/539/3 772/541/3
f 1586/542/3 772/541/3 771/543/3
f 1585/544/3 771/543/3 770/545/3
f 1584/546/3 770/545/3 769/547/3
f 1583/548/3 769/547/3 768/549/3
f 1582/550/3 768/549/3 767/551/3
f 1581/552/5 767/551/5 766/553/5
f 1510/555/4 736/624/4 757/556/4
f 1509/558/2 719/651/2 733/559/2
f 1580/554/5 766/553/5 765/561/5
f 1508/563/3 696/688/3 716/564/3
f 1579/562/5 765/561/5 764/566/5
f 1578/567/5 764/566/5 763/568/5
f 1577/569/5 763/568/5 762/570/5
f 1576/571/5 762/570/5 761/572/5
f 1575/573/5 761/572/5 760/574/5
f 1574/575/5 760/574/5 759/576/5
f 1573/577/5 759/576/5 758/578/5
f 1572/579/5 758/578/5 756/580/5
f 1571/557/4 757/556/4 755/582/4
f 1570/581/5 756/580/5 754/584/5
f 1569/583/4 755/582/4 753/586/4
f 1568/585/5 754/584/5 752/588/5
f 1567/587/4 753/586/4 751/590/4
f 1566/589/5 752/588/5 750/592/5
f 1565/591/4 751/590/4 749/594/4
f 1564/593/5 750/592/5 748/596/5
f 1563/595/4 749/594/4 747/598/4
f 1562/597/5 748/596/5 746/600/5
f 1561/599/4 747/598/4 745/602/4
f 1560/601/5 746/600/5 744/604/5
f 1559/603/4 745/602/4 743/606/4
f 1558/605/5 744/604/5 742/608/5
f 1557/607/4 743/606/4 741/610/4
f 1556/609/5 742/608/5 740/612/5
f 1555/611/4 741/610/4 739/614/4
f 1554/613/5 740/612/5 738/616/5
f 1553/615/4 739/614/4 737/618/4
f 1552/617/5 738/616/5 735/620/5
f 1551/619/4 737/618/4 734/622/4
f 1550/621/5 735/620/5 736/624/5
f 1549/623/4 734/622/4 732/625/4
f 1548/560/2 733/559/2 731/627/2
f 1547/626/4 732/625/4 730/629/4
f 1546/628/2 731/627/2 729/631/2
f 1545/630/4 730/629/4 728/633/4
f 1544/632/2 729/631/2 727/635/2
f 1543/634/4 728/633/4 726/637/4
f 1542/636/2 727/635/2 725/639/2
f 1541/638/4 726/637/4 724/641/4
f 1540/640/2 725/639/2 723/643/2
f 1539/642/4 724/641/4 722/645/4
f 1537/646/4 722/645/4 720/647/4
f 1536/648/4 720/647/4 718/649/4
f 1534/650/4 718/649/4 719/651/4
f 1532/565/3 716/564/3 714/652/3
f 1530/653/3 714/652/3 712/654/3
f 1528/655/3 712/654/3 710/656/3
f 1526/657/3 710/656/3 709/658/3
f 1524/659/3 709/658/3 707/660/3
f 706/664/2 1522/667/2 1772/662/2
f 1522/667/2 1797/1255/2 1772/662/2
f 1772/662/2 1773/1240/2 708/663/2
f 1523/661/3 707/660/3 705/665/3
f 1522/667/2 706/664/2 704/668/2
f 1521/666/3 705/665/3 703/670/3
f 1520/669/2 704/668/2 702/672/2
f 1519/671/3 703/670/3 701/674/3
f 1518/673/2 702/672/2 700/676/2
f 1517/675/3 701/674/3 699/678/3
f 1516/677/2 700/676/2 698/680/2
f 1515/679/3 699/678/3 697/682/3
f 1514/681/2 698/680/2 695/684/2
f 1513/683/3 697/682/3 693/686/3
f 1512/685/2 695/684/2 696/688/2
f 1511/687/3 693/686/3 694/689/3
f 1815/690/7 1038/1250/7 1034/364/7
f 290/418/2 1243/917/2 1245/691/2
f 1804/692/1 1026/696/1 1025/693/1
f 1805/695/1 1027/698/1 1026/696/1
f 1806/697/1 1028/700/1 1027/698/1
f 1807/699/1 1029/1251/1 1028/700/1
f 1149/701/10 1143/1106/10 1144/702/10
f 1287/704/10 1286/876/10 1284/705/10
f 1142/707/11 1404/1053/11 1403/708/11
f 1280/710/12 1278/738/12 1487/711/12
f 1205/713/11 1204/1119/11 1446/714/11
f 1139/716/10 1133/776/10 1134/717/10
f 1137/719/10 1131/791/10 1132/720/10
f 1282/722/10 1280/710/10 1281/723/10
f 1194/725/12 1435/918/12 1470/726/12
f 1053/727/11 1326/852/11 1325/728/11
f 1264/730/13 1473/1027/13 1474/731/13
f 1127/732/10 1121/857/10 1122/733/10
f 1125/735/10 1119/916/10 1120/736/10
f 1278/738/10 1276/965/10 1277/739/10
f 1140/718/11 1402/991/11 1401/741/11
f 1193/742/14 1248/372/14 1469/743/14
f 1263/386/11 1472/775/11 1471/745/11
f 1115/747/10 1109/1147/10 1110/748/10
f 1113/750/10 1107/1146/10 1108/751/10
f 1274/753/10 1272/1110/10 1273/754/10
f 1138/721/11 1400/994/11 1399/756/11
f 1202/757/11 1444/1082/11 1443/758/11
f 1051/760/11 1324/902/11 1323/761/11
f 1103/763/10 1097/1136/10 1098/764/10
f 1102/766/10 1101/1145/10 1095/767/10
f 1271/769/10 1270/1109/10 1268/770/10
f 1135/772/13 1397/1050/13 1398/773/13
f 1265/388/14 1474/731/14 1472/775/14
f 1133/776/13 1395/999/13 1396/777/13
f 1091/778/10 1085/1116/10 1086/779/10
f 1089/781/10 1083/1113/10 1084/782/10
f 1266/784/10 1264/730/10 1265/388/10
f 1201/785/11 1442/1079/11 1441/786/11
f 1049/788/11 1322/953/11 1321/789/11
f 1131/791/13 1393/1001/13 1394/792/13
f 1079/793/10 1074/799/10 1073/794/10
f 1077/796/10 1059/828/10 1060/797/10
f 1262/746/10 1260/830/10 1261/384/10
f 1074/799/10 1056/1256/10 1055/800/10
f 1073/794/10 1055/800/10 1054/729/10
f 1269/771/14 1478/1020/14 1476/802/14
f 1071/803/10 1053/727/10 1052/762/10
f 1130/805/11 1392/1051/11 1391/806/11
f 1069/808/10 1051/760/10 1050/790/10
f 1197/810/11 1440/1076/11 1439/811/11
f 1067/813/10 1049/788/10 1048/814/10
f 1047/816/11 1320/1032/11 1319/817/11
f 1065/818/10 1047/816/10 1046/819/10
f 1054/729/12 1325/728/12 1337/821/12
f 1063/822/10 1045/880/10 1044/823/10
f 1128/734/11 1390/1000/11 1389/825/11
f 1061/826/10 1043/922/10 1041/827/10
f 1059/828/10 1041/827/10 1042/829/10
f 1260/830/10 1258/831/10 1259/382/10
f 1258/831/10 1256/832/10 1257/378/10
f 1256/832/10 1254/937/10 1255/374/10
f 1039/833/10 1293/357/10 1296/834/10
f 1057/836/10 1039/833/10 1040/835/10
f 1075/838/10 1057/836/10 1058/837/10
f 1081/840/10 1075/838/10 1076/839/10
f 1124/842/14 1386/890/14 1380/843/14
f 1093/845/10 1087/979/10 1088/846/10
f 1273/754/14 1482/1012/14 1480/848/14
f 1105/849/10 1099/980/10 1100/850/10
f 1071/803/14 1338/1028/14 1326/852/14
f 1117/853/10 1111/984/10 1112/854/10
f 1126/737/11 1388/1002/11 1387/855/11
f 1129/807/10 1123/889/10 1124/842/10
f 1115/747/12 1377/1151/12 1383/856/12
f 1141/709/10 1135/772/10 1136/774/10
f 1196/858/11 1195/1105/11 1438/859/11
f 1166/861/10 1147/986/10 1148/862/10
f 1185/864/10 1166/861/10 1167/863/10
f 1187/866/10 1185/864/10 1186/865/10
f 1210/868/10 1187/866/10 1188/867/10
f 1294/870/10 1210/868/10 1209/869/10
f 1293/357/10 1231/989/10 1230/871/10
f 1165/872/10 1145/1107/10 1146/873/10
f 1289/875/10 1288/908/10 1286/876/10
f 1168/877/10 1149/701/10 1150/703/10
f 1170/879/10 1151/1114/10 1149/701/10
f 1045/880/11 1318/1035/11 1317/881/11
f 1172/882/10 1153/1117/10 1152/883/10
f 1052/762/12 1323/761/12 1335/885/12
f 1174/886/10 1155/1121/10 1154/887/10
f 1123/889/13 1385/1049/13 1386/890/13
f 1178/891/10 1159/1126/10 1842/892/10
f 1122/733/14 1384/914/14 1378/894/14
f 1179/895/10 1160/1129/10 1158/896/10
f 1277/739/14 1486/1004/14 1484/898/14
f 1181/899/10 1162/1132/10 1161/900/10
f 1069/808/14 1336/1029/14 1324/902/14
f 1183/903/10 1164/874/10 1163/904/10
f 1184/906/10 1165/872/10 1164/874/10
f 1291/907/10 1290/909/10 1288/908/10
f 1292/347/10 1190/910/10 1290/909/10
f 1252/350/10 1190/910/10 1292/347/10
f 1251/355/10 1189/911/10 1190/910/10
f 1250/360/10 1191/912/10 1189/911/10
f 1249/368/10 1192/913/10 1191/912/10
f 1248/372/10 1193/742/10 1192/913/10
f 1121/857/13 1383/856/13 1384/914/13
f 1246/380/10 1195/1105/10 1194/725/10
f 1113/750/12 1375/1150/12 1381/915/12
f 1243/917/10 1197/810/10 1196/858/10
f 1193/742/11 1436/744/11 1435/918/11
f 1241/919/10 1201/785/10 1844/920/10
f 1043/922/11 1316/1038/11 1315/923/11
f 1239/924/10 1202/757/10 1200/787/10
f 1050/790/12 1321/789/12 1333/926/12
f 1237/927/10 1204/1119/10 1203/759/10
f 1119/916/13 1381/915/13 1382/929/13
f 1235/930/10 1206/933/10 1205/713/10
f 1234/932/10 1207/935/10 1206/933/10
f 1232/934/10 1208/936/10 1207/935/10
f 1233/352/10 1209/869/10 1208/936/10
f 1254/937/10 1212/362/10 1295/370/10
f 1314/938/10 1211/940/10 1212/362/10
f 1313/939/10 1213/942/10 1211/940/10
f 1312/941/10 1214/944/10 1213/942/10
f 1311/943/10 1215/981/10 1214/944/10
f 1120/736/14 1382/929/14 1376/945/14
f 1309/946/10 1217/982/10 1216/947/10
f 1281/723/14 1490/1003/14 1488/949/14
f 1307/950/10 1219/983/10 1218/951/10
f 1067/813/14 1334/1030/14 1322/953/14
f 1305/954/10 1221/985/10 1220/955/10
f 1248/372/13 1247/376/13 1470/726/13
f 1303/957/10 1223/987/10 1222/958/10
f 1118/844/11 1380/843/11 1379/960/11
f 1301/961/10 1225/988/10 1224/962/10
f 1274/753/12 1483/1112/12 1485/964/12
f 1299/966/10 1227/970/10 1226/967/10
f 1298/969/10 1228/972/10 1227/970/10
f 1297/971/10 1229/973/10 1228/972/10
f 1296/834/10 1230/871/10 1229/973/10
f 1821/365/10 1242/1248/10 1199/974/10
f 1176/976/10 1157/1249/10 1818/977/10
f 408/358/4 1293/357/4 1039/833/4
f 343/509/4 1039/833/4 1057/836/4
f 344/505/4 1057/836/4 1075/838/4
f 345/501/4 1075/838/4 1081/840/4
f 346/497/4 1081/840/4 1087/979/4
f 406/363/5 1212/362/5 1211/940/5
f 347/493/4 1087/979/4 1093/845/4
f 245/527/5 1211/940/5 1213/942/5
f 348/489/4 1093/845/4 1099/980/4
f 246/525/5 1213/942/5 1214/944/5
f 349/485/4 1099/980/4 1105/849/4
f 247/523/5 1214/944/5 1215/981/5
f 248/521/5 1215/981/5 1216/947/5
f 249/519/5 1216/947/5 1217/982/5
f 250/517/5 1217/982/5 1218/951/5
f 251/515/5 1218/951/5 1219/983/5
f 350/481/4 1105/849/4 1111/984/4
f 351/477/4 1111/984/4 1117/853/4
f 352/469/4 1117/853/4 1123/889/4
f 361/465/4 1123/889/4 1129/807/4
f 362/461/4 1129/807/4 1135/772/4
f 252/513/5 1219/983/5 1220/955/5
f 363/457/4 1135/772/4 1141/709/4
f 261/511/5 1220/955/5 1221/985/5
f 364/453/4 1141/709/4 1147/986/4
f 262/503/5 1221/985/5 1222/958/5
f 365/449/4 1147/986/4 1166/861/4
f 263/499/5 1222/958/5 1223/987/5
f 366/445/4 1166/861/4 1185/864/4
f 264/495/5 1223/987/5 1224/962/5
f 367/441/4 1185/864/4 1187/866/4
f 265/491/5 1224/962/5 1225/988/5
f 368/437/4 1187/866/4 1210/868/4
f 266/487/5 1225/988/5 1226/967/5
f 369/433/4 1210/868/4 1294/870/4
f 267/483/5 1226/967/5 1227/970/5
f 268/479/5 1227/970/5 1228/972/5
f 269/475/5 1228/972/5 1229/973/5
f 270/471/5 1229/973/5 1230/871/5
f 271/467/5 1230/871/5 1231/989/5
f 412/348/3 1292/347/3 1291/907/3
f 370/429/3 1291/907/3 1289/875/3
f 371/424/3 1289/875/3 1287/704/3
f 372/420/3 1287/704/3 1285/706/3
f 381/416/3 1285/706/3 1283/724/3
f 410/353/2 1233/352/2 1232/934/2
f 382/413/3 1283/724/3 1281/723/3
f 272/463/2 1232/934/2 1234/932/2
f 383/410/3 1281/723/3 1279/740/3
f 281/459/2 1234/932/2 1235/930/2
f 384/407/3 1279/740/3 1277/739/3
f 282/455/2 1235/930/2 1236/931/2
f 385/404/3 1277/739/3 1275/755/3
f 283/451/2 1236/931/2 1237/927/2
f 386/398/3 1275/755/3 1273/754/3
f 284/447/2 1237/927/2 1238/928/2
f 387/395/3 1273/754/3 1271/769/3
f 285/443/2 1238/928/2 1239/924/2
f 388/392/3 1271/769/3 1269/771/3
f 286/439/2 1239/924/2 1240/925/2
f 287/435/2 1240/925/2 1241/919/2
f 288/431/2 1241/919/2 1841/921/2
f 289/422/2 1244/1111/2 1243/917/2
f 1407/990/10 1401/741/10 1402/991/10
f 1405/993/10 1399/756/10 1400/994/10
f 1494/996/10 1493/1125/10 1491/997/10
f 1395/999/10 1389/825/10 1390/1000/10
f 1393/1001/10 1387/855/10 1388/1002/10
f 1489/712/10 1487/711/10 1488/949/10
f 1383/856/10 1377/1151/10 1378/894/10
f 1381/915/10 1375/1150/10 1376/945/10
f 1485/964/10 1483/1112/10 1484/898/10
f 1371/1005/10 1365/1149/10 1366/1006/10
f 1369/1008/10 1363/1148/10 1364/1009/10
f 1481/1011/10 1479/1108/10 1480/848/10
f 1359/1013/10 1353/1144/10 1354/1014/10
f 1358/1016/10 1357/1134/10 1351/1017/10
f 1477/1019/10 1475/1104/10 1476/802/10
f 1347/1021/10 1341/1140/10 1342/1022/10
f 1345/1024/10 1339/1137/10 1340/1025/10
f 1473/1027/10 1471/745/10 1472/775/10
f 1337/821/10 1325/728/10 1326/852/10
f 1335/885/10 1323/761/10 1324/902/10
f 1333/926/10 1321/789/10 1322/953/10
f 1331/1031/10 1319/817/10 1320/1032/10
f 1329/1034/10 1317/881/10 1318/1035/10
f 1327/1037/10 1315/923/10 1316/1038/10
f 1349/1040/10 1343/1141/10 1344/1041/10
f 1361/1043/10 1355/1139/10 1356/1044/10
f 1373/1046/10 1367/1142/10 1368/1047/10
f 1385/1049/10 1379/960/10 1380/843/10
f 1397/1050/10 1391/806/10 1392/1051/10
f 1409/1052/10 1403/708/10 1404/1053/10
f 1423/1055/10 1411/1115/10 1412/1056/10
f 1425/1058/10 1413/1118/10 1414/1059/10
f 1427/1061/10 1415/1122/10 1416/1062/10
f 1429/1064/10 1417/1127/10 1418/1065/10
f 1431/1067/10 1419/1130/10 1420/1068/10
f 1433/1070/10 1421/1133/10 1422/1071/10
f 1470/726/10 1435/918/10 1436/744/10
f 1468/1073/10 1437/860/10 1438/859/10
f 1466/1075/10 1439/811/10 1440/1076/10
f 1464/1078/10 1441/786/10 1442/1079/10
f 1462/1081/10 1443/758/10 1444/1082/10
f 1460/1084/10 1445/715/10 1446/714/10
f 1505/1086/10 1447/1120/10 1448/1087/10
f 1503/1089/10 1449/1124/10 1450/1090/10
f 1501/1092/10 1451/1128/10 1452/1093/10
f 1499/1095/10 1453/1131/10 1454/1096/10
f 1497/1098/10 1455/1135/10 1456/1099/10
f 1495/1101/10 1457/1138/10 1458/1102/10
f 1267/390/11 1476/802/11 1475/1104/11
f 1195/1105/14 1246/380/14 1467/1074/14
f 1132/720/14 1394/792/14 1388/1002/14
f 1143/1106/13 1405/993/13 1406/995/13
f 1268/770/13 1477/1019/13 1478/1020/13
f 1196/858/12 1437/860/12 1468/1073/12
f 1125/735/12 1387/855/12 1393/1001/12
f 1145/1107/13 1407/990/13 1408/992/13
f 1271/769/11 1480/848/11 1479/1108/11
f 1197/810/14 1243/917/14 1465/1077/14
f 1134/717/14 1396/777/14 1390/1000/14
f 1147/986/13 1409/1052/13 1410/1054/13
f 1272/1110/13 1481/1011/13 1482/1012/13
f 1262/746/12 1471/745/12 1473/1027/12
f 1198/812/12 1439/811/12 1466/1075/12
f 1127/732/12 1389/825/12 1395/999/12
f 1275/755/11 1484/898/11 1483/1112/11
f 1084/782/14 1346/1026/14 1340/1025/14
f 1201/785/14 1241/919/14 1463/1080/14
f 1136/774/14 1398/773/14 1392/1051/14
f 1276/965/13 1485/964/13 1486/1004/13
f 1077/796/12 1339/1137/12 1345/1024/12
f 1062/824/13 1327/1037/13 1328/1039/13
f 1200/787/12 1441/786/12 1464/1078/12
f 1151/1114/11 1412/1056/11 1411/1115/11
f 1279/740/11 1488/949/11 1487/711/11
f 1086/779/14 1348/1023/14 1342/1022/14
f 1202/757/14 1239/924/14 1461/1083/14
f 1280/710/13 1489/712/13 1490/1003/13
f 1079/793/12 1341/1140/12 1347/1021/12
f 1064/820/13 1329/1034/13 1330/1036/13
f 1203/759/12 1443/758/12 1462/1081/12
f 1153/1117/11 1414/1059/11 1413/1118/11
f 1283/724/11 1492/998/11 1491/997/11
f 1088/846/14 1350/1042/14 1344/1041/14
f 1204/1119/14 1237/927/14 1459/1085/14
f 1284/705/13 1493/1125/13 1494/996/13
f 1066/815/13 1331/1031/13 1332/1033/13
f 1205/713/12 1445/715/12 1460/1084/12
f 1215/981/11 1448/1087/11 1447/1120/11
f 1155/1121/11 1416/1062/11 1415/1122/11
f 1068/809/13 1333/926/13 1334/1030/13
f 1218/951/11 1217/982/11 1450/1090/11
f 1300/968/13 1495/1101/13 1496/1103/13
f 1282/722/12 1491/997/12 1493/1125/12
f 1159/1126/11 1418/1065/11 1417/1127/11
f 1144/702/14 1406/995/14 1400/994/14
f 1070/804/13 1335/885/13 1336/1029/13
f 1219/983/11 1452/1093/11 1451/1128/11
f 1302/963/13 1497/1098/13 1498/1100/13
f 1137/719/12 1399/756/12 1405/993/12
f 1160/1129/11 1420/1068/11 1419/1130/11
f 1146/873/14 1408/992/14 1402/991/14
f 1266/784/12 1475/1104/12 1477/1019/12
f 1072/801/13 1337/821/13 1338/1028/13
f 1221/985/11 1454/1096/11 1453/1131/11
f 1304/959/13 1499/1095/13 1500/1097/13
f 1139/716/12 1401/741/12 1407/990/12
f 1162/1132/11 1422/1071/11 1421/1133/11
f 1096/768/14 1358/1016/14 1352/1018/14
f 1148/862/14 1410/1054/14 1404/1053/14
f 1089/781/12 1351/1017/12 1357/1134/12
f 1223/987/11 1456/1099/11 1455/1135/11
f 1307/950/13 1306/956/13 1501/1092/13
f 1081/840/12 1343/1141/12 1349/1040/12
f 1098/764/14 1360/1015/14 1354/1014/14
f 1311/943/14 1506/1088/14 1448/1087/14
f 1091/778/12 1353/1144/12 1359/1013/12
f 1078/798/11 1340/1025/11 1339/1137/11
f 1216/947/12 1447/1120/12 1505/1086/12
f 1226/967/11 1225/988/11 1458/1102/11
f 1308/952/13 1503/1089/13 1504/1091/13
f 1099/980/12 1093/845/12 1355/1139/12
f 1100/850/14 1362/1045/14 1356/1044/14
f 1080/795/11 1342/1022/11 1341/1140/11
f 1309/946/14 1504/1091/14 1450/1090/14
f 1082/841/11 1344/1041/11 1343/1141/11
f 1218/951/12 1449/1124/12 1503/1089/12
f 1310/948/13 1505/1086/13 1506/1088/13
f 1171/884/13 1423/1055/13 1424/1057/13
f 1111/984/12 1105/849/12 1367/1142/12
f 1083/1113/13 1345/1024/13 1346/1026/13
f 1307/950/14 1502/1094/14 1452/1093/14
f 1085/1116/13 1347/1021/13 1348/1023/13
f 1220/955/12 1451/1128/12 1501/1092/12
f 1173/888/13 1425/1058/13 1426/1060/13
f 1123/889/12 1117/853/12 1379/960/12
f 1087/979/13 1349/1040/13 1350/1042/13
f 1305/954/14 1500/1097/14 1454/1096/14
f 1090/783/11 1352/1018/11 1351/1017/11
f 1222/958/12 1453/1131/12 1499/1095/12
f 1175/1143/13 1427/1061/13 1428/1063/13
f 1135/772/12 1129/807/12 1391/806/12
f 1092/780/11 1354/1014/11 1353/1144/11
f 1303/957/14 1498/1100/14 1456/1099/14
f 1170/879/14 1424/1057/14 1412/1056/14
f 1270/1109/12 1479/1108/12 1481/1011/12
f 1094/847/11 1356/1044/11 1355/1139/11
f 1224/962/12 1455/1135/12 1497/1098/12
f 1152/883/12 1411/1115/12 1423/1055/12
f 1177/897/13 1429/1064/13 1430/1066/13
f 1147/986/12 1141/709/12 1403/708/12
f 1108/751/14 1370/1010/14 1364/1009/14
f 1095/767/13 1357/1134/13 1358/1016/13
f 1301/961/14 1496/1103/14 1458/1102/14
f 1172/882/14 1426/1060/14 1414/1059/14
f 1101/1145/12 1363/1148/12 1369/1008/12
f 1097/1136/13 1359/1013/13 1360/1015/13
f 1226/967/12 1457/1138/12 1495/1101/12
f 1236/931/13 1460/1084/13 1459/1085/13
f 1154/887/12 1413/1118/12 1425/1058/12
f 1180/901/13 1431/1067/13 1432/1069/13
f 1110/748/14 1372/1007/14 1366/1006/14
f 1099/980/13 1361/1043/13 1362/1045/13
f 1174/886/14 1428/1063/14 1416/1062/14
f 1103/763/12 1365/1149/12 1371/1005/12
f 1102/766/11 1364/1009/11 1363/1148/11
f 1238/928/13 1462/1081/13 1461/1083/13
f 1156/1123/12 1415/1122/12 1427/1061/12
f 1182/905/13 1433/1070/13 1434/1072/13
f 1112/854/14 1374/1048/14 1368/1047/14
f 1104/765/11 1366/1006/11 1365/1149/11
f 1178/891/14 1430/1066/14 1418/1065/14
f 1106/851/11 1368/1047/11 1367/1142/11
f 1240/925/13 1464/1078/13 1463/1080/13
f 1061/826/14 1328/1039/14 1316/1038/14
f 1158/896/12 1417/1127/12 1429/1064/12
f 1107/1146/13 1369/1008/13 1370/1010/13
f 1044/823/12 1315/923/12 1327/1037/12
f 1179/895/14 1432/1069/14 1420/1068/14
f 1109/1147/13 1371/1005/13 1372/1007/13
f 1244/1111/13 1466/1075/13 1465/1077/13
f 1063/822/14 1330/1036/14 1318/1035/14
f 1161/900/12 1419/1130/12 1431/1067/12
f 1111/984/13 1373/1046/13 1374/1048/13
f 1046/819/12 1317/881/12 1329/1034/12
f 1181/899/14 1434/1072/14 1422/1071/14
f 1114/752/11 1376/945/11 1375/1150/11
f 1245/691/13 1468/1073/13 1467/1074/13
f 1065/818/14 1332/1033/14 1320/1032/14
f 1163/904/12 1421/1133/12 1433/1070/12
f 1285/706/14 1494/996/14 1492/998/14
f 1116/749/11 1378/894/11 1377/1151/11
f 1048/814/12 1319/817/12 1331/1031/12
f 80/341/15 81/340/15 1660/1152/15
f 49/32/16 1629/1207/16 1628/1154/16
f 79/342/15 80/341/15 1659/1153/15
f 48/30/16 1628/1154/16 1627/1156/16
f 78/343/15 79/342/15 1658/1155/15
f 47/28/16 1627/1156/16 1626/1158/16
f 77/1/15 78/343/15 1657/1157/15
f 45/24/16 46/26/16 1626/1158/16
f 16/1161/15 77/1/15 1656/1159/15
f 44/22/16 45/24/16 1625/1160/16
f 76/6/17 1592/1229/17 1655/1164/17
f 43/20/16 44/22/16 1624/1163/16
f 75/323/17 1655/1164/17 1654/1166/17
f 42/18/16 43/20/16 1623/1165/16
f 74/322/17 1654/1166/17 1653/1168/17
f 41/16/16 42/18/16 1622/1167/16
f 73/321/17 1653/1168/17 1652/1170/17
f 40/14/16 41/16/16 1621/1169/16
f 72/320/17 1652/1170/17 1651/1172/17
f 39/12/16 40/14/16 1620/1171/16
f 71/319/17 1651/1172/17 1650/1174/17
f 38/10/16 39/12/16 1619/1173/16
f 70/318/17 1650/1174/17 1649/1176/17
f 37/8/16 38/10/16 1618/1175/16
f 69/317/17 1649/1176/17 1648/1178/17
f 14/5/16 37/8/16 1617/1177/16
f 68/316/17 1648/1178/17 1647/1180/17
f 36/282/18 1590/1227/18 1616/1181/18
f 67/314/17 1647/1180/17 1846/1182/17
f 35/261/18 1616/1181/18 1615/1183/18
f 65/312/17 66/313/17 1645/1184/17
f 34/228/18 1615/1183/18 1614/1186/18
f 64/311/17 65/312/17 1644/1185/17
f 33/220/18 1614/1186/18 1613/1188/18
f 63/310/17 64/311/17 1643/1187/17
f 32/212/18 1613/1188/18 1612/1190/18
f 62/309/17 63/310/17 1642/1189/17
f 31/205/18 1612/1190/18 1611/1192/18
f 61/308/17 62/309/17 1641/1191/17
f 30/197/18 1611/1192/18 1610/1194/18
f 60/307/17 61/308/17 1640/1193/17
f 29/189/18 1610/1194/18 1609/1196/18
f 59/306/17 60/307/17 1639/1195/17
f 28/181/18 1609/1196/18 1608/1198/18
f 58/305/17 59/306/17 1638/1197/17
f 26/165/18 27/173/18 1608/1198/18
f 57/303/17 58/305/17 1637/1199/17
f 25/157/18 26/165/18 1607/1200/18
f 13/304/17 57/303/17 1636/1201/17
f 24/148/18 25/157/18 1606/1202/18
f 1816/694/17 1025/693/17 1646/1205/17
f 50/34/16 1630/1209/16 1629/1207/16
f 81/340/15 82/339/15 1661/1208/15
f 51/36/16 1631/1211/16 1630/1209/16
f 82/339/15 83/338/15 1662/1210/15
f 52/38/16 1632/1213/16 1631/1211/16
f 83/338/15 84/337/15 1663/1212/15
f 53/40/16 1633/1215/16 1632/1213/16
f 84/337/15 85/336/15 1664/1214/15
f 54/42/16 1634/1217/16 1633/1215/16
f 85/336/15 86/335/15 1665/1216/15
f 55/43/16 1635/1218/16 1634/1217/16
f 87/334/15 1666/1219/15 1665/1216/15
f 56/2/16 1594/1230/16 1635/1218/16
f 88/333/15 1667/1220/15 1666/1219/15
f 89/332/15 1668/1221/15 1667/1220/15
f 90/331/15 1669/1222/15 1668/1221/15
f 91/330/15 1670/1223/15 1669/1222/15
f 92/329/15 1671/1224/15 1670/1223/15
f 93/328/15 1672/1225/15 1671/1224/15
f 94/327/15 1673/1226/15 1672/1225/15
f 95/326/15 1674/1228/15 1673/1226/15
f 13/304/18 1591/1203/18 1590/1227/18
f 96/325/15 1596/1231/15 1674/1228/15
f 14/5/17 1593/1179/17 1592/1229/17
f 16/1161/16 1595/1162/16 1594/1230/16
f 15/324/15 1597/1233/15 1596/1231/15
f 15/324/18 17/44/18 1598/1232/18
f 17/44/18 18/46/18 1599/1234/18
f 18/46/18 19/85/18 1600/1235/18
f 19/85/18 20/105/18 1601/1236/18
f 20/105/18 21/125/18 1602/1237/18
f 21/125/18 22/133/18 1603/1238/18
f 22/133/18 23/141/18 1604/1239/18
f 23/141/18 24/148/18 1605/1204/18
f 721/1245/2 1766/1244/2 1767/1242/2
f 1767/1242/2 1785/1257/2 1538/644/2
f 723/643/2 721/1245/2 1767/1242/2
f 66/313/17 1816/694/17 1823/1206/17
f 1819/978/10 1818/977/10 1156/1123/10
f 1821/365/10 1820/975/10 1198/812/10
f 167/1246/1 1807/699/1 1806/697/1
f 147/243/1 1806/697/1 1805/695/1
f 127/271/1 1805/695/1 1804/692/1
f 107/292/1 1804/692/1 1816/694/1
f 960/1247/7 1815/690/7 1817/366/7
f 1817/366/2 1821/365/2 1244/1111/2
f 1827/315/17 1846/1182/17 1646/1205/17
f 1828/426/2 1841/921/2 1242/1248/2
f 1841/921/10 1844/920/10 1199/974/10
f 1843/893/10 1842/892/10 1157/1249/10
f 1840/427/7 1828/426/7 1034/364/7
f 1026/696/1 1829/294/1 1827/315/1
f 1027/698/1 1830/273/1 1829/294/1
f 1028/700/1 1831/246/1 1830/273/1
f 1029/1251/1 1832/244/1 1831/246/1
f 161/1258/10 160/1259/10 180/1260/10
f 200/1261/10 220/1262/10 162/1263/10
f 220/1262/10 240/1264/10 163/1265/10
f 162/1263/10 220/1262/10 163/1265/10
f 161/1258/10 180/1260/10 200/1261/10
f 164/1266/10 163/1265/10 240/1264/10
f 162/1263/10 161/1258/10 200/1261/10
f 240/1264/10 260/1267/10 164/1266/10
f 260/1267/10 280/1268/10 165/1269/10
f 164/1266/10 260/1267/10 165/1269/10
f 166/1270/10 165/1269/10 280/1268/10
f 280/1268/10 300/1271/10 1832/1272/10
f 300/1271/10 320/1273/10 425/1274/10
f 280/1268/10 1832/1272/10 166/1270/10
f 1029/1275/10 1832/1272/10 300/1271/10
f 1029/1275/10 300/1271/10 426/1276/10
f 320/1273/10 340/1277/10 425/1274/10
f 340/1277/10 360/1278/10 424/1279/10
f 167/1280/10 1807/1281/10 293/1282/10
f 1807/1281/10 1029/1275/10 313/1283/10
f 426/1276/10 300/1271/10 425/1274/10
f 360/1278/10 380/1284/10 423/1285/10
f 380/1284/10 400/1286/10 422/1287/10
f 293/1282/10 1807/1281/10 313/1283/10
f 425/1274/10 340/1277/10 424/1279/10
f 169/1288/10 168/1289/10 253/1290/10
f 168/1289/10 167/1280/10 273/1291/10
f 273/1291/10 167/1280/10 293/1282/10
f 400/1286/10 420/1292/10 421/1293/10
f 1029/1275/10 426/1276/10 427/1294/10
f 171/1295/10 170/1296/10 213/1297/10
f 170/1296/10 169/1288/10 233/1298/10
f 233/1298/10 169/1288/10 253/1290/10
f 253/1290/10 168/1289/10 273/1291/10
f 400/1286/10 421/1293/10 422/1287/10
f 423/1285/10 424/1279/10 360/1278/10
f 423/1285/10 380/1284/10 422/1287/10
f 213/1297/10 170/1296/10 233/1298/10
f 193/1299/10 173/1300/10 172/1301/10
f 172/1301/10 171/1295/10 193/1299/10
f 193/1299/10 171/1295/10 213/1297/10
f 427/1294/10 428/1302/10 333/1303/10
f 427/1294/10 313/1283/10 1029/1275/10
f 313/1283/10 427/1294/10 333/1303/10
f 429/1304/10 430/1305/10 373/1306/10
f 430/1305/10 431/1252/10 393/1254/10
f 429/1304/10 373/1306/10 353/1307/10
f 428/1302/10 429/1304/10 353/1307/10
f 428/1302/10 353/1307/10 333/1303/10
f 432/1308/10 433/1309/10 413/1253/10
f 430/1305/10 393/1254/10 373/1306/10
f 431/1252/10 432/1308/10 413/1253/10
usemtl mat_brown01
f 694/689/3 852/1310/3 774/537/3
f 774/537/3 851/1311/3 773/539/3
f 773/539/3 850/1312/3 772/541/3
f 772/541/3 849/1313/3 771/543/3
f 771/543/3 848/1314/3 770/545/3
f 770/545/3 847/1315/3 769/547/3
f 769/547/3 846/1316/3 768/549/3
f 768/549/3 845/1317/3 767/551/3
f 767/551/5 844/1318/5 766/553/5
f 736/624/4 835/1319/4 757/556/4
f 719/651/2 812/1320/2 733/559/2
f 766/553/5 843/1321/5 765/561/5
f 696/688/3 796/1322/3 716/564/3
f 765/561/5 842/1323/5 764/566/5
f 764/566/5 841/1324/5 763/568/5
f 763/568/5 840/1325/5 762/570/5
f 762/570/5 839/1326/5 761/572/5
f 761/572/5 838/1327/5 760/574/5
f 760/574/5 837/1328/5 759/576/5
f 759/576/5 836/1329/5 758/578/5
f 758/578/5 834/1330/5 756/580/5
f 757/556/4 833/1331/4 755/582/4
f 756/580/5 832/1332/5 754/584/5
f 755/582/4 831/1333/4 753/586/4
f 754/584/5 830/1334/5 752/588/5
f 753/586/4 829/1335/4 751/590/4
f 752/588/5 828/1336/5 750/592/5
f 751/590/4 827/1337/4 749/594/4
f 750/592/5 826/1338/5 748/596/5
f 749/594/4 825/1339/4 747/598/4
f 748/596/5 824/1340/5 746/600/5
f 747/598/4 823/1341/4 745/602/4
f 746/600/5 822/1342/5 744/604/5
f 745/602/4 821/1343/4 743/606/4
f 744/604/5 820/1344/5 742/608/5
f 743/606/4 819/1345/4 741/610/4
f 742/608/5 818/1346/5 740/612/5
f 741/610/4 817/1347/4 739/614/4
f 740/612/5 816/1348/5 738/616/5
f 739/614/4 815/1349/4 737/618/4
f 738/616/5 814/1350/5 735/620/5
f 737/618/4 813/1351/4 734/622/4
f 735/620/5 856/1352/5 736/624/5
f 734/622/4 811/1353/4 732/625/4
f 733/559/2 810/1354/2 731/627/2
f 732/625/4 809/1355/4 730/629/4
f 731/627/2 808/1356/2 729/631/2
f 730/629/4 807/1357/4 728/633/4
f 729/631/2 806/1358/2 727/635/2
f 728/633/4 805/1359/4 726/637/4
f 727/635/2 804/1360/2 725/639/2
f 726/637/4 803/1361/4 724/641/4
f 725/639/2 802/1362/2 723/643/2
f 724/641/4 801/1363/4 722/645/4
f 723/643/2 800/1364/2 721/1245/2
f 722/645/4 799/1365/4 720/647/4
f 720/647/4 798/1366/4 718/649/4
f 718/649/4 855/1367/4 719/651/4
f 716/564/3 794/1368/3 714/652/3
f 714/652/3 792/1369/3 712/654/3
f 712/654/3 790/1370/3 710/656/3
f 710/656/3 789/1371/3 709/658/3
f 1771/1241/2 788/1372/2 708/663/2
f 709/658/3 787/1373/3 707/660/3
f 708/663/2 786/1374/2 706/664/2
f 707/660/3 785/1375/3 705/665/3
f 706/664/2 784/1376/2 704/668/2
f 705/665/3 783/1377/3 703/670/3
f 704/668/2 782/1378/2 702/672/2
f 703/670/3 781/1379/3 701/674/3
f 702/672/2 780/1380/2 700/676/2
f 701/674/3 779/1381/3 699/678/3
f 700/676/2 778/1382/2 698/680/2
f 699/678/3 777/1383/3 697/682/3
f 698/680/2 776/1384/2 695/684/2
f 697/682/3 775/1385/3 693/686/3
f 695/684/2 854/1386/2 696/688/2
f 693/686/3 853/1387/3 694/689/3
f 937/1388/3 1020/535/3 936/1389/3
f 936/1389/3 1019/534/3 935/1390/3
f 935/1390/3 1018/533/3 934/1391/3
f 934/1391/3 1017/532/3 933/1392/3
f 933/1392/3 1016/531/3 932/1393/3
f 932/1393/3 1015/530/3 931/1394/3
f 931/1394/3 1014/529/3 930/1395/3
f 930/1395/3 1013/528/3 929/1396/3
f 929/1396/5 1012/526/5 928/1397/5
f 940/1398/4 1003/508/4 919/1399/4
f 939/1400/2 980/462/2 896/1401/2
f 928/1397/5 1011/524/5 927/1402/5
f 938/1403/3 963/428/3 879/1404/3
f 927/1402/5 1010/522/5 926/1405/5
f 926/1405/5 1009/520/5 925/1406/5
f 925/1406/5 1008/518/5 924/1407/5
f 924/1407/5 1007/516/5 923/1408/5
f 923/1408/5 1006/514/5 922/1409/5
f 922/1409/5 1005/512/5 921/1410/5
f 921/1410/5 1004/510/5 920/1411/5
f 920/1411/5 1002/506/5 918/1412/5
f 919/1399/4 1001/504/4 917/1413/4
f 918/1412/5 1000/507/5 916/1414/5
f 917/1413/4 999/500/4 915/1415/4
f 916/1414/5 998/502/5 914/1416/5
f 915/1415/4 997/496/4 913/1417/4
f 914/1416/5 996/498/5 912/1418/5
f 913/1417/4 995/492/4 911/1419/4
f 912/1418/5 994/494/5 910/1420/5
f 911/1419/4 993/488/4 909/1421/4
f 910/1420/5 992/490/5 908/1422/5
f 909/1421/4 991/484/4 907/1423/4
f 908/1422/5 990/486/5 906/1424/5
f 907/1423/4 989/480/4 905/1425/4
f 906/1424/5 988/482/5 904/1426/5
f 905/1425/4 987/476/4 903/1427/4
f 904/1426/5 986/478/5 902/1428/5
f 903/1427/4 985/472/4 901/1429/4
f 902/1428/5 984/474/5 900/1430/5
f 901/1429/4 983/473/4 899/1431/4
f 900/1430/5 982/470/5 898/1432/5
f 899/1431/4 981/468/4 897/1433/4
f 898/1432/5 1024/466/5 940/1398/5
f 897/1433/4 979/464/4 895/1434/4
f 896/1401/2 978/458/2 894/1435/2
f 895/1434/4 977/460/4 893/1436/4
f 894/1435/2 976/454/2 892/1437/2
f 893/1436/4 975/456/4 891/1438/4
f 892/1437/2 974/450/2 890/1439/2
f 891/1438/4 973/452/4 889/1440/4
f 890/1439/2 972/446/2 888/1441/2
f 889/1440/4 971/448/4 887/1442/4
f 888/1441/2 970/442/2 886/1443/2
f 887/1442/4 969/444/4 885/1444/4
f 886/1443/2 968/438/2 884/1445/2
f 885/1444/4 967/440/4 883/1446/4
f 884/1445/2 966/434/2 882/1447/2
f 883/1446/4 965/436/4 881/1448/4
f 882/1447/2 964/430/2 880/1449/2
f 881/1448/4 1023/432/4 939/1400/4
f 880/1449/2 962/425/2 878/1450/2
f 879/1404/3 961/423/3 877/1451/3
f 878/1450/2 1840/427/2 1839/1452/2
f 877/1451/3 959/419/3 875/1453/3
f 876/1454/2 958/421/2 874/1455/2
f 875/1453/3 957/415/3 873/1456/3
f 874/1455/2 956/417/2 872/1457/2
f 873/1456/3 955/412/3 871/1458/3
f 872/1457/2 954/414/2 870/1459/2
f 871/1458/3 953/409/3 869/1460/3
f 870/1459/2 952/411/2 868/1461/2
f 869/1460/3 951/406/3 867/1462/3
f 868/1461/2 950/408/2 866/1463/2
f 867/1462/3 949/403/3 865/1464/3
f 866/1463/2 948/405/2 864/1465/2
f 865/1464/3 947/400/3 863/1466/3
f 864/1465/2 946/402/2 862/1467/2
f 863/1466/3 945/401/3 861/1468/3
f 862/1467/2 944/399/2 860/1469/2
f 861/1468/3 943/397/3 859/1470/3
f 860/1469/2 942/396/2 858/1471/2
f 859/1470/3 941/394/3 857/1472/3
f 858/1471/2 1022/393/2 938/1403/2
f 857/1472/3 1021/391/3 937/1388/3
f 1037/1473/2 1815/690/2 1814/1474/2
f 1036/1475/2 1826/1476/2 1813/1477/2
f 1035/1478/2 1813/1477/2 1812/1479/2
f 1589/1480/2 1812/1479/2 1822/1481/2
f 1765/1243/2 800/1364/2 1764/1482/2
f 1814/1474/2 960/1247/2 876/1454/2
f 1839/1452/2 1038/1250/2 1037/1473/2
f 1838/1483/2 1781/1484/2 1036/1475/2
f 1837/1485/2 1036/1475/2 1035/1478/2
f 1845/1486/2 1035/1478/2 1589/1480/2
f 694/689/3 853/1387/3 852/1310/3
f 774/537/3 852/1310/3 851/1311/3
f 773/539/3 851/1311/3 850/1312/3
f 772/541/3 850/1312/3 849/1313/3
f 771/543/3 849/1313/3 848/1314/3
f 770/545/3 848/1314/3 847/1315/3
f 769/547/3 847/1315/3 846/1316/3
f 768/549/3 846/1316/3 845/1317/3
f 767/551/5 845/1317/5 844/1318/5
f 736/624/4 856/1352/4 835/1319/4
f 719/651/2 855/1367/2 812/1320/2
f 766/553/5 844/1318/5 843/1321/5
f 696/688/3 854/1386/3 796/1322/3
f 765/561/5 843/1321/5 842/1323/5
f 764/566/5 842/1323/5 841/1324/5
f 763/568/5 841/1324/5 840/1325/5
f 762/570/5 840/1325/5 839/1326/5
f 761/572/5 839/1326/5 838/1327/5
f 760/574/5 838/1327/5 837/1328/5
f 759/576/5 837/1328/5 836/1329/5
f 758/578/5 836/1329/5 834/1330/5
f 757/556/4 835/1319/4 833/1331/4
f 756/580/5 834/1330/5 832/1332/5
f 755/582/4 833/1331/4 831/1333/4
f 754/584/5 832/1332/5 830/1334/5
f 753/586/4 831/1333/4 829/1335/4
f 752/588/5 830/1334/5 828/1336/5
f 751/590/4 829/1335/4 827/1337/4
f 750/592/5 828/1336/5 826/1338/5
f 749/594/4 827/1337/4 825/1339/4
f 748/596/5 826/1338/5 824/1340/5
f 747/598/4 825/1339/4 823/1341/4
f 746/600/5 824/1340/5 822/1342/5
f 745/602/4 823/1341/4 821/1343/4
f 744/604/5 822/1342/5 820/1344/5
f 743/606/4 821/1343/4 819/1345/4
f 742/608/5 820/1344/5 818/1346/5
f 741/610/4 819/1345/4 817/1347/4
f 740/612/5 818/1346/5 816/1348/5
f 739/614/4 817/1347/4 815/1349/4
f 738/616/5 816/1348/5 814/1350/5
f 737/618/4 815/1349/4 813/1351/4
f 735/620/5 814/1350/5 856/1352/5
f 734/622/4 813/1351/4 811/1353/4
f 733/559/2 812/1320/2 810/1354/2
f 732/625/4 811/1353/4 809/1355/4
f 731/627/2 810/1354/2 808/1356/2
f 730/629/4 809/1355/4 807/1357/4
f 729/631/2 808/1356/2 806/1358/2
f 728/633/4 807/1357/4 805/1359/4
f 727/635/2 806/1358/2 804/1360/2
f 726/637/4 805/1359/4 803/1361/4
f 725/639/2 804/1360/2 802/1362/2
f 724/641/4 803/1361/4 801/1363/4
f 723/643/2 802/1362/2 800/1364/2
f 722/645/4 801/1363/4 799/1365/4
f 720/647/4 799/1365/4 798/1366/4
f 718/649/4 798/1366/4 855/1367/4
f 716/564/3 796/1322/3 794/1368/3
f 714/652/3 794/1368/3 792/1369/3
f 712/654/3 792/1369/3 790/1370/3
f 710/656/3 790/1370/3 789/1371/3
f 1771/1241/2 1770/1487/2 788/1372/2
f 709/658/3 789/1371/3 787/1373/3
f 708/663/2 788/1372/2 786/1374/2
f 707/660/3 787/1373/3 785/1375/3
f 706/664/2 786/1374/2 784/1376/2
f 705/665/3 785/1375/3 783/1377/3
f 704/668/2 784/1376/2 782/1378/2
f 703/670/3 783/1377/3 781/1379/3
f 702/672/2 782/1378/2 780/1380/2
f 701/674/3 781/1379/3 779/1381/3
f 700/676/2 780/1380/2 778/1382/2
f 699/678/3 779/1381/3 777/1383/3
f 698/680/2 778/1382/2 776/1384/2
f 697/682/3 777/1383/3 775/1385/3
f 695/684/2 776/1384/2 854/1386/2
f 693/686/3 775/1385/3 853/1387/3
f 937/1388/3 1021/391/3 1020/535/3
f 936/1389/3 1020/535/3 1019/534/3
f 935/1390/3 1019/534/3 1018/533/3
f 934/1391/3 1018/533/3 1017/532/3
f 933/1392/3 1017/532/3 1016/531/3
f 932/1393/3 1016/531/3 1015/530/3
f 931/1394/3 1015/530/3 1014/529/3
f 930/1395/3 1014/529/3 1013/528/3
f 929/1396/5 1013/528/5 1012/526/5
f 940/1398/4 1024/466/4 1003/508/4
f 939/1400/2 1023/432/2 980/462/2
f 928/1397/5 1012/526/5 1011/524/5
f 938/1403/3 1022/393/3 963/428/3
f 927/1402/5 1011/524/5 1010/522/5
f 926/1405/5 1010/522/5 1009/520/5
f 925/1406/5 1009/520/5 1008/518/5
f 924/1407/5 1008/518/5 1007/516/5
f 923/1408/5 1007/516/5 1006/514/5
f 922/1409/5 1006/514/5 1005/512/5
f 921/1410/5 1005/512/5 1004/510/5
f 920/1411/5 1004/510/5 1002/506/5
f 919/1399/4 1003/508/4 1001/504/4
f 918/1412/5 1002/506/5 1000/507/5
f 917/1413/4 1001/504/4 999/500/4
f 916/1414/5 1000/507/5 998/502/5
f 915/1415/4 999/500/4 997/496/4
f 914/1416/5 998/502/5 996/498/5
f 913/1417/4 997/496/4 995/492/4
f 912/1418/5 996/498/5 994/494/5
f 911/1419/4 995/492/4 993/488/4
f 910/1420/5 994/494/5 992/490/5
f 909/1421/4 993/488/4 991/484/4
f 908/1422/5 992/490/5 990/486/5
f 907/1423/4 991/484/4 989/480/4
f 906/1424/5 990/486/5 988/482/5
f 905/1425/4 989/480/4 987/476/4
f 904/1426/5 988/482/5 986/478/5
f 903/1427/4 987/476/4 985/472/4
f 902/1428/5 986/478/5 984/474/5
f 901/1429/4 985/472/4 983/473/4
f 900/1430/5 984/474/5 982/470/5
f 899/1431/4 983/473/4 981/468/4
f 898/1432/5 982/470/5 1024/466/5
f 897/1433/4 981/468/4 979/464/4
f 896/1401/2 980/462/2 978/458/2
f 895/1434/4 979/464/4 977/460/4
f 894/1435/2 978/458/2 976/454/2
f 893/1436/4 977/460/4 975/456/4
f 892/1437/2 976/454/2 974/450/2
f 891/1438/4 975/456/4 973/452/4
f 890/1439/2 974/450/2 972/446/2
f 889/1440/4 973/452/4 971/448/4
f 888/1441/2 972/446/2 970/442/2
f 887/1442/4 971/448/4 969/444/4
f 886/1443/2 970/442/2 968/438/2
f 885/1444/4 969/444/4 967/440/4
f 884/1445/2 968/438/2 966/434/2
f 883/1446/4 967/440/4 965/436/4
f 882/1447/2 966/434/2 964/430/2
f 881/1448/4 965/436/4 1023/432/4
f 880/1449/2 964/430/2 962/425/2
f 879/1404/3 963/428/3 961/423/3
f 878/1450/2 962/425/2 1840/427/2
f 877/1451/3 961/423/3 959/419/3
f 876/1454/2 960/1247/2 958/421/2
f 875/1453/3 959/419/3 957/415/3
f 874/1455/2 958/421/2 956/417/2
f 873/1456/3 957/415/3 955/412/3
f 872/1457/2 956/417/2 954/414/2
f 871/1458/3 955/412/3 953/409/3
f 870/1459/2 954/414/2 952/411/2
f 869/1460/3 953/409/3 951/406/3
f 868/1461/2 952/411/2 950/408/2
f 867/1462/3 951/406/3 949/403/3
f 866/1463/2 950/408/2 948/405/2
f 865/1464/3 949/403/3 947/400/3
f 864/1465/2 948/405/2 946/402/2
f 863/1466/3 947/400/3 945/401/3
f 862/1467/2 946/402/2 944/399/2
f 861/1468/3 945/401/3 943/397/3
f 860/1469/2 944/399/2 942/396/2
f 859/1470/3 943/397/3 941/394/3
f 858/1471/2 942/396/2 1022/393/2
f 857/1472/3 941/394/3 1021/391/3
f 1037/1473/2 1038/1250/2 1815/690/2
f 1036/1475/2 1781/1484/2 1826/1476/2
f 1035/1478/2 1036/1475/2 1813/1477/2
f 1589/1480/2 1035/1478/2 1812/1479/2
f 1765/1243/2 721/1245/2 800/1364/2
f 1814/1474/2 1815/690/2 960/1247/2
f 1839/1452/2 1840/427/2 1038/1250/2
f 1838/1483/2 1849/1488/2 1781/1484/2
f 1837/1485/2 1838/1483/2 1036/1475/2
f 1845/1486/2 1837/1485/2 1035/1478/2
usemtl mat_grey02
f 853/1387/3 936/1389/3 852/1310/3
f 852/1310/3 935/1390/3 851/1311/3
f 851/1311/3 934/1391/3 850/1312/3
f 850/1312/3 933/1392/3 849/1313/3
f 849/1313/3 932/1393/3 848/1314/3
f 848/1314/3 931/1394/3 847/1315/3
f 847/1315/3 930/1395/3 846/1316/3
f 846/1316/3 929/1396/3 845/1317/3
f 845/1317/5 928/1397/5 844/1318/5
f 856/1352/4 919/1399/4 835/1319/4
f 855/1367/2 896/1401/2 812/1320/2
f 844/1318/5 927/1402/5 843/1321/5
f 854/1386/3 879/1404/3 796/1322/3
f 843/1321/5 926/1405/5 842/1323/5
f 842/1323/5 925/1406/5 841/1324/5
f 841/1324/5 924/1407/5 840/1325/5
f 840/1325/5 923/1408/5 839/1326/5
f 839/1326/5 922/1409/5 838/1327/5
f 838/1327/5 921/1410/5 837/1328/5
f 837/1328/5 920/1411/5 836/1329/5
f 836/1329/5 918/1412/5 834/1330/5
f 835/1319/4 917/1413/4 833/1331/4
f 834/1330/5 916/1414/5 832/1332/5
f 833/1331/4 915/1415/4 831/1333/4
f 832/1332/5 914/1416/5 830/1334/5
f 831/1333/4 913/1417/4 829/1335/4
f 830/1334/5 912/1418/5 828/1336/5
f 829/1335/4 911/1419/4 827/1337/4
f 828/1336/5 910/1420/5 826/1338/5
f 827/1337/4 909/1421/4 825/1339/4
f 826/1338/5 908/1422/5 824/1340/5
f 825/1339/4 907/1423/4 823/1341/4
f 824/1340/5 906/1424/5 822/1342/5
f 823/1341/4 905/1425/4 821/1343/4
f 822/1342/5 904/1426/5 820/1344/5
f 821/1343/4 903/1427/4 819/1345/4
f 820/1344/5 902/1428/5 818/1346/5
f 819/1345/4 901/1429/4 817/1347/4
f 818/1346/5 900/1430/5 816/1348/5
f 817/1347/4 899/1431/4 815/1349/4
f 816/1348/5 898/1432/5 814/1350/5
f 815/1349/4 897/1433/4 813/1351/4
f 814/1350/5 940/1398/5 856/1352/5
f 813/1351/4 895/1434/4 811/1353/4
f 812/1320/2 894/1435/2 810/1354/2
f 811/1353/4 893/1436/4 809/1355/4
f 810/1354/2 892/1437/2 808/1356/2
f 809/1355/4 891/1438/4 807/1357/4
f 808/1356/2 890/1439/2 806/1358/2
f 807/1357/4 889/1440/4 805/1359/4
f 806/1358/2 888/1441/2 804/1360/2
f 805/1359/4 887/1442/4 803/1361/4
f 804/1360/2 886/1443/2 802/1362/2
f 803/1361/4 885/1444/4 801/1363/4
f 802/1362/2 884/1445/2 800/1364/2
f 801/1363/4 883/1446/4 799/1365/4
f 799/1365/4 881/1448/4 798/1366/4
f 798/1366/4 939/1400/4 855/1367/4
f 796/1322/3 877/1451/3 794/1368/3
f 794/1368/3 875/1453/3 792/1369/3
f 792/1369/3 873/1456/3 790/1370/3
f 790/1370/3 871/1458/3 789/1371/3
f 1774/1489/2 872/1457/2 870/1459/2
f 789/1371/3 869/1460/3 787/1373/3
f 788/1372/2 868/1461/2 786/1374/2
f 787/1373/3 867/1462/3 785/1375/3
f 786/1374/2 866/1463/2 784/1376/2
f 785/1375/3 865/1464/3 783/1377/3
f 784/1376/2 864/1465/2 782/1378/2
f 783/1377/3 863/1466/3 781/1379/3
f 782/1378/2 862/1467/2 780/1380/2
f 781/1379/3 861/1468/3 779/1381/3
f 780/1380/2 860/1469/2 778/1382/2
f 779/1381/3 859/1470/3 777/1383/3
f 778/1382/2 858/1471/2 776/1384/2
f 777/1383/3 857/1472/3 775/1385/3
f 776/1384/2 938/1403/2 854/1386/2
f 775/1385/3 937/1388/3 853/1387/3
f 1646/1205/2 1824/1490/2 1823/1206/2
f 1606/1202/3 1675/1491/3 1605/1204/3
f 1636/1201/2 1676/1492/2 1591/1203/2
f 1607/1200/3 1679/1493/3 1606/1202/3
f 1637/1199/2 1680/1494/2 1636/1201/2
f 1608/1198/3 1681/1495/3 1607/1200/3
f 1638/1197/2 1682/1496/2 1637/1199/2
f 1609/1196/3 1683/1497/3 1608/1198/3
f 1639/1195/2 1684/1498/2 1638/1197/2
f 1610/1194/3 1685/1499/3 1609/1196/3
f 1640/1193/2 1686/1500/2 1639/1195/2
f 1611/1192/3 1687/1501/3 1610/1194/3
f 1641/1191/2 1688/1502/2 1640/1193/2
f 1612/1190/3 1689/1503/3 1611/1192/3
f 1798/1504/2 1796/1505/2 1690/1506/2
f 1613/1188/3 1691/1507/3 1612/1190/3
f 1693/1508/2 1801/1509/2 1802/1510/2
f 1614/1186/3 1692/1511/3 1613/1188/3
f 1644/1185/2 1693/1508/2 1643/1187/2
f 1615/1183/3 1694/1512/3 1614/1186/3
f 1645/1184/2 1695/1513/2 1644/1185/2
f 1616/1181/3 1696/1514/3 1615/1183/3
f 1647/1180/2 1847/1515/2 1846/1182/2
f 1590/1227/3 1698/1516/3 1616/1181/3
f 1648/1178/2 1699/1517/2 1647/1180/2
f 1617/1177/4 1677/1518/4 1593/1179/4
f 1649/1176/2 1701/1519/2 1648/1178/2
f 1618/1175/4 1702/1520/4 1617/1177/4
f 1649/1176/2 1795/1521/2 1703/1522/2
f 1619/1173/4 1704/1523/4 1618/1175/4
f 1706/1524/2 1786/1525/2 1787/1526/2
f 1620/1171/4 1705/1527/4 1619/1173/4
f 1652/1170/2 1706/1524/2 1651/1172/2
f 1621/1169/4 1707/1528/4 1620/1171/4
f 1653/1168/2 1708/1529/2 1652/1170/2
f 1622/1167/4 1709/1530/4 1621/1169/4
f 1654/1166/2 1710/1531/2 1653/1168/2
f 1623/1165/4 1711/1532/4 1622/1167/4
f 1655/1164/2 1712/1533/2 1654/1166/2
f 1624/1163/4 1713/1534/4 1623/1165/4
f 1592/1229/2 1714/1535/2 1655/1164/2
f 1625/1160/4 1715/1536/4 1624/1163/4
f 1656/1159/5 1678/1537/5 1595/1162/5
f 1626/1158/4 1717/1538/4 1625/1160/4
f 1657/1157/5 1718/1539/5 1656/1159/5
f 1627/1156/4 1719/1540/4 1626/1158/4
f 1658/1155/5 1720/1541/5 1657/1157/5
f 1628/1154/4 1721/1542/4 1627/1156/4
f 1659/1153/5 1722/1543/5 1658/1155/5
f 1629/1207/4 1723/1544/4 1628/1154/4
f 1660/1152/5 1724/1545/5 1659/1153/5
f 1630/1209/4 1725/1546/4 1629/1207/4
f 1661/1208/5 1726/1547/5 1660/1152/5
f 1631/1211/4 1727/1548/4 1630/1209/4
f 1662/1210/5 1728/1549/5 1661/1208/5
f 1632/1213/4 1729/1550/4 1631/1211/4
f 1663/1212/5 1730/1551/5 1662/1210/5
f 1633/1215/4 1731/1552/4 1632/1213/4
f 1664/1214/5 1732/1553/5 1663/1212/5
f 1634/1217/4 1733/1554/4 1633/1215/4
f 1665/1216/5 1734/1555/5 1664/1214/5
f 1635/1218/4 1735/1556/4 1634/1217/4
f 1666/1219/5 1736/1557/5 1665/1216/5
f 1594/1230/4 1737/1558/4 1635/1218/4
f 1667/1220/5 1738/1559/5 1666/1219/5
f 1668/1221/5 1740/1560/5 1667/1220/5
f 1669/1222/5 1741/1561/5 1668/1221/5
f 1670/1223/5 1742/1562/5 1669/1222/5
f 1671/1224/5 1743/1563/5 1670/1223/5
f 1672/1225/5 1744/1564/5 1671/1224/5
f 1673/1226/5 1745/1565/5 1672/1225/5
f 1674/1228/5 1746/1566/5 1673/1226/5
f 1591/1203/3 1700/1567/3 1590/1227/3
f 1596/1231/5 1747/1568/5 1674/1228/5
f 1593/1179/2 1716/1569/2 1592/1229/2
f 1595/1162/4 1739/1570/4 1594/1230/4
f 1597/1233/5 1748/1571/5 1596/1231/5
f 1598/1232/3 1749/1572/3 1597/1233/3
f 1599/1234/3 1750/1573/3 1598/1232/3
f 1600/1235/3 1751/1574/3 1599/1234/3
f 1601/1236/3 1752/1575/3 1600/1235/3
f 1602/1237/3 1753/1576/3 1601/1236/3
f 1603/1238/3 1754/1577/3 1602/1237/3
f 1604/1239/3 1755/1578/3 1603/1238/3
f 1605/1204/3 1756/1579/3 1604/1239/3
f 1761/1580/2 874/1455/2 872/1457/2
f 884/1445/2 1762/1581/2 800/1364/2
f 1760/1582/2 874/1455/2 1759/1583/2
f 1768/1584/2 878/1450/2 1769/1585/2
f 1769/1585/2 1839/1452/2 1848/1586/2
f 1763/1587/2 882/1447/2 880/1449/2
f 1758/1588/2 1814/1474/2 1825/1589/2
f 1825/1589/2 876/1454/2 1760/1582/2
f 1823/1206/2 1697/1590/2 1645/1184/2
f 1848/1586/2 1037/1473/2 1758/1588/2
f 1846/1182/2 1757/1591/2 1646/1205/2
f 853/1387/3 937/1388/3 936/1389/3
f 852/1310/3 936/1389/3 935/1390/3
f 851/1311/3 935/1390/3 934/1391/3
f 850/1312/3 934/1391/3 933/1392/3
f 849/1313/3 933/1392/3 932/1393/3
f 848/1314/3 932/1393/3 931/1394/3
f 847/1315/3 931/1394/3 930/1395/3
f 846/1316/3 930/1395/3 929/1396/3
f 845/1317/5 929/1396/5 928/1397/5
f 856/1352/4 940/1398/4 919/1399/4
f 855/1367/2 939/1400/2 896/1401/2
f 844/1318/5 928/1397/5 927/1402/5
f 854/1386/3 938/1403/3 879/1404/3
f 843/1321/5 927/1402/5 926/1405/5
f 842/1323/5 926/1405/5 925/1406/5
f 841/1324/5 925/1406/5 924/1407/5
f 840/1325/5 924/1407/5 923/1408/5
f 839/1326/5 923/1408/5 922/1409/5
f 838/1327/5 922/1409/5 921/1410/5
f 837/1328/5 921/1410/5 920/1411/5
f 836/1329/5 920/1411/5 918/1412/5
f 835/1319/4 919/1399/4 917/1413/4
f 834/1330/5 918/1412/5 916/1414/5
f 833/1331/4 917/1413/4 915/1415/4
f 832/1332/5 916/1414/5 914/1416/5
f 831/1333/4 915/1415/4 913/1417/4
f 830/1334/5 914/1416/5 912/1418/5
f 829/1335/4 913/1417/4 911/1419/4
f 828/1336/5 912/1418/5 910/1420/5
f 827/1337/4 911/1419/4 909/1421/4
f 826/1338/5 910/1420/5 908/1422/5
f 825/1339/4 909/1421/4 907/1423/4
f 824/1340/5 908/1422/5 906/1424/5
f 823/1341/4 907/1423/4 905/1425/4
f 822/1342/5 906/1424/5 904/1426/5
f 821/1343/4 905/1425/4 903/1427/4
f 820/1344/5 904/1426/5 902/1428/5
f 819/1345/4 903/1427/4 901/1429/4
f 818/1346/5 902/1428/5 900/1430/5
f 817/1347/4 901/1429/4 899/1431/4
f 816/1348/5 900/1430/5 898/1432/5
f 815/1349/4 899/1431/4 897/1433/4
f 814/1350/5 898/1432/5 940/1398/5
f 813/1351/4 897/1433/4 895/1434/4
f 812/1320/2 896/1401/2 894/1435/2
f 811/1353/4 895/1434/4 893/1436/4
f 810/1354/2 894/1435/2 892/1437/2
f 809/1355/4 893/1436/4 891/1438/4
f 808/1356/2 892/1437/2 890/1439/2
f 807/1357/4 891/1438/4 889/1440/4
f 806/1358/2 890/1439/2 888/1441/2
f 805/1359/4 889/1440/4 887/1442/4
f 804/1360/2 888/1441/2 886/1443/2
f 803/1361/4 887/1442/4 885/1444/4
f 802/1362/2 886/1443/2 884/1445/2
f 801/1363/4 885/1444/4 883/1446/4
f 799/1365/4 883/1446/4 881/1448/4
f 798/1366/4 881/1448/4 939/1400/4
f 796/1322/3 879/1404/3 877/1451/3
f 794/1368/3 877/1451/3 875/1453/3
f 792/1369/3 875/1453/3 873/1456/3
f 790/1370/3 873/1456/3 871/1458/3
f 870/1459/2 788/1372/2 1774/1489/2
f 788/1372/2 1770/1487/2 1774/1489/2
f 789/1371/3 871/1458/3 869/1460/3
f 788/1372/2 870/1459/2 868/1461/2
f 787/1373/3 869/1460/3 867/1462/3
f 786/1374/2 868/1461/2 866/1463/2
f 785/1375/3 867/1462/3 865/1464/3
f 784/1376/2 866/1463/2 864/1465/2
f 783/1377/3 865/1464/3 863/1466/3
f 782/1378/2 864/1465/2 862/1467/2
f 781/1379/3 863/1466/3 861/1468/3
f 780/1380/2 862/1467/2 860/1469/2
f 779/1381/3 861/1468/3 859/1470/3
f 778/1382/2 860/1469/2 858/1471/2
f 777/1383/3 859/1470/3 857/1472/3
f 776/1384/2 858/1471/2 938/1403/2
f 775/1385/3 857/1472/3 937/1388/3
f 1646/1205/2 1757/1591/2 1824/1490/2
f 1606/1202/3 1679/1493/3 1675/1491/3
f 1636/1201/2 1680/1494/2 1676/1492/2
f 1607/1200/3 1681/1495/3 1679/1493/3
f 1637/1199/2 1682/1496/2 1680/1494/2
f 1608/1198/3 1683/1497/3 1681/1495/3
f 1638/1197/2 1684/1498/2 1682/1496/2
f 1609/1196/3 1685/1499/3 1683/1497/3
f 1639/1195/2 1686/1500/2 1684/1498/2
f 1610/1194/3 1687/1501/3 1685/1499/3
f 1640/1193/2 1688/1502/2 1686/1500/2
f 1611/1192/3 1689/1503/3 1687/1501/3
f 1641/1191/2 1690/1506/2 1688/1502/2
f 1612/1190/3 1691/1507/3 1689/1503/3
f 1690/1506/2 1641/1191/2 1798/1504/2
f 1641/1191/2 1642/1189/2 1798/1504/2
f 1642/1189/2 1803/1592/2 1798/1504/2
f 1613/1188/3 1692/1511/3 1691/1507/3
f 1803/1592/2 1642/1189/2 1802/1510/2
f 1642/1189/2 1643/1187/2 1802/1510/2
f 1643/1187/2 1693/1508/2 1802/1510/2
f 1614/1186/3 1694/1512/3 1692/1511/3
f 1644/1185/2 1695/1513/2 1693/1508/2
f 1615/1183/3 1696/1514/3 1694/1512/3
f 1645/1184/2 1697/1590/2 1695/1513/2
f 1616/1181/3 1698/1516/3 1696/1514/3
f 1647/1180/2 1699/1517/2 1847/1515/2
f 1590/1227/3 1700/1567/3 1698/1516/3
f 1648/1178/2 1701/1519/2 1699/1517/2
f 1617/1177/4 1702/1520/4 1677/1518/4
f 1649/1176/2 1703/1522/2 1701/1519/2
f 1618/1175/4 1704/1523/4 1702/1520/4
f 1649/1176/2 1650/1174/2 1795/1521/2
f 1650/1174/2 1799/1593/2 1795/1521/2
f 1795/1521/2 1793/1594/2 1703/1522/2
f 1619/1173/4 1705/1527/4 1704/1523/4
f 1799/1593/2 1650/1174/2 1787/1526/2
f 1650/1174/2 1651/1172/2 1787/1526/2
f 1651/1172/2 1706/1524/2 1787/1526/2
f 1620/1171/4 1707/1528/4 1705/1527/4
f 1652/1170/2 1708/1529/2 1706/1524/2
f 1621/1169/4 1709/1530/4 1707/1528/4
f 1653/1168/2 1710/1531/2 1708/1529/2
f 1622/1167/4 1711/1532/4 1709/1530/4
f 1654/1166/2 1712/1533/2 1710/1531/2
f 1623/1165/4 1713/1534/4 1711/1532/4
f 1655/1164/2 1714/1535/2 1712/1533/2
f 1624/1163/4 1715/1536/4 1713/1534/4
f 1592/1229/2 1716/1569/2 1714/1535/2
f 1625/1160/4 1717/1538/4 1715/1536/4
f 1656/1159/5 1718/1539/5 1678/1537/5
f 1626/1158/4 1719/1540/4 1717/1538/4
f 1657/1157/5 1720/1541/5 1718/1539/5
f 1627/1156/4 1721/1542/4 1719/1540/4
f 1658/1155/5 1722/1543/5 1720/1541/5
f 1628/1154/4 1723/1544/4 1721/1542/4
f 1659/1153/5 1724/1545/5 1722/1543/5
f 1629/1207/4 1725/1546/4 1723/1544/4
f 1660/1152/5 1726/1547/5 1724/1545/5
f 1630/1209/4 1727/1548/4 1725/1546/4
f 1661/1208/5 1728/1549/5 1726/1547/5
f 1631/1211/4 1729/1550/4 1727/1548/4
f 1662/1210/5 1730/1551/5 1728/1549/5
f 1632/1213/4 1731/1552/4 1729/1550/4
f 1663/1212/5 1732/1553/5 1730/1551/5
f 1633/1215/4 1733/1554/4 1731/1552/4
f 1664/1214/5 1734/1555/5 1732/1553/5
f 1634/1217/4 1735/1556/4 1733/1554/4
f 1665/1216/5 1736/1557/5 1734/1555/5
f 1635/1218/4 1737/1558/4 1735/1556/4
f 1666/1219/5 1738/1559/5 1736/1557/5
f 1594/1230/4 1739/1570/4 1737/1558/4
f 1667/1220/5 1740/1560/5 1738/1559/5
f 1668/1221/5 1741/1561/5 1740/1560/5
f 1669/1222/5 1742/1562/5 1741/1561/5
f 1670/1223/5 1743/1563/5 1742/1562/5
f 1671/1224/5 1744/1564/5 1743/1563/5
f 1672/1225/5 1745/1565/5 1744/1564/5
f 1673/1226/5 1746/1566/5 1745/1565/5
f 1674/1228/5 1747/1568/5 1746/1566/5
f 1591/1203/3 1676/1492/3 1700/1567/3
f 1596/1231/5 1748/1571/5 1747/1568/5
f 1593/1179/2 1677/1518/2 1716/1569/2
f 1595/1162/4 1678/1537/4 1739/1570/4
f 1597/1233/5 1749/1572/5 1748/1571/5
f 1598/1232/3 1750/1573/3 1749/1572/3
f 1599/1234/3 1751/1574/3 1750/1573/3
f 1600/1235/3 1752/1575/3 1751/1574/3
f 1601/1236/3 1753/1576/3 1752/1575/3
f 1602/1237/3 1754/1577/3 1753/1576/3
f 1603/1238/3 1755/1578/3 1754/1577/3
f 1604/1239/3 1756/1579/3 1755/1578/3
f 1605/1204/3 1675/1491/3 1756/1579/3
f 872/1457/2 1774/1489/2 1761/1580/2
f 1761/1580/2 1759/1583/2 874/1455/2
f 882/1447/2 1762/1581/2 884/1445/2
f 1762/1581/2 1764/1482/2 800/1364/2
f 1760/1582/2 876/1454/2 874/1455/2
f 1768/1584/2 880/1449/2 878/1450/2
f 1769/1585/2 878/1450/2 1839/1452/2
f 880/1449/2 1768/1584/2 1763/1587/2
f 1763/1587/2 1762/1581/2 882/1447/2
f 1758/1588/2 1037/1473/2 1814/1474/2
f 1825/1589/2 1814/1474/2 876/1454/2
f 1823/1206/2 1824/1490/2 1697/1590/2
f 1848/1586/2 1839/1452/2 1037/1473/2
f 1846/1182/2 1847/1515/2 1757/1591/2
usemtl mat_grey03
f 2/1595/5 7/1596/5 8/1597/5
f 7/1596/5 3/1598/5 9/1599/5
f 5/1600/5 10/1601/5 11/1602/5
f 4/1603/5 12/1604/5 10/1601/5
f 6/1605/5 8/1597/5 12/1604/5
f 690/1606/19 1311/943/19 1312/941/19
f 531/1607/10 539/1608/10 532/1609/10
f 532/1609/10 330/1610/10 331/1611/10
f 323/1612/20 1272/1110/20 324/1613/20
f 533/1614/10 541/1615/10 534/1616/10
f 534/1616/10 542/1617/10 535/1618/10
f 342/1619/20 1290/909/20 1190/910/20
f 689/1620/19 1310/948/19 1311/943/19
f 539/1608/10 545/1621/10 546/1622/10
f 330/1610/10 546/1622/10 329/1623/10
f 589/1624/21 1106/851/21 1100/850/21
f 540/1625/10 548/1626/10 541/1615/10
f 541/1615/10 549/1627/10 542/1617/10
f 209/1628/21 1186/865/21 182/1629/21
f 688/1630/19 1309/946/19 1310/948/19
f 546/1622/10 552/1631/10 553/1632/10
f 329/1623/10 553/1632/10 328/1633/10
f 687/1634/19 1308/952/19 1309/946/19
f 547/1635/10 555/1636/10 548/1626/10
f 548/1626/10 556/1637/10 549/1627/10
f 591/1638/4 1103/763/4 584/1639/4
f 686/1640/19 1307/950/19 1308/952/19
f 553/1632/10 559/1641/10 560/1642/10
f 328/1633/10 560/1642/10 327/1643/10
f 585/1644/3 1098/764/3 592/1645/3
f 554/1646/10 562/1647/10 555/1636/10
f 555/1636/10 563/1648/10 556/1637/10
f 241/1649/22 1205/713/22 1206/933/22
f 685/1650/19 1306/956/19 1307/950/19
f 559/1641/10 567/1651/10 560/1642/10
f 327/1643/10 567/1651/10 326/1652/10
f 593/1653/4 1101/1145/4 586/1654/4
f 561/1655/10 569/1656/10 562/1647/10
f 562/1647/10 570/1657/10 563/1648/10
f 232/1658/22 1204/1119/22 1205/713/22
f 683/1659/19 1306/956/19 684/1660/19
f 567/1651/10 573/1661/10 574/1662/10
f 326/1652/10 574/1662/10 325/1663/10
f 587/1664/3 1096/768/3 594/1665/3
f 568/1666/10 576/1667/10 569/1656/10
f 569/1656/10 577/1668/10 570/1657/10
f 231/1669/22 1203/759/22 1204/1119/22
f 682/1670/19 1305/954/19 683/1659/19
f 573/1661/10 581/1671/10 574/1662/10
f 574/1662/10 324/1613/10 325/1663/10
f 230/1672/22 1202/757/22 1203/759/22
f 575/1673/10 583/1674/10 576/1667/10
f 576/1667/10 584/1639/10 577/1668/10
f 681/1675/19 1304/959/19 682/1670/19
f 322/1676/20 1270/1109/20 323/1612/20
f 580/1677/10 588/1678/10 581/1671/10
f 324/1613/10 588/1678/10 323/1612/10
f 229/1679/22 1200/787/22 1202/757/22
f 582/1680/10 590/1681/10 583/1674/10
f 583/1674/10 591/1638/10 584/1639/10
f 680/1682/19 1303/957/19 681/1675/19
f 596/1683/21 1100/850/21 1094/847/21
f 588/1678/10 594/1665/10 595/1684/10
f 323/1612/10 595/1684/10 322/1676/10
f 228/1685/22 1201/785/22 1200/787/22
f 589/1624/10 597/1686/10 590/1681/10
f 590/1681/10 598/1687/10 591/1638/10
f 679/1688/19 1302/963/19 680/1682/19
f 226/1689/22 1820/975/22 1811/1690/22
f 595/1684/10 601/1691/10 602/1692/10
f 322/1676/10 602/1692/10 321/1693/10
f 678/1694/19 1301/961/19 679/1688/19
f 596/1683/10 604/1695/10 597/1686/10
f 597/1686/10 605/1696/10 598/1687/10
f 598/1687/4 1097/1136/4 591/1638/4
f 225/1697/22 1198/812/22 226/1689/22
f 602/1692/10 608/1698/10 609/1699/10
f 321/1693/10 609/1699/10 312/1700/10
f 639/1701/5 1056/1256/5 638/1702/5
f 603/1703/10 611/1704/10 604/1695/10
f 604/1695/10 612/1705/10 605/1696/10
f 677/1706/19 1300/968/19 678/1694/19
f 592/1645/3 1092/780/3 599/1707/3
f 609/1699/10 615/1708/10 616/1709/10
f 312/1700/10 616/1709/10 311/1710/10
f 224/1711/22 1197/810/22 225/1697/22
f 610/1712/10 618/1713/10 611/1704/10
f 611/1704/10 619/1714/10 612/1705/10
f 640/1715/5 1055/800/5 639/1701/5
f 676/1716/19 1299/966/19 677/1706/19
f 615/1708/10 635/1717/10 616/1709/10
f 311/1710/10 635/1717/10 310/1718/10
f 600/1719/4 1095/767/4 593/1653/4
f 617/1720/10 637/1721/10 618/1713/10
f 618/1713/10 638/1702/10 619/1714/10
f 223/1722/22 1196/858/22 224/1711/22
f 641/1723/5 1054/729/5 640/1715/5
f 675/1724/19 1298/969/19 676/1716/19
f 594/1665/3 1090/783/3 601/1691/3
f 222/1725/22 1195/1105/22 223/1722/22
f 642/1726/5 1053/727/5 641/1723/5
f 506/1727/2 1173/888/2 507/1728/2
f 674/1729/19 1297/971/19 675/1724/19
f 221/1730/22 1194/725/22 222/1725/22
f 643/1731/5 1052/762/5 642/1726/5
f 507/1728/2 1172/882/2 508/1732/2
f 321/1693/20 1268/770/20 322/1676/20
f 644/1733/5 1051/760/5 643/1731/5
f 508/1732/2 1171/884/2 509/1734/2
f 603/1703/21 1094/847/21 1088/846/21
f 634/1735/10 654/1736/10 635/1717/10
f 310/1718/10 654/1736/10 309/1737/10
f 645/1738/5 1050/790/5 644/1733/5
f 636/1739/10 656/1740/10 637/1721/10
f 637/1721/10 657/1741/10 638/1702/10
f 638/1702/10 658/1742/10 639/1701/10
f 639/1701/10 659/1743/10 640/1715/10
f 640/1715/10 660/1744/10 641/1723/10
f 641/1723/10 661/1745/10 642/1726/10
f 642/1726/10 662/1746/10 643/1731/10
f 643/1731/10 663/1747/10 644/1733/10
f 644/1733/10 664/1748/10 645/1738/10
f 645/1738/10 665/1749/10 646/1750/10
f 646/1750/10 666/1751/10 647/1752/10
f 647/1752/10 667/1753/10 648/1754/10
f 648/1754/10 668/1755/10 649/1756/10
f 649/1756/10 669/1757/10 650/1758/10
f 650/1758/10 670/1759/10 651/1760/10
f 651/1760/10 671/1761/10 652/1762/10
f 652/1762/10 672/1763/10 653/1764/10
f 653/1764/10 673/1765/10 654/1736/10
f 309/1737/10 673/1765/10 308/1766/10
f 509/1734/2 1170/879/2 510/1767/2
f 655/1768/10 675/1724/10 656/1740/10
f 656/1740/10 676/1716/10 657/1741/10
f 657/1741/10 677/1706/10 658/1742/10
f 658/1742/10 678/1694/10 659/1743/10
f 659/1743/10 679/1688/10 660/1744/10
f 660/1744/10 680/1682/10 661/1745/10
f 661/1745/10 681/1675/10 662/1746/10
f 662/1746/10 682/1670/10 663/1747/10
f 663/1747/10 683/1659/10 664/1748/10
f 664/1748/10 684/1660/10 665/1749/10
f 665/1749/10 685/1650/10 666/1751/10
f 666/1751/10 686/1640/10 667/1753/10
f 667/1753/10 687/1634/10 668/1755/10
f 668/1755/10 688/1630/10 669/1757/10
f 669/1757/10 689/1620/10 670/1759/10
f 670/1759/10 690/1606/10 671/1761/10
f 671/1761/10 691/1769/10 672/1763/10
f 672/1763/10 692/1770/10 673/1765/10
f 673/1765/10 307/1771/10 308/1766/10
f 646/1750/5 1049/788/5 645/1738/5
f 510/1767/2 1168/877/2 511/1772/2
f 605/1696/4 1091/778/4 598/1687/4
f 511/1772/2 1169/878/2 512/1773/2
f 599/1707/3 1086/779/3 606/1774/3
f 341/1775/20 1288/908/20 1290/909/20
f 607/1776/4 1089/781/4 600/1719/4
f 182/1629/21 1167/863/21 514/1777/21
f 601/1691/3 1084/782/3 608/1698/3
f 516/1778/4 1184/906/4 497/1779/4
f 312/1700/20 1266/784/20 321/1693/20
f 212/1780/22 1193/742/22 221/1730/22
f 610/1712/21 1088/846/21 1082/841/21
f 211/1781/22 1192/913/22 212/1780/22
f 210/1782/22 1191/912/22 211/1781/22
f 647/1752/5 1048/814/5 646/1750/5
f 518/1783/5 1164/874/5 517/1784/5
f 612/1705/4 1085/1116/4 605/1696/4
f 342/1619/22 1189/911/22 210/1782/22
f 648/1754/5 1047/816/5 647/1752/5
f 606/1774/3 1080/795/3 613/1785/3
f 649/1756/5 1046/819/5 648/1754/5
f 614/1786/4 1083/1113/4 607/1776/4
f 515/1787/10 535/1618/10 516/1778/10
f 514/1777/10 534/1616/10 515/1787/10
f 650/1758/5 1045/880/5 649/1756/5
f 513/1788/10 331/1611/10 332/1789/10
f 512/1773/10 532/1609/10 513/1788/10
f 608/1698/3 1078/798/3 615/1708/3
f 651/1760/5 1044/823/5 650/1758/5
f 652/1762/5 1043/922/5 651/1760/5
f 311/1710/20 1264/730/20 312/1700/20
f 653/1764/5 1041/827/5 652/1762/5
f 617/1720/21 1082/841/21 1076/839/21
f 519/1790/5 1163/904/5 518/1783/5
f 619/1714/4 1079/793/4 612/1705/4
f 181/1791/10 516/1778/10 497/1779/10
f 182/1629/10 515/1787/10 181/1791/10
f 183/1792/10 332/1789/10 341/1775/10
f 184/1793/10 513/1788/10 183/1792/10
f 185/1794/10 512/1773/10 184/1793/10
f 186/1795/10 511/1772/10 185/1794/10
f 187/1796/10 510/1767/10 186/1795/10
f 188/1797/10 509/1734/10 187/1796/10
f 189/1798/10 508/1732/10 188/1797/10
f 190/1799/10 507/1728/10 189/1798/10
f 191/1800/10 506/1727/10 190/1799/10
f 192/1801/10 1834/1802/10 1835/1803/10
f 201/1804/10 504/1805/10 192/1801/10
f 202/1806/10 503/1807/10 201/1804/10
f 203/1808/10 502/1809/10 202/1806/10
f 204/1810/10 501/1811/10 203/1808/10
f 205/1812/10 500/1813/10 204/1810/10
f 206/1814/10 499/1815/10 205/1812/10
f 207/1816/10 498/1817/10 206/1814/10
f 208/1818/10 497/1779/10 207/1816/10
f 209/1628/10 181/1791/10 208/1818/10
f 520/1819/5 1162/1132/5 519/1790/5
f 210/1782/10 341/1775/10 342/1619/10
f 211/1781/10 183/1792/10 210/1782/10
f 212/1780/10 184/1793/10 211/1781/10
f 221/1730/10 185/1794/10 212/1780/10
f 222/1725/10 186/1795/10 221/1730/10
f 223/1722/10 187/1796/10 222/1725/10
f 224/1711/10 188/1797/10 223/1722/10
f 225/1697/10 189/1798/10 224/1711/10
f 226/1689/10 190/1799/10 225/1697/10
f 227/1820/10 1835/1803/10 1836/1821/10
f 228/1685/10 192/1801/10 227/1820/10
f 229/1679/10 201/1804/10 228/1685/10
f 230/1672/10 202/1806/10 229/1679/10
f 231/1669/10 203/1808/10 230/1672/10
f 232/1658/10 204/1810/10 231/1669/10
f 241/1649/10 205/1812/10 232/1658/10
f 242/1822/10 206/1814/10 241/1649/10
f 243/1823/10 207/1816/10 242/1822/10
f 244/1824/10 208/1818/10 243/1823/10
f 613/1785/3 1073/794/3 620/1825/3
f 521/1826/5 1161/900/5 520/1819/5
f 633/1827/4 1077/796/4 614/1786/4
f 1836/1821/22 1199/974/22 1844/920/22
f 522/1828/5 1160/1129/5 521/1826/5
f 615/1708/3 1060/797/3 634/1735/3
f 512/1773/3 1150/703/3 531/1607/3
f 523/1829/5 1158/896/5 522/1828/5
f 504/1805/2 1843/893/2 1834/1802/2
f 524/1830/5 1818/977/5 1808/1831/5
f 310/1718/20 1262/746/20 311/1710/20
f 332/1789/20 1286/876/20 1288/908/20
f 1030/1832/5 1842/892/5 1833/1833/5
f 525/1834/5 1156/1123/5 524/1830/5
f 636/1739/21 1076/839/21 1058/837/21
f 514/1777/21 1148/862/21 533/1614/21
f 526/1835/5 1155/1121/5 525/1834/5
f 527/1836/5 1154/887/5 526/1835/5
f 638/1702/4 1074/799/4 619/1714/4
f 535/1618/4 1165/872/4 516/1778/4
f 528/1837/5 1153/1117/5 527/1836/5
f 517/1784/3 1146/873/3 536/1838/3
f 529/1839/5 1152/883/5 528/1837/5
f 537/1840/4 1149/701/4 530/1841/4
f 530/1841/5 1151/1114/5 529/1839/5
f 531/1607/3 1144/702/3 538/1842/3
f 331/1611/20 1284/705/20 1286/876/20
f 161/257/5 517/1784/5 160/226/5
f 400/130/3 620/1825/3 420/121/3
f 162/255/5 518/1783/5 161/257/5
f 163/253/5 519/1790/5 162/255/5
f 213/208/4 537/1840/4 193/216/4
f 164/251/5 520/1819/5 163/253/5
f 420/121/2 621/1843/2 421/120/2
f 165/249/5 521/1826/5 164/251/5
f 421/120/2 622/1844/2 422/119/2
f 313/168/4 572/1845/4 293/176/4
f 422/119/2 623/1846/2 423/118/2
f 166/247/5 522/1828/5 165/249/5
f 423/118/2 624/1847/2 424/117/2
f 167/1246/5 1808/1831/5 1807/699/5
f 240/194/3 564/1848/3 260/186/3
f 424/117/2 625/1849/2 425/116/2
f 168/242/5 524/1830/5 167/1246/5
f 413/128/4 607/1776/4 393/136/4
f 425/116/2 626/1850/2 426/115/2
f 169/240/5 525/1834/5 168/242/5
f 426/115/2 627/1851/2 427/114/2
f 170/238/5 526/1835/5 169/240/5
f 340/154/3 599/1707/3 360/146/3
f 427/114/2 628/1852/2 428/113/2
f 171/236/5 527/1836/5 170/238/5
f 428/113/2 629/1853/2 429/112/2
f 172/234/5 528/1837/5 171/236/5
f 429/112/2 630/1854/2 430/111/2
f 173/224/5 529/1839/5 172/234/5
f 430/111/2 631/1855/2 431/110/2
f 253/192/4 551/1856/4 233/200/4
f 431/110/2 632/1857/2 432/109/2
f 432/109/2 633/1827/2 433/108/2
f 180/218/3 543/1858/3 200/210/3
f 353/152/4 586/1654/4 333/160/4
f 280/178/3 578/1859/3 300/170/3
f 380/138/3 613/1785/3 400/130/3
f 193/216/4 530/1841/4 173/224/4
f 293/176/4 565/1860/4 273/184/4
f 220/202/3 557/1861/3 240/194/3
f 393/136/4 600/1719/4 373/144/4
f 320/162/3 592/1645/3 340/154/3
f 233/200/4 544/1862/4 213/208/4
f 160/226/3 536/1838/3 180/218/3
f 333/160/4 579/1863/4 313/168/4
f 260/186/3 571/1864/3 280/178/3
f 433/108/4 614/1786/4 413/128/4
f 360/146/3 606/1774/3 380/138/3
f 273/184/4 558/1865/4 253/192/4
f 200/210/3 550/1866/3 220/202/3
f 373/144/4 593/1653/4 353/152/4
f 300/170/3 585/1644/3 320/162/3
f 1029/1251/5 1833/1833/5 1832/244/5
f 1033/1867/10 1810/1868/10 1811/1690/10
f 1032/1869/10 1809/1870/10 1810/1868/10
f 533/1614/21 1142/707/21 540/1625/21
f 691/1769/19 1312/941/19 1313/939/19
f 580/1677/3 1102/766/3 587/1664/3
f 692/1770/19 1313/939/19 1314/938/19
f 632/1857/2 1059/828/2 633/1827/2
f 586/1654/4 1107/1146/4 579/1863/4
f 307/1771/19 1314/938/19 1254/937/19
f 631/1855/2 1061/826/2 632/1857/2
f 578/1859/3 1104/765/3 585/1644/3
f 307/1771/20 1256/832/20 308/1766/20
f 630/1854/2 1062/824/2 631/1855/2
f 242/1822/22 1206/933/22 1207/935/22
f 584/1639/4 1109/1147/4 577/1668/4
f 629/1853/2 1063/822/2 630/1854/2
f 243/1823/22 1207/935/22 1208/936/22
f 628/1852/2 1064/820/2 629/1853/2
f 244/1824/22 1208/936/22 1209/869/22
f 582/1680/21 1112/854/21 1106/851/21
f 627/1851/2 1065/818/2 628/1852/2
f 324/1613/20 1274/753/20 325/1663/20
f 626/1850/2 1066/815/2 627/1851/2
f 625/1849/2 1067/813/2 626/1850/2
f 573/1661/3 1108/751/3 580/1677/3
f 624/1847/2 1068/809/2 625/1849/2
f 579/1863/4 1113/750/4 572/1845/4
f 623/1846/2 1069/808/2 624/1847/2
f 571/1864/3 1110/748/3 578/1859/3
f 622/1844/2 1070/804/2 623/1846/2
f 577/1668/4 1115/747/4 570/1657/4
f 621/1843/2 1071/803/2 622/1844/2
f 575/1673/21 1118/844/21 1112/854/21
f 326/1652/20 1274/753/20 1276/965/20
f 566/1871/3 1114/752/3 573/1661/3
f 244/1824/21 1188/867/21 209/1628/21
f 572/1845/4 1119/916/4 565/1860/4
f 564/1848/3 1116/749/3 571/1864/3
f 570/1657/4 1121/857/4 563/1648/4
f 620/1825/2 1072/801/2 621/1843/2
f 561/1655/21 1118/844/21 568/1666/21
f 674/1729/21 1040/835/21 1296/834/21
f 327/1643/20 1276/965/20 1278/738/20
f 308/1766/20 1258/831/20 309/1737/20
f 559/1641/3 1120/736/3 566/1871/3
f 565/1860/4 1125/735/4 558/1865/4
f 557/1861/3 1122/733/3 564/1848/3
f 563/1648/4 1127/732/4 556/1637/4
f 505/1872/2 1174/886/2 506/1727/2
f 1031/1873/2 1819/978/2 1809/1870/2
f 554/1646/21 1124/842/21 561/1655/21
f 503/1807/2 1178/891/2 504/1805/2
f 328/1633/20 1278/738/20 1280/710/20
f 502/1809/2 1177/897/2 503/1807/2
f 501/1811/2 1179/895/2 502/1809/2
f 552/1631/3 1126/737/3 559/1641/3
f 500/1813/2 1180/901/2 501/1811/2
f 558/1865/4 1131/791/4 551/1856/4
f 499/1815/2 1181/899/2 500/1813/2
f 550/1866/3 1128/734/3 557/1861/3
f 498/1817/2 1182/905/2 499/1815/2
f 556/1637/4 1133/776/4 549/1627/4
f 497/1779/2 1183/903/2 498/1817/2
f 547/1635/21 1130/805/21 554/1646/21
f 329/1623/20 1280/710/20 1282/722/20
f 545/1621/3 1132/720/3 552/1631/3
f 551/1856/4 1137/719/4 544/1862/4
f 655/1768/21 1058/837/21 1040/835/21
f 543/1858/3 1134/717/3 550/1866/3
f 309/1737/20 1260/830/20 310/1718/20
f 549/1627/4 1139/716/4 542/1617/4
f 634/1735/3 1042/829/3 653/1764/3
f 540/1625/21 1136/774/21 547/1635/21
f 330/1610/20 1282/722/20 1284/705/20
f 538/1842/3 1138/721/3 545/1621/3
f 544/1862/4 1143/1106/4 537/1840/4
f 536/1838/3 1140/718/3 543/1858/3
f 542/1617/4 1145/1107/4 535/1618/4
f 1512/685/23 1682/1496/23 1514/681/23
f 1563/595/24 1729/1550/24 1731/1552/24
f 1511/687/25 1681/1495/25 1513/683/25
f 1560/601/26 1730/1551/26 1562/597/26
f 1508/563/23 1680/1494/23 1512/685/23
f 1561/599/24 1727/1548/24 1729/1550/24
f 1507/536/25 1679/1493/25 1511/687/25
f 1558/605/26 1728/1549/26 1560/601/26
f 1529/1874/23 1824/1490/23 1822/1481/23
f 1559/603/24 1725/1546/24 1727/1548/24
f 1556/609/26 1726/1547/26 1558/605/26
f 1557/607/24 1723/1544/24 1725/1546/24
f 1554/613/26 1724/1545/26 1556/609/26
f 1555/611/24 1721/1542/24 1723/1544/24
f 1552/617/26 1722/1543/26 1554/613/26
f 1553/615/24 1719/1540/24 1721/1542/24
f 1550/621/26 1720/1541/26 1552/617/26
f 1549/623/24 1719/1540/24 1551/619/24
f 1510/555/26 1718/1539/26 1550/621/26
f 1547/626/24 1717/1538/24 1549/623/24
f 1548/560/23 1714/1535/23 1716/1569/23
f 1545/630/24 1715/1536/24 1547/626/24
f 1546/628/23 1712/1533/23 1714/1535/23
f 1543/634/24 1713/1534/24 1545/630/24
f 1544/632/23 1710/1531/23 1712/1533/23
f 1541/638/24 1711/1532/24 1543/634/24
f 1542/636/23 1708/1529/23 1710/1531/23
f 1539/642/24 1709/1530/24 1541/638/24
f 1588/538/25 1675/1491/25 1507/536/25
f 1540/640/23 1706/1524/23 1708/1529/23
f 1587/540/25 1756/1579/25 1588/538/25
f 1537/646/24 1707/1528/24 1539/642/24
f 1586/542/25 1755/1578/25 1587/540/25
f 1538/644/23 1786/1525/23 1706/1524/23
f 1562/597/26 1732/1553/26 1564/593/26
f 1513/683/25 1683/1497/25 1515/679/25
f 1565/591/24 1731/1552/24 1733/1554/24
f 1514/681/23 1684/1498/23 1516/677/23
f 1564/593/26 1734/1555/26 1566/589/26
f 1517/675/25 1683/1497/25 1685/1499/25
f 1567/587/24 1733/1554/24 1735/1556/24
f 1516/677/23 1686/1500/23 1518/673/23
f 1566/589/26 1736/1557/26 1568/585/26
f 1519/671/25 1685/1499/25 1687/1501/25
f 1569/583/24 1735/1556/24 1737/1558/24
f 1518/673/23 1688/1502/23 1520/669/23
f 1570/581/26 1736/1557/26 1738/1559/26
f 1521/666/25 1687/1501/25 1689/1503/25
f 1571/557/24 1737/1558/24 1739/1570/24
f 1520/669/23 1690/1506/23 1522/667/23
f 1572/579/26 1738/1559/26 1740/1560/26
f 1523/661/25 1689/1503/25 1691/1507/25
f 1573/577/26 1740/1560/26 1741/1561/26
f 1574/575/26 1741/1561/26 1742/1562/26
f 1524/659/25 1691/1507/25 1692/1511/25
f 1575/573/26 1742/1562/26 1743/1563/26
f 1800/1875/23 1693/1508/23 1525/1876/23
f 1576/571/26 1743/1563/26 1744/1564/26
f 1526/657/25 1692/1511/25 1694/1512/25
f 1577/569/26 1744/1564/26 1745/1565/26
f 1525/1876/23 1695/1513/23 1527/1877/23
f 1578/567/26 1745/1565/26 1746/1566/26
f 1528/655/25 1694/1512/25 1696/1514/25
f 1579/562/26 1746/1566/26 1747/1568/26
f 1527/1877/23 1697/1590/23 1529/1874/23
f 1508/563/25 1700/1567/25 1676/1492/25
f 1530/653/25 1696/1514/25 1698/1516/25
f 1580/554/26 1747/1568/26 1748/1571/26
f 1845/1486/23 1757/1591/23 1847/1515/23
f 1509/558/23 1716/1569/23 1677/1518/23
f 1532/565/25 1698/1516/25 1700/1567/25
f 1510/555/24 1739/1570/24 1678/1537/24
f 1533/1878/23 1699/1517/23 1701/1519/23
f 1581/552/26 1748/1571/26 1749/1572/26
f 1509/558/24 1702/1520/24 1534/650/24
f 1581/552/25 1750/1573/25 1582/550/25
f 1535/1879/23 1701/1519/23 1703/1522/23
f 1582/550/25 1751/1574/25 1583/548/25
f 1534/650/24 1704/1523/24 1536/648/24
f 1583/548/25 1752/1575/25 1584/546/25
f 1584/546/25 1753/1576/25 1585/544/25
f 1536/648/24 1705/1527/24 1537/646/24
f 1585/544/25 1754/1577/25 1586/542/25
f 1797/1880/27 4/1603/27 5/1600/27
f 1826/1881/28 1784/1882/29 12/1604/30
f 10/1601/31 1790/1883/31 1800/1884/31
f 1/1885/32 1764/1886/32 1765/1887/32
f 1794/1888/23 1703/1522/23 1793/1594/23
f 1/1885/33 1767/1889/33 1785/1890/33
f 1794/1891/34 7/1596/34 9/1599/34
f 1796/1505/23 1522/667/23 1690/1506/23
f 11/1602/35 1802/1892/35 1803/1893/35
f 1788/1894/36 1789/1895/36 10/1601/36
f 3/1598/37 1787/1896/37 1799/1897/37
f 1848/1898/38 1769/1899/39 2/1595/40
f 1770/1900/41 1774/1901/41 4/1603/41
f 1778/1902/42 1779/1903/42 8/1597/42
f 1822/1481/23 1757/1591/23 1589/1480/23
f 1809/1870/2 1175/1143/2 505/1872/2
f 1810/1868/10 505/1872/10 191/1800/10
f 1811/1690/10 191/1800/10 226/1689/10
f 1807/699/5 1030/1832/5 1029/1251/5
f 1808/1831/5 1157/1249/5 1030/1832/5
f 1811/1690/22 1199/974/22 1033/1867/22
f 1531/1904/23 1847/1515/23 1699/1517/23
f 1832/244/5 523/1829/5 166/247/5
f 1833/1833/5 1159/1126/5 523/1829/5
f 1834/1802/2 1176/976/2 1031/1873/2
f 227/1820/22 1844/920/22 1201/785/22
f 1836/1821/10 1032/1869/10 1033/1867/10
f 1835/1803/10 1031/1873/10 1032/1869/10
f 2/1595/5 1/1885/5 7/1596/5
f 7/1596/5 1/1885/5 3/1598/5
f 5/1600/5 4/1603/5 10/1601/5
f 4/1603/5 6/1605/5 12/1604/5
f 6/1605/5 2/1595/5 8/1597/5
f 690/1606/19 689/1620/19 1311/943/19
f 531/1607/10 538/1842/10 539/1608/10
f 532/1609/10 539/1608/10 330/1610/10
f 323/1612/20 1270/1109/20 1272/1110/20
f 533/1614/10 540/1625/10 541/1615/10
f 534/1616/10 541/1615/10 542/1617/10
f 342/1619/20 341/1775/20 1290/909/20
f 689/1620/19 688/1630/19 1310/948/19
f 539/1608/10 538/1842/10 545/1621/10
f 330/1610/10 539/1608/10 546/1622/10
f 589/1624/21 582/1680/21 1106/851/21
f 540/1625/10 547/1635/10 548/1626/10
f 541/1615/10 548/1626/10 549/1627/10
f 209/1628/21 1188/867/21 1186/865/21
f 688/1630/19 687/1634/19 1309/946/19
f 546/1622/10 545/1621/10 552/1631/10
f 329/1623/10 546/1622/10 553/1632/10
f 687/1634/19 686/1640/19 1308/952/19
f 547/1635/10 554/1646/10 555/1636/10
f 548/1626/10 555/1636/10 556/1637/10
f 591/1638/4 1097/1136/4 1103/763/4
f 686/1640/19 685/1650/19 1307/950/19
f 553/1632/10 552/1631/10 559/1641/10
f 328/1633/10 553/1632/10 560/1642/10
f 585/1644/3 1104/765/3 1098/764/3
f 554/1646/10 561/1655/10 562/1647/10
f 555/1636/10 562/1647/10 563/1648/10
f 241/1649/22 232/1658/22 1205/713/22
f 685/1650/19 684/1660/19 1306/956/19
f 559/1641/10 566/1871/10 567/1651/10
f 327/1643/10 560/1642/10 567/1651/10
f 593/1653/4 1095/767/4 1101/1145/4
f 561/1655/10 568/1666/10 569/1656/10
f 562/1647/10 569/1656/10 570/1657/10
f 232/1658/22 231/1669/22 1204/1119/22
f 683/1659/19 1305/954/19 1306/956/19
f 567/1651/10 566/1871/10 573/1661/10
f 326/1652/10 567/1651/10 574/1662/10
f 587/1664/3 1102/766/3 1096/768/3
f 568/1666/10 575/1673/10 576/1667/10
f 569/1656/10 576/1667/10 577/1668/10
f 231/1669/22 230/1672/22 1203/759/22
f 682/1670/19 1304/959/19 1305/954/19
f 573/1661/10 580/1677/10 581/1671/10
f 574/1662/10 581/1671/10 324/1613/10
f 230/1672/22 229/1679/22 1202/757/22
f 575/1673/10 582/1680/10 583/1674/10
f 576/1667/10 583/1674/10 584/1639/10
f 681/1675/19 1303/957/19 1304/959/19
f 322/1676/20 1268/770/20 1270/1109/20
f 580/1677/10 587/1664/10 588/1678/10
f 324/1613/10 581/1671/10 588/1678/10
f 229/1679/22 228/1685/22 1200/787/22
f 582/1680/10 589/1624/10 590/1681/10
f 583/1674/10 590/1681/10 591/1638/10
f 680/1682/19 1302/963/19 1303/957/19
f 596/1683/21 589/1624/21 1100/850/21
f 588/1678/10 587/1664/10 594/1665/10
f 323/1612/10 588/1678/10 595/1684/10
f 228/1685/22 227/1820/22 1201/785/22
f 589/1624/10 596/1683/10 597/1686/10
f 590/1681/10 597/1686/10 598/1687/10
f 679/1688/19 1301/961/19 1302/963/19
f 226/1689/22 1198/812/22 1820/975/22
f 595/1684/10 594/1665/10 601/1691/10
f 322/1676/10 595/1684/10 602/1692/10
f 678/1694/19 1300/968/19 1301/961/19
f 596/1683/10 603/1703/10 604/1695/10
f 597/1686/10 604/1695/10 605/1696/10
f 598/1687/4 1091/778/4 1097/1136/4
f 225/1697/22 1197/810/22 1198/812/22
f 602/1692/10 601/1691/10 608/1698/10
f 321/1693/10 602/1692/10 609/1699/10
f 639/1701/5 1055/800/5 1056/1256/5
f 603/1703/10 610/1712/10 611/1704/10
f 604/1695/10 611/1704/10 612/1705/10
f 677/1706/19 1299/966/19 1300/968/19
f 592/1645/3 1098/764/3 1092/780/3
f 609/1699/10 608/1698/10 615/1708/10
f 312/1700/10 609/1699/10 616/1709/10
f 224/1711/22 1196/858/22 1197/810/22
f 610/1712/10 617/1720/10 618/1713/10
f 611/1704/10 618/1713/10 619/1714/10
f 640/1715/5 1054/729/5 1055/800/5
f 676/1716/19 1298/969/19 1299/966/19
f 615/1708/10 634/1735/10 635/1717/10
f 311/1710/10 616/1709/10 635/1717/10
f 600/1719/4 1089/781/4 1095/767/4
f 617/1720/10 636/1739/10 637/1721/10
f 618/1713/10 637/1721/10 638/1702/10
f 223/1722/22 1195/1105/22 1196/858/22
f 641/1723/5 1053/727/5 1054/729/5
f 675/1724/19 1297/971/19 1298/969/19
f 594/1665/3 1096/768/3 1090/783/3
f 222/1725/22 1194/725/22 1195/1105/22
f 642/1726/5 1052/762/5 1053/727/5
f 506/1727/2 1174/886/2 1173/888/2
f 674/1729/19 1296/834/19 1297/971/19
f 221/1730/22 1193/742/22 1194/725/22
f 643/1731/5 1051/760/5 1052/762/5
f 507/1728/2 1173/888/2 1172/882/2
f 321/1693/20 1266/784/20 1268/770/20
f 644/1733/5 1050/790/5 1051/760/5
f 508/1732/2 1172/882/2 1171/884/2
f 603/1703/21 596/1683/21 1094/847/21
f 634/1735/10 653/1764/10 654/1736/10
f 310/1718/10 635/1717/10 654/1736/10
f 645/1738/5 1049/788/5 1050/790/5
f 636/1739/10 655/1768/10 656/1740/10
f 637/1721/10 656/1740/10 657/1741/10
f 638/1702/10 657/1741/10 658/1742/10
f 639/1701/10 658/1742/10 659/1743/10
f 640/1715/10 659/1743/10 660/1744/10
f 641/1723/10 660/1744/10 661/1745/10
f 642/1726/10 661/1745/10 662/1746/10
f 643/1731/10 662/1746/10 663/1747/10
f 644/1733/10 663/1747/10 664/1748/10
f 645/1738/10 664/1748/10 665/1749/10
f 646/1750/10 665/1749/10 666/1751/10
f 647/1752/10 666/1751/10 667/1753/10
f 648/1754/10 667/1753/10 668/1755/10
f 649/1756/10 668/1755/10 669/1757/10
f 650/1758/10 669/1757/10 670/1759/10
f 651/1760/10 670/1759/10 671/1761/10
f 652/1762/10 671/1761/10 672/1763/10
f 653/1764/10 672/1763/10 673/1765/10
f 309/1737/10 654/1736/10 673/1765/10
f 509/1734/2 1171/884/2 1170/879/2
f 655/1768/10 674/1729/10 675/1724/10
f 656/1740/10 675/1724/10 676/1716/10
f 657/1741/10 676/1716/10 677/1706/10
f 658/1742/10 677/1706/10 678/1694/10
f 659/1743/10 678/1694/10 679/1688/10
f 660/1744/10 679/1688/10 680/1682/10
f 661/1745/10 680/1682/10 681/1675/10
f 662/1746/10 681/1675/10 682/1670/10
f 663/1747/10 682/1670/10 683/1659/10
f 664/1748/10 683/1659/10 684/1660/10
f 665/1749/10 684/1660/10 685/1650/10
f 666/1751/10 685/1650/10 686/1640/10
f 667/1753/10 686/1640/10 687/1634/10
f 668/1755/10 687/1634/10 688/1630/10
f 669/1757/10 688/1630/10 689/1620/10
f 670/1759/10 689/1620/10 690/1606/10
f 671/1761/10 690/1606/10 691/1769/10
f 672/1763/10 691/1769/10 692/1770/10
f 673/1765/10 692/1770/10 307/1771/10
f 646/1750/5 1048/814/5 1049/788/5
f 510/1767/2 1170/879/2 1168/877/2
f 605/1696/4 1085/1116/4 1091/778/4
f 511/1772/2 1168/877/2 1169/878/2
f 599/1707/3 1092/780/3 1086/779/3
f 341/1775/20 332/1789/20 1288/908/20
f 607/1776/4 1083/1113/4 1089/781/4
f 182/1629/21 1186/865/21 1167/863/21
f 601/1691/3 1090/783/3 1084/782/3
f 516/1778/4 1165/872/4 1184/906/4
f 312/1700/20 1264/730/20 1266/784/20
f 212/1780/22 1192/913/22 1193/742/22
f 610/1712/21 603/1703/21 1088/846/21
f 211/1781/22 1191/912/22 1192/913/22
f 210/1782/22 1189/911/22 1191/912/22
f 647/1752/5 1047/816/5 1048/814/5
f 518/1783/5 1163/904/5 1164/874/5
f 612/1705/4 1079/793/4 1085/1116/4
f 342/1619/22 1190/910/22 1189/911/22
f 648/1754/5 1046/819/5 1047/816/5
f 606/1774/3 1086/779/3 1080/795/3
f 649/1756/5 1045/880/5 1046/819/5
f 614/1786/4 1077/796/4 1083/1113/4
f 515/1787/10 534/1616/10 535/1618/10
f 514/1777/10 533/1614/10 534/1616/10
f 650/1758/5 1044/823/5 1045/880/5
f 513/1788/10 532/1609/10 331/1611/10
f 512/1773/10 531/1607/10 532/1609/10
f 608/1698/3 1084/782/3 1078/798/3
f 651/1760/5 1043/922/5 1044/823/5
f 652/1762/5 1041/827/5 1043/922/5
f 311/1710/20 1262/746/20 1264/730/20
f 653/1764/5 1042/829/5 1041/827/5
f 617/1720/21 610/1712/21 1082/841/21
f 519/1790/5 1162/1132/5 1163/904/5
f 619/1714/4 1074/799/4 1079/793/4
f 181/1791/10 515/1787/10 516/1778/10
f 182/1629/10 514/1777/10 515/1787/10
f 183/1792/10 513/1788/10 332/1789/10
f 184/1793/10 512/1773/10 513/1788/10
f 185/1794/10 511/1772/10 512/1773/10
f 186/1795/10 510/1767/10 511/1772/10
f 187/1796/10 509/1734/10 510/1767/10
f 188/1797/10 508/1732/10 509/1734/10
f 189/1798/10 507/1728/10 508/1732/10
f 190/1799/10 506/1727/10 507/1728/10
f 191/1800/10 505/1872/10 506/1727/10
f 192/1801/10 504/1805/10 1834/1802/10
f 201/1804/10 503/1807/10 504/1805/10
f 202/1806/10 502/1809/10 503/1807/10
f 203/1808/10 501/1811/10 502/1809/10
f 204/1810/10 500/1813/10 501/1811/10
f 205/1812/10 499/1815/10 500/1813/10
f 206/1814/10 498/1817/10 499/1815/10
f 207/1816/10 497/1779/10 498/1817/10
f 208/1818/10 181/1791/10 497/1779/10
f 209/1628/10 182/1629/10 181/1791/10
f 520/1819/5 1161/900/5 1162/1132/5
f 210/1782/10 183/1792/10 341/1775/10
f 211/1781/10 184/1793/10 183/1792/10
f 212/1780/10 185/1794/10 184/1793/10
f 221/1730/10 186/1795/10 185/1794/10
f 222/1725/10 187/1796/10 186/1795/10
f 223/1722/10 188/1797/10 187/1796/10
f 224/1711/10 189/1798/10 188/1797/10
f 225/1697/10 190/1799/10 189/1798/10
f 226/1689/10 191/1800/10 190/1799/10
f 227/1820/10 192/1801/10 1835/1803/10
f 228/1685/10 201/1804/10 192/1801/10
f 229/1679/10 202/1806/10 201/1804/10
f 230/1672/10 203/1808/10 202/1806/10
f 231/1669/10 204/1810/10 203/1808/10
f 232/1658/10 205/1812/10 204/1810/10
f 241/1649/10 206/1814/10 205/1812/10
f 242/1822/10 207/1816/10 206/1814/10
f 243/1823/10 208/1818/10 207/1816/10
f 244/1824/10 209/1628/10 208/1818/10
f 613/1785/3 1080/795/3 1073/794/3
f 521/1826/5 1160/1129/5 1161/900/5
f 633/1827/4 1059/828/4 1077/796/4
f 1836/1821/22 1033/1867/22 1199/974/22
f 522/1828/5 1158/896/5 1160/1129/5
f 615/1708/3 1078/798/3 1060/797/3
f 512/1773/3 1169/878/3 1150/703/3
f 523/1829/5 1159/1126/5 1158/896/5
f 504/1805/2 1178/891/2 1843/893/2
f 524/1830/5 1156/1123/5 1818/977/5
f 310/1718/20 1260/830/20 1262/746/20
f 332/1789/20 331/1611/20 1286/876/20
f 1030/1832/5 1157/1249/5 1842/892/5
f 525/1834/5 1155/1121/5 1156/1123/5
f 636/1739/21 617/1720/21 1076/839/21
f 514/1777/21 1167/863/21 1148/862/21
f 526/1835/5 1154/887/5 1155/1121/5
f 527/1836/5 1153/1117/5 1154/887/5
f 638/1702/4 1056/1256/4 1074/799/4
f 535/1618/4 1145/1107/4 1165/872/4
f 528/1837/5 1152/883/5 1153/1117/5
f 517/1784/3 1164/874/3 1146/873/3
f 529/1839/5 1151/1114/5 1152/883/5
f 537/1840/4 1143/1106/4 1149/701/4
f 530/1841/5 1149/701/5 1151/1114/5
f 531/1607/3 1150/703/3 1144/702/3
f 331/1611/20 330/1610/20 1284/705/20
f 161/257/5 518/1783/5 517/1784/5
f 400/130/3 613/1785/3 620/1825/3
f 162/255/5 519/1790/5 518/1783/5
f 163/253/5 520/1819/5 519/1790/5
f 213/208/4 544/1862/4 537/1840/4
f 164/251/5 521/1826/5 520/1819/5
f 420/121/2 620/1825/2 621/1843/2
f 165/249/5 522/1828/5 521/1826/5
f 421/120/2 621/1843/2 622/1844/2
f 313/168/4 579/1863/4 572/1845/4
f 422/119/2 622/1844/2 623/1846/2
f 166/247/5 523/1829/5 522/1828/5
f 423/118/2 623/1846/2 624/1847/2
f 167/1246/5 524/1830/5 1808/1831/5
f 240/194/3 557/1861/3 564/1848/3
f 424/117/2 624/1847/2 625/1849/2
f 168/242/5 525/1834/5 524/1830/5
f 413/128/4 614/1786/4 607/1776/4
f 425/116/2 625/1849/2 626/1850/2
f 169/240/5 526/1835/5 525/1834/5
f 426/115/2 626/1850/2 627/1851/2
f 170/238/5 527/1836/5 526/1835/5
f 340/154/3 592/1645/3 599/1707/3
f 427/114/2 627/1851/2 628/1852/2
f 171/236/5 528/1837/5 527/1836/5
f 428/113/2 628/1852/2 629/1853/2
f 172/234/5 529/1839/5 528/1837/5
f 429/112/2 629/1853/2 630/1854/2
f 173/224/5 530/1841/5 529/1839/5
f 430/111/2 630/1854/2 631/1855/2
f 253/192/4 558/1865/4 551/1856/4
f 431/110/2 631/1855/2 632/1857/2
f 432/109/2 632/1857/2 633/1827/2
f 180/218/3 536/1838/3 543/1858/3
f 353/152/4 593/1653/4 586/1654/4
f 280/178/3 571/1864/3 578/1859/3
f 380/138/3 606/1774/3 613/1785/3
f 193/216/4 537/1840/4 530/1841/4
f 293/176/4 572/1845/4 565/1860/4
f 220/202/3 550/1866/3 557/1861/3
f 393/136/4 607/1776/4 600/1719/4
f 320/162/3 585/1644/3 592/1645/3
f 233/200/4 551/1856/4 544/1862/4
f 160/226/3 517/1784/3 536/1838/3
f 333/160/4 586/1654/4 579/1863/4
f 260/186/3 564/1848/3 571/1864/3
f 433/108/4 633/1827/4 614/1786/4
f 360/146/3 599/1707/3 606/1774/3
f 273/184/4 565/1860/4 558/1865/4
f 200/210/3 543/1858/3 550/1866/3
f 373/144/4 600/1719/4 593/1653/4
f 300/170/3 578/1859/3 585/1644/3
f 1029/1251/5 1030/1832/5 1833/1833/5
f 1033/1867/10 1032/1869/10 1810/1868/10
f 1032/1869/10 1031/1873/10 1809/1870/10
f 533/1614/21 1148/862/21 1142/707/21
f 691/1769/19 690/1606/19 1312/941/19
f 580/1677/3 1108/751/3 1102/766/3
f 692/1770/19 691/1769/19 1313/939/19
f 632/1857/2 1061/826/2 1059/828/2
f 586/1654/4 1101/1145/4 1107/1146/4
f 307/1771/19 692/1770/19 1314/938/19
f 631/1855/2 1062/824/2 1061/826/2
f 578/1859/3 1110/748/3 1104/765/3
f 307/1771/20 1254/937/20 1256/832/20
f 630/1854/2 1063/822/2 1062/824/2
f 242/1822/22 241/1649/22 1206/933/22
f 584/1639/4 1103/763/4 1109/1147/4
f 629/1853/2 1064/820/2 1063/822/2
f 243/1823/22 242/1822/22 1207/935/22
f 628/1852/2 1065/818/2 1064/820/2
f 244/1824/22 243/1823/22 1208/936/22
f 582/1680/21 575/1673/21 1112/854/21
f 627/1851/2 1066/815/2 1065/818/2
f 324/1613/20 1272/1110/20 1274/753/20
f 626/1850/2 1067/813/2 1066/815/2
f 625/1849/2 1068/809/2 1067/813/2
f 573/1661/3 1114/752/3 1108/751/3
f 624/1847/2 1069/808/2 1068/809/2
f 579/1863/4 1107/1146/4 1113/750/4
f 623/1846/2 1070/804/2 1069/808/2
f 571/1864/3 1116/749/3 1110/748/3
f 622/1844/2 1071/803/2 1070/804/2
f 577/1668/4 1109/1147/4 1115/747/4
f 621/1843/2 1072/801/2 1071/803/2
f 575/1673/21 568/1666/21 1118/844/21
f 326/1652/20 325/1663/20 1274/753/20
f 566/1871/3 1120/736/3 1114/752/3
f 244/1824/21 1209/869/21 1188/867/21
f 572/1845/4 1113/750/4 1119/916/4
f 564/1848/3 1122/733/3 1116/749/3
f 570/1657/4 1115/747/4 1121/857/4
f 620/1825/2 1073/794/2 1072/801/2
f 561/1655/21 1124/842/21 1118/844/21
f 674/1729/21 655/1768/21 1040/835/21
f 327/1643/20 326/1652/20 1276/965/20
f 308/1766/20 1256/832/20 1258/831/20
f 559/1641/3 1126/737/3 1120/736/3
f 565/1860/4 1119/916/4 1125/735/4
f 557/1861/3 1128/734/3 1122/733/3
f 563/1648/4 1121/857/4 1127/732/4
f 505/1872/2 1175/1143/2 1174/886/2
f 1031/1873/2 1176/976/2 1819/978/2
f 554/1646/21 1130/805/21 1124/842/21
f 503/1807/2 1177/897/2 1178/891/2
f 328/1633/20 327/1643/20 1278/738/20
f 502/1809/2 1179/895/2 1177/897/2
f 501/1811/2 1180/901/2 1179/895/2
f 552/1631/3 1132/720/3 1126/737/3
f 500/1813/2 1181/899/2 1180/901/2
f 558/1865/4 1125/735/4 1131/791/4
f 499/1815/2 1182/905/2 1181/899/2
f 550/1866/3 1134/717/3 1128/734/3
f 498/1817/2 1183/903/2 1182/905/2
f 556/1637/4 1127/732/4 1133/776/4
f 497/1779/2 1184/906/2 1183/903/2
f 547/1635/21 1136/774/21 1130/805/21
f 329/1623/20 328/1633/20 1280/710/20
f 545/1621/3 1138/721/3 1132/720/3
f 551/1856/4 1131/791/4 1137/719/4
f 655/1768/21 636/1739/21 1058/837/21
f 543/1858/3 1140/718/3 1134/717/3
f 309/1737/20 1258/831/20 1260/830/20
f 549/1627/4 1133/776/4 1139/716/4
f 634/1735/3 1060/797/3 1042/829/3
f 540/1625/21 1142/707/21 1136/774/21
f 330/1610/20 329/1623/20 1282/722/20
f 538/1842/3 1144/702/3 1138/721/3
f 544/1862/4 1137/719/4 1143/1106/4
f 536/1838/3 1146/873/3 1140/718/3
f 542/1617/4 1139/716/4 1145/1107/4
f 1512/685/23 1680/1494/23 1682/1496/23
f 1563/595/24 1561/599/24 1729/1550/24
f 1511/687/25 1679/1493/25 1681/1495/25
f 1560/601/26 1728/1549/26 1730/1551/26
f 1508/563/23 1676/1492/23 1680/1494/23
f 1561/599/24 1559/603/24 1727/1548/24
f 1507/536/25 1675/1491/25 1679/1493/25
f 1558/605/26 1726/1547/26 1728/1549/26
f 1529/1874/23 1697/1590/23 1824/1490/23
f 1559/603/24 1557/607/24 1725/1546/24
f 1556/609/26 1724/1545/26 1726/1547/26
f 1557/607/24 1555/611/24 1723/1544/24
f 1554/613/26 1722/1543/26 1724/1545/26
f 1555/611/24 1553/615/24 1721/1542/24
f 1552/617/26 1720/1541/26 1722/1543/26
f 1553/615/24 1551/619/24 1719/1540/24
f 1550/621/26 1718/1539/26 1720/1541/26
f 1549/623/24 1717/1538/24 1719/1540/24
f 1510/555/26 1678/1537/26 1718/1539/26
f 1547/626/24 1715/1536/24 1717/1538/24
f 1548/560/23 1546/628/23 1714/1535/23
f 1545/630/24 1713/1534/24 1715/1536/24
f 1546/628/23 1544/632/23 1712/1533/23
f 1543/634/24 1711/1532/24 1713/1534/24
f 1544/632/23 1542/636/23 1710/1531/23
f 1541/638/24 1709/1530/24 1711/1532/24
f 1542/636/23 1540/640/23 1708/1529/23
f 1539/642/24 1707/1528/24 1709/1530/24
f 1588/538/25 1756/1579/25 1675/1491/25
f 1540/640/23 1538/644/23 1706/1524/23
f 1587/540/25 1755/1578/25 1756/1579/25
f 1537/646/24 1705/1527/24 1707/1528/24
f 1586/542/25 1754/1577/25 1755/1578/25
f 1538/644/23 1785/1257/23 1786/1525/23
f 1562/597/26 1730/1551/26 1732/1553/26
f 1513/683/25 1681/1495/25 1683/1497/25
f 1565/591/24 1563/595/24 1731/1552/24
f 1514/681/23 1682/1496/23 1684/1498/23
f 1564/593/26 1732/1553/26 1734/1555/26
f 1517/675/25 1515/679/25 1683/1497/25
f 1567/587/24 1565/591/24 1733/1554/24
f 1516/677/23 1684/1498/23 1686/1500/23
f 1566/589/26 1734/1555/26 1736/1557/26
f 1519/671/25 1517/675/25 1685/1499/25
f 1569/583/24 1567/587/24 1735/1556/24
f 1518/673/23 1686/1500/23 1688/1502/23
f 1570/581/26 1568/585/26 1736/1557/26
f 1521/666/25 1519/671/25 1687/1501/25
f 1571/557/24 1569/583/24 1737/1558/24
f 1520/669/23 1688/1502/23 1690/1506/23
f 1572/579/26 1570/581/26 1738/1559/26
f 1523/661/25 1521/666/25 1689/1503/25
f 1573/577/26 1572/579/26 1740/1560/26
f 1574/575/26 1573/577/26 1741/1561/26
f 1524/659/25 1523/661/25 1691/1507/25
f 1575/573/26 1574/575/26 1742/1562/26
f 1800/1875/23 1801/1509/23 1693/1508/23
f 1576/571/26 1575/573/26 1743/1563/26
f 1526/657/25 1524/659/25 1692/1511/25
f 1577/569/26 1576/571/26 1744/1564/26
f 1525/1876/23 1693/1508/23 1695/1513/23
f 1578/567/26 1577/569/26 1745/1565/26
f 1528/655/25 1526/657/25 1694/1512/25
f 1579/562/26 1578/567/26 1746/1566/26
f 1527/1877/23 1695/1513/23 1697/1590/23
f 1508/563/25 1532/565/25 1700/1567/25
f 1530/653/25 1528/655/25 1696/1514/25
f 1580/554/26 1579/562/26 1747/1568/26
f 1845/1486/23 1589/1480/23 1757/1591/23
f 1509/558/23 1548/560/23 1716/1569/23
f 1532/565/25 1530/653/25 1698/1516/25
f 1510/555/24 1571/557/24 1739/1570/24
f 1533/1878/23 1531/1904/23 1699/1517/23
f 1581/552/26 1580/554/26 1748/1571/26
f 1509/558/24 1677/1518/24 1702/1520/24
f 1581/552/25 1749/1572/25 1750/1573/25
f 1535/1879/23 1533/1878/23 1701/1519/23
f 1582/550/25 1750/1573/25 1751/1574/25
f 1534/650/24 1702/1520/24 1704/1523/24
f 1583/548/25 1751/1574/25 1752/1575/25
f 1584/546/25 1752/1575/25 1753/1576/25
f 1536/648/24 1704/1523/24 1705/1527/24
f 1585/544/25 1753/1576/25 1754/1577/25
f 1797/1880/27 1772/1905/27 4/1603/27
f 5/1600/27 1798/1906/27 1797/1880/27
f 1798/1906/27 1796/1907/27 1797/1880/27
f 1784/1882/29 1783/1908/43 12/1604/30
f 12/1604/30 8/1597/44 1781/1909/45
f 8/1597/44 1780/1910/43 1782/1911/46
f 12/1604/30 1781/1909/45 1826/1881/28
f 1782/1911/46 1849/1912/47 8/1597/44
f 1849/1912/47 1781/1909/45 8/1597/44
f 1801/1913/31 1802/1892/31 1800/1884/31
f 1802/1892/31 11/1602/31 1800/1884/31
f 11/1602/31 10/1601/31 1800/1884/31
f 1766/1914/32 1767/1889/32 1/1885/32
f 1/1885/32 2/1595/32 1762/1915/32
f 2/1595/32 1763/1916/32 1762/1915/32
f 1762/1915/32 1764/1886/32 1/1885/32
f 1765/1887/32 1766/1914/32 1/1885/32
f 1794/1888/23 1535/1879/23 1703/1522/23
f 1786/1917/33 1787/1896/33 1785/1890/33
f 1787/1896/33 3/1598/33 1785/1890/33
f 3/1598/33 1/1885/33 1785/1890/33
f 1794/1891/34 1776/1918/34 7/1596/34
f 9/1599/34 1795/1919/34 1794/1891/34
f 1795/1919/34 1793/1920/34 1794/1891/34
f 1796/1505/23 1797/1255/23 1522/667/23
f 1803/1893/35 1798/1906/35 5/1600/35
f 5/1600/35 11/1602/35 1803/1893/35
f 1789/1895/36 1790/1883/36 10/1601/36
f 10/1601/36 12/1604/36 1788/1894/36
f 12/1604/36 1783/1908/36 1791/1921/36
f 1791/1921/36 1792/1922/36 12/1604/36
f 1792/1922/36 1788/1894/36 12/1604/36
f 1799/1897/37 1795/1919/37 9/1599/37
f 9/1599/37 3/1598/37 1799/1897/37
f 1768/1923/40 1763/1916/40 2/1595/40
f 2/1595/40 6/1605/40 1758/1924/48
f 6/1605/40 1761/1925/40 1759/1926/49
f 1759/1926/49 1760/1927/50 6/1605/40
f 1760/1927/50 1825/1928/51 6/1605/40
f 1758/1924/48 6/1605/40 1825/1928/51
f 1769/1899/39 1768/1923/40 2/1595/40
f 1758/1924/48 1848/1898/38 2/1595/40
f 1774/1901/41 1761/1925/41 6/1605/41
f 6/1605/41 4/1603/41 1774/1901/41
f 4/1603/41 1772/1905/41 1773/1929/41
f 1770/1900/41 4/1603/41 1771/1930/41
f 1773/1929/41 1771/1930/41 4/1603/41
f 1779/1903/42 1780/1910/42 8/1597/42
f 8/1597/42 7/1596/42 1777/1931/42
f 7/1596/42 1776/1918/42 1775/1932/42
f 1775/1932/42 1777/1931/42 7/1596/42
f 1777/1931/42 1778/1902/42 8/1597/42
f 1822/1481/23 1824/1490/23 1757/1591/23
f 1809/1870/2 1819/978/2 1175/1143/2
f 1810/1868/10 1809/1870/10 505/1872/10
f 1811/1690/10 1810/1868/10 191/1800/10
f 1807/699/5 1808/1831/5 1030/1832/5
f 1808/1831/5 1818/977/5 1157/1249/5
f 1811/1690/22 1820/975/22 1199/974/22
f 1531/1904/23 1845/1486/23 1847/1515/23
f 1832/244/5 1833/1833/5 523/1829/5
f 1833/1833/5 1842/892/5 1159/1126/5
f 1834/1802/2 1843/893/2 1176/976/2
f 227/1820/22 1836/1821/22 1844/920/22
f 1836/1821/10 1835/1803/10 1032/1869/10
f 1835/1803/10 1834/1802/10 1031/1873/10
usemtl mat_black
f 1535/1879/2 1776/1933/2 1775/1934/2
f 1775/1934/2 1777/1935/2 717/1936/2
f 1533/1878/2 715/1937/2 1531/1904/2
f 1531/1904/2 1837/1485/2 1845/1486/2
f 1529/1874/2 711/1938/2 1527/1877/2
f 711/1938/2 1788/1939/2 1789/1940/2
f 717/1936/2 1778/1941/2 797/1942/2
f 717/1936/2 795/1943/2 715/1937/2
f 715/1937/2 1838/1483/2 1837/1485/2
f 713/1944/2 791/1945/2 711/1938/2
f 797/1942/2 1778/1941/2 1779/1946/2
f 797/1942/2 1779/1946/2 1780/1947/2
f 795/1943/2 1849/1488/2 1838/1483/2
f 793/1948/2 1784/1949/2 1783/1950/2
f 1791/1951/2 1792/1952/2 791/1945/2
f 1792/1952/2 711/1938/2 791/1945/2
f 1790/1953/2 1525/1876/2 1789/1940/2
f 1822/1481/2 713/1944/2 1529/1874/2
f 1812/1479/2 793/1948/2 713/1944/2
f 1813/1477/2 1784/1949/2 793/1948/2
f 1535/1879/2 1794/1888/2 1776/1933/2
f 717/1936/2 1533/1878/2 1775/1934/2
f 1533/1878/2 1535/1879/2 1775/1934/2
f 1533/1878/2 717/1936/2 715/1937/2
f 1531/1904/2 715/1937/2 1837/1485/2
f 1529/1874/2 713/1944/2 711/1938/2
f 1789/1940/2 1525/1876/2 1527/1877/2
f 1527/1877/2 711/1938/2 1789/1940/2
f 717/1936/2 1777/1935/2 1778/1941/2
f 717/1936/2 797/1942/2 795/1943/2
f 715/1937/2 795/1943/2 1838/1483/2
f 713/1944/2 793/1948/2 791/1945/2
f 1782/1954/2 795/1943/2 1780/1947/2
f 795/1943/2 797/1942/2 1780/1947/2
f 795/1943/2 1782/1954/2 1849/1488/2
f 1791/1951/2 791/1945/2 1783/1950/2
f 791/1945/2 793/1948/2 1783/1950/2
f 1792/1952/2 1788/1939/2 711/1938/2
f 1790/1953/2 1800/1875/2 1525/1876/2
f 1822/1481/2 1812/1479/2 713/1944/2
f 1812/1479/2 1813/1477/2 793/1948/2
f 1813/1477/2 1826/1476/2 1784/1949/2
o tower01_Cylinder
v -1.022263 0.146969 0.641879
v -1.442522 1.703088 0.779626
v -0.692841 0.146969 0.832071
v -1.442522 1.703088 1.264899
v -0.692841 0.146969 1.212455
v -1.022263 1.703088 1.507536
v -1.022263 0.146969 1.402646
v -0.602003 1.703088 1.264899
v -1.351684 0.146969 1.212454
v -0.602003 1.703088 0.779626
v -1.351684 0.146969 0.832071
v -1.328910 2.054842 0.845219
v -1.022263 1.225878 0.641879
v -0.692841 1.225878 0.832071
v -0.692841 1.225878 1.212454
v -1.022263 1.225878 1.402646
v -1.351684 1.225878 1.212454
v -1.351684 1.225878 0.832071
v -1.328910 2.054842 1.199305
v -1.022263 2.054842 1.376348
v -0.715615 2.054842 1.199306
v -1.022263 1.703088 0.536989
v -1.022263 2.054842 0.668176
v -0.715615 2.054842 0.845219
v -1.022263 1.604717 0.600680
v -0.657162 1.604717 0.811471
v -0.657162 1.287067 0.811471
v -0.657162 1.604718 1.233054
v -0.657162 1.287067 1.233054
v -1.022263 1.604718 1.443845
v -1.022263 1.287067 1.443845
v -1.387363 1.604718 1.233054
v -1.387363 1.287067 1.233054
v -1.387363 1.604717 0.811471
v -1.387363 1.287067 0.811471
v -1.022263 1.287067 0.600680
v -1.022263 2.001433 0.536989
v -1.442522 2.001433 0.779626
v -1.442522 2.001433 1.264899
v -1.022263 2.001433 1.507536
v -0.602003 2.001433 1.264899
v -0.602003 2.001433 0.779626
v -1.106314 1.703088 1.459009
v -1.190366 1.703088 1.410481
v -1.274418 1.703088 1.361954
v -1.358470 1.703088 1.313427
v -1.088147 0.146969 1.364608
v -1.154031 0.146969 1.326570
v -1.219916 0.146969 1.288531
v -1.285800 0.146969 1.250493
v -1.088147 1.225878 1.364608
v -1.154031 1.225878 1.326569
v -1.219916 1.225878 1.288531
v -1.285800 1.225878 1.250493
v -1.358470 2.001433 1.313426
v -1.274418 2.001433 1.361954
v -1.190366 2.001433 1.410481
v -1.106314 2.001433 1.459009
v -1.095283 1.287067 1.401687
v -1.168303 1.287067 1.359528
v -1.241323 1.287067 1.317370
v -1.314343 1.287067 1.275212
v -1.095283 1.604718 1.401686
v -1.168303 1.604718 1.359528
v -1.241323 1.604718 1.317370
v -1.314343 1.604718 1.275212
v -1.267581 2.054842 1.234714
v -1.206251 2.054842 1.270123
v -1.144922 2.054842 1.305531
v -1.083592 2.054842 1.340940
v -0.686055 1.703088 1.313427
v -0.770107 1.703088 1.361954
v -0.854159 1.703088 1.410481
v -0.938211 1.703088 1.459009
v -0.758725 0.146969 1.250493
v -0.824610 0.146969 1.288531
v -0.890494 0.146969 1.326570
v -0.956378 0.146969 1.364608
v -0.758725 1.225878 1.250493
v -0.824610 1.225878 1.288531
v -0.890494 1.225878 1.326569
v -0.956378 1.225878 1.364608
v -0.938211 2.001433 1.459009
v -0.854159 2.001433 1.410481
v -0.770107 2.001433 1.361954
v -0.686055 2.001433 1.313427
v -0.730182 1.287067 1.275212
v -0.803202 1.287067 1.317370
v -0.876222 1.287067 1.359528
v -0.949242 1.287067 1.401687
v -0.730182 1.604718 1.275212
v -0.803202 1.604718 1.317370
v -0.876222 1.604718 1.359528
v -0.949242 1.604718 1.401686
v -0.960933 2.054842 1.340940
v -0.899604 2.054842 1.305531
v -0.838274 2.054842 1.270123
v -0.776945 2.054842 1.234714
v -1.442522 1.703088 1.167845
v -1.442522 1.703088 1.070790
v -1.442522 1.703088 0.973735
v -1.442522 1.703088 0.876680
v -1.351684 0.146969 1.136378
v -1.351684 0.146969 1.060301
v -1.351684 0.146969 0.984224
v -1.351684 0.146969 0.908148
v -1.351684 1.225878 1.136378
v -1.351684 1.225878 1.060301
v -1.351684 1.225878 0.984224
v -1.351684 1.225878 0.908148
v -1.442522 2.001433 0.876680
v -1.442522 2.001433 0.973735
v -1.442522 2.001433 1.070790
v -1.442522 2.001433 1.167844
v -1.387363 1.287067 1.148737
v -1.387363 1.287067 1.064421
v -1.387363 1.287067 0.980104
v -1.387363 1.287067 0.895788
v -1.387363 1.604717 1.148737
v -1.387363 1.604717 1.064421
v -1.387363 1.604717 0.980104
v -1.387363 1.604717 0.895788
v -1.328910 2.054842 0.916037
v -1.328910 2.054842 0.986854
v -1.328910 2.054842 1.057671
v -1.328910 2.054842 1.128488
v -1.358470 1.703088 0.731098
v -1.274418 1.703088 0.682571
v -1.190366 1.703088 0.634044
v -1.106314 1.703088 0.585516
v -1.285800 0.146969 0.794033
v -1.219916 0.146969 0.755994
v -1.154031 0.146969 0.717956
v -1.088147 0.146969 0.679918
v -1.106314 2.001433 0.585516
v -1.190366 2.001433 0.634044
v -1.274418 2.001433 0.682571
v -1.358470 2.001433 0.731098
v -1.285800 1.225878 0.794032
v -1.219916 1.225878 0.755994
v -1.154031 1.225878 0.717956
v -1.088147 1.225878 0.679917
v -1.314343 1.287067 0.769313
v -1.241323 1.287067 0.727155
v -1.168303 1.287067 0.684997
v -1.095283 1.287067 0.642839
v -1.314343 1.604717 0.769313
v -1.241323 1.604717 0.727155
v -1.168303 1.604717 0.684997
v -1.095283 1.604717 0.642838
v -1.083592 2.054842 0.703585
v -1.144922 2.054842 0.738994
v -1.206251 2.054842 0.774402
v -1.267581 2.054842 0.809811
v -0.956378 0.146969 0.679918
v -0.890494 0.146969 0.717956
v -0.824609 0.146969 0.755994
v -0.758725 0.146969 0.794033
v -0.938211 1.703088 0.585516
v -0.854159 1.703088 0.634044
v -0.770107 1.703088 0.682571
v -0.686055 1.703088 0.731098
v -0.956378 1.225878 0.679917
v -0.890494 1.225878 0.717956
v -0.824609 1.225878 0.755994
v -0.758725 1.225878 0.794032
v -0.686055 2.001433 0.731098
v -0.770107 2.001433 0.682571
v -0.854159 2.001433 0.634044
v -0.938211 2.001433 0.585516
v -0.949242 1.287067 0.642839
v -0.876222 1.287067 0.684997
v -0.803202 1.287067 0.727155
v -0.730182 1.287067 0.769313
v -0.949242 1.604717 0.642838
v -0.876222 1.604717 0.684997
v -0.803202 1.604717 0.727155
v -0.730182 1.604717 0.769313
v -0.776945 2.054842 0.809811
v -0.838274 2.054842 0.774402
v -0.899604 2.054842 0.738994
v -0.960933 2.054842 0.703585
v -0.602003 1.703088 0.876680
v -0.602003 1.703088 0.973735
v -0.602003 1.703088 1.070790
v -0.602003 1.703088 1.167845
v -0.692841 0.146969 0.908148
v -0.692841 0.146969 0.984224
v -0.692841 0.146969 1.060301
v -0.692841 0.146969 1.136378
v -0.692841 1.225878 0.908148
v -0.692841 1.225878 0.984224
v -0.692841 1.225878 1.060301
v -0.692841 1.225878 1.136378
v -0.602003 2.001433 1.167845
v -0.602003 2.001433 1.070790
v -0.602003 2.001433 0.973735
v -0.602003 2.001433 0.876680
v -0.657162 1.287067 0.895788
v -0.657162 1.287067 0.980104
v -0.657162 1.287067 1.064421
v -0.657162 1.287067 1.148737
v -0.657162 1.604717 0.895788
v -0.657162 1.604717 0.980104
v -0.657162 1.604717 1.064421
v -0.657162 1.604717 1.148737
v -0.715615 2.054842 1.128488
v -0.715615 2.054842 1.057671
v -0.715615 2.054842 0.986854
v -0.715615 2.054842 0.916037
v -1.338956 2.187168 1.309043
v -1.274958 2.187168 1.345992
v -1.176273 2.187168 1.402968
v -1.112275 2.187168 1.439917
v -1.269752 2.187168 1.249111
v -1.223055 2.187168 1.276071
v -1.141671 2.187168 1.323058
v -1.094974 2.187168 1.350018
v -0.932250 2.187168 1.439917
v -0.868252 2.187168 1.402968
v -0.769567 2.187168 1.345992
v -0.705569 2.187168 1.309043
v -0.949551 2.187168 1.350018
v -0.902854 2.187168 1.323058
v -0.821470 2.187168 1.276071
v -0.774773 2.187168 1.249111
v -1.428969 2.187168 0.891388
v -1.428969 2.187168 0.965287
v -1.428969 2.187168 1.079238
v -1.428969 2.187168 1.153136
v -1.342463 2.187168 0.921355
v -1.342463 2.187168 0.975276
v -1.342463 2.187168 1.069249
v -1.342463 2.187168 1.123170
v -1.112275 2.187168 0.604608
v -1.176273 2.187168 0.641557
v -1.274958 2.187168 0.698532
v -1.338956 2.187168 0.735482
v -1.094974 2.187168 0.694506
v -1.141671 2.187168 0.721467
v -1.223055 2.187168 0.768454
v -1.269752 2.187168 0.795414
v -0.705569 2.187168 0.735482
v -0.769567 2.187168 0.698532
v -0.868252 2.187168 0.641557
v -0.932250 2.187168 0.604608
v -0.774773 2.187168 0.795414
v -0.821470 2.187168 0.768454
v -0.902854 2.187168 0.721467
v -0.949551 2.187168 0.694506
v -0.615557 2.187168 1.153136
v -0.615557 2.187168 1.079238
v -0.615557 2.187168 0.965287
v -0.615557 2.187168 0.891388
v -0.702062 2.187168 1.123170
v -0.702062 2.187168 1.069249
v -0.702062 2.187168 0.975276
v -0.702062 2.187168 0.921355
v -0.692841 0.208089 0.832071
v -0.692841 0.208090 1.212455
v -1.022263 0.208090 1.402646
v -1.351684 0.208090 1.212454
v -1.351684 0.208089 0.832071
v -1.022263 0.208089 0.641879
v -1.088147 0.208090 1.364608
v -1.154031 0.208090 1.326570
v -1.219916 0.208090 1.288531
v -1.285800 0.208090 1.250493
v -0.758725 0.208090 1.250493
v -0.824610 0.208090 1.288531
v -0.890494 0.208090 1.326570
v -0.956378 0.208090 1.364608
v -1.351684 0.208089 1.136378
v -1.351684 0.208089 1.060301
v -1.351684 0.208089 0.984224
v -1.351684 0.208089 0.908148
v -1.285800 0.208089 0.794033
v -1.219916 0.208089 0.755994
v -1.154031 0.208089 0.717956
v -1.088147 0.208089 0.679918
v -0.956378 0.208089 0.679918
v -0.890494 0.208089 0.717956
v -0.824609 0.208089 0.755994
v -0.758725 0.208089 0.794033
v -0.692841 0.208089 0.908148
v -0.692841 0.208089 0.984224
v -0.692841 0.208089 1.060301
v -0.692841 0.208089 1.136378
v -1.022263 0.816190 0.641879
v -0.692841 0.816190 0.832071
v -0.692841 0.816190 1.212454
v -1.022263 0.816190 1.402646
v -1.351684 0.816190 1.212454
v -1.351684 0.816190 0.832071
v -1.088147 0.816190 1.364608
v -1.154031 0.816190 1.326569
v -1.219916 0.816190 1.288531
v -1.285800 0.816190 1.250493
v -0.758725 0.816190 1.250493
v -0.824610 0.816190 1.288531
v -0.890494 0.816190 1.326569
v -0.956378 0.816190 1.364608
v -1.351684 0.816190 1.136378
v -1.351684 0.816190 1.060301
v -1.351684 0.816190 0.984224
v -1.351684 0.816190 0.908148
v -1.285800 0.816190 0.794033
v -1.219916 0.816190 0.755994
v -1.154031 0.816190 0.717956
v -1.088147 0.816190 0.679917
v -0.956378 0.816190 0.679917
v -0.890494 0.816190 0.717956
v -0.824609 0.816190 0.755994
v -0.758725 0.816190 0.794033
v -0.692841 0.816190 0.908148
v -0.692841 0.816190 0.984224
v -0.692841 0.816190 1.060301
v -0.692841 0.816190 1.136378
v -1.022263 0.864172 0.641879
v -0.692841 0.864172 0.832071
v -0.692841 0.864172 1.212454
v -1.022263 0.864172 1.402646
v -1.351684 0.864172 1.212454
v -1.351684 0.864172 0.832071
v -1.088147 0.864172 1.364608
v -1.154031 0.864172 1.326569
v -1.219916 0.864172 1.288531
v -1.285800 0.864172 1.250493
v -0.758725 0.864172 1.250493
v -0.824610 0.864172 1.288531
v -0.890494 0.864172 1.326569
v -0.956378 0.864172 1.364608
v -1.351684 0.864172 1.136378
v -1.351684 0.864172 1.060301
v -1.351684 0.864172 0.984224
v -1.351684 0.864172 0.908148
v -1.285800 0.864172 0.794033
v -1.219916 0.864172 0.755994
v -1.154031 0.864172 0.717956
v -1.088147 0.864172 0.679917
v -0.956378 0.864172 0.679917
v -0.890494 0.864172 0.717956
v -0.824609 0.864172 0.755994
v -0.758725 0.864172 0.794033
v -0.692841 0.864172 0.908148
v -0.692841 0.864172 0.984224
v -0.692841 0.864172 1.060301
v -0.692841 0.864172 1.136378
v -1.022263 1.063479 0.641879
v -0.692841 1.063479 0.832071
v -0.692841 1.063479 1.212454
v -1.022263 1.063479 1.402646
v -1.351684 1.063479 1.212454
v -1.351684 1.063479 0.832071
v -1.088147 1.063479 1.364608
v -1.154031 1.063479 1.326569
v -1.219916 1.063479 1.288531
v -1.285800 1.063479 1.250493
v -0.758725 1.063479 1.250493
v -0.824610 1.063479 1.288531
v -0.890494 1.063479 1.326569
v -0.956378 1.063479 1.364608
v -1.351684 1.063479 1.136378
v -1.351684 1.063479 1.060301
v -1.351684 1.063479 0.984224
v -1.351684 1.063479 0.908148
v -1.285800 1.063479 0.794033
v -1.219916 1.063479 0.755994
v -1.154031 1.063479 0.717956
v -1.088147 1.063479 0.679917
v -0.956378 1.063479 0.679917
v -0.890494 1.063479 0.717956
v -0.824609 1.063479 0.755994
v -0.758725 1.063479 0.794032
v -0.692841 1.063479 0.908148
v -0.692841 1.063479 0.984224
v -0.692841 1.063479 1.060301
v -0.692841 1.063479 1.136378
v -1.022263 1.139142 0.641879
v -0.692841 1.139142 0.832071
v -0.692841 1.139142 1.212454
v -1.022263 1.139142 1.402646
v -1.351684 1.139142 1.212454
v -1.351684 1.139142 0.832071
v -1.088147 1.139142 1.364608
v -1.154031 1.139142 1.326569
v -1.219916 1.139142 1.288531
v -1.285800 1.139142 1.250493
v -0.758725 1.139142 1.250493
v -0.824610 1.139142 1.288531
v -0.890494 1.139142 1.326569
v -0.956378 1.139142 1.364608
v -1.351684 1.139142 1.136378
v -1.351684 1.139142 1.060301
v -1.351684 1.139142 0.984224
v -1.351684 1.139142 0.908148
v -1.285800 1.139142 0.794032
v -1.219916 1.139142 0.755994
v -1.154031 1.139142 0.717956
v -1.088147 1.139142 0.679917
v -0.956378 1.139142 0.679917
v -0.890494 1.139142 0.717956
v -0.824609 1.139142 0.755994
v -0.758725 1.139142 0.794032
v -0.692841 1.139142 0.908148
v -0.692841 1.139142 0.984224
v -0.692841 1.139142 1.060301
v -0.692841 1.139142 1.136378
v -1.237093 0.904829 1.324228
v -1.237118 0.814037 1.324213
v -1.141838 0.814037 1.383791
v -1.141863 0.904829 1.383776
v -1.167701 0.957611 1.367619
v -1.211255 0.957611 1.340385
v -1.212970 0.783092 1.227210
v -1.212935 0.913125 1.227232
v -1.065199 0.783092 1.319611
v -1.065234 0.913125 1.319589
v -1.102159 0.988556 1.296500
v -1.176010 0.988556 1.250321
v -1.263364 0.783092 1.307801
v -1.263328 0.913125 1.307824
v -1.115592 0.783092 1.400203
v -1.115627 0.913125 1.400180
v -1.152553 0.988556 1.377091
v -1.226403 0.988556 1.330913
v -1.225571 0.814037 1.305747
v -1.225546 0.904829 1.305762
v -1.130291 0.814037 1.365325
v -1.130316 0.904829 1.365309
v -1.156154 0.957611 1.349153
v -1.199708 0.957611 1.321918
v -1.386906 0.904829 1.018058
v -1.386906 0.814037 1.018029
v -1.386906 0.814037 1.130403
v -1.386906 0.904829 1.130374
v -1.386906 0.957611 1.099900
v -1.386906 0.957611 1.048532
v -1.291856 0.783092 0.987075
v -1.291856 0.913125 0.987117
v -1.291856 0.783092 1.161357
v -1.291856 0.913125 1.161316
v -1.291856 0.988556 1.117766
v -1.291856 0.988556 1.030666
v -1.386906 0.783092 0.987075
v -1.386906 0.913125 0.987117
v -1.386906 0.783092 1.161357
v -1.386906 0.913125 1.161316
v -1.386906 0.988556 1.117766
v -1.386906 0.988556 1.030666
v -1.365126 0.814037 1.018029
v -1.365126 0.904829 1.018058
v -1.365126 0.814037 1.130403
v -1.365126 0.904829 1.130374
v -1.365126 0.957611 1.099900
v -1.365126 0.957611 1.048532
v -0.897431 0.904829 1.376716
v -0.897457 0.814037 1.376730
v -0.799864 0.814037 1.321021
v -0.799889 0.904829 1.321036
v -0.826355 0.957611 1.336143
v -0.870966 0.957611 1.361609
v -0.971460 0.783092 1.309528
v -0.971424 0.913125 1.309508
v -0.820102 0.783092 1.223128
v -0.820138 0.913125 1.223149
v -0.857960 0.988556 1.244739
v -0.933603 0.988556 1.287918
v -0.924340 0.783092 1.392076
v -0.924303 0.913125 1.392055
v -0.772981 0.783092 1.305676
v -0.773017 0.913125 1.305696
v -0.810839 0.988556 1.327286
v -0.886482 0.988556 1.370466
v -0.908254 0.814037 1.357816
v -0.908229 0.904829 1.357801
v -0.810661 0.814037 1.302107
v -0.810687 0.904829 1.302121
v -0.837152 0.957611 1.317228
v -0.881763 0.957611 1.342694
vt 0.033333 1.000000
vt -0.000000 0.910612
vt 0.033333 0.910612
vt 0.200000 1.000000
vt 0.166667 0.910612
vt 0.200000 0.910612
vt 0.366667 1.000000
vt 0.333333 0.910612
vt 0.366667 0.910612
vt 0.533333 1.000000
vt 0.500000 0.910612
vt 0.533333 0.910612
vt 0.700000 1.000000
vt 0.666667 0.910612
vt 0.700000 0.910612
vt 0.866667 0.910612
vt 0.833333 1.000000
vt 0.833333 0.910612
vt 0.957846 0.274000
vt 0.833138 0.058000
vt 0.625292 0.082000
vt 0.033333 0.829943
vt -0.000000 0.803418
vt 0.033333 0.803418
vt 0.200000 0.829943
vt 0.166667 0.803418
vt 0.200000 0.803418
vt 0.366667 0.829943
vt 0.333333 0.803418
vt 0.366667 0.803418
vt 0.533333 0.829943
vt 0.500000 0.803418
vt 0.533333 0.803418
vt 0.700000 0.829943
vt 0.666667 0.803418
vt 0.700000 0.803418
vt 0.866667 0.829943
vt 0.833333 0.803418
vt 0.866667 0.803418
vt 0.033333 0.910612
vt -0.000000 0.829943
vt 0.033333 0.829943
vt 0.200000 0.910612
vt 0.166667 0.829943
vt 0.200000 0.829943
vt 0.366667 0.910612
vt 0.333333 0.829943
vt 0.366667 0.829943
vt 0.533333 0.910612
vt 0.500000 0.829943
vt 0.533333 0.829943
vt 0.700000 0.910612
vt 0.666667 0.829943
vt 0.700000 0.829943
vt 0.866667 0.910612
vt 0.833333 0.829943
vt 0.866667 0.829943
vt 0.250000 0.425119
vt 0.208431 0.466000
vt 0.219669 0.407607
vt 0.098342 0.337559
vt 0.042154 0.322000
vt 0.098342 0.302536
vt 0.098342 0.162440
vt 0.083723 0.106000
vt 0.128674 0.144929
vt 0.250000 0.074881
vt 0.291569 0.034000
vt 0.280332 0.092393
vt 0.401658 0.162440
vt 0.457846 0.178000
vt 0.401658 0.197464
vt 0.401658 0.337559
vt 0.416277 0.394000
vt 0.371326 0.355071
vt 0.208431 0.034000
vt 0.250000 0.010000
vt 0.340995 0.372583
vt 0.340995 0.372583
vt 0.159005 0.127417
vt 0.166862 0.058000
vt 0.189337 0.109905
vt 0.733333 1.000000
vt 0.700000 1.000000
vt 0.500000 0.910612
vt 0.466667 0.829943
vt 0.466667 0.910612
vt 0.433333 0.829943
vt 0.433333 0.910612
vt 0.400000 0.829943
vt 0.400000 0.910612
vt 0.500000 0.829943
vt 0.466667 0.803418
vt 0.466667 0.829943
vt 0.433333 0.803418
vt 0.433333 0.829943
vt 0.400000 0.803418
vt 0.400000 0.829943
vt 0.466667 1.000000
vt 0.466667 0.910612
vt 0.433333 0.910612
vt 0.400000 1.000000
vt 0.400000 0.910612
vt 0.416277 0.106000
vt 0.457846 0.130000
vt 0.083723 0.106000
vt 0.128674 0.144929
vt 0.340995 0.127417
vt 0.333138 0.058000
vt 0.374708 0.082000
vt 0.066667 1.000000
vt 0.033333 1.000000
vt 0.666667 0.910612
vt 0.633333 0.829943
vt 0.633333 0.910612
vt 0.600000 0.829943
vt 0.600000 0.910612
vt 0.566667 0.829943
vt 0.566667 0.910612
vt 0.666667 0.829943
vt 0.633333 0.803418
vt 0.633333 0.829943
vt 0.600000 0.803418
vt 0.600000 0.829943
vt 0.566667 0.803418
vt 0.566667 0.829943
vt 0.666667 1.000000
vt 0.633333 0.910612
vt 0.633333 1.000000
vt 0.600000 0.910612
vt 0.600000 1.000000
vt 0.566667 0.910612
vt 0.566667 1.000000
vt 0.042154 0.178000
vt 0.042154 0.130000
vt 0.401658 0.232488
vt 0.401658 0.232488
vt 0.098342 0.267512
vt 0.042154 0.226000
vt 0.098342 0.232488
vt 0.125292 0.082000
vt 0.125292 0.082000
vt 0.333333 0.910612
vt 0.300000 0.829943
vt 0.300000 0.910612
vt 0.266667 0.829943
vt 0.266667 0.910612
vt 0.233333 0.829943
vt 0.233333 0.910612
vt 0.333333 0.829943
vt 0.300000 0.803418
vt 0.300000 0.829943
vt 0.266667 0.803418
vt 0.266667 0.829943
vt 0.233333 0.803418
vt 0.233333 0.829943
vt 0.333333 1.000000
vt 0.300000 0.910612
vt 0.300000 1.000000
vt 0.266667 0.910612
vt 0.266667 1.000000
vt 0.233333 0.910612
vt 0.233333 1.000000
vt 0.083723 0.394000
vt 0.042154 0.370000
vt 0.291569 0.034000
vt 0.280332 0.092393
vt 0.159005 0.372583
vt 0.166862 0.442000
vt 0.125292 0.418000
vt 0.166862 0.058000
vt 0.189337 0.109905
vt 0.166667 0.910612
vt 0.133333 0.829943
vt 0.133333 0.910612
vt 0.100000 0.829943
vt 0.100000 0.910612
vt 0.066667 0.829943
vt 0.066667 0.910612
vt 0.166667 0.829943
vt 0.133333 0.803418
vt 0.133333 0.829943
vt 0.100000 0.803418
vt 0.100000 0.829943
vt 0.066667 0.803418
vt 0.066667 0.829943
vt 0.166667 1.000000
vt 0.133333 0.910612
vt 0.133333 1.000000
vt 0.100000 0.910612
vt 0.100000 1.000000
vt 0.066667 0.910612
vt 0.291569 0.466000
vt 0.250000 0.490000
vt 0.433333 1.000000
vt 0.466667 1.000000
vt 0.433333 1.000000
vt 0.333138 0.442000
vt 0.310663 0.390095
vt 0.310663 0.109905
vt 0.333138 0.058000
vt 1.000000 0.910612
vt 0.966667 0.829943
vt 1.000000 0.829943
vt 0.966667 0.910612
vt 0.933333 0.829943
vt 0.933333 0.910612
vt 0.900000 0.829943
vt 0.900000 0.910612
vt 1.000000 0.829943
vt 0.966667 0.803418
vt 1.000000 0.803418
vt 0.966667 0.829943
vt 0.933333 0.803418
vt 0.933333 0.829943
vt 0.900000 0.803418
vt 0.900000 0.829943
vt 1.000000 1.000000
vt 0.966667 0.910612
vt 1.000000 0.910612
vt 0.966667 1.000000
vt 0.933333 0.910612
vt 0.933333 1.000000
vt 0.900000 0.910612
vt 0.900000 1.000000
vt 0.457846 0.322000
vt 0.457846 0.370000
vt 0.219668 0.092393
vt 0.208431 0.034000
vt 0.457846 0.274000
vt 0.401658 0.267512
vt 0.042154 0.322000
vt 0.098342 0.302536
vt 0.833333 0.910612
vt 0.800000 0.829943
vt 0.800000 0.910612
vt 0.766667 0.829943
vt 0.766667 0.910612
vt 0.733333 0.829943
vt 0.733333 0.910612
vt 0.833333 0.829943
vt 0.800000 0.803418
vt 0.800000 0.829943
vt 0.766667 0.803418
vt 0.766667 0.829943
vt 0.733333 0.803418
vt 0.733333 0.829943
vt 0.800000 0.910612
vt 0.800000 1.000000
vt 0.766667 0.910612
vt 0.766667 1.000000
vt 0.733333 0.910612
vt 0.219668 0.092393
vt 0.159005 0.127417
vt 0.371326 0.144929
vt 0.374708 0.082000
vt 0.416277 0.106000
vt 0.310663 0.109905
vt 0.098342 0.197464
vt 0.042154 0.226000
vt 0.042154 0.178000
vt 0.042154 0.274000
vt 0.098342 0.267512
vt 0.128674 0.355071
vt 0.125292 0.418000
vt 0.083723 0.394000
vt 0.219669 0.407607
vt 0.166862 0.442000
vt 0.189337 0.390095
vt 0.280332 0.407607
vt 0.333138 0.442000
vt 0.291569 0.466000
vt 0.371326 0.355071
vt 0.374708 0.418000
vt 0.401658 0.302536
vt 0.457846 0.274000
vt 0.457846 0.322000
vt 0.401658 0.197464
vt 0.457846 0.226000
vt 0.401658 0.302536
vt 0.401658 0.267512
vt 0.133333 1.000000
vt 0.100000 1.000000
vt 0.866667 1.000000
vt 0.866667 1.000000
vt 0.189337 0.390095
vt 0.800000 1.000000
vt 0.766667 1.000000
vt 0.280332 0.407607
vt 0.310663 0.390095
vt 0.457846 0.226000
vt 0.966667 1.000000
vt 0.933333 1.000000
vt 0.128674 0.355071
vt 0.159005 0.372583
vt 0.457846 0.178000
vt 0.200000 1.000000
vt 0.374708 0.418000
vt 0.098342 0.197464
vt 0.098342 0.232488
vt 0.416277 0.394000
vt 0.533333 1.000000
vt 0.300000 1.000000
vt 0.266667 1.000000
vt 0.371326 0.144929
vt 0.340995 0.127417
vt 0.208431 0.466000
vt 0.366667 1.000000
vt 0.042154 0.274000
vt 0.633333 1.000000
vt 0.600000 1.000000
vt 0.733333 0.704656
vt 0.700000 0.518691
vt 0.733333 0.518691
vt 0.766667 0.704656
vt 0.766667 0.518691
vt 0.800000 0.704656
vt 0.800000 0.518691
vt 0.833333 0.704656
vt 0.833333 0.518691
vt 0.900000 0.704656
vt 0.866667 0.518691
vt 0.900000 0.518691
vt 0.933333 0.704656
vt 0.933333 0.518691
vt 0.966667 0.704656
vt 0.966667 0.518691
vt 1.000000 0.704656
vt 1.000000 0.518691
vt 0.066667 0.704656
vt 0.033333 0.518691
vt 0.066667 0.518691
vt 0.100000 0.704656
vt 0.100000 0.518691
vt 0.133333 0.704656
vt 0.133333 0.518691
vt 0.166667 0.704656
vt 0.166667 0.518691
vt 0.233333 0.704656
vt 0.200000 0.518691
vt 0.233333 0.518691
vt 0.266667 0.704656
vt 0.266667 0.518691
vt 0.300000 0.704656
vt 0.300000 0.518691
vt 0.333333 0.704656
vt 0.333333 0.518691
vt 0.566667 0.704656
vt 0.533333 0.518691
vt 0.566667 0.518691
vt 0.600000 0.704656
vt 0.600000 0.518691
vt 0.633333 0.704656
vt 0.633333 0.518691
vt 0.666667 0.704656
vt 0.666667 0.518691
vt 0.400000 0.704656
vt 0.366667 0.518691
vt 0.400000 0.518691
vt 0.433333 0.704656
vt 0.433333 0.518691
vt 0.466667 0.704656
vt 0.466667 0.518691
vt 0.500000 0.704656
vt 0.500000 0.518691
vt 0.866667 0.704656
vt 0.700000 0.704656
vt 0.533333 0.704656
vt 0.366667 0.704656
vt 0.200000 0.704656
vt 0.033333 0.704656
vt -0.000000 0.518691
vt -0.000000 1.000000
vt 0.500000 1.000000
vt 0.708431 0.466000
vt 0.750000 0.490000
vt 0.791569 0.466000
vt 0.833138 0.442000
vt 0.666862 0.442000
vt 0.874708 0.418000
vt 0.542154 0.274000
vt 0.625292 0.418000
vt 0.583723 0.394000
vt 0.542154 0.322000
vt 0.542154 0.370000
vt 0.542154 0.178000
vt 0.542154 0.226000
vt 0.916277 0.394000
vt 0.957846 0.322000
vt 0.957846 0.370000
vt 0.583723 0.106000
vt 0.542154 0.130000
vt 0.708431 0.034000
vt 0.666862 0.058000
vt 0.791569 0.034000
vt 0.957846 0.226000
vt 0.874708 0.082000
vt 0.957846 0.178000
vt 0.916277 0.106000
vt 0.957846 0.130000
vt 0.750000 0.010000
vt -0.000000 0.829943
vt -0.000000 0.910612
vt 0.733333 1.000000
vt 0.066667 1.000000
vt 0.900000 1.000000
vt 0.233333 1.000000
vt 0.566667 1.000000
vt 0.400000 1.000000
vt -0.000000 0.704656
vt 0.733333 0.719329
vt 0.766667 0.719329
vt 0.800000 0.719329
vt 0.833333 0.719329
vt 0.900000 0.719329
vt 0.933333 0.719329
vt 0.966667 0.719329
vt 1.000000 0.719329
vt 0.066667 0.719329
vt 0.100000 0.719329
vt 0.133333 0.719329
vt 0.166667 0.719329
vt 0.233333 0.719329
vt 0.266667 0.719329
vt 0.300000 0.719329
vt 0.333333 0.719329
vt 0.566667 0.719329
vt 0.600000 0.719329
vt 0.633333 0.719329
vt 0.666667 0.719329
vt 0.400000 0.719329
vt 0.433333 0.719329
vt 0.466667 0.719329
vt 0.500000 0.719329
vt 0.866667 0.719329
vt 0.700000 0.719329
vt 0.533333 0.719329
vt 0.366667 0.719329
vt 0.200000 0.719329
vt 0.033333 0.719329
vt 0.700000 0.780280
vt 0.733333 0.780280
vt 0.766667 0.780280
vt 0.800000 0.780280
vt 0.833333 0.780280
vt 0.866667 0.780280
vt 0.900000 0.780280
vt 0.933333 0.780280
vt 0.966667 0.780280
vt 1.000000 0.780280
vt 0.033333 0.780280
vt 0.066667 0.780280
vt 0.100000 0.780280
vt 0.133333 0.780280
vt 0.166667 0.780280
vt 0.200000 0.780280
vt 0.233333 0.780280
vt 0.266667 0.780280
vt 0.300000 0.780280
vt 0.333333 0.780280
vt 0.533333 0.780280
vt 0.566667 0.780280
vt 0.600000 0.780280
vt 0.633333 0.780280
vt 0.666667 0.780280
vt 0.366667 0.780280
vt 0.400000 0.780280
vt 0.433333 0.780280
vt 0.466667 0.780280
vt 0.500000 0.780280
vt -0.000000 0.780280
vt -0.000000 0.719329
vt 0.700000 0.500000
vt 0.733333 0.500000
vt 0.766667 0.500000
vt 0.800000 0.500000
vt 0.833333 0.500000
vt 0.866667 0.500000
vt 0.900000 0.500000
vt 0.933333 0.500000
vt 0.966667 0.500000
vt 1.000000 0.500000
vt 0.033333 0.500000
vt 0.066667 0.500000
vt 0.100000 0.500000
vt 0.133333 0.500000
vt 0.166667 0.500000
vt 0.200000 0.500000
vt 0.233333 0.500000
vt 0.266667 0.500000
vt 0.300000 0.500000
vt 0.333333 0.500000
vt 0.533333 0.500000
vt 0.566667 0.500000
vt 0.600000 0.500000
vt 0.633333 0.500000
vt 0.666667 0.500000
vt 0.366667 0.500000
vt 0.400000 0.500000
vt 0.433333 0.500000
vt 0.466667 0.500000
vt 0.500000 0.500000
vt -0.000000 0.500000
vt 0.000000 0.000000
vt 0.000000 0.000000
vt 0.000000 0.000000
vt 0.000000 0.000000
vt 0.000000 0.000000
vt 0.000000 0.000000
vt 0.000000 0.000000
vt 0.000000 0.000000
vt 0.000000 0.000000
vt 0.000000 0.000000
vt 0.000000 0.000000
vt 0.000000 0.000000
vt 0.000000 0.000000
vt 0.000000 0.000000
vt 0.000000 0.000000
vt 0.000000 0.000000
vt 0.000000 0.000000
vt 0.000000 0.000000
vt 0.000000 0.000000
vt 0.000000 0.000000
vt 0.000000 0.000000
vt 0.000000 0.000000
vt 0.000000 0.000000
vt 0.000000 0.000000
vt 0.000000 0.000000
vt 0.000000 0.000000
vt 0.000000 0.000000
vt 0.000000 0.000000
vt 0.000000 0.000000
vt 0.000000 0.000000
vt 0.000000 0.000000
vt 0.000000 0.000000
vt 0.000000 0.000000
vt 0.000000 0.000000
vt 0.000000 0.000000
vt 0.000000 0.000000
vt 0.000000 0.000000
vt 0.000000 0.000000
vt 0.000000 0.000000
vt 0.000000 0.000000
vt 0.000000 0.000000
vt 0.000000 0.000000
vt 0.000000 0.000000
vt 0.000000 0.000000
vt 0.000000 0.000000
vt 0.000000 0.000000
vt 0.000000 0.000000
vt 0.000000 0.000000
vt 0.000000 0.000000
vt 0.000000 0.000000
vt 0.000000 0.000000
vt 0.000000 0.000000
vt 0.000000 0.000000
vt 0.000000 0.000000
vt 0.000000 0.000000
vt 0.000000 0.000000
vt 0.000000 0.000000
vt 0.000000 0.000000
vt 0.000000 0.000000
vt 0.000000 0.000000
vt 0.000000 0.000000
vt 0.000000 0.000000
vt 0.000000 0.000000
vt 0.000000 0.000000
vt 0.000000 0.000000
vt 0.000000 0.000000
vt 0.000000 0.000000
vt 0.000000 0.000000
vt 0.000000 0.000000
vt 0.000000 0.000000
vt 0.000000 0.000000
vt 0.000000 0.000000
vn -0.5000 -0.0000 -0.8660
vn -1.0000 -0.0000 0.0000
vn -0.5000 0.0000 0.8660
vn 0.5000 0.0000 0.8660
vn 1.0000 0.0000 0.0000
vn 0.5000 -0.0000 -0.8660
vn 0.0000 -1.0000 0.0000
vn -0.2127 0.9050 -0.3684
vn -0.4254 0.9050 0.0000
vn -0.2127 0.9050 0.3684
vn 0.2127 0.9050 0.3684
vn 0.4254 0.9050 0.0000
vn 0.2127 0.9050 -0.3684
vn -0.4974 0.1019 0.8615
vn 0.9973 0.0728 0.0000
vn -0.6659 0.0586 -0.7437
vn -0.6614 0.0631 -0.7474
vn -0.6530 0.0713 -0.7540
vn -0.4987 0.0728 -0.8637
vn -0.9948 0.1019 0.0000
vn 0.7904 0.0609 0.6096
vn 0.7944 0.0663 0.6038
vn 0.7861 0.0552 0.6156
vn -0.9770 0.0586 0.2048
vn -0.9780 0.0631 0.1991
vn -0.9795 0.0713 0.1885
vn -0.9231 0.0609 -0.3797
vn -0.9201 0.0663 -0.3860
vn -0.9151 0.0750 -0.3962
vn -0.4987 0.0728 0.8637
vn 0.9231 0.0609 -0.3797
vn 0.9201 0.0663 -0.3860
vn 0.9262 0.0552 -0.3730
vn 0.9770 0.0586 0.2048
vn 0.9780 0.0631 0.1991
vn 0.9759 0.0531 0.2118
vn 0.3112 0.0586 -0.9485
vn 0.3166 0.0631 -0.9465
vn 0.3265 0.0713 -0.9425
vn 0.0000 1.0000 0.0000
vn -0.3112 0.0586 -0.9485
vn -0.3166 0.0631 -0.9465
vn -0.3045 0.0531 -0.9510
vn 0.4987 0.0728 -0.8637
vn 0.4974 0.1019 0.8615
vn 0.1327 0.0609 0.9893
vn 0.1257 0.0663 0.9898
vn 0.1144 0.0750 0.9906
vn -0.9770 0.0586 -0.2048
vn -0.9780 0.0631 -0.1991
vn -0.9759 0.0531 -0.2118
vn 0.9948 0.1019 0.0000
vn 0.1327 0.0609 -0.9893
vn 0.1257 0.0663 -0.9898
vn 0.1401 0.0552 -0.9886
vn 0.9231 0.0609 0.3797
vn 0.9201 0.0663 0.3860
vn 0.9151 0.0750 0.3962
vn -0.3112 0.0586 0.9485
vn -0.3166 0.0631 0.9465
vn -0.3265 0.0713 0.9425
vn -0.6659 0.0586 0.7437
vn -0.6614 0.0631 0.7474
vn -0.6714 0.0531 0.7392
vn -0.9973 0.0728 0.0000
vn -0.4974 0.1019 -0.8615
vn -0.7904 0.0609 -0.6096
vn -0.7944 0.0663 -0.6038
vn -0.7861 0.0552 -0.6156
vn 0.7904 0.0609 -0.6096
vn 0.7944 0.0663 -0.6038
vn 0.8007 0.0750 -0.5944
vn 0.6659 0.0586 0.7437
vn 0.6614 0.0631 0.7474
vn 0.6530 0.0713 0.7540
vn 0.3112 0.0586 0.9485
vn 0.3166 0.0631 0.9465
vn 0.3045 0.0531 0.9510
vn 0.4987 0.0728 0.8637
vn 0.4974 0.1019 -0.8615
vn -0.9231 0.0609 0.3797
vn -0.9201 0.0663 0.3860
vn -0.9262 0.0552 0.3730
vn -0.1327 0.0609 -0.9893
vn -0.1257 0.0663 -0.9898
vn -0.1144 0.0750 -0.9906
vn 0.9770 0.0586 -0.2048
vn 0.9780 0.0631 -0.1991
vn 0.9795 0.0713 -0.1885
vn 0.6659 0.0586 -0.7437
vn 0.6614 0.0631 -0.7474
vn 0.6714 0.0531 -0.7392
vn -0.1327 0.0609 0.9893
vn -0.1257 0.0663 0.9898
vn -0.1401 0.0552 0.9886
vn -0.7904 0.0609 0.6096
vn -0.7944 0.0663 0.6038
vn -0.8007 0.0750 0.5944
vn -0.6714 0.0531 -0.7392
vn 0.8007 0.0750 0.5944
vn -0.9759 0.0531 0.2118
vn -0.9262 0.0552 -0.3730
vn 0.9151 0.0750 -0.3962
vn 0.9795 0.0713 0.1885
vn 0.3045 0.0531 -0.9510
vn -0.3265 0.0713 -0.9425
vn 0.1401 0.0552 0.9886
vn -0.9795 0.0713 -0.1885
vn 0.1144 0.0750 -0.9906
vn 0.9262 0.0552 0.3730
vn -0.3045 0.0531 0.9510
vn -0.6530 0.0713 0.7540
vn -0.8007 0.0750 -0.5944
vn 0.7861 0.0552 -0.6156
vn 0.6714 0.0531 0.7392
vn 0.3265 0.0713 0.9425
vn -0.9151 0.0750 0.3962
vn -0.1401 0.0552 -0.9886
vn 0.9759 0.0531 -0.2118
vn 0.6530 0.0713 -0.7540
vn -0.1144 0.0750 0.9906
vn -0.7861 0.0552 0.6156
vn -0.4319 -0.5037 -0.7481
vn -0.4319 -0.5037 0.7481
vn 0.8639 -0.5037 0.0000
vn -0.8639 -0.5037 0.0000
vn 0.4319 -0.5037 0.7481
vn 0.4319 -0.5037 -0.7481
vn -0.4361 -0.4891 0.7554
vn 0.8722 -0.4891 0.0000
vn -0.8722 -0.4891 0.0000
vn 0.4361 -0.4891 0.7554
vn 0.4361 -0.4891 -0.7554
vn -0.4361 -0.4891 -0.7554
vn -0.7343 0.5000 -0.4591
vn -0.7343 0.5000 -0.4592
vn -0.5302 0.0000 0.8479
vn -0.7343 -0.5000 -0.4591
vn -0.8479 -0.0003 -0.5302
vn 0.8479 -0.0003 0.5302
vn 0.7343 -0.5000 0.4591
vn 0.5302 0.0000 -0.8479
vn 0.7343 0.5000 0.4591
vn 0.8479 0.0003 0.5302
vn -0.8479 0.0003 -0.5302
vn 0.0000 0.5000 -0.8660
vn 0.0000 -0.5000 -0.8660
vn 0.0000 -0.0003 -1.0000
vn 0.0000 -0.0003 1.0000
vn 0.0000 -0.5000 0.8660
vn 0.0000 0.5000 0.8660
vn 0.0000 0.0003 1.0000
vn 0.0000 0.0003 -1.0000
vn -0.7521 0.5000 0.4293
vn 0.4957 -0.0000 0.8685
vn -0.7521 -0.5000 0.4293
vn -0.8685 -0.0003 0.4957
vn 0.8685 -0.0003 -0.4957
vn 0.7521 -0.5000 -0.4293
vn -0.4957 0.0000 -0.8685
vn -0.4958 0.0000 -0.8685
vn 0.7521 0.5000 -0.4293
vn 0.8685 0.0003 -0.4957
vn -0.8685 0.0003 0.4957
usemtl mat_grey01
s 1
f 1984/1955/52 1871/1956/52 1979/1957/52
f 1960/1958/53 1851/1959/53 1951/1960/53
f 1904/1961/54 1853/1962/54 1895/1963/54
f 1932/1964/55 1855/1965/55 1923/1966/55
f 2044/1967/56 1857/1968/56 2035/1969/56
f 2011/1970/57 1891/1971/57 1859/1972/57
f 2037/1973/58 1926/1974/58 1898/1975/58
f 1991/1976/52 2228/1977/52 2249/1978/52
f 1959/1979/53 2233/1980/53 2245/1981/53
f 1903/1982/54 2232/1983/54 2237/1984/54
f 1931/1985/55 2231/1986/55 2241/1987/55
f 2043/1988/56 2230/1989/56 2257/1990/56
f 2015/1991/57 2229/1992/57 2253/1993/57
f 1999/1994/52 1885/1995/52 1995/1996/52
f 1971/1997/53 1884/1998/53 1967/1999/53
f 1915/2000/54 1882/2001/54 1911/2002/54
f 1943/2003/55 1880/2004/55 1939/2005/55
f 2055/2006/56 1878/2007/56 2051/2008/56
f 2027/2009/57 1876/2010/57 2023/2011/57
f 1872/2012/59 1984/2013/59 2000/2014/59
f 1861/2015/60 1960/2016/60 1972/2017/60
f 1868/2018/61 1904/2019/61 1916/2020/61
f 1869/2021/62 1932/2022/62 1944/2023/62
f 1870/2024/63 2044/2025/63 2056/2026/63
f 1873/2027/64 2016/2028/64 2028/2029/64
f 1869/2021/61 1907/2030/61 1889/2031/61
f 2028/2029/65 2097/2032/65 2029/2033/65
f 1917/2034/61 1906/2035/61 1918/2036/61
f 2045/2037/66 2100/2038/66 2044/1967/66
f 1879/2039/54 1908/2040/54 1880/2004/54
f 1912/2041/54 1909/2042/54 1908/2040/54
f 1913/2043/54 1910/2044/54 1909/2042/54
f 1914/2045/54 1911/2002/54 1910/2044/54
f 1865/2046/54 2234/2047/54 2231/1986/54
f 1900/2048/54 2235/2049/54 2234/2047/54
f 1901/2050/54 2236/2051/54 2235/2049/54
f 1902/2052/54 2237/1984/54 2236/2051/54
f 1855/1965/54 1907/2053/54 1892/2054/54
f 1907/2053/54 1893/2055/54 1892/2054/54
f 1893/2055/54 1905/2056/54 1894/2057/54
f 1905/2056/54 1895/1963/54 1894/2057/54
f 1870/2024/62 1935/2058/62 1890/2059/62
f 1916/2020/67 2060/2060/68 2064/2061/69
f 1946/2062/62 1933/2063/62 1934/2064/62
f 1985/2065/70 2084/2066/70 1984/1955/70
f 1877/2067/55 1936/2068/55 1878/2007/55
f 1940/2069/55 1937/2070/55 1936/2068/55
f 1941/2071/55 1938/2072/55 1937/2070/55
f 1942/2073/55 1939/2005/55 1938/2072/55
f 1864/2074/55 2238/2075/55 2230/1989/55
f 1928/2076/55 2239/2077/55 2238/2075/55
f 1929/2078/55 2240/2079/55 2239/2077/55
f 1930/2080/55 2241/1987/55 2240/2079/55
f 1890/2081/55 1920/2082/55 1857/1968/55
f 1935/2083/55 1921/2084/55 1920/2082/55
f 1934/2085/55 1922/2086/55 1921/2084/55
f 1933/2087/55 1923/1966/55 1922/2086/55
f 1868/2018/60 1963/2088/60 1888/2089/60
f 2056/2026/71 2105/2090/71 2057/2091/71
f 1973/2092/60 1962/2093/60 1974/2094/60
f 1917/2034/72 2061/2095/73 1905/2096/74
f 1881/2097/53 1964/2098/53 1882/2001/53
f 1968/2099/53 1965/2100/53 1964/2098/53
f 1969/2101/53 1966/2102/53 1965/2100/53
f 1970/2103/53 1967/1999/53 1966/2102/53
f 1866/2104/53 2242/2105/53 2232/1983/53
f 1956/2106/53 2243/2107/53 2242/2105/53
f 1957/2108/53 2244/2109/53 2243/2107/53
f 1958/2110/53 2245/1981/53 2244/2109/53
f 1888/2111/53 1948/2112/53 1853/1962/53
f 1963/2113/53 1949/2114/53 1948/2112/53
f 1962/2115/53 1950/2116/53 1949/2114/53
f 1961/2117/53 1951/1960/53 1950/2116/53
f 1861/2015/59 1987/2118/59 1887/2119/59
f 1944/2023/75 2068/2120/76 2072/2121/77
f 2002/2122/59 1985/2123/59 1986/2124/59
f 1918/2036/78 2062/2125/79 2066/2126/80
f 1883/2127/52 1992/2128/52 1884/1998/52
f 1996/2129/52 1993/2130/52 1992/2128/52
f 1997/2131/52 1994/2132/52 1993/2130/52
f 1998/2133/52 1995/1996/52 1994/2132/52
f 1867/2134/52 2246/2135/52 2233/1980/52
f 1988/2136/52 2247/2137/52 2246/2135/52
f 1989/2138/52 2248/2139/52 2247/2137/52
f 1990/2140/52 2249/1978/52 2248/2139/52
f 1887/2141/52 1976/2142/52 1851/1959/52
f 1987/2143/52 1977/2144/52 1976/2142/52
f 1986/2145/52 1978/2146/52 1977/2144/52
f 1985/2065/52 1979/1957/52 1978/2146/52
f 1872/2012/64 2019/2147/64 1886/2148/64
f 1906/2149/81 2063/2150/81 2062/2151/81
f 2029/2033/64 2018/2152/64 2030/2153/64
f 1945/2154/82 2069/2155/83 1933/2063/84
f 1874/2156/57 2020/2157/57 1885/2158/57
f 2024/2159/57 2021/2160/57 2020/2157/57
f 2025/2161/57 2022/2162/57 2021/2160/57
f 2026/2163/57 2023/2011/57 2022/2162/57
f 1862/2164/57 2250/2165/57 2228/2166/57
f 2012/2167/57 2251/2168/57 2250/2165/57
f 2013/2169/57 2252/2170/57 2251/2168/57
f 2014/2171/57 2253/1993/57 2252/2170/57
f 1886/2172/57 2008/2173/57 1871/2174/57
f 2019/2175/57 2009/2176/57 2008/2173/57
f 2018/2177/57 2010/2178/57 2009/2176/57
f 2017/2179/57 2011/1970/57 2010/2178/57
f 1873/2027/63 2047/2180/63 1891/2181/63
f 1919/2182/85 2063/2183/86 1907/2030/87
f 2057/2091/63 2046/2184/63 2058/2185/63
f 1972/2017/88 2076/2186/89 2080/2187/90
f 1875/2188/56 2048/2189/56 1876/2010/56
f 2052/2190/56 2049/2191/56 2048/2189/56
f 2053/2192/56 2050/2193/56 2049/2191/56
f 2054/2194/56 2051/2008/56 2050/2193/56
f 1863/2195/56 2254/2196/56 2229/1992/56
f 2040/2197/56 2255/2198/56 2254/2196/56
f 2041/2199/56 2256/2200/56 2255/2198/56
f 2042/2201/56 2257/1990/56 2256/2200/56
f 1891/1971/56 2032/2202/56 1859/1972/56
f 2047/2203/56 2033/2204/56 2032/2202/56
f 2046/2205/56 2034/2206/56 2033/2204/56
f 2045/2037/56 2035/1969/56 2034/2206/56
f 2067/2207/91 2062/2125/91 2063/2183/91
f 2064/2061/91 2061/2095/91 2065/2208/91
f 2075/2209/91 2070/2210/91 2071/2211/91
f 2072/2121/91 2069/2155/91 2073/2212/91
f 2083/2213/91 2078/2214/91 2079/2215/91
f 2080/2187/91 2077/2216/91 2081/2217/91
f 2091/2218/91 2086/2219/91 2087/2220/91
f 2088/2221/91 2085/2222/91 2089/2223/91
f 2099/2224/91 2094/2225/91 2095/2226/91
f 2096/2227/91 2093/2228/91 2097/2032/91
f 2107/2229/91 2102/2230/91 2103/2231/91
f 2104/2232/91 2101/2233/91 2105/2090/91
f 2059/2234/71 2106/2235/71 2107/2229/71
f 1986/2145/70 2087/2236/70 2086/2237/70
f 2059/2234/92 2103/2231/93 2047/2180/94
f 2017/2179/95 2092/2238/95 2016/2239/95
f 2000/2014/96 2089/2223/96 2001/2240/96
f 2046/2205/66 2103/2241/66 2102/2242/66
f 2031/2243/65 2098/2244/65 2099/2224/65
f 2058/2185/97 2102/2230/98 2106/2235/99
f 2031/2243/100 2095/2226/101 2019/2147/102
f 1972/2017/103 2081/2217/103 1973/2092/103
f 2057/2091/104 2101/2233/105 2045/2245/106
f 2018/2177/95 2095/2246/95 2094/2247/95
f 2003/2248/96 2090/2249/96 2091/2218/96
f 2030/2153/107 2094/2225/108 2098/2244/109
f 2056/2026/110 2100/2250/111 2104/2232/112
f 2003/2248/113 2087/2220/114 1987/2118/115
f 1961/2117/116 2076/2251/116 1960/1958/116
f 1944/2023/117 2073/2212/117 1945/2154/117
f 2029/2033/118 2093/2228/119 2017/2252/120
f 1975/2253/103 2082/2254/103 2083/2213/103
f 2002/2122/121 2086/2219/122 2090/2249/123
f 2028/2029/124 2092/2255/125 2096/2227/126
f 1975/2253/127 2079/2215/128 1963/2088/129
f 1933/2087/130 2068/2256/130 1932/1964/130
f 1916/2020/131 2065/2208/131 1917/2034/131
f 2001/2240/132 2085/2222/133 1985/2123/134
f 1962/2115/116 2079/2257/116 2078/2258/116
f 1947/2259/117 2074/2260/117 2075/2209/117
f 1974/2094/135 2078/2214/136 2082/2254/137
f 2000/2014/138 2084/2261/139 2088/2221/140
f 1947/2259/141 2071/2211/142 1935/2058/143
f 1905/2056/81 2060/2262/81 1904/1961/81
f 1973/2092/144 2077/2216/145 1961/2263/146
f 1934/2085/130 2071/2264/130 2070/2265/130
f 1919/2182/131 2066/2126/131 2067/2207/131
f 1946/2062/147 2070/2210/148 2074/2260/149
f 2166/2266/56 2137/2267/56 2136/2268/56
f 2165/2269/56 2136/2268/56 2135/2270/56
f 2164/2271/56 2135/2270/56 2134/2272/56
f 2139/2273/56 2134/2272/56 2108/2274/56
f 2162/2275/57 2133/2276/57 2132/2277/57
f 2161/2278/57 2132/2277/57 2131/2279/57
f 2160/2280/57 2131/2279/57 2130/2281/57
f 2138/2282/57 2130/2281/57 2113/2283/57
f 2158/2284/52 2129/2285/52 2128/2286/52
f 2157/2287/52 2128/2286/52 2127/2288/52
f 2156/2289/52 2127/2288/52 2126/2290/52
f 2143/2291/52 2126/2290/52 2112/2292/52
f 2154/2293/53 2125/2294/53 2124/2295/53
f 2153/2296/53 2124/2295/53 2123/2297/53
f 2152/2298/53 2123/2297/53 2122/2299/53
f 2142/2300/53 2122/2299/53 2111/2301/53
f 2150/2302/55 2121/2303/55 2120/2304/55
f 2149/2305/55 2120/2304/55 2119/2306/55
f 2148/2307/55 2119/2306/55 2118/2308/55
f 2140/2309/55 2118/2308/55 2109/2310/55
f 2146/2311/54 2117/2312/54 2116/2313/54
f 2145/2314/54 2116/2313/54 2115/2315/54
f 2144/2316/54 2115/2315/54 2114/2317/54
f 2141/2318/54 2114/2317/54 2110/2319/54
f 2163/2320/57 2108/2274/57 2133/2276/57
f 2167/2321/56 2109/2310/56 2137/2267/56
f 2151/2322/55 2110/2319/55 2121/2303/55
f 2147/2323/54 2111/2301/54 2117/2312/54
f 2155/2324/53 2112/2292/53 2125/2294/53
f 2159/2325/52 2113/2326/52 2129/2285/52
f 1984/1955/52 1886/2327/52 1871/1956/52
f 1960/1958/53 1887/2141/53 1851/1959/53
f 1904/1961/54 1888/2111/54 1853/1962/54
f 1932/1964/55 1889/2328/55 1855/1965/55
f 2044/1967/56 1890/2081/56 1857/1968/56
f 2011/1970/57 2016/2239/57 1891/1971/57
f 1983/2329/58 1850/2330/58 2004/2331/58
f 2004/2331/58 2005/2332/58 1982/2333/58
f 2005/2332/58 2006/2334/58 1954/2335/58
f 1981/2336/58 1954/2335/58 1980/2337/58
f 1982/2333/58 1983/2329/58 2004/2331/58
f 1981/2336/58 1982/2333/58 2005/2332/58
f 1955/2338/58 1860/2339/58 1980/2337/58
f 1952/2340/58 1953/2341/58 1898/1975/58
f 1953/2341/58 1954/2335/58 2006/2334/58
f 1954/2335/58 1955/2338/58 1980/2337/58
f 1981/2336/58 2005/2332/58 1954/2335/58
f 2006/2334/58 2007/2342/58 2036/2343/58
f 2007/2342/58 1852/2344/58 2036/2343/58
f 1899/2345/58 1858/2346/58 1952/2340/58
f 1896/2347/58 1897/2348/58 1927/2349/58
f 1897/2348/58 1898/1975/58 1926/1974/58
f 1927/2349/58 1897/2348/58 1926/1974/58
f 1898/1975/58 1899/2345/58 1952/2340/58
f 1953/2341/58 2006/2334/58 1898/1975/58
f 2037/1973/58 2038/2350/58 1925/2351/58
f 2038/2350/58 2039/2352/58 1924/2353/58
f 1924/2353/58 2039/2352/58 1854/2354/58
f 2006/2334/58 2036/2343/58 2037/1973/58
f 1856/2355/58 1896/2347/58 1927/2349/58
f 1925/2351/58 1926/1974/58 2037/1973/58
f 1898/1975/58 2006/2334/58 2037/1973/58
f 1924/2353/58 1925/2351/58 2038/2350/58
f 1991/1976/52 1862/2356/52 2228/1977/52
f 1959/1979/53 1867/2134/53 2233/1980/53
f 1903/1982/54 1866/2104/54 2232/1983/54
f 1931/1985/55 1865/2046/55 2231/1986/55
f 2043/1988/56 1864/2074/56 2230/1989/56
f 2015/1991/57 1863/2195/57 2229/1992/57
f 1999/1994/52 1874/2357/52 1885/1995/52
f 1971/1997/53 1883/2127/53 1884/1998/53
f 1915/2000/54 1881/2097/54 1882/2001/54
f 1943/2003/55 1879/2039/55 1880/2004/55
f 2055/2006/56 1877/2067/56 1878/2007/56
f 2027/2009/57 1875/2188/57 1876/2010/57
f 1872/2012/59 1886/2148/59 1984/2013/59
f 1861/2015/60 1887/2119/60 1960/2016/60
f 1868/2018/61 1888/2089/61 1904/2019/61
f 1869/2021/62 1889/2031/62 1932/2022/62
f 1870/2024/63 1890/2059/63 2044/2025/63
f 1873/2027/64 1891/2181/64 2016/2028/64
f 1869/2021/61 1919/2182/61 1907/2030/61
f 2028/2029/65 2096/2227/65 2097/2032/65
f 1917/2034/61 1905/2096/61 1906/2035/61
f 2045/2037/66 2101/2358/66 2100/2038/66
f 1879/2039/54 1912/2041/54 1908/2040/54
f 1912/2041/54 1913/2043/54 1909/2042/54
f 1913/2043/54 1914/2045/54 1910/2044/54
f 1914/2045/54 1915/2000/54 1911/2002/54
f 1865/2046/54 1900/2048/54 2234/2047/54
f 1900/2048/54 1901/2050/54 2235/2049/54
f 1901/2050/54 1902/2052/54 2236/2051/54
f 1902/2052/54 1903/1982/54 2237/1984/54
f 1855/1965/54 1889/2328/54 1907/2053/54
f 1907/2053/54 1906/2149/54 1893/2055/54
f 1893/2055/54 1906/2149/54 1905/2056/54
f 1905/2056/54 1904/1961/54 1895/1963/54
f 1870/2024/62 1947/2259/62 1935/2058/62
f 1916/2020/67 1904/2019/150 2060/2060/68
f 1946/2062/62 1945/2154/62 1933/2063/62
f 1985/2065/70 2085/2359/70 2084/2066/70
f 1877/2067/55 1940/2069/55 1936/2068/55
f 1940/2069/55 1941/2071/55 1937/2070/55
f 1941/2071/55 1942/2073/55 1938/2072/55
f 1942/2073/55 1943/2003/55 1939/2005/55
f 1864/2074/55 1928/2076/55 2238/2075/55
f 1928/2076/55 1929/2078/55 2239/2077/55
f 1929/2078/55 1930/2080/55 2240/2079/55
f 1930/2080/55 1931/1985/55 2241/1987/55
f 1890/2081/55 1935/2083/55 1920/2082/55
f 1935/2083/55 1934/2085/55 1921/2084/55
f 1934/2085/55 1933/2087/55 1922/2086/55
f 1933/2087/55 1932/1964/55 1923/1966/55
f 1868/2018/60 1975/2253/60 1963/2088/60
f 2056/2026/71 2104/2232/71 2105/2090/71
f 1973/2092/60 1961/2263/60 1962/2093/60
f 1917/2034/72 2065/2208/151 2061/2095/73
f 1881/2097/53 1968/2099/53 1964/2098/53
f 1968/2099/53 1969/2101/53 1965/2100/53
f 1969/2101/53 1970/2103/53 1966/2102/53
f 1970/2103/53 1971/1997/53 1967/1999/53
f 1866/2104/53 1956/2106/53 2242/2105/53
f 1956/2106/53 1957/2108/53 2243/2107/53
f 1957/2108/53 1958/2110/53 2244/2109/53
f 1958/2110/53 1959/1979/53 2245/1981/53
f 1888/2111/53 1963/2113/53 1948/2112/53
f 1963/2113/53 1962/2115/53 1949/2114/53
f 1962/2115/53 1961/2117/53 1950/2116/53
f 1961/2117/53 1960/1958/53 1951/1960/53
f 1861/2015/59 2003/2248/59 1987/2118/59
f 1944/2023/75 1932/2022/152 2068/2120/76
f 2002/2122/59 2001/2240/59 1985/2123/59
f 1918/2036/78 1906/2035/153 2062/2125/79
f 1883/2127/52 1996/2129/52 1992/2128/52
f 1996/2129/52 1997/2131/52 1993/2130/52
f 1997/2131/52 1998/2133/52 1994/2132/52
f 1998/2133/52 1999/1994/52 1995/1996/52
f 1867/2134/52 1988/2136/52 2246/2135/52
f 1988/2136/52 1989/2138/52 2247/2137/52
f 1989/2138/52 1990/2140/52 2248/2139/52
f 1990/2140/52 1991/1976/52 2249/1978/52
f 1887/2141/52 1987/2143/52 1976/2142/52
f 1987/2143/52 1986/2145/52 1977/2144/52
f 1986/2145/52 1985/2065/52 1978/2146/52
f 1985/2065/52 1984/1955/52 1979/1957/52
f 1872/2012/64 2031/2243/64 2019/2147/64
f 1906/2149/81 1907/2053/81 2063/2150/81
f 2029/2033/64 2017/2252/64 2018/2152/64
f 1945/2154/82 2073/2212/154 2069/2155/83
f 1874/2156/57 2024/2159/57 2020/2157/57
f 2024/2159/57 2025/2161/57 2021/2160/57
f 2025/2161/57 2026/2163/57 2022/2162/57
f 2026/2163/57 2027/2009/57 2023/2011/57
f 1862/2164/57 2012/2167/57 2250/2165/57
f 2012/2167/57 2013/2169/57 2251/2168/57
f 2013/2169/57 2014/2171/57 2252/2170/57
f 2014/2171/57 2015/1991/57 2253/1993/57
f 1886/2172/57 2019/2175/57 2008/2173/57
f 2019/2175/57 2018/2177/57 2009/2176/57
f 2018/2177/57 2017/2179/57 2010/2178/57
f 2017/2179/57 2016/2239/57 2011/1970/57
f 1873/2027/63 2059/2234/63 2047/2180/63
f 1919/2182/85 2067/2207/155 2063/2183/86
f 2057/2091/63 2045/2245/63 2046/2184/63
f 1972/2017/88 1960/2016/156 2076/2186/89
f 1875/2188/56 2052/2190/56 2048/2189/56
f 2052/2190/56 2053/2192/56 2049/2191/56
f 2053/2192/56 2054/2194/56 2050/2193/56
f 2054/2194/56 2055/2006/56 2051/2008/56
f 1863/2195/56 2040/2197/56 2254/2196/56
f 2040/2197/56 2041/2199/56 2255/2198/56
f 2041/2199/56 2042/2201/56 2256/2200/56
f 2042/2201/56 2043/1988/56 2257/1990/56
f 1891/1971/56 2047/2203/56 2032/2202/56
f 2047/2203/56 2046/2205/56 2033/2204/56
f 2046/2205/56 2045/2037/56 2034/2206/56
f 2045/2037/56 2044/1967/56 2035/1969/56
f 2067/2207/91 2066/2126/91 2062/2125/91
f 2064/2061/91 2060/2060/91 2061/2095/91
f 2075/2209/91 2074/2260/91 2070/2210/91
f 2072/2121/91 2068/2120/91 2069/2155/91
f 2083/2213/91 2082/2254/91 2078/2214/91
f 2080/2187/91 2076/2186/91 2077/2216/91
f 2091/2218/91 2090/2249/91 2086/2219/91
f 2088/2221/91 2084/2261/91 2085/2222/91
f 2099/2224/91 2098/2244/91 2094/2225/91
f 2096/2227/91 2092/2255/91 2093/2228/91
f 2107/2229/91 2106/2235/91 2102/2230/91
f 2104/2232/91 2100/2250/91 2101/2233/91
f 2059/2234/71 2058/2185/71 2106/2235/71
f 1986/2145/70 1987/2143/70 2087/2236/70
f 2059/2234/92 2107/2229/157 2103/2231/93
f 2017/2179/95 2093/2360/95 2092/2238/95
f 2000/2014/96 2088/2221/96 2089/2223/96
f 2046/2205/66 2047/2203/66 2103/2241/66
f 2031/2243/65 2030/2153/65 2098/2244/65
f 2058/2185/97 2046/2184/158 2102/2230/98
f 2031/2243/100 2099/2224/159 2095/2226/101
f 1972/2017/103 2080/2187/103 2081/2217/103
f 2057/2091/104 2105/2090/160 2101/2233/105
f 2018/2177/95 2019/2175/95 2095/2246/95
f 2003/2248/96 2002/2122/96 2090/2249/96
f 2030/2153/107 2018/2152/161 2094/2225/108
f 2056/2026/110 2044/2025/162 2100/2250/111
f 2003/2248/113 2091/2218/163 2087/2220/114
f 1961/2117/116 2077/2361/116 2076/2251/116
f 1944/2023/117 2072/2121/117 2073/2212/117
f 2029/2033/118 2097/2032/164 2093/2228/119
f 1975/2253/103 1974/2094/103 2082/2254/103
f 2002/2122/121 1986/2124/165 2086/2219/122
f 2028/2029/124 2016/2028/166 2092/2255/125
f 1975/2253/127 2083/2213/167 2079/2215/128
f 1933/2087/130 2069/2362/130 2068/2256/130
f 1916/2020/131 2064/2061/131 2065/2208/131
f 2001/2240/132 2089/2223/168 2085/2222/133
f 1962/2115/116 1963/2113/116 2079/2257/116
f 1947/2259/117 1946/2062/117 2074/2260/117
f 1974/2094/135 1962/2093/169 2078/2214/136
f 2000/2014/138 1984/2013/170 2084/2261/139
f 1947/2259/141 2075/2209/171 2071/2211/142
f 1905/2056/81 2061/2363/81 2060/2262/81
f 1973/2092/144 2081/2217/172 2077/2216/145
f 1934/2085/130 1935/2083/130 2071/2264/130
f 1919/2182/131 1918/2036/131 2066/2126/131
f 1946/2062/147 1934/2064/173 2070/2210/148
f 2166/2266/56 2167/2321/56 2137/2267/56
f 2165/2269/56 2166/2266/56 2136/2268/56
f 2164/2271/56 2165/2269/56 2135/2270/56
f 2139/2273/56 2164/2271/56 2134/2272/56
f 2162/2275/57 2163/2320/57 2133/2276/57
f 2161/2278/57 2162/2275/57 2132/2277/57
f 2160/2280/57 2161/2278/57 2131/2279/57
f 2138/2282/57 2160/2280/57 2130/2281/57
f 2158/2284/52 2159/2325/52 2129/2285/52
f 2157/2287/52 2158/2284/52 2128/2286/52
f 2156/2289/52 2157/2287/52 2127/2288/52
f 2143/2291/52 2156/2289/52 2126/2290/52
f 2154/2293/53 2155/2324/53 2125/2294/53
f 2153/2296/53 2154/2293/53 2124/2295/53
f 2152/2298/53 2153/2296/53 2123/2297/53
f 2142/2300/53 2152/2298/53 2122/2299/53
f 2150/2302/55 2151/2322/55 2121/2303/55
f 2149/2305/55 2150/2302/55 2120/2304/55
f 2148/2307/55 2149/2305/55 2119/2306/55
f 2140/2309/55 2148/2307/55 2118/2308/55
f 2146/2311/54 2147/2323/54 2117/2312/54
f 2145/2314/54 2146/2311/54 2116/2313/54
f 2144/2316/54 2145/2314/54 2115/2315/54
f 2141/2318/54 2144/2316/54 2114/2317/54
f 2163/2320/57 2139/2273/57 2108/2274/57
f 2167/2321/56 2140/2309/56 2109/2310/56
f 2151/2322/55 2141/2318/55 2110/2319/55
f 2147/2323/54 2142/2300/54 2111/2301/54
f 2155/2324/53 2143/2291/53 2112/2292/53
f 2159/2325/52 2138/2364/52 2113/2326/52
usemtl mat_brown01
f 2196/2365/56 2167/2321/56 2166/2266/56
f 2195/2366/56 2166/2266/56 2165/2269/56
f 2194/2367/56 2165/2269/56 2164/2271/56
f 2169/2368/56 2164/2271/56 2139/2273/56
f 2192/2369/57 2163/2320/57 2162/2275/57
f 2191/2370/57 2162/2275/57 2161/2278/57
f 2190/2371/57 2161/2278/57 2160/2280/57
f 2168/2372/57 2160/2280/57 2138/2282/57
f 2188/2373/52 2159/2325/52 2158/2284/52
f 2187/2374/52 2158/2284/52 2157/2287/52
f 2186/2375/52 2157/2287/52 2156/2289/52
f 2173/2376/52 2156/2289/52 2143/2291/52
f 2184/2377/53 2155/2324/53 2154/2293/53
f 2183/2378/53 2154/2293/53 2153/2296/53
f 2182/2379/53 2153/2296/53 2152/2298/53
f 2172/2380/53 2152/2298/53 2142/2300/53
f 2180/2381/55 2151/2322/55 2150/2302/55
f 2179/2382/55 2150/2302/55 2149/2305/55
f 2178/2383/55 2149/2305/55 2148/2307/55
f 2170/2384/55 2148/2307/55 2140/2309/55
f 2176/2385/54 2147/2323/54 2146/2311/54
f 2175/2386/54 2146/2311/54 2145/2314/54
f 2174/2387/54 2145/2314/54 2144/2316/54
f 2171/2388/54 2144/2316/54 2141/2318/54
f 2193/2389/57 2139/2273/57 2163/2320/57
f 2197/2390/56 2140/2309/56 2167/2321/56
f 2181/2391/55 2141/2318/55 2151/2322/55
f 2177/2392/54 2142/2300/54 2147/2323/54
f 2185/2393/53 2143/2291/53 2155/2324/53
f 2189/2394/52 2138/2364/52 2159/2325/52
f 2256/2200/56 2227/2395/56 2226/2396/56
f 2255/2198/56 2226/2396/56 2225/2397/56
f 2254/2196/56 2225/2397/56 2224/2398/56
f 2229/1992/56 2224/2398/56 2199/2399/56
f 2252/2170/57 2223/2400/57 2222/2401/57
f 2251/2168/57 2222/2401/57 2221/2402/57
f 2250/2165/57 2221/2402/57 2220/2403/57
f 2228/2166/57 2220/2403/57 2198/2404/57
f 2248/2139/52 2219/2405/52 2218/2406/52
f 2247/2137/52 2218/2406/52 2217/2407/52
f 2246/2135/52 2217/2407/52 2216/2408/52
f 2233/1980/52 2216/2408/52 2203/2409/52
f 2244/2109/53 2215/2410/53 2214/2411/53
f 2243/2107/53 2214/2411/53 2213/2412/53
f 2242/2105/53 2213/2412/53 2212/2413/53
f 2232/1983/53 2212/2413/53 2202/2414/53
f 2240/2079/55 2211/2415/55 2210/2416/55
f 2239/2077/55 2210/2416/55 2209/2417/55
f 2238/2075/55 2209/2417/55 2208/2418/55
f 2230/1989/55 2208/2418/55 2200/2419/55
f 2236/2051/54 2207/2420/54 2206/2421/54
f 2235/2049/54 2206/2421/54 2205/2422/54
f 2234/2047/54 2205/2422/54 2204/2423/54
f 2231/1986/54 2204/2423/54 2201/2424/54
f 2253/1993/57 2199/2399/57 2223/2400/57
f 2257/1990/56 2200/2419/56 2227/2395/56
f 2241/1987/55 2201/2424/55 2211/2415/55
f 2237/1984/54 2202/2414/54 2207/2420/54
f 2245/1981/53 2203/2409/53 2215/2410/53
f 2249/1978/52 2198/2425/52 2219/2405/52
f 2196/2365/56 2197/2390/56 2167/2321/56
f 2195/2366/56 2196/2365/56 2166/2266/56
f 2194/2367/56 2195/2366/56 2165/2269/56
f 2169/2368/56 2194/2367/56 2164/2271/56
f 2192/2369/57 2193/2389/57 2163/2320/57
f 2191/2370/57 2192/2369/57 2162/2275/57
f 2190/2371/57 2191/2370/57 2161/2278/57
f 2168/2372/57 2190/2371/57 2160/2280/57
f 2188/2373/52 2189/2394/52 2159/2325/52
f 2187/2374/52 2188/2373/52 2158/2284/52
f 2186/2375/52 2187/2374/52 2157/2287/52
f 2173/2376/52 2186/2375/52 2156/2289/52
f 2184/2377/53 2185/2393/53 2155/2324/53
f 2183/2378/53 2184/2377/53 2154/2293/53
f 2182/2379/53 2183/2378/53 2153/2296/53
f 2172/2380/53 2182/2379/53 2152/2298/53
f 2180/2381/55 2181/2391/55 2151/2322/55
f 2179/2382/55 2180/2381/55 2150/2302/55
f 2178/2383/55 2179/2382/55 2149/2305/55
f 2170/2384/55 2178/2383/55 2148/2307/55
f 2176/2385/54 2177/2392/54 2147/2323/54
f 2175/2386/54 2176/2385/54 2146/2311/54
f 2174/2387/54 2175/2386/54 2145/2314/54
f 2171/2388/54 2174/2387/54 2144/2316/54
f 2193/2389/57 2169/2368/57 2139/2273/57
f 2197/2390/56 2170/2384/56 2140/2309/56
f 2181/2391/55 2171/2388/55 2141/2318/55
f 2177/2392/54 2172/2380/54 2142/2300/54
f 2185/2393/53 2173/2376/53 2143/2291/53
f 2189/2394/52 2168/2426/52 2138/2364/52
f 2256/2200/56 2257/1990/56 2227/2395/56
f 2255/2198/56 2256/2200/56 2226/2396/56
f 2254/2196/56 2255/2198/56 2225/2397/56
f 2229/1992/56 2254/2196/56 2224/2398/56
f 2252/2170/57 2253/1993/57 2223/2400/57
f 2251/2168/57 2252/2170/57 2222/2401/57
f 2250/2165/57 2251/2168/57 2221/2402/57
f 2228/2166/57 2250/2165/57 2220/2403/57
f 2248/2139/52 2249/1978/52 2219/2405/52
f 2247/2137/52 2248/2139/52 2218/2406/52
f 2246/2135/52 2247/2137/52 2217/2407/52
f 2233/1980/52 2246/2135/52 2216/2408/52
f 2244/2109/53 2245/1981/53 2215/2410/53
f 2243/2107/53 2244/2109/53 2214/2411/53
f 2242/2105/53 2243/2107/53 2213/2412/53
f 2232/1983/53 2242/2105/53 2212/2413/53
f 2240/2079/55 2241/1987/55 2211/2415/55
f 2239/2077/55 2240/2079/55 2210/2416/55
f 2238/2075/55 2239/2077/55 2209/2417/55
f 2230/1989/55 2238/2075/55 2208/2418/55
f 2236/2051/54 2237/1984/54 2207/2420/54
f 2235/2049/54 2236/2051/54 2206/2421/54
f 2234/2047/54 2235/2049/54 2205/2422/54
f 2231/1986/54 2234/2047/54 2204/2423/54
f 2253/1993/57 2229/1992/57 2199/2399/57
f 2257/1990/56 2230/1989/56 2200/2419/56
f 2241/1987/55 2231/1986/55 2201/2424/55
f 2237/1984/54 2232/1983/54 2202/2414/54
f 2245/1981/53 2233/1980/53 2203/2409/53
f 2249/1978/52 2228/1977/52 2198/2425/52
usemtl mat_grey02
f 2136/2268/56 2039/2427/56 2038/2428/56
f 2135/2270/56 2038/2428/56 2037/2429/56
f 2134/2272/56 2037/2429/56 2036/2430/56
f 2108/2274/56 2036/2430/56 1852/2431/56
f 2132/2277/57 2007/2432/57 2006/2433/57
f 2131/2279/57 2006/2433/57 2005/2434/57
f 2130/2281/57 2005/2434/57 2004/2435/57
f 2113/2283/57 2004/2435/57 1850/2436/57
f 2128/2286/52 1983/2437/52 1982/2438/52
f 2127/2288/52 1982/2438/52 1981/2439/52
f 2126/2290/52 1981/2439/52 1980/2440/52
f 2112/2292/52 1980/2440/52 1860/2441/52
f 2124/2295/53 1955/2442/53 1954/2443/53
f 2123/2297/53 1954/2443/53 1953/2444/53
f 2122/2299/53 1953/2444/53 1952/2445/53
f 2111/2301/53 1952/2445/53 1858/2446/53
f 2120/2304/55 1927/2447/55 1926/2448/55
f 2119/2306/55 1926/2448/55 1925/2449/55
f 2118/2308/55 1925/2449/55 1924/2450/55
f 2109/2310/55 1924/2450/55 1854/2451/55
f 2116/2313/54 1899/2452/54 1898/2453/54
f 2115/2315/54 1898/2453/54 1897/2454/54
f 2114/2317/54 1897/2454/54 1896/2455/54
f 2110/2319/54 1896/2455/54 1856/2456/54
f 2133/2276/57 1852/2431/57 2007/2432/57
f 2137/2267/56 1854/2451/56 2039/2427/56
f 2121/2303/55 1856/2456/55 1927/2447/55
f 2117/2312/54 1858/2446/54 1899/2452/54
f 2125/2294/53 1860/2441/53 1955/2442/53
f 2129/2285/52 1850/2457/52 1983/2437/52
f 2226/2396/56 2197/2390/56 2196/2365/56
f 2225/2397/56 2196/2365/56 2195/2366/56
f 2224/2398/56 2195/2366/56 2194/2367/56
f 2199/2399/56 2194/2367/56 2169/2368/56
f 2222/2401/57 2193/2389/57 2192/2369/57
f 2221/2402/57 2192/2369/57 2191/2370/57
f 2220/2403/57 2191/2370/57 2190/2371/57
f 2198/2404/57 2190/2371/57 2168/2372/57
f 2218/2406/52 2189/2394/52 2188/2373/52
f 2217/2407/52 2188/2373/52 2187/2374/52
f 2216/2408/52 2187/2374/52 2186/2375/52
f 2203/2409/52 2186/2375/52 2173/2376/52
f 2214/2411/53 2185/2393/53 2184/2377/53
f 2213/2412/53 2184/2377/53 2183/2378/53
f 2212/2413/53 2183/2378/53 2182/2379/53
f 2202/2414/53 2182/2379/53 2172/2380/53
f 2210/2416/55 2181/2391/55 2180/2381/55
f 2209/2417/55 2180/2381/55 2179/2382/55
f 2208/2418/55 2179/2382/55 2178/2383/55
f 2200/2419/55 2178/2383/55 2170/2384/55
f 2206/2421/54 2177/2392/54 2176/2385/54
f 2205/2422/54 2176/2385/54 2175/2386/54
f 2204/2423/54 2175/2386/54 2174/2387/54
f 2201/2424/54 2174/2387/54 2171/2388/54
f 2223/2400/57 2169/2368/57 2193/2389/57
f 2227/2395/56 2170/2384/56 2197/2390/56
f 2211/2415/55 2171/2388/55 2181/2391/55
f 2207/2420/54 2172/2380/54 2177/2392/54
f 2215/2410/53 2173/2376/53 2185/2393/53
f 2219/2405/52 2168/2426/52 2189/2394/52
f 2136/2268/56 2137/2267/56 2039/2427/56
f 2135/2270/56 2136/2268/56 2038/2428/56
f 2134/2272/56 2135/2270/56 2037/2429/56
f 2108/2274/56 2134/2272/56 2036/2430/56
f 2132/2277/57 2133/2276/57 2007/2432/57
f 2131/2279/57 2132/2277/57 2006/2433/57
f 2130/2281/57 2131/2279/57 2005/2434/57
f 2113/2283/57 2130/2281/57 2004/2435/57
f 2128/2286/52 2129/2285/52 1983/2437/52
f 2127/2288/52 2128/2286/52 1982/2438/52
f 2126/2290/52 2127/2288/52 1981/2439/52
f 2112/2292/52 2126/2290/52 1980/2440/52
f 2124/2295/53 2125/2294/53 1955/2442/53
f 2123/2297/53 2124/2295/53 1954/2443/53
f 2122/2299/53 2123/2297/53 1953/2444/53
f 2111/2301/53 2122/2299/53 1952/2445/53
f 2120/2304/55 2121/2303/55 1927/2447/55
f 2119/2306/55 2120/2304/55 1926/2448/55
f 2118/2308/55 2119/2306/55 1925/2449/55
f 2109/2310/55 2118/2308/55 1924/2450/55
f 2116/2313/54 2117/2312/54 1899/2452/54
f 2115/2315/54 2116/2313/54 1898/2453/54
f 2114/2317/54 2115/2315/54 1897/2454/54
f 2110/2319/54 2114/2317/54 1896/2455/54
f 2133/2276/57 2108/2274/57 1852/2431/57
f 2137/2267/56 2109/2310/56 1854/2451/56
f 2121/2303/55 2110/2319/55 1856/2456/55
f 2117/2312/54 2111/2301/54 1858/2446/54
f 2125/2294/53 2112/2292/53 1860/2441/53
f 2129/2285/52 2113/2326/52 1850/2457/52
f 2226/2396/56 2227/2395/56 2197/2390/56
f 2225/2397/56 2226/2396/56 2196/2365/56
f 2224/2398/56 2225/2397/56 2195/2366/56
f 2199/2399/56 2224/2398/56 2194/2367/56
f 2222/2401/57 2223/2400/57 2193/2389/57
f 2221/2402/57 2222/2401/57 2192/2369/57
f 2220/2403/57 2221/2402/57 2191/2370/57
f 2198/2404/57 2220/2403/57 2190/2371/57
f 2218/2406/52 2219/2405/52 2189/2394/52
f 2217/2407/52 2218/2406/52 2188/2373/52
f 2216/2408/52 2217/2407/52 2187/2374/52
f 2203/2409/52 2216/2408/52 2186/2375/52
f 2214/2411/53 2215/2410/53 2185/2393/53
f 2213/2412/53 2214/2411/53 2184/2377/53
f 2212/2413/53 2213/2412/53 2183/2378/53
f 2202/2414/53 2212/2413/53 2182/2379/53
f 2210/2416/55 2211/2415/55 2181/2391/55
f 2209/2417/55 2210/2416/55 2180/2381/55
f 2208/2418/55 2209/2417/55 2179/2382/55
f 2200/2419/55 2208/2418/55 2178/2383/55
f 2206/2421/54 2207/2420/54 2177/2392/54
f 2205/2422/54 2206/2421/54 2176/2385/54
f 2204/2423/54 2205/2422/54 2175/2386/54
f 2201/2424/54 2204/2423/54 2174/2387/54
f 2223/2400/57 2199/2399/57 2169/2368/57
f 2227/2395/56 2200/2419/56 2170/2384/56
f 2211/2415/55 2201/2424/55 2171/2388/55
f 2207/2420/54 2202/2414/54 2172/2380/54
f 2215/2410/53 2203/2409/53 2173/2376/53
f 2219/2405/52 2198/2425/52 2168/2426/52
usemtl mat_grey03
f 1946/2062/91 1974/2094/91 1918/2036/91
f 1867/2134/174 1992/2128/174 1988/2136/174
f 1865/2046/175 1908/2040/175 1900/2048/175
f 1863/2195/176 2048/2189/176 2040/2197/176
f 1866/2104/177 1964/2098/177 1956/2106/177
f 1864/2074/178 1936/2068/178 1928/2076/178
f 1862/2164/179 2020/2157/179 2012/2167/179
f 1879/2039/180 1892/2054/180 1912/2041/180
f 1875/2188/181 2032/2202/181 2052/2190/181
f 1881/2097/182 1948/2112/182 1968/2099/182
f 1877/2067/183 1920/2082/183 1940/2069/183
f 1874/2156/184 2008/2173/184 2024/2159/184
f 1883/2127/185 1976/2142/185 1996/2129/185
f 1881/2097/180 1895/1963/180 1853/1962/180
f 1915/2000/180 1894/2057/180 1895/1963/180
f 1913/2043/180 1894/2057/180 1914/2045/180
f 1912/2041/180 1893/2055/180 1913/2043/180
f 1866/2104/175 1911/2002/175 1882/2001/175
f 1903/1982/175 1910/2044/175 1911/2002/175
f 1901/2050/175 1910/2044/175 1902/2052/175
f 1900/2048/175 1909/2042/175 1901/2050/175
f 1879/2039/183 1923/1966/183 1855/1965/183
f 1943/2003/183 1922/2086/183 1923/1966/183
f 1941/2071/183 1922/2086/183 1942/2073/183
f 1940/2069/183 1921/2084/183 1941/2071/183
f 1865/2046/178 1939/2005/178 1880/2004/178
f 1931/1985/178 1938/2072/178 1939/2005/178
f 1929/2078/178 1938/2072/178 1930/2080/178
f 1928/2076/178 1937/2070/178 1929/2078/178
f 1883/2127/182 1951/1960/182 1851/1959/182
f 1971/1997/182 1950/2116/182 1951/1960/182
f 1969/2101/182 1950/2116/182 1970/2103/182
f 1968/2099/182 1949/2114/182 1969/2101/182
f 1867/2134/177 1967/1999/177 1884/1998/177
f 1959/1979/177 1966/2102/177 1967/1999/177
f 1957/2108/177 1966/2102/177 1958/2110/177
f 1956/2106/177 1965/2100/177 1957/2108/177
f 1874/2357/185 1979/1957/185 1871/1956/185
f 1999/1994/185 1978/2146/185 1979/1957/185
f 1998/2133/185 1977/2144/185 1978/2146/185
f 1996/2129/185 1977/2144/185 1997/2131/185
f 1862/2356/174 1995/1996/174 1885/1995/174
f 1991/1976/174 1994/2132/174 1995/1996/174
f 1989/2138/174 1994/2132/174 1990/2140/174
f 1988/2136/174 1993/2130/174 1989/2138/174
f 1875/2188/184 2011/1970/184 1859/1972/184
f 2027/2009/184 2010/2178/184 2011/1970/184
f 2025/2161/184 2010/2178/184 2026/2163/184
f 2024/2159/184 2009/2176/184 2025/2161/184
f 1863/2195/179 2023/2011/179 1876/2010/179
f 2015/1991/179 2022/2162/179 2023/2011/179
f 2013/2169/179 2022/2162/179 2014/2171/179
f 2012/2167/179 2021/2160/179 2013/2169/179
f 1877/2067/181 2035/1969/181 1857/1968/181
f 2055/2006/181 2034/2206/181 2035/1969/181
f 2053/2192/181 2034/2206/181 2054/2194/181
f 2052/2190/181 2033/2204/181 2053/2192/181
f 1864/2074/176 2051/2008/176 1878/2007/176
f 2043/1988/176 2050/2193/176 2051/2008/176
f 2042/2201/176 2049/2191/176 2050/2193/176
f 2040/2197/176 2049/2191/176 2041/2199/176
f 2263/2458/186 2277/2459/186 2258/2460/187
f 2268/2461/188 2269/2462/188 2264/2463/188
f 2274/2464/189 2267/2465/189 2273/2466/189
f 2272/2467/91 2264/2463/91 2270/2468/91
f 2275/2469/58 2268/2461/58 2274/2464/58
f 2273/2466/190 2266/2470/190 2272/2467/190
f 2271/2471/191 2264/2463/191 2265/2472/191
f 2271/2471/192 2269/2462/192 2275/2469/192
f 2259/2473/193 2271/2471/193 2258/2460/193
f 2260/2474/193 2270/2468/193 2259/2473/193
f 2260/2474/193 2273/2466/193 2272/2467/193
f 2261/2475/193 2274/2464/193 2273/2466/193
f 2262/2476/193 2275/2469/193 2274/2464/193
f 2258/2460/193 2275/2469/193 2263/2458/193
f 2261/2475/194 2280/2477/194 2262/2476/194
f 2259/2473/58 2278/2478/58 2260/2474/58
f 2262/2476/91 2281/2479/91 2263/2458/91
f 2261/2475/195 2278/2478/195 2279/2480/195
f 2258/2460/196 2276/2481/196 2259/2473/196
f 2287/2482/197 2301/2483/197 2282/2484/197
f 2292/2485/53 2293/2486/53 2288/2487/53
f 2297/2488/198 2292/2485/198 2291/2489/198
f 2296/2490/91 2288/2487/91 2294/2491/91
f 2299/2492/58 2292/2485/58 2298/2493/58
f 2297/2488/199 2290/2494/199 2296/2490/199
f 2295/2495/200 2288/2487/200 2289/2496/200
f 2295/2495/201 2293/2486/201 2299/2492/201
f 2283/2497/56 2295/2495/56 2282/2484/56
f 2284/2498/56 2294/2491/56 2283/2497/56
f 2284/2498/56 2297/2488/56 2296/2490/56
f 2285/2499/56 2298/2493/56 2297/2488/56
f 2287/2482/56 2298/2493/56 2286/2500/56
f 2282/2484/56 2299/2492/56 2287/2482/56
f 2285/2499/202 2304/2501/202 2286/2500/202
f 2283/2497/58 2302/2502/58 2284/2498/58
f 2286/2500/91 2305/2503/91 2287/2482/91
f 2284/2498/203 2303/2504/203 2285/2499/203
f 2282/2484/204 2300/2505/204 2283/2497/204
f 2311/2506/205 2325/2507/205 2306/2508/205
f 2316/2509/206 2317/2510/206 2312/2511/206
f 2321/2512/207 2316/2509/207 2315/2513/207
f 2320/2514/91 2312/2511/91 2318/2515/91
f 2323/2516/58 2316/2509/58 2322/2517/58
f 2320/2514/208 2315/2513/208 2314/2518/208
f 2319/2519/209 2312/2511/209 2313/2520/209
f 2319/2519/210 2317/2510/210 2323/2516/210
f 2307/2521/211 2319/2519/211 2306/2508/211
f 2308/2522/211 2318/2515/212 2307/2521/211
f 2308/2522/211 2321/2512/212 2320/2514/211
f 2309/2523/212 2322/2517/211 2321/2512/212
f 2310/2524/211 2323/2516/211 2322/2517/211
f 2306/2508/211 2323/2516/211 2311/2506/211
f 2310/2524/213 2327/2525/213 2328/2526/213
f 2307/2521/58 2326/2527/58 2308/2522/58
f 2310/2524/91 2329/2528/91 2311/2506/91
f 2308/2522/214 2327/2525/214 2309/2523/214
f 2307/2521/215 2325/2507/215 2324/2529/215
f 2059/2234/91 1873/2027/91 2028/2029/91
f 2059/2234/91 2028/2029/91 2029/2033/91
f 2056/2026/91 2057/2091/91 1947/2259/91
f 2057/2091/91 2058/2185/91 2030/2153/91
f 2058/2185/91 2059/2234/91 2029/2033/91
f 2030/2153/91 2031/2243/91 2000/2014/91
f 2031/2243/91 1872/2012/91 2000/2014/91
f 2058/2185/91 2029/2033/91 2030/2153/91
f 1947/2259/91 1870/2024/91 2056/2026/91
f 2057/2091/91 2030/2153/91 1946/2062/91
f 1947/2259/91 2057/2091/91 1946/2062/91
f 2001/2240/91 2002/2122/91 2030/2153/91
f 2002/2122/91 2003/2248/91 1973/2092/91
f 2030/2153/91 2002/2122/91 1946/2062/91
f 2030/2153/91 2000/2014/91 2001/2240/91
f 1944/2023/91 1945/2154/91 1918/2036/91
f 1945/2154/91 1946/2062/91 1918/2036/91
f 1946/2062/91 2002/2122/91 1974/2094/91
f 2003/2248/91 1861/2015/91 1972/2017/91
f 1973/2092/91 1974/2094/91 2002/2122/91
f 1974/2094/91 1975/2253/91 1917/2034/91
f 2003/2248/91 1972/2017/91 1973/2092/91
f 1919/2182/91 1869/2021/91 1944/2023/91
f 1975/2253/91 1868/2018/91 1916/2020/91
f 1916/2020/91 1917/2034/91 1975/2253/91
f 1917/2034/91 1918/2036/91 1974/2094/91
f 1918/2036/91 1919/2182/91 1944/2023/91
f 1867/2134/174 1884/1998/174 1992/2128/174
f 1865/2046/175 1880/2004/175 1908/2040/175
f 1863/2195/176 1876/2010/176 2048/2189/176
f 1866/2104/177 1882/2001/177 1964/2098/177
f 1864/2074/178 1878/2007/178 1936/2068/178
f 1862/2164/179 1885/2158/179 2020/2157/179
f 1879/2039/180 1855/1965/180 1892/2054/180
f 1875/2188/181 1859/1972/181 2032/2202/181
f 1881/2097/182 1853/1962/182 1948/2112/182
f 1877/2067/183 1857/1968/183 1920/2082/183
f 1874/2156/184 1871/2174/184 2008/2173/184
f 1883/2127/185 1851/1959/185 1976/2142/185
f 1881/2097/180 1915/2000/180 1895/1963/180
f 1915/2000/180 1914/2045/180 1894/2057/180
f 1913/2043/180 1893/2055/180 1894/2057/180
f 1912/2041/180 1892/2054/180 1893/2055/180
f 1866/2104/175 1903/1982/175 1911/2002/175
f 1903/1982/175 1902/2052/175 1910/2044/175
f 1901/2050/175 1909/2042/175 1910/2044/175
f 1900/2048/175 1908/2040/175 1909/2042/175
f 1879/2039/183 1943/2003/183 1923/1966/183
f 1943/2003/183 1942/2073/183 1922/2086/183
f 1941/2071/183 1921/2084/183 1922/2086/183
f 1940/2069/183 1920/2082/183 1921/2084/183
f 1865/2046/178 1931/1985/178 1939/2005/178
f 1931/1985/178 1930/2080/178 1938/2072/178
f 1929/2078/178 1937/2070/178 1938/2072/178
f 1928/2076/178 1936/2068/178 1937/2070/178
f 1883/2127/182 1971/1997/182 1951/1960/182
f 1971/1997/182 1970/2103/182 1950/2116/182
f 1969/2101/182 1949/2114/182 1950/2116/182
f 1968/2099/182 1948/2112/182 1949/2114/182
f 1867/2134/177 1959/1979/177 1967/1999/177
f 1959/1979/177 1958/2110/177 1966/2102/177
f 1957/2108/177 1965/2100/177 1966/2102/177
f 1956/2106/177 1964/2098/177 1965/2100/177
f 1874/2357/185 1999/1994/185 1979/1957/185
f 1999/1994/185 1998/2133/185 1978/2146/185
f 1998/2133/185 1997/2131/185 1977/2144/185
f 1996/2129/185 1976/2142/185 1977/2144/185
f 1862/2356/174 1991/1976/174 1995/1996/174
f 1991/1976/174 1990/2140/174 1994/2132/174
f 1989/2138/174 1993/2130/174 1994/2132/174
f 1988/2136/174 1992/2128/174 1993/2130/174
f 1875/2188/184 2027/2009/184 2011/1970/184
f 2027/2009/184 2026/2163/184 2010/2178/184
f 2025/2161/184 2009/2176/184 2010/2178/184
f 2024/2159/184 2008/2173/184 2009/2176/184
f 1863/2195/179 2015/1991/179 2023/2011/179
f 2015/1991/179 2014/2171/179 2022/2162/179
f 2013/2169/179 2021/2160/179 2022/2162/179
f 2012/2167/179 2020/2157/179 2021/2160/179
f 1877/2067/181 2055/2006/181 2035/1969/181
f 2055/2006/181 2054/2194/181 2034/2206/181
f 2053/2192/181 2033/2204/181 2034/2206/181
f 2052/2190/181 2032/2202/181 2033/2204/181
f 1864/2074/176 2043/1988/176 2051/2008/176
f 2043/1988/176 2042/2201/176 2050/2193/176
f 2042/2201/176 2041/2199/176 2049/2191/176
f 2040/2197/176 2048/2189/176 2049/2191/176
f 2263/2458/186 2281/2479/186 2277/2459/186
f 2265/2472/188 2264/2463/188 2269/2462/188
f 2264/2463/188 2266/2470/188 2268/2461/188
f 2266/2470/188 2267/2465/188 2268/2461/188
f 2274/2464/189 2268/2461/189 2267/2465/189
f 2272/2467/91 2266/2470/91 2264/2463/91
f 2275/2469/58 2269/2462/58 2268/2461/58
f 2273/2466/190 2267/2465/190 2266/2470/190
f 2271/2471/191 2270/2468/191 2264/2463/191
f 2271/2471/192 2265/2472/192 2269/2462/192
f 2259/2473/193 2270/2468/193 2271/2471/193
f 2260/2474/193 2272/2467/193 2270/2468/193
f 2260/2474/193 2261/2475/193 2273/2466/193
f 2261/2475/193 2262/2476/193 2274/2464/193
f 2262/2476/193 2263/2458/193 2275/2469/193
f 2258/2460/193 2271/2471/193 2275/2469/193
f 2261/2475/194 2279/2480/194 2280/2477/194
f 2259/2473/58 2276/2481/58 2278/2478/58
f 2262/2476/91 2280/2477/91 2281/2479/91
f 2261/2475/195 2260/2474/195 2278/2478/195
f 2258/2460/196 2277/2459/196 2276/2481/196
f 2287/2482/197 2305/2503/197 2301/2483/197
f 2289/2496/53 2288/2487/53 2293/2486/53
f 2288/2487/53 2290/2494/53 2292/2485/53
f 2290/2494/53 2291/2489/53 2292/2485/53
f 2297/2488/198 2298/2493/198 2292/2485/198
f 2296/2490/91 2290/2494/91 2288/2487/91
f 2299/2492/58 2293/2486/58 2292/2485/58
f 2297/2488/199 2291/2489/199 2290/2494/199
f 2295/2495/200 2294/2491/200 2288/2487/200
f 2295/2495/201 2289/2496/201 2293/2486/201
f 2283/2497/56 2294/2491/56 2295/2495/56
f 2284/2498/56 2296/2490/56 2294/2491/56
f 2284/2498/56 2285/2499/56 2297/2488/56
f 2285/2499/56 2286/2500/56 2298/2493/56
f 2287/2482/56 2299/2492/56 2298/2493/56
f 2282/2484/56 2295/2495/56 2299/2492/56
f 2285/2499/202 2303/2504/202 2304/2501/202
f 2283/2497/58 2300/2505/58 2302/2502/58
f 2286/2500/91 2304/2501/91 2305/2503/91
f 2284/2498/203 2302/2502/203 2303/2504/203
f 2282/2484/204 2301/2483/204 2300/2505/204
f 2311/2506/205 2329/2528/205 2325/2507/205
f 2313/2520/206 2312/2511/206 2317/2510/206
f 2312/2511/206 2314/2518/206 2316/2509/206
f 2314/2518/206 2315/2513/206 2316/2509/206
f 2321/2512/207 2322/2517/207 2316/2509/207
f 2320/2514/91 2314/2518/91 2312/2511/91
f 2323/2516/58 2317/2510/58 2316/2509/58
f 2320/2514/208 2321/2512/208 2315/2513/208
f 2319/2519/209 2318/2515/209 2312/2511/209
f 2319/2519/210 2313/2520/210 2317/2510/210
f 2307/2521/211 2318/2515/212 2319/2519/211
f 2308/2522/211 2320/2514/211 2318/2515/212
f 2308/2522/211 2309/2523/212 2321/2512/212
f 2309/2523/212 2310/2524/211 2322/2517/211
f 2310/2524/211 2311/2506/211 2323/2516/211
f 2306/2508/211 2319/2519/211 2323/2516/211
f 2310/2524/213 2309/2523/213 2327/2525/213
f 2307/2521/58 2324/2529/58 2326/2527/58
f 2310/2524/91 2328/2526/91 2329/2528/91
f 2308/2522/214 2326/2527/214 2327/2525/214
f 2307/2521/215 2306/2508/215 2325/2507/215
usemtl mat_black
f 2280/2477/193 2279/2480/193 2278/2478/193
f 2304/2501/56 2303/2504/56 2302/2502/56
f 2328/2526/211 2327/2525/211 2326/2527/211
f 2278/2478/193 2276/2481/193 2280/2477/193
f 2276/2481/193 2277/2459/193 2281/2479/193
f 2280/2477/193 2276/2481/193 2281/2479/193
f 2302/2502/56 2300/2505/56 2304/2501/56
f 2300/2505/56 2301/2483/56 2305/2503/56
f 2304/2501/56 2300/2505/56 2305/2503/56
f 2326/2527/211 2324/2529/211 2328/2526/211
f 2324/2529/211 2325/2507/211 2329/2528/212
f 2328/2526/211 2324/2529/211 2329/2528/212
o tower02_Cylinder.008
v 0.692841 0.146969 0.832071
v 0.602003 1.703088 1.264899
v 1.022263 0.146969 0.641879
v 1.022263 1.703088 1.507536
v 1.351685 0.146969 0.832071
v 1.442522 1.703088 1.264899
v 1.351685 0.146969 1.212454
v 1.442522 1.703088 0.779625
v 1.022263 0.146969 1.402646
v 1.022262 1.703088 0.536989
v 0.692841 0.146969 1.212455
v 0.715615 2.054842 1.199306
v 0.692841 1.225877 0.832071
v 1.022262 1.225878 0.641879
v 1.351684 1.225878 0.832071
v 1.351684 1.225878 1.212454
v 1.022263 1.225878 1.402646
v 0.692841 1.225878 1.212455
v 1.022262 2.054842 1.376349
v 1.328910 2.054842 1.199305
v 1.328910 2.054842 0.845219
v 0.602003 1.703088 0.779626
v 0.715615 2.054842 0.845219
v 1.022262 2.054842 0.668176
v 0.657161 1.604717 0.811471
v 1.022262 1.604717 0.600680
v 1.022262 1.287067 0.600680
v 1.387363 1.604718 0.811471
v 1.387363 1.287067 0.811471
v 1.387363 1.604718 1.233054
v 1.387364 1.287067 1.233054
v 1.022263 1.604718 1.443845
v 1.022263 1.287067 1.443845
v 0.657162 1.604717 1.233054
v 0.657162 1.287067 1.233054
v 0.657161 1.287067 0.811472
v 0.602003 2.001432 0.779626
v 0.602003 2.001433 1.264899
v 1.022262 2.001433 1.507536
v 1.442522 2.001433 1.264899
v 1.442522 2.001433 0.779625
v 1.022262 2.001433 0.536989
v 1.358470 1.703088 1.313427
v 1.274418 1.703088 1.361954
v 1.190366 1.703088 1.410481
v 1.106314 1.703088 1.459009
v 1.285800 0.146969 1.250493
v 1.219916 0.146969 1.288531
v 1.154032 0.146969 1.326570
v 1.088147 0.146969 1.364608
v 1.285800 1.225878 1.250493
v 1.219916 1.225878 1.288531
v 1.154031 1.225878 1.326569
v 1.088147 1.225878 1.364608
v 1.106314 2.001433 1.459009
v 1.190366 2.001433 1.410481
v 1.274418 2.001433 1.361954
v 1.358470 2.001433 1.313427
v 1.314343 1.287067 1.275212
v 1.241323 1.287067 1.317370
v 1.168303 1.287067 1.359528
v 1.095283 1.287067 1.401687
v 1.314343 1.604718 1.275212
v 1.241323 1.604718 1.317370
v 1.168303 1.604718 1.359528
v 1.095283 1.604718 1.401687
v 1.083592 2.054842 1.340940
v 1.144921 2.054842 1.305531
v 1.206251 2.054842 1.270123
v 1.267581 2.054842 1.234714
v 1.442522 1.703088 0.876680
v 1.442522 1.703088 0.973735
v 1.442522 1.703088 1.070790
v 1.442522 1.703088 1.167845
v 1.351685 0.146969 0.908148
v 1.351685 0.146969 0.984224
v 1.351685 0.146969 1.060301
v 1.351685 0.146969 1.136378
v 1.351684 1.225878 0.908147
v 1.351684 1.225878 0.984224
v 1.351684 1.225878 1.060301
v 1.351684 1.225878 1.136378
v 1.442522 2.001433 1.167844
v 1.442522 2.001433 1.070790
v 1.442522 2.001433 0.973735
v 1.442522 2.001433 0.876680
v 1.387363 1.287067 0.895788
v 1.387363 1.287067 0.980104
v 1.387364 1.287067 1.064421
v 1.387364 1.287067 1.148737
v 1.387363 1.604718 0.895788
v 1.387363 1.604718 0.980104
v 1.387363 1.604718 1.064421
v 1.387363 1.604718 1.148737
v 1.328910 2.054842 1.128488
v 1.328910 2.054842 1.057671
v 1.328910 2.054842 0.986854
v 1.328910 2.054842 0.916036
v 0.938211 1.703088 1.459009
v 0.854159 1.703088 1.410482
v 0.770107 1.703088 1.361954
v 0.686055 1.703088 1.313427
v 0.956379 0.146969 1.364608
v 0.890494 0.146969 1.326570
v 0.824610 0.146969 1.288531
v 0.758725 0.146969 1.250493
v 0.956378 1.225878 1.364608
v 0.890494 1.225878 1.326569
v 0.824610 1.225878 1.288531
v 0.758725 1.225878 1.250493
v 0.686055 2.001433 1.313427
v 0.770107 2.001433 1.361954
v 0.854159 2.001433 1.410481
v 0.938211 2.001433 1.459009
v 0.949242 1.287067 1.401687
v 0.876222 1.287067 1.359528
v 0.803202 1.287067 1.317370
v 0.730182 1.287067 1.275212
v 0.949242 1.604718 1.401687
v 0.876222 1.604717 1.359528
v 0.803202 1.604717 1.317370
v 0.730182 1.604717 1.275212
v 0.776944 2.054842 1.234714
v 0.838274 2.054842 1.270123
v 0.899603 2.054842 1.305531
v 0.960933 2.054842 1.340940
v 0.602003 1.703088 1.167845
v 0.602003 1.703088 1.070790
v 0.602003 1.703088 0.973735
v 0.602003 1.703088 0.876680
v 0.692841 0.146969 1.136378
v 0.692841 0.146969 1.060301
v 0.692841 0.146969 0.984224
v 0.692841 0.146969 0.908148
v 0.602003 2.001432 0.876680
v 0.602003 2.001432 0.973735
v 0.602003 2.001432 1.070790
v 0.602003 2.001433 1.167845
v 0.692841 1.225878 1.136378
v 0.692841 1.225878 1.060301
v 0.692841 1.225877 0.984224
v 0.692841 1.225877 0.908148
v 0.657162 1.287067 1.148737
v 0.657162 1.287067 1.064421
v 0.657162 1.287067 0.980104
v 0.657161 1.287067 0.895788
v 0.657161 1.604717 1.148737
v 0.657161 1.604717 1.064421
v 0.657161 1.604717 0.980104
v 0.657161 1.604717 0.895788
v 0.715615 2.054842 0.916037
v 0.715615 2.054842 0.986854
v 0.715615 2.054842 1.057671
v 0.715615 2.054842 1.128488
v 0.758725 0.146969 0.794033
v 0.824610 0.146969 0.755994
v 0.890494 0.146969 0.717956
v 0.956378 0.146969 0.679917
v 0.686055 1.703088 0.731098
v 0.770107 1.703088 0.682571
v 0.854158 1.703088 0.634044
v 0.938210 1.703088 0.585516
v 0.758725 1.225877 0.794032
v 0.824609 1.225877 0.755994
v 0.890494 1.225878 0.717956
v 0.956378 1.225878 0.679917
v 0.938210 2.001433 0.585516
v 0.854158 2.001432 0.634043
v 0.770107 2.001432 0.682571
v 0.686055 2.001432 0.731098
v 0.730182 1.287067 0.769313
v 0.803202 1.287067 0.727155
v 0.876222 1.287067 0.684997
v 0.949242 1.287067 0.642838
v 0.730182 1.604717 0.769313
v 0.803202 1.604717 0.727155
v 0.876222 1.604717 0.684997
v 0.949242 1.604717 0.642838
v 0.960933 2.054842 0.703585
v 0.899603 2.054842 0.738994
v 0.838274 2.054842 0.774402
v 0.776944 2.054842 0.809811
v 1.106314 1.703088 0.585516
v 1.190366 1.703088 0.634043
v 1.274418 1.703088 0.682571
v 1.358470 1.703088 0.731098
v 1.088147 0.146969 0.679917
v 1.154032 0.146969 0.717956
v 1.219916 0.146969 0.755994
v 1.285800 0.146969 0.794032
v 1.088147 1.225878 0.679917
v 1.154031 1.225878 0.717956
v 1.219916 1.225878 0.755994
v 1.285800 1.225878 0.794032
v 1.358470 2.001433 0.731098
v 1.274418 2.001433 0.682571
v 1.190366 2.001433 0.634043
v 1.106314 2.001433 0.585516
v 1.095283 1.287067 0.642838
v 1.168303 1.287067 0.684997
v 1.241323 1.287067 0.727155
v 1.314343 1.287067 0.769313
v 1.095283 1.604717 0.642838
v 1.168303 1.604717 0.684997
v 1.241323 1.604717 0.727155
v 1.314343 1.604718 0.769313
v 1.267580 2.054842 0.809811
v 1.206251 2.054842 0.774402
v 1.144921 2.054842 0.738993
v 1.083592 2.054842 0.703585
v 1.112275 2.187168 1.439917
v 1.176273 2.187168 1.402968
v 1.274958 2.187168 1.345992
v 1.338956 2.187168 1.309043
v 1.094974 2.187168 1.350018
v 1.141671 2.187168 1.323058
v 1.223055 2.187168 1.276071
v 1.269751 2.187168 1.249111
v 1.428968 2.187168 1.153136
v 1.428968 2.187168 1.079238
v 1.428968 2.187168 0.965287
v 1.428968 2.187168 0.891388
v 1.342463 2.187168 1.123170
v 1.342463 2.187168 1.069249
v 1.342463 2.187168 0.975276
v 1.342463 2.187168 0.921355
v 0.705569 2.187168 1.309043
v 0.769567 2.187168 1.345993
v 0.868252 2.187168 1.402968
v 0.932250 2.187168 1.439917
v 0.774773 2.187168 1.249111
v 0.821470 2.187168 1.276071
v 0.902854 2.187168 1.323058
v 0.949551 2.187168 1.350019
v 0.615556 2.187168 0.891389
v 0.615556 2.187168 0.965287
v 0.615556 2.187168 1.079238
v 0.615556 2.187168 1.153137
v 0.702061 2.187168 0.921355
v 0.702061 2.187168 0.975276
v 0.702061 2.187168 1.069249
v 0.702061 2.187168 1.123170
v 0.932249 2.187168 0.604608
v 0.868251 2.187168 0.641557
v 0.769567 2.187168 0.698532
v 0.705569 2.187168 0.735482
v 0.949550 2.187168 0.694506
v 0.902853 2.187168 0.721467
v 0.821470 2.187168 0.768454
v 0.774773 2.187168 0.795414
v 1.338955 2.187168 0.735482
v 1.274957 2.187168 0.698532
v 1.176273 2.187168 0.641557
v 1.112275 2.187168 0.604608
v 1.269751 2.187168 0.795414
v 1.223054 2.187168 0.768454
v 1.141671 2.187168 0.721467
v 1.094974 2.187168 0.694506
v 1.022263 0.208089 0.641879
v 1.351685 0.208090 0.832071
v 1.351685 0.208090 1.212454
v 1.022263 0.208090 1.402646
v 0.692841 0.208089 1.212455
v 0.692841 0.208089 0.832071
v 1.285800 0.208090 1.250493
v 1.219916 0.208090 1.288531
v 1.154032 0.208090 1.326570
v 1.088147 0.208090 1.364608
v 1.351685 0.208090 0.908148
v 1.351685 0.208090 0.984224
v 1.351685 0.208090 1.060301
v 1.351685 0.208090 1.136378
v 0.956379 0.208090 1.364608
v 0.890494 0.208089 1.326570
v 0.824610 0.208089 1.288531
v 0.758725 0.208089 1.250493
v 0.692841 0.208089 1.136378
v 0.692841 0.208089 1.060301
v 0.692841 0.208089 0.984224
v 0.692841 0.208089 0.908148
v 0.758725 0.208089 0.794033
v 0.824610 0.208089 0.755994
v 0.890494 0.208089 0.717956
v 0.956378 0.208089 0.679917
v 1.088147 0.208089 0.679917
v 1.154031 0.208089 0.717956
v 1.219916 0.208089 0.755994
v 1.285800 0.208090 0.794032
v 0.692841 0.816190 0.832071
v 1.022262 0.816190 0.641879
v 1.351684 0.816190 0.832071
v 1.351685 0.816190 1.212454
v 1.022263 0.816190 1.402646
v 0.692841 0.816190 1.212455
v 1.285800 0.816190 1.250493
v 1.219916 0.816190 1.288531
v 1.154032 0.816190 1.326569
v 1.088147 0.816190 1.364608
v 1.351684 0.816190 0.908147
v 1.351684 0.816190 0.984224
v 1.351685 0.816190 1.060301
v 1.351685 0.816190 1.136378
v 0.956378 0.816190 1.364608
v 0.890494 0.816190 1.326570
v 0.824610 0.816190 1.288531
v 0.758725 0.816190 1.250493
v 0.692841 0.816190 1.136378
v 0.692841 0.816190 1.060301
v 0.692841 0.816190 0.984224
v 0.692841 0.816190 0.908148
v 0.758725 0.816190 0.794033
v 0.824609 0.816190 0.755994
v 0.890494 0.816190 0.717956
v 0.956378 0.816190 0.679917
v 1.088147 0.816190 0.679917
v 1.154031 0.816190 0.717956
v 1.219916 0.816190 0.755994
v 1.285800 0.816190 0.794032
v 0.692841 0.864172 0.832071
v 1.022262 0.864172 0.641879
v 1.351684 0.864172 0.832071
v 1.351685 0.864172 1.212454
v 1.022263 0.864172 1.402646
v 0.692841 0.864172 1.212455
v 1.285800 0.864172 1.250493
v 1.219916 0.864172 1.288531
v 1.154032 0.864172 1.326569
v 1.088147 0.864172 1.364608
v 1.351684 0.864172 0.908147
v 1.351684 0.864172 0.984224
v 1.351684 0.864172 1.060301
v 1.351684 0.864172 1.136378
v 0.956378 0.864172 1.364608
v 0.890494 0.864172 1.326570
v 0.824610 0.864172 1.288531
v 0.758725 0.864172 1.250493
v 0.692841 0.864172 1.136378
v 0.692841 0.864172 1.060301
v 0.692841 0.864172 0.984224
v 0.692841 0.864172 0.908148
v 0.758725 0.864172 0.794033
v 0.824609 0.864172 0.755994
v 0.890494 0.864172 0.717956
v 0.956378 0.864172 0.679917
v 1.088147 0.864172 0.679917
v 1.154031 0.864172 0.717956
v 1.219916 0.864172 0.755994
v 1.285800 0.864172 0.794032
v 0.692841 1.063479 0.832071
v 1.022262 1.063479 0.641879
v 1.351684 1.063479 0.832071
v 1.351684 1.063479 1.212454
v 1.022263 1.063479 1.402646
v 0.692841 1.063479 1.212455
v 1.285800 1.063479 1.250493
v 1.219916 1.063479 1.288531
v 1.154031 1.063479 1.326569
v 1.088147 1.063479 1.364608
v 1.351684 1.063479 0.908147
v 1.351684 1.063479 0.984224
v 1.351684 1.063479 1.060301
v 1.351684 1.063479 1.136378
v 0.956378 1.063479 1.364608
v 0.890494 1.063479 1.326570
v 0.824610 1.063479 1.288531
v 0.758725 1.063479 1.250493
v 0.692841 1.063479 1.136378
v 0.692841 1.063479 1.060301
v 0.692841 1.063479 0.984224
v 0.692841 1.063479 0.908148
v 0.758725 1.063479 0.794033
v 0.824609 1.063479 0.755994
v 0.890494 1.063479 0.717956
v 0.956378 1.063479 0.679917
v 1.088147 1.063479 0.679917
v 1.154031 1.063479 0.717956
v 1.219916 1.063479 0.755994
v 1.285800 1.063479 0.794032
v 0.692841 1.139142 0.832071
v 1.022262 1.139142 0.641879
v 1.351684 1.139142 0.832071
v 1.351684 1.139142 1.212454
v 1.022263 1.139142 1.402646
v 0.692841 1.139142 1.212455
v 1.285800 1.139142 1.250493
v 1.219916 1.139142 1.288531
v 1.154031 1.139142 1.326569
v 1.088147 1.139142 1.364608
v 1.351684 1.139142 0.908147
v 1.351684 1.139142 0.984224
v 1.351684 1.139142 1.060301
v 1.351684 1.139142 1.136378
v 0.956378 1.139142 1.364608
v 0.890494 1.139142 1.326570
v 0.824610 1.139142 1.288531
v 0.758725 1.139142 1.250493
v 0.692841 1.139142 1.136378
v 0.692841 1.139142 1.060301
v 0.692841 1.139142 0.984224
v 0.692841 1.139142 0.908148
v 0.758725 1.139142 0.794033
v 0.824609 1.139142 0.755994
v 0.890494 1.139142 0.717956
v 0.956378 1.139142 0.679917
v 1.088147 1.139142 0.679917
v 1.154031 1.139142 0.717956
v 1.219916 1.139142 0.755994
v 1.285800 1.139142 0.794032
v 1.176358 0.904829 1.359294
v 1.176332 0.814037 1.359308
v 1.275568 0.814037 1.306582
v 1.275542 0.904829 1.306596
v 1.248631 0.957611 1.320894
v 1.203269 0.957611 1.344996
v 1.104399 0.783092 1.289894
v 1.104435 0.913125 1.289874
v 1.258306 0.783092 1.208121
v 1.258269 0.913125 1.208140
v 1.219811 0.988556 1.228574
v 1.142894 0.988556 1.269441
v 1.148996 0.783092 1.373832
v 1.149033 0.913125 1.373812
v 1.302904 0.783093 1.292058
v 1.302867 0.913125 1.292078
v 1.264408 0.988556 1.312511
v 1.187491 0.988556 1.353379
v 1.166113 0.814037 1.340075
v 1.166139 0.904829 1.340061
v 1.265349 0.814037 1.287349
v 1.265323 0.904829 1.287363
v 1.238412 0.957611 1.301661
v 1.193050 0.957611 1.325763
v 0.836300 0.904829 1.335951
v 0.836275 0.814037 1.335936
v 0.933593 0.814037 1.392123
v 0.933568 0.904829 1.392108
v 0.907177 0.957611 1.376872
v 0.862691 0.957611 1.351188
v 0.856993 0.783092 1.238143
v 0.857029 0.913125 1.238164
v 1.007926 0.783092 1.325285
v 1.007890 0.913125 1.325264
v 0.970174 0.988556 1.303489
v 0.894744 0.988556 1.259939
v 0.809468 0.783092 1.320459
v 0.809504 0.913125 1.320480
v 0.960401 0.783092 1.407600
v 0.960365 0.913125 1.407579
v 0.922649 0.988556 1.385805
v 0.847219 0.988556 1.342255
v 0.847165 0.814037 1.317075
v 0.847190 0.904829 1.317089
v 0.944483 0.814037 1.373262
v 0.944458 0.904829 1.373247
v 0.918067 0.957611 1.358010
v 0.873581 0.957611 1.332326
v 1.391644 0.904829 1.091382
v 1.391644 0.814037 1.091411
v 1.392195 0.814037 0.979039
v 1.392194 0.904829 0.979068
v 1.392045 0.957611 1.009542
v 1.391793 0.957611 1.060909
v 1.296443 0.783092 1.121899
v 1.296443 0.913125 1.121858
v 1.297298 0.783092 0.947619
v 1.297297 0.913125 0.947661
v 1.297084 0.988556 0.991210
v 1.296657 0.988556 1.078309
v 1.391492 0.783093 1.122365
v 1.391492 0.913125 1.122324
v 1.392346 0.783092 0.948085
v 1.392346 0.913125 0.948127
v 1.392133 0.988556 0.991676
v 1.391706 0.988556 1.078774
v 1.369865 0.814037 1.091305
v 1.369865 0.904829 1.091275
v 1.370415 0.814037 0.978932
v 1.370415 0.904829 0.978962
v 1.370266 0.957611 1.009435
v 1.370014 0.957611 1.060802
vt 0.033333 1.000000
vt -0.000000 0.910612
vt 0.033333 0.910612
vt 0.200000 1.000000
vt 0.166667 0.910612
vt 0.200000 0.910612
vt 0.366667 1.000000
vt 0.333333 0.910612
vt 0.366667 0.910612
vt 0.533333 1.000000
vt 0.500000 0.910612
vt 0.533333 0.910612
vt 0.700000 1.000000
vt 0.666667 0.910612
vt 0.700000 0.910612
vt 0.866667 0.910612
vt 0.833333 1.000000
vt 0.833333 0.910612
vt 0.957846 0.274000
vt 0.833138 0.058000
vt 0.625292 0.082000
vt 0.033333 0.829943
vt -0.000000 0.803418
vt 0.033333 0.803418
vt 0.200000 0.829943
vt 0.166667 0.803418
vt 0.200000 0.803418
vt 0.366667 0.829943
vt 0.333333 0.803418
vt 0.366667 0.803418
vt 0.533333 0.829943
vt 0.500000 0.803418
vt 0.533333 0.803418
vt 0.700000 0.829943
vt 0.666667 0.803418
vt 0.700000 0.803418
vt 0.866667 0.829943
vt 0.833333 0.803418
vt 0.866667 0.803418
vt 0.033333 0.910612
vt -0.000000 0.829943
vt 0.033333 0.829943
vt 0.200000 0.910612
vt 0.166667 0.829943
vt 0.200000 0.829943
vt 0.366667 0.910612
vt 0.333333 0.829943
vt 0.366667 0.829943
vt 0.533333 0.910612
vt 0.500000 0.829943
vt 0.533333 0.829943
vt 0.700000 0.910612
vt 0.666667 0.829943
vt 0.700000 0.829943
vt 0.866667 0.910612
vt 0.833333 0.829943
vt 0.866667 0.829943
vt 0.250000 0.425119
vt 0.208431 0.466000
vt 0.219669 0.407607
vt 0.098342 0.337559
vt 0.042154 0.322000
vt 0.098342 0.302536
vt 0.098342 0.162440
vt 0.083723 0.106000
vt 0.128674 0.144929
vt 0.250000 0.074881
vt 0.291569 0.034000
vt 0.280332 0.092393
vt 0.401658 0.162440
vt 0.457846 0.178000
vt 0.401658 0.197464
vt 0.401658 0.337559
vt 0.416277 0.394000
vt 0.371326 0.355071
vt 0.208431 0.034000
vt 0.250000 0.010000
vt 0.340995 0.372583
vt 0.340995 0.372583
vt 0.159005 0.127417
vt 0.166862 0.058000
vt 0.189337 0.109905
vt 0.733333 1.000000
vt 0.700000 1.000000
vt 0.500000 0.910612
vt 0.466667 0.829943
vt 0.466667 0.910612
vt 0.433333 0.829943
vt 0.433333 0.910612
vt 0.400000 0.829943
vt 0.400000 0.910612
vt 0.500000 0.829943
vt 0.466667 0.803418
vt 0.466667 0.829943
vt 0.433333 0.803418
vt 0.433333 0.829943
vt 0.400000 0.803418
vt 0.400000 0.829943
vt 0.466667 1.000000
vt 0.466667 0.910612
vt 0.433333 0.910612
vt 0.400000 1.000000
vt 0.400000 0.910612
vt 0.416277 0.106000
vt 0.457846 0.130000
vt 0.083723 0.106000
vt 0.128674 0.144929
vt 0.340995 0.127417
vt 0.333138 0.058000
vt 0.374708 0.082000
vt 0.066667 1.000000
vt 0.033333 1.000000
vt 0.666667 0.910612
vt 0.633333 0.829943
vt 0.633333 0.910612
vt 0.600000 0.829943
vt 0.600000 0.910612
vt 0.566667 0.829943
vt 0.566667 0.910612
vt 0.666667 0.829943
vt 0.633333 0.803418
vt 0.633333 0.829943
vt 0.600000 0.803418
vt 0.600000 0.829943
vt 0.566667 0.803418
vt 0.566667 0.829943
vt 0.666667 1.000000
vt 0.633333 0.910612
vt 0.633333 1.000000
vt 0.600000 0.910612
vt 0.600000 1.000000
vt 0.566667 0.910612
vt 0.566667 1.000000
vt 0.042154 0.178000
vt 0.042154 0.130000
vt 0.401658 0.232488
vt 0.401658 0.232488
vt 0.098342 0.267512
vt 0.042154 0.226000
vt 0.098342 0.232488
vt 0.125292 0.082000
vt 0.125292 0.082000
vt 0.333333 0.910612
vt 0.300000 0.829943
vt 0.300000 0.910612
vt 0.266667 0.829943
vt 0.266667 0.910612
vt 0.233333 0.829943
vt 0.233333 0.910612
vt 0.333333 0.829943
vt 0.300000 0.803418
vt 0.300000 0.829943
vt 0.266667 0.803418
vt 0.266667 0.829943
vt 0.233333 0.803418
vt 0.233333 0.829943
vt 0.333333 1.000000
vt 0.300000 0.910612
vt 0.300000 1.000000
vt 0.266667 0.910612
vt 0.266667 1.000000
vt 0.233333 0.910612
vt 0.233333 1.000000
vt 0.083723 0.394000
vt 0.042154 0.370000
vt 0.291569 0.034000
vt 0.280332 0.092393
vt 0.159005 0.372583
vt 0.166862 0.442000
vt 0.125292 0.418000
vt 0.166862 0.058000
vt 0.189337 0.109905
vt 0.166667 0.910612
vt 0.133333 0.829943
vt 0.133333 0.910612
vt 0.100000 0.829943
vt 0.100000 0.910612
vt 0.066667 0.829943
vt 0.066667 0.910612
vt 0.166667 0.829943
vt 0.133333 0.803418
vt 0.133333 0.829943
vt 0.100000 0.803418
vt 0.100000 0.829943
vt 0.066667 0.803418
vt 0.066667 0.829943
vt 0.166667 1.000000
vt 0.133333 0.910612
vt 0.133333 1.000000
vt 0.100000 0.910612
vt 0.100000 1.000000
vt 0.066667 0.910612
vt 0.291569 0.466000
vt 0.250000 0.490000
vt 0.433333 1.000000
vt 0.466667 1.000000
vt 0.433333 1.000000
vt 0.333138 0.442000
vt 0.310663 0.390095
vt 0.310663 0.109905
vt 0.333138 0.058000
vt 1.000000 0.910612
vt 0.966667 0.829943
vt 1.000000 0.829943
vt 0.966667 0.910612
vt 0.933333 0.829943
vt 0.933333 0.910612
vt 0.900000 0.829943
vt 0.900000 0.910612
vt 1.000000 0.829943
vt 0.966667 0.803418
vt 1.000000 0.803418
vt 0.966667 0.829943
vt 0.933333 0.803418
vt 0.933333 0.829943
vt 0.900000 0.803418
vt 0.900000 0.829943
vt 1.000000 1.000000
vt 0.966667 0.910612
vt 1.000000 0.910612
vt 0.966667 1.000000
vt 0.933333 0.910612
vt 0.933333 1.000000
vt 0.900000 0.910612
vt 0.900000 1.000000
vt 0.457846 0.322000
vt 0.457846 0.370000
vt 0.219668 0.092393
vt 0.208431 0.034000
vt 0.457846 0.274000
vt 0.401658 0.267512
vt 0.042154 0.322000
vt 0.098342 0.302536
vt 0.833333 0.910612
vt 0.800000 0.829943
vt 0.800000 0.910612
vt 0.766667 0.829943
vt 0.766667 0.910612
vt 0.733333 0.829943
vt 0.733333 0.910612
vt 0.833333 0.829943
vt 0.800000 0.803418
vt 0.800000 0.829943
vt 0.766667 0.803418
vt 0.766667 0.829943
vt 0.733333 0.803418
vt 0.733333 0.829943
vt 0.800000 0.910612
vt 0.800000 1.000000
vt 0.766667 0.910612
vt 0.766667 1.000000
vt 0.733333 0.910612
vt 0.219668 0.092393
vt 0.159005 0.127417
vt 0.371326 0.144929
vt 0.374708 0.082000
vt 0.416277 0.106000
vt 0.310663 0.109905
vt 0.098342 0.197464
vt 0.042154 0.226000
vt 0.042154 0.178000
vt 0.042154 0.274000
vt 0.098342 0.267512
vt 0.128674 0.355071
vt 0.125292 0.418000
vt 0.083723 0.394000
vt 0.219669 0.407607
vt 0.166862 0.442000
vt 0.189337 0.390095
vt 0.280332 0.407607
vt 0.333138 0.442000
vt 0.291569 0.466000
vt 0.371326 0.355071
vt 0.374708 0.418000
vt 0.401658 0.302536
vt 0.457846 0.274000
vt 0.457846 0.322000
vt 0.401658 0.197464
vt 0.457846 0.226000
vt 0.401658 0.302536
vt 0.401658 0.267512
vt 0.133333 1.000000
vt 0.100000 1.000000
vt 0.866667 1.000000
vt 0.866667 1.000000
vt 0.189337 0.390095
vt 0.800000 1.000000
vt 0.766667 1.000000
vt 0.280332 0.407607
vt 0.310663 0.390095
vt 0.457846 0.226000
vt 0.966667 1.000000
vt 0.933333 1.000000
vt 0.128674 0.355071
vt 0.159005 0.372583
vt 0.457846 0.178000
vt 0.200000 1.000000
vt 0.374708 0.418000
vt 0.098342 0.197464
vt 0.098342 0.232488
vt 0.416277 0.394000
vt 0.533333 1.000000
vt 0.300000 1.000000
vt 0.266667 1.000000
vt 0.371326 0.144929
vt 0.340995 0.127417
vt 0.208431 0.466000
vt 0.366667 1.000000
vt 0.042154 0.274000
vt 0.633333 1.000000
vt 0.600000 1.000000
vt 0.733333 0.704656
vt 0.700000 0.518691
vt 0.733333 0.518691
vt 0.766667 0.704656
vt 0.766667 0.518691
vt 0.800000 0.704656
vt 0.800000 0.518691
vt 0.833333 0.704656
vt 0.833333 0.518691
vt 0.900000 0.704656
vt 0.866667 0.518691
vt 0.900000 0.518691
vt 0.933333 0.704656
vt 0.933333 0.518691
vt 0.966667 0.704656
vt 0.966667 0.518691
vt 1.000000 0.704656
vt 1.000000 0.518691
vt 0.066667 0.704656
vt 0.033333 0.518691
vt 0.066667 0.518691
vt 0.100000 0.704656
vt 0.100000 0.518691
vt 0.133333 0.704656
vt 0.133333 0.518691
vt 0.166667 0.704656
vt 0.166667 0.518691
vt 0.233333 0.704656
vt 0.200000 0.518691
vt 0.233333 0.518691
vt 0.266667 0.704656
vt 0.266667 0.518691
vt 0.300000 0.704656
vt 0.300000 0.518691
vt 0.333333 0.704656
vt 0.333333 0.518691
vt 0.566667 0.704656
vt 0.533333 0.518691
vt 0.566667 0.518691
vt 0.600000 0.704656
vt 0.600000 0.518691
vt 0.633333 0.704656
vt 0.633333 0.518691
vt 0.666667 0.704656
vt 0.666667 0.518691
vt 0.400000 0.704656
vt 0.366667 0.518691
vt 0.400000 0.518691
vt 0.433333 0.704656
vt 0.433333 0.518691
vt 0.466667 0.704656
vt 0.466667 0.518691
vt 0.500000 0.704656
vt 0.500000 0.518691
vt 0.866667 0.704656
vt 0.700000 0.704656
vt 0.533333 0.704656
vt 0.366667 0.704656
vt 0.200000 0.704656
vt 0.033333 0.704656
vt -0.000000 0.518691
vt -0.000000 1.000000
vt 0.500000 1.000000
vt 0.708431 0.466000
vt 0.750000 0.490000
vt 0.791569 0.466000
vt 0.833138 0.442000
vt 0.666862 0.442000
vt 0.874708 0.418000
vt 0.542154 0.274000
vt 0.625292 0.418000
vt 0.583723 0.394000
vt 0.542154 0.322000
vt 0.542154 0.370000
vt 0.542154 0.178000
vt 0.542154 0.226000
vt 0.916277 0.394000
vt 0.957846 0.322000
vt 0.957846 0.370000
vt 0.583723 0.106000
vt 0.542154 0.130000
vt 0.708431 0.034000
vt 0.666862 0.058000
vt 0.791569 0.034000
vt 0.957846 0.226000
vt 0.874708 0.082000
vt 0.957846 0.178000
vt 0.916277 0.106000
vt 0.957846 0.130000
vt 0.750000 0.010000
vt -0.000000 0.829943
vt -0.000000 0.910612
vt 0.733333 1.000000
vt 0.066667 1.000000
vt 0.900000 1.000000
vt 0.233333 1.000000
vt 0.566667 1.000000
vt 0.400000 1.000000
vt -0.000000 0.704656
vt 0.733333 0.719329
vt 0.766667 0.719329
vt 0.800000 0.719329
vt 0.833333 0.719329
vt 0.900000 0.719329
vt 0.933333 0.719329
vt 0.966667 0.719329
vt 1.000000 0.719329
vt 0.066667 0.719329
vt 0.100000 0.719329
vt 0.133333 0.719329
vt 0.166667 0.719329
vt 0.233333 0.719329
vt 0.266667 0.719329
vt 0.300000 0.719329
vt 0.333333 0.719329
vt 0.566667 0.719329
vt 0.600000 0.719329
vt 0.633333 0.719329
vt 0.666667 0.719329
vt 0.400000 0.719329
vt 0.433333 0.719329
vt 0.466667 0.719329
vt 0.500000 0.719329
vt 0.866667 0.719329
vt 0.700000 0.719329
vt 0.533333 0.719329
vt 0.366667 0.719329
vt 0.200000 0.719329
vt 0.033333 0.719329
vt 0.700000 0.780280
vt 0.733333 0.780280
vt 0.766667 0.780280
vt 0.800000 0.780280
vt 0.833333 0.780280
vt 0.866667 0.780280
vt 0.900000 0.780280
vt 0.933333 0.780280
vt 0.966667 0.780280
vt 1.000000 0.780280
vt 0.033333 0.780280
vt 0.066667 0.780280
vt 0.100000 0.780280
vt 0.133333 0.780280
vt 0.166667 0.780280
vt 0.200000 0.780280
vt 0.233333 0.780280
vt 0.266667 0.780280
vt 0.300000 0.780280
vt 0.333333 0.780280
vt 0.533333 0.780280
vt 0.566667 0.780280
vt 0.600000 0.780280
vt 0.633333 0.780280
vt 0.666667 0.780280
vt 0.366667 0.780280
vt 0.400000 0.780280
vt 0.433333 0.780280
vt 0.466667 0.780280
vt 0.500000 0.780280
vt -0.000000 0.780280
vt -0.000000 0.719329
vt 0.700000 0.500000
vt 0.733333 0.500000
vt 0.766667 0.500000
vt 0.800000 0.500000
vt 0.833333 0.500000
vt 0.866667 0.500000
vt 0.900000 0.500000
vt 0.933333 0.500000
vt 0.966667 0.500000
vt 1.000000 0.500000
vt 0.033333 0.500000
vt 0.066667 0.500000
vt 0.100000 0.500000
vt 0.133333 0.500000
vt 0.166667 0.500000
vt 0.200000 0.500000
vt 0.233333 0.500000
vt 0.266667 0.500000
vt 0.300000 0.500000
vt 0.333333 0.500000
vt 0.533333 0.500000
vt 0.566667 0.500000
vt 0.600000 0.500000
vt 0.633333 0.500000
vt 0.666667 0.500000
vt 0.366667 0.500000
vt 0.400000 0.500000
vt 0.433333 0.500000
vt 0.466667 0.500000
vt 0.500000 0.500000
vt -0.000000 0.500000
vt 0.000000 0.000000
vt 0.000000 0.000000
vt 0.000000 0.000000
vt 0.000000 0.000000
vt 0.000000 0.000000
vt 0.000000 0.000000
vt 0.000000 0.000000
vt 0.000000 0.000000
vt 0.000000 0.000000
vt 0.000000 0.000000
vt 0.000000 0.000000
vt 0.000000 0.000000
vt 0.000000 0.000000
vt 0.000000 0.000000
vt 0.000000 0.000000
vt 0.000000 0.000000
vt 0.000000 0.000000
vt 0.000000 0.000000
vt 0.000000 0.000000
vt 0.000000 0.000000
vt 0.000000 0.000000
vt 0.000000 0.000000
vt 0.000000 0.000000
vt 0.000000 0.000000
vt 0.000000 0.000000
vt 0.000000 0.000000
vt 0.000000 0.000000
vt 0.000000 0.000000
vt 0.000000 0.000000
vt 0.000000 0.000000
vt 0.000000 0.000000
vt 0.000000 0.000000
vt 0.000000 0.000000
vt 0.000000 0.000000
vt 0.000000 0.000000
vt 0.000000 0.000000
vt 0.000000 0.000000
vt 0.000000 0.000000
vt 0.000000 0.000000
vt 0.000000 0.000000
vt 0.000000 0.000000
vt 0.000000 0.000000
vt 0.000000 0.000000
vt 0.000000 0.000000
vt 0.000000 0.000000
vt 0.000000 0.000000
vt 0.000000 0.000000
vt 0.000000 0.000000
vt 0.000000 0.000000
vt 0.000000 0.000000
vt 0.000000 0.000000
vt 0.000000 0.000000
vt 0.000000 0.000000
vt 0.000000 0.000000
vt 0.000000 0.000000
vt 0.000000 0.000000
vt 0.000000 0.000000
vt 0.000000 0.000000
vt 0.000000 0.000000
vt 0.000000 0.000000
vt 0.000000 0.000000
vt 0.000000 0.000000
vt 0.000000 0.000000
vt 0.000000 0.000000
vt 0.000000 0.000000
vt 0.000000 0.000000
vt 0.000000 0.000000
vt 0.000000 0.000000
vt 0.000000 0.000000
vt 0.000000 0.000000
vt 0.000000 0.000000
vt 0.000000 0.000000
vn -1.0000 -0.0000 0.0000
vn -0.5000 -0.0000 0.8660
vn 0.5000 0.0000 0.8660
vn 1.0000 0.0000 -0.0000
vn 0.5000 0.0000 -0.8660
vn -0.5000 -0.0000 -0.8660
vn 0.0000 -1.0000 0.0000
vn -0.4254 0.9050 0.0000
vn -0.2127 0.9050 0.3684
vn 0.2127 0.9050 0.3684
vn 0.4254 0.9050 0.0000
vn 0.2127 0.9050 -0.3684
vn -0.2127 0.9050 -0.3684
vn 0.4974 0.1019 0.8615
vn 0.4987 0.0728 -0.8637
vn -0.9770 0.0586 0.2048
vn -0.9780 0.0631 0.1991
vn -0.9795 0.0713 0.1885
vn -0.9973 0.0728 0.0000
vn -0.4974 0.1019 0.8615
vn 0.9231 0.0609 -0.3797
vn 0.9201 0.0663 -0.3860
vn 0.9262 0.0552 -0.3730
vn -0.3112 0.0586 0.9485
vn -0.3166 0.0631 0.9465
vn -0.3265 0.0713 0.9425
vn -0.7904 0.0609 0.6096
vn -0.7944 0.0663 0.6038
vn -0.8007 0.0750 0.5944
vn 0.4987 0.0728 0.8637
vn 0.1327 0.0609 -0.9893
vn 0.1257 0.0663 -0.9898
vn 0.1401 0.0552 -0.9886
vn 0.6659 0.0586 -0.7437
vn 0.6614 0.0631 -0.7474
vn 0.6714 0.0531 -0.7392
vn -0.6659 0.0586 -0.7437
vn -0.6614 0.0631 -0.7474
vn -0.6530 0.0713 -0.7540
vn 0.0000 1.0000 0.0000
vn -0.9770 0.0586 -0.2048
vn -0.9780 0.0631 -0.1991
vn -0.9759 0.0531 -0.2118
vn -0.4987 0.0728 -0.8637
vn 0.9948 0.1019 -0.0000
vn 0.9231 0.0609 0.3797
vn 0.9201 0.0663 0.3860
vn 0.9151 0.0750 0.3962
vn -0.6659 0.0586 0.7437
vn -0.6614 0.0631 0.7474
vn -0.6714 0.0531 0.7392
vn 0.4974 0.1019 -0.8615
vn -0.7904 0.0609 -0.6096
vn -0.7944 0.0663 -0.6038
vn -0.7861 0.0552 -0.6156
vn 0.7904 0.0609 -0.6096
vn 0.7944 0.0663 -0.6038
vn 0.8007 0.0750 -0.5944
vn 0.6659 0.0586 0.7437
vn 0.6614 0.0631 0.7474
vn 0.6530 0.0713 0.7540
vn 0.3112 0.0586 0.9485
vn 0.3166 0.0631 0.9465
vn 0.3045 0.0531 0.9510
vn -0.4987 0.0728 0.8637
vn -0.9948 0.1019 0.0000
vn -0.9231 0.0609 0.3797
vn -0.9201 0.0663 0.3860
vn -0.9262 0.0552 0.3730
vn -0.1327 0.0609 -0.9893
vn -0.1257 0.0663 -0.9898
vn -0.1144 0.0750 -0.9906
vn 0.9770 0.0586 -0.2048
vn 0.9780 0.0631 -0.1991
vn 0.9795 0.0713 -0.1885
vn 0.9770 0.0586 0.2048
vn 0.9780 0.0631 0.1991
vn 0.9759 0.0531 0.2118
vn 0.9973 0.0728 0.0000
vn -0.4974 0.1019 -0.8615
vn -0.1327 0.0609 0.9893
vn -0.1257 0.0663 0.9898
vn -0.1401 0.0552 0.9886
vn -0.9231 0.0609 -0.3797
vn -0.9201 0.0663 -0.3860
vn -0.9151 0.0750 -0.3962
vn 0.3112 0.0586 -0.9485
vn 0.3166 0.0631 -0.9465
vn 0.3265 0.0713 -0.9425
vn -0.3112 0.0586 -0.9485
vn -0.3166 0.0631 -0.9465
vn -0.3045 0.0531 -0.9510
vn 0.7904 0.0609 0.6096
vn 0.7944 0.0663 0.6038
vn 0.7861 0.0552 0.6156
vn 0.1327 0.0609 0.9893
vn 0.1257 0.0663 0.9898
vn 0.1144 0.0750 0.9906
vn -0.9759 0.0531 0.2118
vn 0.9151 0.0750 -0.3962
vn -0.3045 0.0531 0.9510
vn -0.7861 0.0552 0.6156
vn 0.1144 0.0750 -0.9906
vn 0.6530 0.0713 -0.7540
vn -0.6714 0.0531 -0.7392
vn -0.9795 0.0713 -0.1885
vn 0.9262 0.0552 0.3730
vn -0.6530 0.0713 0.7540
vn -0.8007 0.0750 -0.5944
vn 0.7861 0.0552 -0.6156
vn 0.6714 0.0531 0.7392
vn 0.3265 0.0713 0.9425
vn -0.9151 0.0750 0.3962
vn -0.1401 0.0552 -0.9886
vn 0.9759 0.0531 -0.2118
vn 0.9795 0.0713 0.1885
vn -0.1144 0.0750 0.9906
vn -0.9262 0.0552 -0.3730
vn 0.3045 0.0531 -0.9510
vn -0.3265 0.0713 -0.9425
vn 0.8007 0.0750 0.5944
vn 0.1401 0.0552 0.9886
vn -0.8639 -0.5037 0.0000
vn 0.4319 -0.5037 0.7481
vn 0.4319 -0.5037 -0.7481
vn -0.4319 -0.5037 0.7481
vn 0.8639 -0.5037 0.0000
vn -0.4319 -0.5037 -0.7481
vn 0.4361 -0.4891 0.7554
vn 0.4361 -0.4891 -0.7554
vn -0.4361 -0.4891 0.7554
vn 0.8722 -0.4891 0.0000
vn -0.4361 -0.4891 -0.7554
vn -0.8722 -0.4891 0.0000
vn -0.7648 0.5000 0.4063
vn 0.4692 0.0000 0.8831
vn -0.7648 -0.5000 0.4063
vn -0.8831 -0.0003 0.4692
vn 0.8831 -0.0003 -0.4692
vn 0.7648 -0.5000 -0.4063
vn -0.4692 -0.0000 -0.8831
vn 0.7648 0.5000 -0.4063
vn 0.8831 0.0003 -0.4692
vn -0.8831 0.0003 0.4692
vn -0.7500 0.5000 -0.4330
vn -0.7500 -0.5000 -0.4330
vn -0.8660 -0.0003 -0.5000
vn 0.8660 -0.0003 0.5000
vn 0.7500 -0.5000 0.4330
vn 0.7500 0.5000 0.4330
vn 0.8660 0.0003 0.5000
vn -0.8660 0.0003 -0.5000
vn -0.0042 0.5000 0.8660
vn 1.0000 -0.0000 0.0049
vn -0.0042 -0.5000 0.8660
vn -0.0049 -0.0003 1.0000
vn 0.0049 -0.0003 -1.0000
vn 0.0042 -0.5000 -0.8660
vn -1.0000 -0.0000 -0.0049
vn 0.0042 0.5000 -0.8660
vn 0.0049 0.0003 -1.0000
vn -0.0049 0.0003 1.0000
usemtl mat_grey01
s 1
f 2464/2530/216 2351/2531/216 2459/2532/216
f 2440/2533/217 2331/2534/217 2431/2535/217
f 2384/2536/218 2333/2537/218 2375/2538/218
f 2412/2539/219 2335/2540/219 2403/2541/219
f 2524/2542/220 2337/2543/220 2515/2544/220
f 2491/2545/221 2371/2546/221 2339/2547/221
f 2517/2548/222 2406/2549/222 2378/2550/222
f 2471/2551/216 2708/2552/216 2729/2553/216
f 2439/2554/217 2713/2555/217 2725/2556/217
f 2383/2557/218 2712/2558/218 2717/2559/218
f 2411/2560/219 2711/2561/219 2721/2562/219
f 2523/2563/220 2710/2564/220 2737/2565/220
f 2495/2566/221 2709/2567/221 2733/2568/221
f 2479/2569/216 2365/2570/216 2475/2571/216
f 2451/2572/217 2364/2573/217 2447/2574/217
f 2395/2575/218 2362/2576/218 2391/2577/218
f 2423/2578/219 2360/2579/219 2419/2580/219
f 2535/2581/220 2358/2582/220 2531/2583/220
f 2507/2584/221 2356/2585/221 2503/2586/221
f 2352/2587/223 2464/2588/223 2480/2589/223
f 2341/2590/224 2440/2591/224 2452/2592/224
f 2348/2593/225 2384/2594/225 2396/2595/225
f 2349/2596/226 2412/2597/226 2424/2598/226
f 2350/2599/227 2524/2600/227 2536/2601/227
f 2353/2602/228 2496/2603/228 2508/2604/228
f 2349/2596/225 2387/2605/225 2369/2606/225
f 2508/2604/229 2577/2607/229 2509/2608/229
f 2397/2609/225 2386/2610/225 2398/2611/225
f 2525/2612/230 2580/2613/230 2524/2542/230
f 2359/2614/218 2388/2615/218 2360/2579/218
f 2392/2616/218 2389/2617/218 2388/2615/218
f 2393/2618/218 2390/2619/218 2389/2617/218
f 2394/2620/218 2391/2577/218 2390/2619/218
f 2345/2621/218 2714/2622/218 2711/2561/218
f 2380/2623/218 2715/2624/218 2714/2622/218
f 2381/2625/218 2716/2626/218 2715/2624/218
f 2382/2627/218 2717/2559/218 2716/2626/218
f 2335/2540/218 2387/2628/218 2372/2629/218
f 2387/2628/218 2373/2630/218 2372/2629/218
f 2373/2630/218 2385/2631/218 2374/2632/218
f 2385/2631/218 2375/2538/218 2374/2632/218
f 2350/2599/226 2415/2633/226 2370/2634/226
f 2396/2595/231 2540/2635/232 2544/2636/233
f 2426/2637/226 2413/2638/226 2414/2639/226
f 2465/2640/234 2564/2641/234 2464/2530/234
f 2357/2642/219 2416/2643/219 2358/2582/219
f 2420/2644/219 2417/2645/219 2416/2643/219
f 2421/2646/219 2418/2647/219 2417/2645/219
f 2422/2648/219 2419/2580/219 2418/2647/219
f 2344/2649/219 2718/2650/219 2710/2564/219
f 2408/2651/219 2719/2652/219 2718/2650/219
f 2409/2653/219 2720/2654/219 2719/2652/219
f 2410/2655/219 2721/2562/219 2720/2654/219
f 2370/2656/219 2400/2657/219 2337/2543/219
f 2415/2658/219 2401/2659/219 2400/2657/219
f 2414/2660/219 2402/2661/219 2401/2659/219
f 2413/2662/219 2403/2541/219 2402/2661/219
f 2348/2593/224 2443/2663/224 2368/2664/224
f 2536/2601/235 2585/2665/235 2537/2666/235
f 2453/2667/224 2442/2668/224 2454/2669/224
f 2397/2609/236 2541/2670/237 2385/2671/238
f 2361/2672/217 2444/2673/217 2362/2576/217
f 2448/2674/217 2445/2675/217 2444/2673/217
f 2449/2676/217 2446/2677/217 2445/2675/217
f 2450/2678/217 2447/2574/217 2446/2677/217
f 2346/2679/217 2722/2680/217 2712/2558/217
f 2436/2681/217 2723/2682/217 2722/2680/217
f 2437/2683/217 2724/2684/217 2723/2682/217
f 2438/2685/217 2725/2556/217 2724/2684/217
f 2368/2686/217 2428/2687/217 2333/2537/217
f 2443/2688/217 2429/2689/217 2428/2687/217
f 2442/2690/217 2430/2691/217 2429/2689/217
f 2441/2692/217 2431/2535/217 2430/2691/217
f 2341/2590/223 2467/2693/223 2367/2694/223
f 2424/2598/239 2548/2695/240 2552/2696/241
f 2482/2697/223 2465/2698/223 2466/2699/223
f 2398/2611/242 2542/2700/243 2546/2701/244
f 2363/2702/216 2472/2703/216 2364/2573/216
f 2476/2704/216 2473/2705/216 2472/2703/216
f 2477/2706/216 2474/2707/216 2473/2705/216
f 2478/2708/216 2475/2571/216 2474/2707/216
f 2347/2709/216 2726/2710/216 2713/2555/216
f 2468/2711/216 2727/2712/216 2726/2710/216
f 2469/2713/216 2728/2714/216 2727/2712/216
f 2470/2715/216 2729/2553/216 2728/2714/216
f 2367/2716/216 2456/2717/216 2331/2534/216
f 2467/2718/216 2457/2719/216 2456/2717/216
f 2466/2720/216 2458/2721/216 2457/2719/216
f 2465/2640/216 2459/2532/216 2458/2721/216
f 2352/2587/228 2499/2722/228 2366/2723/228
f 2386/2724/245 2543/2725/245 2542/2726/245
f 2509/2608/228 2498/2727/228 2510/2728/228
f 2425/2729/246 2549/2730/247 2413/2638/248
f 2354/2731/221 2500/2732/221 2365/2733/221
f 2504/2734/221 2501/2735/221 2500/2732/221
f 2505/2736/221 2502/2737/221 2501/2735/221
f 2506/2738/221 2503/2586/221 2502/2737/221
f 2342/2739/221 2730/2740/221 2708/2741/221
f 2492/2742/221 2731/2743/221 2730/2740/221
f 2493/2744/221 2732/2745/221 2731/2743/221
f 2494/2746/221 2733/2568/221 2732/2745/221
f 2366/2747/221 2488/2748/221 2351/2749/221
f 2499/2750/221 2489/2751/221 2488/2748/221
f 2498/2752/221 2490/2753/221 2489/2751/221
f 2497/2754/221 2491/2545/221 2490/2753/221
f 2353/2602/227 2527/2755/227 2371/2756/227
f 2399/2757/249 2543/2758/250 2387/2605/251
f 2537/2666/227 2526/2759/227 2538/2760/227
f 2452/2592/252 2556/2761/253 2560/2762/254
f 2355/2763/220 2528/2764/220 2356/2585/220
f 2532/2765/220 2529/2766/220 2528/2764/220
f 2533/2767/220 2530/2768/220 2529/2766/220
f 2534/2769/220 2531/2583/220 2530/2768/220
f 2343/2770/220 2734/2771/220 2709/2567/220
f 2520/2772/220 2735/2773/220 2734/2771/220
f 2521/2774/220 2736/2775/220 2735/2773/220
f 2522/2776/220 2737/2565/220 2736/2775/220
f 2371/2546/220 2512/2777/220 2339/2547/220
f 2527/2778/220 2513/2779/220 2512/2777/220
f 2526/2780/220 2514/2781/220 2513/2779/220
f 2525/2612/220 2515/2544/220 2514/2781/220
f 2547/2782/255 2542/2700/255 2543/2758/255
f 2544/2636/255 2541/2670/255 2545/2783/255
f 2555/2784/255 2550/2785/255 2551/2786/255
f 2552/2696/255 2549/2730/255 2553/2787/255
f 2563/2788/255 2558/2789/255 2559/2790/255
f 2560/2762/255 2557/2791/255 2561/2792/255
f 2571/2793/255 2566/2794/255 2567/2795/255
f 2568/2796/255 2565/2797/255 2569/2798/255
f 2579/2799/255 2574/2800/255 2575/2801/255
f 2576/2802/255 2573/2803/255 2577/2607/255
f 2587/2804/255 2582/2805/255 2583/2806/255
f 2584/2807/255 2581/2808/255 2585/2665/255
f 2539/2809/235 2586/2810/235 2587/2804/235
f 2466/2720/234 2567/2811/234 2566/2812/234
f 2539/2809/256 2583/2806/257 2527/2755/258
f 2497/2754/259 2572/2813/259 2496/2814/259
f 2480/2589/260 2569/2798/260 2481/2815/260
f 2526/2780/230 2583/2816/230 2582/2817/230
f 2511/2818/229 2578/2819/229 2579/2799/229
f 2538/2760/261 2582/2805/262 2586/2810/263
f 2511/2818/264 2575/2801/265 2499/2722/266
f 2452/2592/267 2561/2792/267 2453/2667/267
f 2537/2666/268 2581/2808/269 2525/2820/270
f 2498/2752/259 2575/2821/259 2574/2822/259
f 2483/2823/260 2570/2824/260 2571/2793/260
f 2510/2728/271 2574/2800/272 2578/2819/273
f 2536/2601/274 2580/2825/275 2584/2807/276
f 2483/2823/277 2567/2795/278 2467/2693/279
f 2441/2692/280 2556/2826/280 2440/2533/280
f 2424/2598/281 2553/2787/281 2425/2729/281
f 2509/2608/282 2573/2803/283 2497/2827/284
f 2455/2828/267 2562/2829/267 2563/2788/267
f 2482/2697/285 2566/2794/286 2570/2824/287
f 2508/2604/288 2572/2830/289 2576/2802/290
f 2455/2828/291 2559/2790/292 2443/2663/293
f 2413/2662/294 2548/2831/294 2412/2539/294
f 2396/2595/295 2545/2783/295 2397/2609/295
f 2481/2815/296 2565/2797/297 2465/2698/298
f 2442/2690/280 2559/2832/280 2558/2833/280
f 2427/2834/281 2554/2835/281 2555/2784/281
f 2454/2669/299 2558/2789/300 2562/2829/301
f 2480/2589/302 2564/2836/303 2568/2796/304
f 2427/2834/305 2551/2786/306 2415/2633/307
f 2385/2631/245 2540/2837/245 2384/2536/245
f 2453/2667/308 2557/2791/309 2441/2838/310
f 2414/2660/294 2551/2839/294 2550/2840/294
f 2399/2757/295 2546/2701/295 2547/2782/295
f 2426/2637/311 2550/2785/312 2554/2835/313
f 2646/2841/220 2617/2842/220 2616/2843/220
f 2645/2844/220 2616/2843/220 2615/2845/220
f 2644/2846/220 2615/2845/220 2614/2847/220
f 2619/2848/220 2614/2847/220 2588/2849/220
f 2642/2850/221 2613/2851/221 2612/2852/221
f 2641/2853/221 2612/2852/221 2611/2854/221
f 2640/2855/221 2611/2854/221 2610/2856/221
f 2618/2857/221 2610/2856/221 2593/2858/221
f 2638/2859/216 2609/2860/216 2608/2861/216
f 2637/2862/216 2608/2861/216 2607/2863/216
f 2636/2864/216 2607/2863/216 2606/2865/216
f 2623/2866/216 2606/2865/216 2592/2867/216
f 2634/2868/217 2605/2869/217 2604/2870/217
f 2633/2871/217 2604/2870/217 2603/2872/217
f 2632/2873/217 2603/2872/217 2602/2874/217
f 2622/2875/217 2602/2874/217 2591/2876/217
f 2630/2877/219 2601/2878/219 2600/2879/219
f 2629/2880/219 2600/2879/219 2599/2881/219
f 2628/2882/219 2599/2881/219 2598/2883/219
f 2620/2884/219 2598/2883/219 2589/2885/219
f 2626/2886/218 2597/2887/218 2596/2888/218
f 2625/2889/218 2596/2888/218 2595/2890/218
f 2624/2891/218 2595/2890/218 2594/2892/218
f 2621/2893/218 2594/2892/218 2590/2894/218
f 2643/2895/221 2588/2849/221 2613/2851/221
f 2647/2896/220 2589/2885/220 2617/2842/220
f 2631/2897/219 2590/2894/219 2601/2878/219
f 2627/2898/218 2591/2876/218 2597/2887/218
f 2635/2899/217 2592/2867/217 2605/2869/217
f 2639/2900/216 2593/2901/216 2609/2860/216
f 2464/2530/216 2366/2902/216 2351/2531/216
f 2440/2533/217 2367/2716/217 2331/2534/217
f 2384/2536/218 2368/2686/218 2333/2537/218
f 2412/2539/219 2369/2903/219 2335/2540/219
f 2524/2542/220 2370/2656/220 2337/2543/220
f 2491/2545/221 2496/2814/221 2371/2546/221
f 2463/2904/222 2330/2905/222 2484/2906/222
f 2484/2906/222 2485/2907/222 2462/2908/222
f 2485/2907/222 2486/2909/222 2434/2910/222
f 2461/2911/222 2434/2910/222 2460/2912/222
f 2462/2908/222 2463/2904/222 2484/2906/222
f 2461/2911/222 2462/2908/222 2485/2907/222
f 2435/2913/222 2340/2914/222 2460/2912/222
f 2432/2915/222 2433/2916/222 2378/2550/222
f 2433/2916/222 2434/2910/222 2486/2909/222
f 2434/2910/222 2435/2913/222 2460/2912/222
f 2461/2911/222 2485/2907/222 2434/2910/222
f 2486/2909/222 2487/2917/222 2516/2918/222
f 2487/2917/222 2332/2919/222 2516/2918/222
f 2379/2920/222 2338/2921/222 2432/2915/222
f 2376/2922/222 2377/2923/222 2407/2924/222
f 2377/2923/222 2378/2550/222 2406/2549/222
f 2407/2924/222 2377/2923/222 2406/2549/222
f 2378/2550/222 2379/2920/222 2432/2915/222
f 2433/2916/222 2486/2909/222 2378/2550/222
f 2517/2548/222 2518/2925/222 2405/2926/222
f 2518/2925/222 2519/2927/222 2404/2928/222
f 2404/2928/222 2519/2927/222 2334/2929/222
f 2486/2909/222 2516/2918/222 2517/2548/222
f 2336/2930/222 2376/2922/222 2407/2924/222
f 2405/2926/222 2406/2549/222 2517/2548/222
f 2378/2550/222 2486/2909/222 2517/2548/222
f 2404/2928/222 2405/2926/222 2518/2925/222
f 2471/2551/216 2342/2931/216 2708/2552/216
f 2439/2554/217 2347/2709/217 2713/2555/217
f 2383/2557/218 2346/2679/218 2712/2558/218
f 2411/2560/219 2345/2621/219 2711/2561/219
f 2523/2563/220 2344/2649/220 2710/2564/220
f 2495/2566/221 2343/2770/221 2709/2567/221
f 2479/2569/216 2354/2932/216 2365/2570/216
f 2451/2572/217 2363/2702/217 2364/2573/217
f 2395/2575/218 2361/2672/218 2362/2576/218
f 2423/2578/219 2359/2614/219 2360/2579/219
f 2535/2581/220 2357/2642/220 2358/2582/220
f 2507/2584/221 2355/2763/221 2356/2585/221
f 2352/2587/223 2366/2723/223 2464/2588/223
f 2341/2590/224 2367/2694/224 2440/2591/224
f 2348/2593/225 2368/2664/225 2384/2594/225
f 2349/2596/226 2369/2606/226 2412/2597/226
f 2350/2599/227 2370/2634/227 2524/2600/227
f 2353/2602/228 2371/2756/228 2496/2603/228
f 2349/2596/225 2399/2757/225 2387/2605/225
f 2508/2604/229 2576/2802/229 2577/2607/229
f 2397/2609/225 2385/2671/225 2386/2610/225
f 2525/2612/230 2581/2933/230 2580/2613/230
f 2359/2614/218 2392/2616/218 2388/2615/218
f 2392/2616/218 2393/2618/218 2389/2617/218
f 2393/2618/218 2394/2620/218 2390/2619/218
f 2394/2620/218 2395/2575/218 2391/2577/218
f 2345/2621/218 2380/2623/218 2714/2622/218
f 2380/2623/218 2381/2625/218 2715/2624/218
f 2381/2625/218 2382/2627/218 2716/2626/218
f 2382/2627/218 2383/2557/218 2717/2559/218
f 2335/2540/218 2369/2903/218 2387/2628/218
f 2387/2628/218 2386/2724/218 2373/2630/218
f 2373/2630/218 2386/2724/218 2385/2631/218
f 2385/2631/218 2384/2536/218 2375/2538/218
f 2350/2599/226 2427/2834/226 2415/2633/226
f 2396/2595/231 2384/2594/314 2540/2635/232
f 2426/2637/226 2425/2729/226 2413/2638/226
f 2465/2640/234 2565/2934/234 2564/2641/234
f 2357/2642/219 2420/2644/219 2416/2643/219
f 2420/2644/219 2421/2646/219 2417/2645/219
f 2421/2646/219 2422/2648/219 2418/2647/219
f 2422/2648/219 2423/2578/219 2419/2580/219
f 2344/2649/219 2408/2651/219 2718/2650/219
f 2408/2651/219 2409/2653/219 2719/2652/219
f 2409/2653/219 2410/2655/219 2720/2654/219
f 2410/2655/219 2411/2560/219 2721/2562/219
f 2370/2656/219 2415/2658/219 2400/2657/219
f 2415/2658/219 2414/2660/219 2401/2659/219
f 2414/2660/219 2413/2662/219 2402/2661/219
f 2413/2662/219 2412/2539/219 2403/2541/219
f 2348/2593/224 2455/2828/224 2443/2663/224
f 2536/2601/235 2584/2807/235 2585/2665/235
f 2453/2667/224 2441/2838/224 2442/2668/224
f 2397/2609/236 2545/2783/315 2541/2670/237
f 2361/2672/217 2448/2674/217 2444/2673/217
f 2448/2674/217 2449/2676/217 2445/2675/217
f 2449/2676/217 2450/2678/217 2446/2677/217
f 2450/2678/217 2451/2572/217 2447/2574/217
f 2346/2679/217 2436/2681/217 2722/2680/217
f 2436/2681/217 2437/2683/217 2723/2682/217
f 2437/2683/217 2438/2685/217 2724/2684/217
f 2438/2685/217 2439/2554/217 2725/2556/217
f 2368/2686/217 2443/2688/217 2428/2687/217
f 2443/2688/217 2442/2690/217 2429/2689/217
f 2442/2690/217 2441/2692/217 2430/2691/217
f 2441/2692/217 2440/2533/217 2431/2535/217
f 2341/2590/223 2483/2823/223 2467/2693/223
f 2424/2598/239 2412/2597/316 2548/2695/240
f 2482/2697/223 2481/2815/223 2465/2698/223
f 2398/2611/242 2386/2610/317 2542/2700/243
f 2363/2702/216 2476/2704/216 2472/2703/216
f 2476/2704/216 2477/2706/216 2473/2705/216
f 2477/2706/216 2478/2708/216 2474/2707/216
f 2478/2708/216 2479/2569/216 2475/2571/216
f 2347/2709/216 2468/2711/216 2726/2710/216
f 2468/2711/216 2469/2713/216 2727/2712/216
f 2469/2713/216 2470/2715/216 2728/2714/216
f 2470/2715/216 2471/2551/216 2729/2553/216
f 2367/2716/216 2467/2718/216 2456/2717/216
f 2467/2718/216 2466/2720/216 2457/2719/216
f 2466/2720/216 2465/2640/216 2458/2721/216
f 2465/2640/216 2464/2530/216 2459/2532/216
f 2352/2587/228 2511/2818/228 2499/2722/228
f 2386/2724/245 2387/2628/245 2543/2725/245
f 2509/2608/228 2497/2827/228 2498/2727/228
f 2425/2729/246 2553/2787/318 2549/2730/247
f 2354/2731/221 2504/2734/221 2500/2732/221
f 2504/2734/221 2505/2736/221 2501/2735/221
f 2505/2736/221 2506/2738/221 2502/2737/221
f 2506/2738/221 2507/2584/221 2503/2586/221
f 2342/2739/221 2492/2742/221 2730/2740/221
f 2492/2742/221 2493/2744/221 2731/2743/221
f 2493/2744/221 2494/2746/221 2732/2745/221
f 2494/2746/221 2495/2566/221 2733/2568/221
f 2366/2747/221 2499/2750/221 2488/2748/221
f 2499/2750/221 2498/2752/221 2489/2751/221
f 2498/2752/221 2497/2754/221 2490/2753/221
f 2497/2754/221 2496/2814/221 2491/2545/221
f 2353/2602/227 2539/2809/227 2527/2755/227
f 2399/2757/249 2547/2782/319 2543/2758/250
f 2537/2666/227 2525/2820/227 2526/2759/227
f 2452/2592/252 2440/2591/320 2556/2761/253
f 2355/2763/220 2532/2765/220 2528/2764/220
f 2532/2765/220 2533/2767/220 2529/2766/220
f 2533/2767/220 2534/2769/220 2530/2768/220
f 2534/2769/220 2535/2581/220 2531/2583/220
f 2343/2770/220 2520/2772/220 2734/2771/220
f 2520/2772/220 2521/2774/220 2735/2773/220
f 2521/2774/220 2522/2776/220 2736/2775/220
f 2522/2776/220 2523/2563/220 2737/2565/220
f 2371/2546/220 2527/2778/220 2512/2777/220
f 2527/2778/220 2526/2780/220 2513/2779/220
f 2526/2780/220 2525/2612/220 2514/2781/220
f 2525/2612/220 2524/2542/220 2515/2544/220
f 2547/2782/255 2546/2701/255 2542/2700/255
f 2544/2636/255 2540/2635/255 2541/2670/255
f 2555/2784/255 2554/2835/255 2550/2785/255
f 2552/2696/255 2548/2695/255 2549/2730/255
f 2563/2788/255 2562/2829/255 2558/2789/255
f 2560/2762/255 2556/2761/255 2557/2791/255
f 2571/2793/255 2570/2824/255 2566/2794/255
f 2568/2796/255 2564/2836/255 2565/2797/255
f 2579/2799/255 2578/2819/255 2574/2800/255
f 2576/2802/255 2572/2830/255 2573/2803/255
f 2587/2804/255 2586/2810/255 2582/2805/255
f 2584/2807/255 2580/2825/255 2581/2808/255
f 2539/2809/235 2538/2760/235 2586/2810/235
f 2466/2720/234 2467/2718/234 2567/2811/234
f 2539/2809/256 2587/2804/321 2583/2806/257
f 2497/2754/259 2573/2935/259 2572/2813/259
f 2480/2589/260 2568/2796/260 2569/2798/260
f 2526/2780/230 2527/2778/230 2583/2816/230
f 2511/2818/229 2510/2728/229 2578/2819/229
f 2538/2760/261 2526/2759/322 2582/2805/262
f 2511/2818/264 2579/2799/323 2575/2801/265
f 2452/2592/267 2560/2762/267 2561/2792/267
f 2537/2666/268 2585/2665/324 2581/2808/269
f 2498/2752/259 2499/2750/259 2575/2821/259
f 2483/2823/260 2482/2697/260 2570/2824/260
f 2510/2728/271 2498/2727/325 2574/2800/272
f 2536/2601/274 2524/2600/326 2580/2825/275
f 2483/2823/277 2571/2793/327 2567/2795/278
f 2441/2692/280 2557/2936/280 2556/2826/280
f 2424/2598/281 2552/2696/281 2553/2787/281
f 2509/2608/282 2577/2607/328 2573/2803/283
f 2455/2828/267 2454/2669/267 2562/2829/267
f 2482/2697/285 2466/2699/329 2566/2794/286
f 2508/2604/288 2496/2603/330 2572/2830/289
f 2455/2828/291 2563/2788/331 2559/2790/292
f 2413/2662/294 2549/2937/294 2548/2831/294
f 2396/2595/295 2544/2636/295 2545/2783/295
f 2481/2815/296 2569/2798/332 2565/2797/297
f 2442/2690/280 2443/2688/280 2559/2832/280
f 2427/2834/281 2426/2637/281 2554/2835/281
f 2454/2669/299 2442/2668/333 2558/2789/300
f 2480/2589/302 2464/2588/334 2564/2836/303
f 2427/2834/305 2555/2784/335 2551/2786/306
f 2385/2631/245 2541/2938/245 2540/2837/245
f 2453/2667/308 2561/2792/336 2557/2791/309
f 2414/2660/294 2415/2658/294 2551/2839/294
f 2399/2757/295 2398/2611/295 2546/2701/295
f 2426/2637/311 2414/2639/337 2550/2785/312
f 2646/2841/220 2647/2896/220 2617/2842/220
f 2645/2844/220 2646/2841/220 2616/2843/220
f 2644/2846/220 2645/2844/220 2615/2845/220
f 2619/2848/220 2644/2846/220 2614/2847/220
f 2642/2850/221 2643/2895/221 2613/2851/221
f 2641/2853/221 2642/2850/221 2612/2852/221
f 2640/2855/221 2641/2853/221 2611/2854/221
f 2618/2857/221 2640/2855/221 2610/2856/221
f 2638/2859/216 2639/2900/216 2609/2860/216
f 2637/2862/216 2638/2859/216 2608/2861/216
f 2636/2864/216 2637/2862/216 2607/2863/216
f 2623/2866/216 2636/2864/216 2606/2865/216
f 2634/2868/217 2635/2899/217 2605/2869/217
f 2633/2871/217 2634/2868/217 2604/2870/217
f 2632/2873/217 2633/2871/217 2603/2872/217
f 2622/2875/217 2632/2873/217 2602/2874/217
f 2630/2877/219 2631/2897/219 2601/2878/219
f 2629/2880/219 2630/2877/219 2600/2879/219
f 2628/2882/219 2629/2880/219 2599/2881/219
f 2620/2884/219 2628/2882/219 2598/2883/219
f 2626/2886/218 2627/2898/218 2597/2887/218
f 2625/2889/218 2626/2886/218 2596/2888/218
f 2624/2891/218 2625/2889/218 2595/2890/218
f 2621/2893/218 2624/2891/218 2594/2892/218
f 2643/2895/221 2619/2848/221 2588/2849/221
f 2647/2896/220 2620/2884/220 2589/2885/220
f 2631/2897/219 2621/2893/219 2590/2894/219
f 2627/2898/218 2622/2875/218 2591/2876/218
f 2635/2899/217 2623/2866/217 2592/2867/217
f 2639/2900/216 2618/2939/216 2593/2901/216
usemtl mat_brown01
f 2676/2940/220 2647/2896/220 2646/2841/220
f 2675/2941/220 2646/2841/220 2645/2844/220
f 2674/2942/220 2645/2844/220 2644/2846/220
f 2649/2943/220 2644/2846/220 2619/2848/220
f 2672/2944/221 2643/2895/221 2642/2850/221
f 2671/2945/221 2642/2850/221 2641/2853/221
f 2670/2946/221 2641/2853/221 2640/2855/221
f 2648/2947/221 2640/2855/221 2618/2857/221
f 2668/2948/216 2639/2900/216 2638/2859/216
f 2667/2949/216 2638/2859/216 2637/2862/216
f 2666/2950/216 2637/2862/216 2636/2864/216
f 2653/2951/216 2636/2864/216 2623/2866/216
f 2664/2952/217 2635/2899/217 2634/2868/217
f 2663/2953/217 2634/2868/217 2633/2871/217
f 2662/2954/217 2633/2871/217 2632/2873/217
f 2652/2955/217 2632/2873/217 2622/2875/217
f 2660/2956/219 2631/2897/219 2630/2877/219
f 2659/2957/219 2630/2877/219 2629/2880/219
f 2658/2958/219 2629/2880/219 2628/2882/219
f 2650/2959/219 2628/2882/219 2620/2884/219
f 2656/2960/218 2627/2898/218 2626/2886/218
f 2655/2961/218 2626/2886/218 2625/2889/218
f 2654/2962/218 2625/2889/218 2624/2891/218
f 2651/2963/218 2624/2891/218 2621/2893/218
f 2673/2964/221 2619/2848/221 2643/2895/221
f 2677/2965/220 2620/2884/220 2647/2896/220
f 2661/2966/219 2621/2893/219 2631/2897/219
f 2657/2967/218 2622/2875/218 2627/2898/218
f 2665/2968/217 2623/2866/217 2635/2899/217
f 2669/2969/216 2618/2939/216 2639/2900/216
f 2736/2775/220 2707/2970/220 2706/2971/220
f 2735/2773/220 2706/2971/220 2705/2972/220
f 2734/2771/220 2705/2972/220 2704/2973/220
f 2709/2567/220 2704/2973/220 2679/2974/220
f 2732/2745/221 2703/2975/221 2702/2976/221
f 2731/2743/221 2702/2976/221 2701/2977/221
f 2730/2740/221 2701/2977/221 2700/2978/221
f 2708/2741/221 2700/2978/221 2678/2979/221
f 2728/2714/216 2699/2980/216 2698/2981/216
f 2727/2712/216 2698/2981/216 2697/2982/216
f 2726/2710/216 2697/2982/216 2696/2983/216
f 2713/2555/216 2696/2983/216 2683/2984/216
f 2724/2684/217 2695/2985/217 2694/2986/217
f 2723/2682/217 2694/2986/217 2693/2987/217
f 2722/2680/217 2693/2987/217 2692/2988/217
f 2712/2558/217 2692/2988/217 2682/2989/217
f 2720/2654/219 2691/2990/219 2690/2991/219
f 2719/2652/219 2690/2991/219 2689/2992/219
f 2718/2650/219 2689/2992/219 2688/2993/219
f 2710/2564/219 2688/2993/219 2680/2994/219
f 2716/2626/218 2687/2995/218 2686/2996/218
f 2715/2624/218 2686/2996/218 2685/2997/218
f 2714/2622/218 2685/2997/218 2684/2998/218
f 2711/2561/218 2684/2998/218 2681/2999/218
f 2733/2568/221 2679/2974/221 2703/2975/221
f 2737/2565/220 2680/2994/220 2707/2970/220
f 2721/2562/219 2681/2999/219 2691/2990/219
f 2717/2559/218 2682/2989/218 2687/2995/218
f 2725/2556/217 2683/2984/217 2695/2985/217
f 2729/2553/216 2678/3000/216 2699/2980/216
f 2676/2940/220 2677/2965/220 2647/2896/220
f 2675/2941/220 2676/2940/220 2646/2841/220
f 2674/2942/220 2675/2941/220 2645/2844/220
f 2649/2943/220 2674/2942/220 2644/2846/220
f 2672/2944/221 2673/2964/221 2643/2895/221
f 2671/2945/221 2672/2944/221 2642/2850/221
f 2670/2946/221 2671/2945/221 2641/2853/221
f 2648/2947/221 2670/2946/221 2640/2855/221
f 2668/2948/216 2669/2969/216 2639/2900/216
f 2667/2949/216 2668/2948/216 2638/2859/216
f 2666/2950/216 2667/2949/216 2637/2862/216
f 2653/2951/216 2666/2950/216 2636/2864/216
f 2664/2952/217 2665/2968/217 2635/2899/217
f 2663/2953/217 2664/2952/217 2634/2868/217
f 2662/2954/217 2663/2953/217 2633/2871/217
f 2652/2955/217 2662/2954/217 2632/2873/217
f 2660/2956/219 2661/2966/219 2631/2897/219
f 2659/2957/219 2660/2956/219 2630/2877/219
f 2658/2958/219 2659/2957/219 2629/2880/219
f 2650/2959/219 2658/2958/219 2628/2882/219
f 2656/2960/218 2657/2967/218 2627/2898/218
f 2655/2961/218 2656/2960/218 2626/2886/218
f 2654/2962/218 2655/2961/218 2625/2889/218
f 2651/2963/218 2654/2962/218 2624/2891/218
f 2673/2964/221 2649/2943/221 2619/2848/221
f 2677/2965/220 2650/2959/220 2620/2884/220
f 2661/2966/219 2651/2963/219 2621/2893/219
f 2657/2967/218 2652/2955/218 2622/2875/218
f 2665/2968/217 2653/2951/217 2623/2866/217
f 2669/2969/216 2648/3001/216 2618/2939/216
f 2736/2775/220 2737/2565/220 2707/2970/220
f 2735/2773/220 2736/2775/220 2706/2971/220
f 2734/2771/220 2735/2773/220 2705/2972/220
f 2709/2567/220 2734/2771/220 2704/2973/220
f 2732/2745/221 2733/2568/221 2703/2975/221
f 2731/2743/221 2732/2745/221 2702/2976/221
f 2730/2740/221 2731/2743/221 2701/2977/221
f 2708/2741/221 2730/2740/221 2700/2978/221
f 2728/2714/216 2729/2553/216 2699/2980/216
f 2727/2712/216 2728/2714/216 2698/2981/216
f 2726/2710/216 2727/2712/216 2697/2982/216
f 2713/2555/216 2726/2710/216 2696/2983/216
f 2724/2684/217 2725/2556/217 2695/2985/217
f 2723/2682/217 2724/2684/217 2694/2986/217
f 2722/2680/217 2723/2682/217 2693/2987/217
f 2712/2558/217 2722/2680/217 2692/2988/217
f 2720/2654/219 2721/2562/219 2691/2990/219
f 2719/2652/219 2720/2654/219 2690/2991/219
f 2718/2650/219 2719/2652/219 2689/2992/219
f 2710/2564/219 2718/2650/219 2688/2993/219
f 2716/2626/218 2717/2559/218 2687/2995/218
f 2715/2624/218 2716/2626/218 2686/2996/218
f 2714/2622/218 2715/2624/218 2685/2997/218
f 2711/2561/218 2714/2622/218 2684/2998/218
f 2733/2568/221 2709/2567/221 2679/2974/221
f 2737/2565/220 2710/2564/220 2680/2994/220
f 2721/2562/219 2711/2561/219 2681/2999/219
f 2717/2559/218 2712/2558/218 2682/2989/218
f 2725/2556/217 2713/2555/217 2683/2984/217
f 2729/2553/216 2708/2552/216 2678/3000/216
usemtl mat_grey02
f 2616/2843/220 2519/3002/220 2518/3003/220
f 2615/2845/220 2518/3003/220 2517/3004/220
f 2614/2847/220 2517/3004/220 2516/3005/220
f 2588/2849/220 2516/3005/220 2332/3006/220
f 2612/2852/221 2487/3007/221 2486/3008/221
f 2611/2854/221 2486/3008/221 2485/3009/221
f 2610/2856/221 2485/3009/221 2484/3010/221
f 2593/2858/221 2484/3010/221 2330/3011/221
f 2608/2861/216 2463/3012/216 2462/3013/216
f 2607/2863/216 2462/3013/216 2461/3014/216
f 2606/2865/216 2461/3014/216 2460/3015/216
f 2592/2867/216 2460/3015/216 2340/3016/216
f 2604/2870/217 2435/3017/217 2434/3018/217
f 2603/2872/217 2434/3018/217 2433/3019/217
f 2602/2874/217 2433/3019/217 2432/3020/217
f 2591/2876/217 2432/3020/217 2338/3021/217
f 2600/2879/219 2407/3022/219 2406/3023/219
f 2599/2881/219 2406/3023/219 2405/3024/219
f 2598/2883/219 2405/3024/219 2404/3025/219
f 2589/2885/219 2404/3025/219 2334/3026/219
f 2596/2888/218 2379/3027/218 2378/3028/218
f 2595/2890/218 2378/3028/218 2377/3029/218
f 2594/2892/218 2377/3029/218 2376/3030/218
f 2590/2894/218 2376/3030/218 2336/3031/218
f 2613/2851/221 2332/3006/221 2487/3007/221
f 2617/2842/220 2334/3026/220 2519/3002/220
f 2601/2878/219 2336/3031/219 2407/3022/219
f 2597/2887/218 2338/3021/218 2379/3027/218
f 2605/2869/217 2340/3016/217 2435/3017/217
f 2609/2860/216 2330/3032/216 2463/3012/216
f 2706/2971/220 2677/2965/220 2676/2940/220
f 2705/2972/220 2676/2940/220 2675/2941/220
f 2704/2973/220 2675/2941/220 2674/2942/220
f 2679/2974/220 2674/2942/220 2649/2943/220
f 2702/2976/221 2673/2964/221 2672/2944/221
f 2701/2977/221 2672/2944/221 2671/2945/221
f 2700/2978/221 2671/2945/221 2670/2946/221
f 2678/2979/221 2670/2946/221 2648/2947/221
f 2698/2981/216 2669/2969/216 2668/2948/216
f 2697/2982/216 2668/2948/216 2667/2949/216
f 2696/2983/216 2667/2949/216 2666/2950/216
f 2683/2984/216 2666/2950/216 2653/2951/216
f 2694/2986/217 2665/2968/217 2664/2952/217
f 2693/2987/217 2664/2952/217 2663/2953/217
f 2692/2988/217 2663/2953/217 2662/2954/217
f 2682/2989/217 2662/2954/217 2652/2955/217
f 2690/2991/219 2661/2966/219 2660/2956/219
f 2689/2992/219 2660/2956/219 2659/2957/219
f 2688/2993/219 2659/2957/219 2658/2958/219
f 2680/2994/219 2658/2958/219 2650/2959/219
f 2686/2996/218 2657/2967/218 2656/2960/218
f 2685/2997/218 2656/2960/218 2655/2961/218
f 2684/2998/218 2655/2961/218 2654/2962/218
f 2681/2999/218 2654/2962/218 2651/2963/218
f 2703/2975/221 2649/2943/221 2673/2964/221
f 2707/2970/220 2650/2959/220 2677/2965/220
f 2691/2990/219 2651/2963/219 2661/2966/219
f 2687/2995/218 2652/2955/218 2657/2967/218
f 2695/2985/217 2653/2951/217 2665/2968/217
f 2699/2980/216 2648/3001/216 2669/2969/216
f 2616/2843/220 2617/2842/220 2519/3002/220
f 2615/2845/220 2616/2843/220 2518/3003/220
f 2614/2847/220 2615/2845/220 2517/3004/220
f 2588/2849/220 2614/2847/220 2516/3005/220
f 2612/2852/221 2613/2851/221 2487/3007/221
f 2611/2854/221 2612/2852/221 2486/3008/221
f 2610/2856/221 2611/2854/221 2485/3009/221
f 2593/2858/221 2610/2856/221 2484/3010/221
f 2608/2861/216 2609/2860/216 2463/3012/216
f 2607/2863/216 2608/2861/216 2462/3013/216
f 2606/2865/216 2607/2863/216 2461/3014/216
f 2592/2867/216 2606/2865/216 2460/3015/216
f 2604/2870/217 2605/2869/217 2435/3017/217
f 2603/2872/217 2604/2870/217 2434/3018/217
f 2602/2874/217 2603/2872/217 2433/3019/217
f 2591/2876/217 2602/2874/217 2432/3020/217
f 2600/2879/219 2601/2878/219 2407/3022/219
f 2599/2881/219 2600/2879/219 2406/3023/219
f 2598/2883/219 2599/2881/219 2405/3024/219
f 2589/2885/219 2598/2883/219 2404/3025/219
f 2596/2888/218 2597/2887/218 2379/3027/218
f 2595/2890/218 2596/2888/218 2378/3028/218
f 2594/2892/218 2595/2890/218 2377/3029/218
f 2590/2894/218 2594/2892/218 2376/3030/218
f 2613/2851/221 2588/2849/221 2332/3006/221
f 2617/2842/220 2589/2885/220 2334/3026/220
f 2601/2878/219 2590/2894/219 2336/3031/219
f 2597/2887/218 2591/2876/218 2338/3021/218
f 2605/2869/217 2592/2867/217 2340/3016/217
f 2609/2860/216 2593/2901/216 2330/3032/216
f 2706/2971/220 2707/2970/220 2677/2965/220
f 2705/2972/220 2706/2971/220 2676/2940/220
f 2704/2973/220 2705/2972/220 2675/2941/220
f 2679/2974/220 2704/2973/220 2674/2942/220
f 2702/2976/221 2703/2975/221 2673/2964/221
f 2701/2977/221 2702/2976/221 2672/2944/221
f 2700/2978/221 2701/2977/221 2671/2945/221
f 2678/2979/221 2700/2978/221 2670/2946/221
f 2698/2981/216 2699/2980/216 2669/2969/216
f 2697/2982/216 2698/2981/216 2668/2948/216
f 2696/2983/216 2697/2982/216 2667/2949/216
f 2683/2984/216 2696/2983/216 2666/2950/216
f 2694/2986/217 2695/2985/217 2665/2968/217
f 2693/2987/217 2694/2986/217 2664/2952/217
f 2692/2988/217 2693/2987/217 2663/2953/217
f 2682/2989/217 2692/2988/217 2662/2954/217
f 2690/2991/219 2691/2990/219 2661/2966/219
f 2689/2992/219 2690/2991/219 2660/2956/219
f 2688/2993/219 2689/2992/219 2659/2957/219
f 2680/2994/219 2688/2993/219 2658/2958/219
f 2686/2996/218 2687/2995/218 2657/2967/218
f 2685/2997/218 2686/2996/218 2656/2960/218
f 2684/2998/218 2685/2997/218 2655/2961/218
f 2681/2999/218 2684/2998/218 2654/2962/218
f 2703/2975/221 2679/2974/221 2649/2943/221
f 2707/2970/220 2680/2994/220 2650/2959/220
f 2691/2990/219 2681/2999/219 2651/2963/219
f 2687/2995/218 2682/2989/218 2652/2955/218
f 2695/2985/217 2683/2984/217 2653/2951/217
f 2699/2980/216 2678/3000/216 2648/3001/216
usemtl mat_grey03
f 2426/2637/255 2454/2669/255 2398/2611/255
f 2347/2709/338 2472/2703/338 2468/2711/338
f 2345/2621/339 2388/2615/339 2380/2623/339
f 2343/2770/340 2528/2764/340 2520/2772/340
f 2346/2679/341 2444/2673/341 2436/2681/341
f 2344/2649/342 2416/2643/342 2408/2651/342
f 2342/2739/343 2500/2732/343 2492/2742/343
f 2359/2614/344 2372/2629/344 2392/2616/344
f 2355/2763/345 2512/2777/345 2532/2765/345
f 2361/2672/346 2428/2687/346 2448/2674/346
f 2357/2642/347 2400/2657/347 2420/2644/347
f 2354/2731/348 2488/2748/348 2504/2734/348
f 2363/2702/349 2456/2717/349 2476/2704/349
f 2361/2672/344 2375/2538/344 2333/2537/344
f 2395/2575/344 2374/2632/344 2375/2538/344
f 2393/2618/344 2374/2632/344 2394/2620/344
f 2392/2616/344 2373/2630/344 2393/2618/344
f 2346/2679/339 2391/2577/339 2362/2576/339
f 2383/2557/339 2390/2619/339 2391/2577/339
f 2381/2625/339 2390/2619/339 2382/2627/339
f 2380/2623/339 2389/2617/339 2381/2625/339
f 2359/2614/347 2403/2541/347 2335/2540/347
f 2423/2578/347 2402/2661/347 2403/2541/347
f 2421/2646/347 2402/2661/347 2422/2648/347
f 2420/2644/347 2401/2659/347 2421/2646/347
f 2345/2621/342 2419/2580/342 2360/2579/342
f 2411/2560/342 2418/2647/342 2419/2580/342
f 2409/2653/342 2418/2647/342 2410/2655/342
f 2408/2651/342 2417/2645/342 2409/2653/342
f 2363/2702/346 2431/2535/346 2331/2534/346
f 2451/2572/346 2430/2691/346 2431/2535/346
f 2449/2676/346 2430/2691/346 2450/2678/346
f 2448/2674/346 2429/2689/346 2449/2676/346
f 2347/2709/341 2447/2574/341 2364/2573/341
f 2439/2554/341 2446/2677/341 2447/2574/341
f 2437/2683/341 2446/2677/341 2438/2685/341
f 2436/2681/341 2445/2675/341 2437/2683/341
f 2354/2932/349 2459/2532/349 2351/2531/349
f 2479/2569/349 2458/2721/349 2459/2532/349
f 2478/2708/349 2457/2719/349 2458/2721/349
f 2476/2704/349 2457/2719/349 2477/2706/349
f 2342/2931/338 2475/2571/338 2365/2570/338
f 2471/2551/338 2474/2707/338 2475/2571/338
f 2469/2713/338 2474/2707/338 2470/2715/338
f 2468/2711/338 2473/2705/338 2469/2713/338
f 2355/2763/348 2491/2545/348 2339/2547/348
f 2507/2584/348 2490/2753/348 2491/2545/348
f 2505/2736/348 2490/2753/348 2506/2738/348
f 2504/2734/348 2489/2751/348 2505/2736/348
f 2343/2770/343 2503/2586/343 2356/2585/343
f 2495/2566/343 2502/2737/343 2503/2586/343
f 2493/2744/343 2502/2737/343 2494/2746/343
f 2492/2742/343 2501/2735/343 2493/2744/343
f 2357/2642/345 2515/2544/345 2337/2543/345
f 2535/2581/345 2514/2781/345 2515/2544/345
f 2533/2767/345 2514/2781/345 2534/2769/345
f 2532/2765/345 2513/2779/345 2533/2767/345
f 2344/2649/340 2531/2583/340 2358/2582/340
f 2523/2563/340 2530/2768/340 2531/2583/340
f 2522/2776/340 2529/2766/340 2530/2768/340
f 2520/2772/340 2529/2766/340 2521/2774/340
f 2743/3033/350 2757/3034/350 2738/3035/350
f 2748/3036/351 2749/3037/351 2744/3038/351
f 2754/3039/352 2747/3040/352 2753/3041/352
f 2752/3042/255 2744/3038/255 2750/3043/255
f 2755/3044/222 2748/3036/222 2754/3039/222
f 2753/3041/353 2746/3045/353 2752/3042/353
f 2751/3046/354 2744/3038/354 2745/3047/354
f 2751/3046/355 2749/3037/355 2755/3044/355
f 2739/3048/356 2751/3046/356 2738/3035/356
f 2740/3049/356 2750/3043/356 2739/3048/356
f 2740/3049/356 2753/3041/356 2752/3042/356
f 2741/3050/356 2754/3039/356 2753/3041/356
f 2742/3051/356 2755/3044/356 2754/3039/356
f 2738/3035/356 2755/3044/356 2743/3033/356
f 2741/3050/357 2760/3052/357 2742/3051/357
f 2739/3048/222 2758/3053/222 2740/3049/222
f 2742/3051/255 2761/3054/255 2743/3033/255
f 2741/3050/358 2758/3053/358 2759/3055/358
f 2738/3035/359 2756/3056/359 2739/3048/359
f 2767/3057/360 2781/3058/360 2762/3059/360
f 2772/3060/217 2773/3061/217 2768/3062/217
f 2777/3063/361 2772/3060/361 2771/3064/361
f 2776/3065/255 2768/3062/255 2774/3066/255
f 2779/3067/222 2772/3060/222 2778/3068/222
f 2777/3063/362 2770/3069/362 2776/3065/362
f 2775/3070/363 2768/3062/363 2769/3071/363
f 2775/3070/364 2773/3061/364 2779/3067/364
f 2763/3072/220 2775/3070/220 2762/3059/220
f 2764/3073/220 2774/3066/220 2763/3072/220
f 2764/3073/220 2777/3063/220 2776/3065/220
f 2765/3074/220 2778/3068/220 2777/3063/220
f 2767/3057/220 2778/3068/220 2766/3075/220
f 2762/3059/220 2779/3067/220 2767/3057/220
f 2765/3074/365 2784/3076/365 2766/3075/365
f 2763/3072/222 2782/3077/222 2764/3073/222
f 2766/3075/255 2785/3078/255 2767/3057/255
f 2764/3073/366 2783/3079/366 2765/3074/366
f 2762/3059/367 2780/3080/367 2763/3072/367
f 2791/3081/368 2805/3082/368 2786/3083/368
f 2796/3084/369 2797/3085/369 2792/3086/369
f 2801/3087/370 2796/3084/370 2795/3088/370
f 2800/3089/255 2792/3086/255 2798/3090/255
f 2803/3091/222 2796/3084/222 2802/3092/222
f 2800/3089/371 2795/3088/371 2794/3093/371
f 2799/3094/372 2792/3086/372 2793/3095/372
f 2799/3094/373 2797/3085/373 2803/3091/373
f 2787/3096/374 2799/3094/374 2786/3083/374
f 2788/3097/374 2798/3090/374 2787/3096/374
f 2788/3097/374 2801/3087/374 2800/3089/374
f 2789/3098/374 2802/3092/374 2801/3087/374
f 2790/3099/374 2803/3091/374 2802/3092/374
f 2786/3083/374 2803/3091/374 2791/3081/374
f 2790/3099/375 2807/3100/375 2808/3101/375
f 2787/3096/222 2806/3102/222 2788/3097/222
f 2790/3099/255 2809/3103/255 2791/3081/255
f 2788/3097/376 2807/3100/376 2789/3098/376
f 2787/3096/377 2805/3082/377 2804/3104/377
f 2539/2809/255 2353/2602/255 2508/2604/255
f 2539/2809/255 2508/2604/255 2509/2608/255
f 2536/2601/255 2537/2666/255 2427/2834/255
f 2537/2666/255 2538/2760/255 2510/2728/255
f 2538/2760/255 2539/2809/255 2509/2608/255
f 2510/2728/255 2511/2818/255 2480/2589/255
f 2511/2818/255 2352/2587/255 2480/2589/255
f 2538/2760/255 2509/2608/255 2510/2728/255
f 2427/2834/255 2350/2599/255 2536/2601/255
f 2537/2666/255 2510/2728/255 2426/2637/255
f 2427/2834/255 2537/2666/255 2426/2637/255
f 2481/2815/255 2482/2697/255 2510/2728/255
f 2482/2697/255 2483/2823/255 2453/2667/255
f 2510/2728/255 2482/2697/255 2426/2637/255
f 2510/2728/255 2480/2589/255 2481/2815/255
f 2424/2598/255 2425/2729/255 2398/2611/255
f 2425/2729/255 2426/2637/255 2398/2611/255
f 2426/2637/255 2482/2697/255 2454/2669/255
f 2483/2823/255 2341/2590/255 2452/2592/255
f 2453/2667/255 2454/2669/255 2482/2697/255
f 2454/2669/255 2455/2828/255 2397/2609/255
f 2483/2823/255 2452/2592/255 2453/2667/255
f 2399/2757/255 2349/2596/255 2424/2598/255
f 2455/2828/255 2348/2593/255 2396/2595/255
f 2396/2595/255 2397/2609/255 2455/2828/255
f 2397/2609/255 2398/2611/255 2454/2669/255
f 2398/2611/255 2399/2757/255 2424/2598/255
f 2347/2709/338 2364/2573/338 2472/2703/338
f 2345/2621/339 2360/2579/339 2388/2615/339
f 2343/2770/340 2356/2585/340 2528/2764/340
f 2346/2679/341 2362/2576/341 2444/2673/341
f 2344/2649/342 2358/2582/342 2416/2643/342
f 2342/2739/343 2365/2733/343 2500/2732/343
f 2359/2614/344 2335/2540/344 2372/2629/344
f 2355/2763/345 2339/2547/345 2512/2777/345
f 2361/2672/346 2333/2537/346 2428/2687/346
f 2357/2642/347 2337/2543/347 2400/2657/347
f 2354/2731/348 2351/2749/348 2488/2748/348
f 2363/2702/349 2331/2534/349 2456/2717/349
f 2361/2672/344 2395/2575/344 2375/2538/344
f 2395/2575/344 2394/2620/344 2374/2632/344
f 2393/2618/344 2373/2630/344 2374/2632/344
f 2392/2616/344 2372/2629/344 2373/2630/344
f 2346/2679/339 2383/2557/339 2391/2577/339
f 2383/2557/339 2382/2627/339 2390/2619/339
f 2381/2625/339 2389/2617/339 2390/2619/339
f 2380/2623/339 2388/2615/339 2389/2617/339
f 2359/2614/347 2423/2578/347 2403/2541/347
f 2423/2578/347 2422/2648/347 2402/2661/347
f 2421/2646/347 2401/2659/347 2402/2661/347
f 2420/2644/347 2400/2657/347 2401/2659/347
f 2345/2621/342 2411/2560/342 2419/2580/342
f 2411/2560/342 2410/2655/342 2418/2647/342
f 2409/2653/342 2417/2645/342 2418/2647/342
f 2408/2651/342 2416/2643/342 2417/2645/342
f 2363/2702/346 2451/2572/346 2431/2535/346
f 2451/2572/346 2450/2678/346 2430/2691/346
f 2449/2676/346 2429/2689/346 2430/2691/346
f 2448/2674/346 2428/2687/346 2429/2689/346
f 2347/2709/341 2439/2554/341 2447/2574/341
f 2439/2554/341 2438/2685/341 2446/2677/341
f 2437/2683/341 2445/2675/341 2446/2677/341
f 2436/2681/341 2444/2673/341 2445/2675/341
f 2354/2932/349 2479/2569/349 2459/2532/349
f 2479/2569/349 2478/2708/349 2458/2721/349
f 2478/2708/349 2477/2706/349 2457/2719/349
f 2476/2704/349 2456/2717/349 2457/2719/349
f 2342/2931/338 2471/2551/338 2475/2571/338
f 2471/2551/338 2470/2715/338 2474/2707/338
f 2469/2713/338 2473/2705/338 2474/2707/338
f 2468/2711/338 2472/2703/338 2473/2705/338
f 2355/2763/348 2507/2584/348 2491/2545/348
f 2507/2584/348 2506/2738/348 2490/2753/348
f 2505/2736/348 2489/2751/348 2490/2753/348
f 2504/2734/348 2488/2748/348 2489/2751/348
f 2343/2770/343 2495/2566/343 2503/2586/343
f 2495/2566/343 2494/2746/343 2502/2737/343
f 2493/2744/343 2501/2735/343 2502/2737/343
f 2492/2742/343 2500/2732/343 2501/2735/343
f 2357/2642/345 2535/2581/345 2515/2544/345
f 2535/2581/345 2534/2769/345 2514/2781/345
f 2533/2767/345 2513/2779/345 2514/2781/345
f 2532/2765/345 2512/2777/345 2513/2779/345
f 2344/2649/340 2523/2563/340 2531/2583/340
f 2523/2563/340 2522/2776/340 2530/2768/340
f 2522/2776/340 2521/2774/340 2529/2766/340
f 2520/2772/340 2528/2764/340 2529/2766/340
f 2743/3033/350 2761/3054/350 2757/3034/350
f 2745/3047/351 2744/3038/351 2749/3037/351
f 2744/3038/351 2746/3045/351 2748/3036/351
f 2746/3045/351 2747/3040/351 2748/3036/351
f 2754/3039/352 2748/3036/352 2747/3040/352
f 2752/3042/255 2746/3045/255 2744/3038/255
f 2755/3044/222 2749/3037/222 2748/3036/222
f 2753/3041/353 2747/3040/353 2746/3045/353
f 2751/3046/354 2750/3043/354 2744/3038/354
f 2751/3046/355 2745/3047/355 2749/3037/355
f 2739/3048/356 2750/3043/356 2751/3046/356
f 2740/3049/356 2752/3042/356 2750/3043/356
f 2740/3049/356 2741/3050/356 2753/3041/356
f 2741/3050/356 2742/3051/356 2754/3039/356
f 2742/3051/356 2743/3033/356 2755/3044/356
f 2738/3035/356 2751/3046/356 2755/3044/356
f 2741/3050/357 2759/3055/357 2760/3052/357
f 2739/3048/222 2756/3056/222 2758/3053/222
f 2742/3051/255 2760/3052/255 2761/3054/255
f 2741/3050/358 2740/3049/358 2758/3053/358
f 2738/3035/359 2757/3034/359 2756/3056/359
f 2767/3057/360 2785/3078/360 2781/3058/360
f 2769/3071/217 2768/3062/217 2773/3061/217
f 2768/3062/217 2770/3069/217 2772/3060/217
f 2770/3069/217 2771/3064/217 2772/3060/217
f 2777/3063/361 2778/3068/361 2772/3060/361
f 2776/3065/255 2770/3069/255 2768/3062/255
f 2779/3067/222 2773/3061/222 2772/3060/222
f 2777/3063/362 2771/3064/362 2770/3069/362
f 2775/3070/363 2774/3066/363 2768/3062/363
f 2775/3070/364 2769/3071/364 2773/3061/364
f 2763/3072/220 2774/3066/220 2775/3070/220
f 2764/3073/220 2776/3065/220 2774/3066/220
f 2764/3073/220 2765/3074/220 2777/3063/220
f 2765/3074/220 2766/3075/220 2778/3068/220
f 2767/3057/220 2779/3067/220 2778/3068/220
f 2762/3059/220 2775/3070/220 2779/3067/220
f 2765/3074/365 2783/3079/365 2784/3076/365
f 2763/3072/222 2780/3080/222 2782/3077/222
f 2766/3075/255 2784/3076/255 2785/3078/255
f 2764/3073/366 2782/3077/366 2783/3079/366
f 2762/3059/367 2781/3058/367 2780/3080/367
f 2791/3081/368 2809/3103/368 2805/3082/368
f 2793/3095/369 2792/3086/369 2797/3085/369
f 2792/3086/369 2794/3093/369 2796/3084/369
f 2794/3093/369 2795/3088/369 2796/3084/369
f 2801/3087/370 2802/3092/370 2796/3084/370
f 2800/3089/255 2794/3093/255 2792/3086/255
f 2803/3091/222 2797/3085/222 2796/3084/222
f 2800/3089/371 2801/3087/371 2795/3088/371
f 2799/3094/372 2798/3090/372 2792/3086/372
f 2799/3094/373 2793/3095/373 2797/3085/373
f 2787/3096/374 2798/3090/374 2799/3094/374
f 2788/3097/374 2800/3089/374 2798/3090/374
f 2788/3097/374 2789/3098/374 2801/3087/374
f 2789/3098/374 2790/3099/374 2802/3092/374
f 2790/3099/374 2791/3081/374 2803/3091/374
f 2786/3083/374 2799/3094/374 2803/3091/374
f 2790/3099/375 2789/3098/375 2807/3100/375
f 2787/3096/222 2804/3104/222 2806/3102/222
f 2790/3099/255 2808/3101/255 2809/3103/255
f 2788/3097/376 2806/3102/376 2807/3100/376
f 2787/3096/377 2786/3083/377 2805/3082/377
usemtl mat_black
f 2760/3052/356 2759/3055/356 2758/3053/356
f 2784/3076/220 2783/3079/220 2782/3077/220
f 2808/3101/374 2807/3100/374 2806/3102/374
f 2758/3053/356 2756/3056/356 2760/3052/356
f 2756/3056/356 2757/3034/356 2761/3054/356
f 2760/3052/356 2756/3056/356 2761/3054/356
f 2782/3077/220 2780/3080/220 2784/3076/220
f 2780/3080/220 2781/3058/220 2785/3078/220
f 2784/3076/220 2780/3080/220 2785/3078/220
f 2806/3102/374 2804/3104/374 2808/3101/374
f 2804/3104/374 2805/3082/374 2809/3103/374
f 2808/3101/374 2804/3104/374 2809/3103/374
o tower03_Cylinder.009
v 1.022263 0.146969 -0.641879
v 1.442522 1.703088 -0.779626
v 0.692841 0.146969 -0.832071
v 1.442522 1.703088 -1.264899
v 0.692841 0.146969 -1.212454
v 1.022262 1.703088 -1.507536
v 1.022262 0.146969 -1.402646
v 0.602003 1.703088 -1.264899
v 1.351684 0.146969 -1.212454
v 0.602003 1.703088 -0.779626
v 1.351684 0.146969 -0.832071
v 1.328910 2.054842 -0.845220
v 1.022263 1.225878 -0.641879
v 0.692841 1.225878 -0.832071
v 0.692841 1.225878 -1.212454
v 1.022262 1.225878 -1.402646
v 1.351684 1.225878 -1.212454
v 1.351684 1.225878 -0.832071
v 1.328910 2.054842 -1.199306
v 1.022262 2.054842 -1.376349
v 0.715615 2.054842 -1.199306
v 1.022263 1.703088 -0.536989
v 1.022263 2.054842 -0.668177
v 0.715615 2.054842 -0.845219
v 1.022263 1.604718 -0.600680
v 0.657162 1.604717 -0.811471
v 0.657162 1.287067 -0.811471
v 0.657162 1.604717 -1.233054
v 0.657162 1.287067 -1.233054
v 1.022262 1.604717 -1.443845
v 1.022262 1.287067 -1.443845
v 1.387363 1.604717 -1.233054
v 1.387363 1.287067 -1.233054
v 1.387364 1.604717 -0.811472
v 1.387364 1.287067 -0.811472
v 1.022263 1.287067 -0.600680
v 1.022263 2.001433 -0.536989
v 1.442522 2.001433 -0.779626
v 1.442522 2.001433 -1.264900
v 1.022262 2.001433 -1.507536
v 0.602003 2.001433 -1.264899
v 0.602003 2.001433 -0.779626
v 1.106314 1.703088 -1.459009
v 1.190366 1.703088 -1.410482
v 1.274418 1.703088 -1.361954
v 1.358470 1.703088 -1.313427
v 1.088147 0.146969 -1.364608
v 1.154031 0.146969 -1.326569
v 1.219916 0.146969 -1.288531
v 1.285800 0.146969 -1.250493
v 1.088147 1.225878 -1.364608
v 1.154031 1.225878 -1.326569
v 1.219916 1.225878 -1.288531
v 1.285800 1.225878 -1.250493
v 1.358470 2.001433 -1.313427
v 1.274418 2.001433 -1.361954
v 1.190366 2.001433 -1.410482
v 1.106314 2.001433 -1.459009
v 1.095283 1.287067 -1.401687
v 1.168303 1.287067 -1.359528
v 1.241323 1.287067 -1.317370
v 1.314343 1.287067 -1.275212
v 1.095283 1.604717 -1.401687
v 1.168303 1.604717 -1.359528
v 1.241323 1.604717 -1.317370
v 1.314343 1.604717 -1.275212
v 1.267581 2.054842 -1.234714
v 1.206251 2.054842 -1.270123
v 1.144922 2.054842 -1.305532
v 1.083592 2.054842 -1.340940
v 0.686055 1.703088 -1.313427
v 0.770107 1.703088 -1.361954
v 0.854159 1.703088 -1.410481
v 0.938211 1.703088 -1.459009
v 0.758725 0.146969 -1.250493
v 0.824609 0.146969 -1.288531
v 0.890494 0.146969 -1.326569
v 0.956378 0.146969 -1.364608
v 0.758725 1.225878 -1.250493
v 0.824609 1.225878 -1.288531
v 0.890494 1.225878 -1.326569
v 0.956378 1.225878 -1.364608
v 0.938211 2.001433 -1.459009
v 0.854159 2.001433 -1.410481
v 0.770107 2.001433 -1.361954
v 0.686055 2.001433 -1.313427
v 0.730182 1.287067 -1.275212
v 0.803202 1.287067 -1.317370
v 0.876222 1.287067 -1.359528
v 0.949242 1.287067 -1.401687
v 0.730182 1.604717 -1.275212
v 0.803202 1.604717 -1.317370
v 0.876222 1.604717 -1.359528
v 0.949242 1.604717 -1.401687
v 0.960933 2.054842 -1.340940
v 0.899603 2.054842 -1.305532
v 0.838274 2.054842 -1.270123
v 0.776944 2.054842 -1.234714
v 1.442522 1.703088 -1.167845
v 1.442522 1.703088 -1.070790
v 1.442522 1.703088 -0.973735
v 1.442522 1.703088 -0.876681
v 1.351684 0.146969 -1.136378
v 1.351684 0.146969 -1.060301
v 1.351684 0.146969 -0.984224
v 1.351684 0.146969 -0.908148
v 1.351684 1.225878 -1.136378
v 1.351684 1.225878 -1.060301
v 1.351684 1.225878 -0.984224
v 1.351684 1.225878 -0.908148
v 1.442522 2.001433 -0.876681
v 1.442522 2.001433 -0.973735
v 1.442522 2.001433 -1.070790
v 1.442522 2.001433 -1.167845
v 1.387363 1.287067 -1.148737
v 1.387363 1.287067 -1.064421
v 1.387364 1.287067 -0.980105
v 1.387364 1.287067 -0.895788
v 1.387363 1.604717 -1.148737
v 1.387363 1.604717 -1.064421
v 1.387364 1.604717 -0.980105
v 1.387364 1.604717 -0.895788
v 1.328910 2.054842 -0.916037
v 1.328910 2.054842 -0.986854
v 1.328910 2.054842 -1.057671
v 1.328910 2.054842 -1.128489
v 1.358470 1.703088 -0.731099
v 1.274418 1.703088 -0.682571
v 1.190367 1.703088 -0.634044
v 1.106315 1.703088 -0.585516
v 1.285800 0.146969 -0.794033
v 1.219916 0.146969 -0.755994
v 1.154031 0.146969 -0.717956
v 1.088147 0.146969 -0.679917
v 1.106315 2.001433 -0.585516
v 1.190367 2.001433 -0.634044
v 1.274418 2.001433 -0.682571
v 1.358470 2.001433 -0.731099
v 1.285800 1.225878 -0.794033
v 1.219916 1.225878 -0.755994
v 1.154031 1.225878 -0.717956
v 1.088147 1.225878 -0.679917
v 1.314343 1.287067 -0.769313
v 1.241323 1.287067 -0.727155
v 1.168303 1.287067 -0.684997
v 1.095283 1.287067 -0.642839
v 1.314343 1.604717 -0.769313
v 1.241323 1.604717 -0.727155
v 1.168303 1.604717 -0.684997
v 1.095283 1.604717 -0.642839
v 1.083592 2.054842 -0.703585
v 1.144922 2.054842 -0.738994
v 1.206251 2.054842 -0.774402
v 1.267581 2.054842 -0.809811
v 0.956378 0.146969 -0.679917
v 0.890494 0.146969 -0.717956
v 0.824610 0.146969 -0.755994
v 0.758725 0.146969 -0.794032
v 0.938211 1.703088 -0.585516
v 0.854159 1.703088 -0.634044
v 0.770107 1.703088 -0.682571
v 0.686055 1.703088 -0.731098
v 0.956378 1.225878 -0.679917
v 0.890494 1.225878 -0.717956
v 0.824610 1.225878 -0.755994
v 0.758725 1.225878 -0.794032
v 0.686055 2.001433 -0.731098
v 0.770107 2.001433 -0.682571
v 0.854159 2.001433 -0.634044
v 0.938211 2.001433 -0.585516
v 0.949243 1.287067 -0.642839
v 0.876222 1.287067 -0.684997
v 0.803202 1.287067 -0.727155
v 0.730182 1.287067 -0.769313
v 0.949243 1.604718 -0.642839
v 0.876222 1.604718 -0.684997
v 0.803202 1.604718 -0.727155
v 0.730182 1.604717 -0.769313
v 0.776945 2.054842 -0.809811
v 0.838274 2.054842 -0.774402
v 0.899604 2.054842 -0.738994
v 0.960933 2.054842 -0.703585
v 0.602003 1.703088 -0.876680
v 0.602003 1.703088 -0.973735
v 0.602003 1.703088 -1.070790
v 0.602003 1.703088 -1.167845
v 0.692841 0.146969 -0.908147
v 0.692841 0.146969 -0.984224
v 0.692841 0.146969 -1.060301
v 0.692841 0.146969 -1.136377
v 0.692841 1.225878 -0.908147
v 0.692841 1.225878 -0.984224
v 0.692841 1.225878 -1.060301
v 0.692841 1.225878 -1.136378
v 0.602003 2.001433 -1.167845
v 0.602003 2.001433 -1.070790
v 0.602003 2.001433 -0.973735
v 0.602003 2.001433 -0.876680
v 0.657162 1.287067 -0.895788
v 0.657162 1.287067 -0.980104
v 0.657162 1.287067 -1.064421
v 0.657162 1.287067 -1.148737
v 0.657162 1.604717 -0.895788
v 0.657162 1.604717 -0.980104
v 0.657162 1.604717 -1.064421
v 0.657162 1.604717 -1.148737
v 0.715615 2.054842 -1.128488
v 0.715615 2.054842 -1.057671
v 0.715615 2.054842 -0.986854
v 0.715615 2.054842 -0.916037
v 1.338956 2.187168 -1.309044
v 1.274958 2.187168 -1.345993
v 1.176273 2.187168 -1.402968
v 1.112275 2.187168 -1.439917
v 1.269752 2.187168 -1.249111
v 1.223055 2.187168 -1.276071
v 1.141671 2.187168 -1.323058
v 1.094974 2.187168 -1.350019
v 0.932250 2.187168 -1.439917
v 0.868252 2.187168 -1.402968
v 0.769567 2.187168 -1.345993
v 0.705569 2.187168 -1.309043
v 0.949551 2.187168 -1.350019
v 0.902854 2.187168 -1.323058
v 0.821470 2.187168 -1.276071
v 0.774773 2.187168 -1.249111
v 1.428969 2.187168 -0.891389
v 1.428969 2.187168 -0.965287
v 1.428969 2.187168 -1.079238
v 1.428969 2.187168 -1.153137
v 1.342463 2.187168 -0.921355
v 1.342463 2.187168 -0.975276
v 1.342463 2.187168 -1.069250
v 1.342463 2.187168 -1.123170
v 1.112276 2.187168 -0.604608
v 1.176273 2.187168 -0.641557
v 1.274958 2.187168 -0.698533
v 1.338956 2.187168 -0.735482
v 1.094975 2.187168 -0.694507
v 1.141671 2.187168 -0.721467
v 1.223055 2.187168 -0.768454
v 1.269752 2.187168 -0.795415
v 0.705570 2.187168 -0.735482
v 0.769567 2.187168 -0.698533
v 0.868252 2.187168 -0.641557
v 0.932250 2.187168 -0.604608
v 0.774774 2.187168 -0.795414
v 0.821470 2.187168 -0.768454
v 0.902854 2.187168 -0.721467
v 0.949551 2.187168 -0.694507
v 0.615556 2.187168 -1.153136
v 0.615556 2.187168 -1.079238
v 0.615557 2.187168 -0.965287
v 0.615557 2.187168 -0.891389
v 0.702062 2.187168 -1.123170
v 0.702062 2.187168 -1.069249
v 0.702062 2.187168 -0.975276
v 0.702062 2.187168 -0.921355
v 0.692841 0.208089 -0.832071
v 0.692841 0.208089 -1.212454
v 1.022262 0.208089 -1.402646
v 1.351684 0.208089 -1.212454
v 1.351684 0.208089 -0.832071
v 1.022263 0.208089 -0.641879
v 1.088147 0.208089 -1.364608
v 1.154031 0.208089 -1.326569
v 1.219916 0.208089 -1.288531
v 1.285800 0.208089 -1.250493
v 0.758725 0.208089 -1.250493
v 0.824609 0.208089 -1.288531
v 0.890494 0.208089 -1.326569
v 0.956378 0.208089 -1.364608
v 1.351684 0.208089 -1.136378
v 1.351684 0.208089 -1.060301
v 1.351684 0.208089 -0.984224
v 1.351684 0.208089 -0.908148
v 1.285800 0.208089 -0.794033
v 1.219916 0.208089 -0.755994
v 1.154031 0.208089 -0.717956
v 1.088147 0.208089 -0.679917
v 0.956378 0.208089 -0.679917
v 0.890494 0.208089 -0.717956
v 0.824610 0.208089 -0.755994
v 0.758725 0.208089 -0.794032
v 0.692841 0.208089 -0.908147
v 0.692841 0.208089 -0.984224
v 0.692841 0.208089 -1.060301
v 0.692841 0.208089 -1.136377
v 1.022263 0.816190 -0.641879
v 0.692841 0.816190 -0.832071
v 0.692841 0.816190 -1.212454
v 1.022262 0.816190 -1.402646
v 1.351684 0.816190 -1.212454
v 1.351684 0.816190 -0.832071
v 1.088147 0.816190 -1.364608
v 1.154031 0.816190 -1.326569
v 1.219916 0.816190 -1.288531
v 1.285800 0.816190 -1.250493
v 0.758725 0.816190 -1.250493
v 0.824609 0.816190 -1.288531
v 0.890494 0.816190 -1.326569
v 0.956378 0.816190 -1.364608
v 1.351684 0.816190 -1.136378
v 1.351684 0.816190 -1.060301
v 1.351684 0.816190 -0.984224
v 1.351684 0.816190 -0.908148
v 1.285800 0.816190 -0.794033
v 1.219916 0.816190 -0.755994
v 1.154031 0.816190 -0.717956
v 1.088147 0.816190 -0.679917
v 0.956378 0.816190 -0.679917
v 0.890494 0.816190 -0.717956
v 0.824610 0.816190 -0.755994
v 0.758725 0.816190 -0.794032
v 0.692841 0.816190 -0.908147
v 0.692841 0.816190 -0.984224
v 0.692841 0.816190 -1.060301
v 0.692841 0.816190 -1.136378
v 1.022263 0.864172 -0.641879
v 0.692841 0.864172 -0.832071
v 0.692841 0.864172 -1.212454
v 1.022262 0.864172 -1.402646
v 1.351684 0.864172 -1.212454
v 1.351684 0.864172 -0.832071
v 1.088147 0.864172 -1.364608
v 1.154031 0.864172 -1.326569
v 1.219916 0.864172 -1.288531
v 1.285800 0.864172 -1.250493
v 0.758725 0.864172 -1.250493
v 0.824609 0.864172 -1.288531
v 0.890494 0.864172 -1.326569
v 0.956378 0.864172 -1.364608
v 1.351684 0.864172 -1.136378
v 1.351684 0.864172 -1.060301
v 1.351684 0.864172 -0.984224
v 1.351684 0.864172 -0.908148
v 1.285800 0.864172 -0.794033
v 1.219916 0.864172 -0.755994
v 1.154031 0.864172 -0.717956
v 1.088147 0.864172 -0.679917
v 0.956378 0.864172 -0.679917
v 0.890494 0.864172 -0.717956
v 0.824610 0.864172 -0.755994
v 0.758725 0.864172 -0.794032
v 0.692841 0.864172 -0.908147
v 0.692841 0.864172 -0.984224
v 0.692841 0.864172 -1.060301
v 0.692841 0.864172 -1.136378
v 1.022263 1.063479 -0.641879
v 0.692841 1.063479 -0.832071
v 0.692841 1.063479 -1.212454
v 1.022262 1.063479 -1.402646
v 1.351684 1.063479 -1.212454
v 1.351684 1.063479 -0.832071
v 1.088147 1.063479 -1.364608
v 1.154031 1.063479 -1.326569
v 1.219916 1.063479 -1.288531
v 1.285800 1.063479 -1.250493
v 0.758725 1.063479 -1.250493
v 0.824609 1.063479 -1.288531
v 0.890494 1.063479 -1.326569
v 0.956378 1.063479 -1.364608
v 1.351684 1.063479 -1.136378
v 1.351684 1.063479 -1.060301
v 1.351684 1.063479 -0.984224
v 1.351684 1.063479 -0.908148
v 1.285800 1.063479 -0.794033
v 1.219916 1.063479 -0.755994
v 1.154031 1.063479 -0.717956
v 1.088147 1.063479 -0.679917
v 0.956378 1.063479 -0.679917
v 0.890494 1.063479 -0.717956
v 0.824610 1.063479 -0.755994
v 0.758725 1.063479 -0.794032
v 0.692841 1.063479 -0.908147
v 0.692841 1.063479 -0.984224
v 0.692841 1.063479 -1.060301
v 0.692841 1.063479 -1.136378
v 1.022263 1.139142 -0.641879
v 0.692841 1.139142 -0.832071
v 0.692841 1.139142 -1.212454
v 1.022262 1.139142 -1.402646
v 1.351684 1.139142 -1.212454
v 1.351684 1.139142 -0.832071
v 1.088147 1.139142 -1.364608
v 1.154031 1.139142 -1.326569
v 1.219916 1.139142 -1.288531
v 1.285800 1.139142 -1.250493
v 0.758725 1.139142 -1.250493
v 0.824609 1.139142 -1.288531
v 0.890494 1.139142 -1.326569
v 0.956378 1.139142 -1.364608
v 1.351684 1.139142 -1.136378
v 1.351684 1.139142 -1.060301
v 1.351684 1.139142 -0.984224
v 1.351684 1.139142 -0.908148
v 1.285800 1.139142 -0.794033
v 1.219916 1.139142 -0.755994
v 1.154031 1.139142 -0.717956
v 1.088147 1.139142 -0.679917
v 0.956378 1.139142 -0.679917
v 0.890494 1.139142 -0.717956
v 0.824610 1.139142 -0.755994
v 0.758725 1.139142 -0.794032
v 0.692841 1.139142 -0.908147
v 0.692841 1.139142 -0.984224
v 0.692841 1.139142 -1.060301
v 0.692841 1.139142 -1.136378
v 1.237093 0.904829 -1.324228
v 1.237118 0.814037 -1.324213
v 1.141838 0.814037 -1.383791
v 1.141863 0.904829 -1.383776
v 1.167701 0.957611 -1.367619
v 1.211255 0.957611 -1.340385
v 1.212970 0.783092 -1.227210
v 1.212935 0.913125 -1.227232
v 1.065199 0.783092 -1.319611
v 1.065234 0.913125 -1.319589
v 1.102159 0.988556 -1.296500
v 1.176010 0.988556 -1.250321
v 1.263363 0.783092 -1.307802
v 1.263328 0.913125 -1.307824
v 1.115592 0.783092 -1.400203
v 1.115627 0.913125 -1.400180
v 1.152552 0.988556 -1.377091
v 1.226403 0.988556 -1.330913
v 1.225571 0.814037 -1.305747
v 1.225546 0.904829 -1.305762
v 1.130291 0.814037 -1.365325
v 1.130316 0.904829 -1.365309
v 1.156154 0.957611 -1.349153
v 1.199708 0.957611 -1.321918
v 1.386906 0.904829 -1.018059
v 1.386906 0.814037 -1.018029
v 1.386906 0.814037 -1.130403
v 1.386906 0.904829 -1.130374
v 1.386906 0.957611 -1.099900
v 1.386906 0.957611 -1.048532
v 1.291856 0.783092 -0.987075
v 1.291856 0.913125 -0.987117
v 1.291856 0.783092 -1.161357
v 1.291856 0.913125 -1.161316
v 1.291856 0.988556 -1.117766
v 1.291856 0.988556 -1.030666
v 1.386906 0.783092 -0.987075
v 1.386906 0.913125 -0.987117
v 1.386906 0.783092 -1.161357
v 1.386906 0.913125 -1.161316
v 1.386906 0.988556 -1.117766
v 1.386906 0.988556 -1.030666
v 1.365126 0.814037 -1.018029
v 1.365126 0.904829 -1.018059
v 1.365126 0.814037 -1.130403
v 1.365126 0.904829 -1.130374
v 1.365126 0.957611 -1.099900
v 1.365126 0.957611 -1.048532
v 0.897431 0.904829 -1.376716
v 0.897457 0.814037 -1.376730
v 0.799864 0.814037 -1.321021
v 0.799889 0.904829 -1.321036
v 0.826355 0.957611 -1.336143
v 0.870966 0.957611 -1.361609
v 0.971460 0.783092 -1.309528
v 0.971424 0.913125 -1.309508
v 0.820102 0.783092 -1.223128
v 0.820138 0.913125 -1.223149
v 0.857960 0.988556 -1.244738
v 0.933603 0.988556 -1.287918
v 0.924339 0.783092 -1.392076
v 0.924303 0.913125 -1.392055
v 0.772981 0.783092 -1.305676
v 0.773017 0.913125 -1.305696
v 0.810839 0.988556 -1.327286
v 0.886482 0.988556 -1.370466
v 0.908254 0.814037 -1.357816
v 0.908228 0.904829 -1.357801
v 0.810661 0.814037 -1.302107
v 0.810686 0.904829 -1.302121
v 0.837152 0.957611 -1.317228
v 0.881763 0.957611 -1.342694
vt 0.033333 1.000000
vt -0.000000 0.910612
vt 0.033333 0.910612
vt 0.200000 1.000000
vt 0.166667 0.910612
vt 0.200000 0.910612
vt 0.366667 1.000000
vt 0.333333 0.910612
vt 0.366667 0.910612
vt 0.533333 1.000000
vt 0.500000 0.910612
vt 0.533333 0.910612
vt 0.700000 1.000000
vt 0.666667 0.910612
vt 0.700000 0.910612
vt 0.866667 0.910612
vt 0.833333 1.000000
vt 0.833333 0.910612
vt 0.957846 0.274000
vt 0.833138 0.058000
vt 0.625292 0.082000
vt 0.033333 0.829943
vt -0.000000 0.803418
vt 0.033333 0.803418
vt 0.200000 0.829943
vt 0.166667 0.803418
vt 0.200000 0.803418
vt 0.366667 0.829943
vt 0.333333 0.803418
vt 0.366667 0.803418
vt 0.533333 0.829943
vt 0.500000 0.803418
vt 0.533333 0.803418
vt 0.700000 0.829943
vt 0.666667 0.803418
vt 0.700000 0.803418
vt 0.866667 0.829943
vt 0.833333 0.803418
vt 0.866667 0.803418
vt 0.033333 0.910612
vt -0.000000 0.829943
vt 0.033333 0.829943
vt 0.200000 0.910612
vt 0.166667 0.829943
vt 0.200000 0.829943
vt 0.366667 0.910612
vt 0.333333 0.829943
vt 0.366667 0.829943
vt 0.533333 0.910612
vt 0.500000 0.829943
vt 0.533333 0.829943
vt 0.700000 0.910612
vt 0.666667 0.829943
vt 0.700000 0.829943
vt 0.866667 0.910612
vt 0.833333 0.829943
vt 0.866667 0.829943
vt 0.250000 0.425119
vt 0.208431 0.466000
vt 0.219669 0.407607
vt 0.098342 0.337559
vt 0.042154 0.322000
vt 0.098342 0.302536
vt 0.098342 0.162440
vt 0.083723 0.106000
vt 0.128674 0.144929
vt 0.250000 0.074881
vt 0.291569 0.034000
vt 0.280332 0.092393
vt 0.401658 0.162440
vt 0.457846 0.178000
vt 0.401658 0.197464
vt 0.401658 0.337559
vt 0.416277 0.394000
vt 0.371326 0.355071
vt 0.208431 0.034000
vt 0.250000 0.010000
vt 0.340995 0.372583
vt 0.340995 0.372583
vt 0.159005 0.127417
vt 0.166862 0.058000
vt 0.189337 0.109905
vt 0.733333 1.000000
vt 0.700000 1.000000
vt 0.500000 0.910612
vt 0.466667 0.829943
vt 0.466667 0.910612
vt 0.433333 0.829943
vt 0.433333 0.910612
vt 0.400000 0.829943
vt 0.400000 0.910612
vt 0.500000 0.829943
vt 0.466667 0.803418
vt 0.466667 0.829943
vt 0.433333 0.803418
vt 0.433333 0.829943
vt 0.400000 0.803418
vt 0.400000 0.829943
vt 0.466667 1.000000
vt 0.466667 0.910612
vt 0.433333 0.910612
vt 0.400000 1.000000
vt 0.400000 0.910612
vt 0.416277 0.106000
vt 0.457846 0.130000
vt 0.083723 0.106000
vt 0.128674 0.144929
vt 0.340995 0.127417
vt 0.333138 0.058000
vt 0.374708 0.082000
vt 0.066667 1.000000
vt 0.033333 1.000000
vt 0.666667 0.910612
vt 0.633333 0.829943
vt 0.633333 0.910612
vt 0.600000 0.829943
vt 0.600000 0.910612
vt 0.566667 0.829943
vt 0.566667 0.910612
vt 0.666667 0.829943
vt 0.633333 0.803418
vt 0.633333 0.829943
vt 0.600000 0.803418
vt 0.600000 0.829943
vt 0.566667 0.803418
vt 0.566667 0.829943
vt 0.666667 1.000000
vt 0.633333 0.910612
vt 0.633333 1.000000
vt 0.600000 0.910612
vt 0.600000 1.000000
vt 0.566667 0.910612
vt 0.566667 1.000000
vt 0.042154 0.178000
vt 0.042154 0.130000
vt 0.401658 0.232488
vt 0.401658 0.232488
vt 0.098342 0.267512
vt 0.042154 0.226000
vt 0.098342 0.232488
vt 0.125292 0.082000
vt 0.125292 0.082000
vt 0.333333 0.910612
vt 0.300000 0.829943
vt 0.300000 0.910612
vt 0.266667 0.829943
vt 0.266667 0.910612
vt 0.233333 0.829943
vt 0.233333 0.910612
vt 0.333333 0.829943
vt 0.300000 0.803418
vt 0.300000 0.829943
vt 0.266667 0.803418
vt 0.266667 0.829943
vt 0.233333 0.803418
vt 0.233333 0.829943
vt 0.333333 1.000000
vt 0.300000 0.910612
vt 0.300000 1.000000
vt 0.266667 0.910612
vt 0.266667 1.000000
vt 0.233333 0.910612
vt 0.233333 1.000000
vt 0.083723 0.394000
vt 0.042154 0.370000
vt 0.291569 0.034000
vt 0.280332 0.092393
vt 0.159005 0.372583
vt 0.166862 0.442000
vt 0.125292 0.418000
vt 0.166862 0.058000
vt 0.189337 0.109905
vt 0.166667 0.910612
vt 0.133333 0.829943
vt 0.133333 0.910612
vt 0.100000 0.829943
vt 0.100000 0.910612
vt 0.066667 0.829943
vt 0.066667 0.910612
vt 0.166667 0.829943
vt 0.133333 0.803418
vt 0.133333 0.829943
vt 0.100000 0.803418
vt 0.100000 0.829943
vt 0.066667 0.803418
vt 0.066667 0.829943
vt 0.166667 1.000000
vt 0.133333 0.910612
vt 0.133333 1.000000
vt 0.100000 0.910612
vt 0.100000 1.000000
vt 0.066667 0.910612
vt 0.291569 0.466000
vt 0.250000 0.490000
vt 0.433333 1.000000
vt 0.466667 1.000000
vt 0.433333 1.000000
vt 0.333138 0.442000
vt 0.310663 0.390095
vt 0.310663 0.109905
vt 0.333138 0.058000
vt 1.000000 0.910612
vt 0.966667 0.829943
vt 1.000000 0.829943
vt 0.966667 0.910612
vt 0.933333 0.829943
vt 0.933333 0.910612
vt 0.900000 0.829943
vt 0.900000 0.910612
vt 1.000000 0.829943
vt 0.966667 0.803418
vt 1.000000 0.803418
vt 0.966667 0.829943
vt 0.933333 0.803418
vt 0.933333 0.829943
vt 0.900000 0.803418
vt 0.900000 0.829943
vt 1.000000 1.000000
vt 0.966667 0.910612
vt 1.000000 0.910612
vt 0.966667 1.000000
vt 0.933333 0.910612
vt 0.933333 1.000000
vt 0.900000 0.910612
vt 0.900000 1.000000
vt 0.457846 0.322000
vt 0.457846 0.370000
vt 0.219668 0.092393
vt 0.208431 0.034000
vt 0.457846 0.274000
vt 0.401658 0.267512
vt 0.042154 0.322000
vt 0.098342 0.302536
vt 0.833333 0.910612
vt 0.800000 0.829943
vt 0.800000 0.910612
vt 0.766667 0.829943
vt 0.766667 0.910612
vt 0.733333 0.829943
vt 0.733333 0.910612
vt 0.833333 0.829943
vt 0.800000 0.803418
vt 0.800000 0.829943
vt 0.766667 0.803418
vt 0.766667 0.829943
vt 0.733333 0.803418
vt 0.733333 0.829943
vt 0.800000 0.910612
vt 0.800000 1.000000
vt 0.766667 0.910612
vt 0.766667 1.000000
vt 0.733333 0.910612
vt 0.219668 0.092393
vt 0.159005 0.127417
vt 0.371326 0.144929
vt 0.374708 0.082000
vt 0.416277 0.106000
vt 0.310663 0.109905
vt 0.098342 0.197464
vt 0.042154 0.226000
vt 0.042154 0.178000
vt 0.042154 0.274000
vt 0.098342 0.267512
vt 0.128674 0.355071
vt 0.125292 0.418000
vt 0.083723 0.394000
vt 0.219669 0.407607
vt 0.166862 0.442000
vt 0.189337 0.390095
vt 0.280332 0.407607
vt 0.333138 0.442000
vt 0.291569 0.466000
vt 0.371326 0.355071
vt 0.374708 0.418000
vt 0.401658 0.302536
vt 0.457846 0.274000
vt 0.457846 0.322000
vt 0.401658 0.197464
vt 0.457846 0.226000
vt 0.401658 0.302536
vt 0.401658 0.267512
vt 0.133333 1.000000
vt 0.100000 1.000000
vt 0.866667 1.000000
vt 0.866667 1.000000
vt 0.189337 0.390095
vt 0.800000 1.000000
vt 0.766667 1.000000
vt 0.280332 0.407607
vt 0.310663 0.390095
vt 0.457846 0.226000
vt 0.966667 1.000000
vt 0.933333 1.000000
vt 0.128674 0.355071
vt 0.159005 0.372583
vt 0.457846 0.178000
vt 0.200000 1.000000
vt 0.374708 0.418000
vt 0.098342 0.197464
vt 0.098342 0.232488
vt 0.416277 0.394000
vt 0.533333 1.000000
vt 0.300000 1.000000
vt 0.266667 1.000000
vt 0.371326 0.144929
vt 0.340995 0.127417
vt 0.208431 0.466000
vt 0.366667 1.000000
vt 0.042154 0.274000
vt 0.633333 1.000000
vt 0.600000 1.000000
vt 0.733333 0.704656
vt 0.700000 0.518691
vt 0.733333 0.518691
vt 0.766667 0.704656
vt 0.766667 0.518691
vt 0.800000 0.704656
vt 0.800000 0.518691
vt 0.833333 0.704656
vt 0.833333 0.518691
vt 0.900000 0.704656
vt 0.866667 0.518691
vt 0.900000 0.518691
vt 0.933333 0.704656
vt 0.933333 0.518691
vt 0.966667 0.704656
vt 0.966667 0.518691
vt 1.000000 0.704656
vt 1.000000 0.518691
vt 0.066667 0.704656
vt 0.033333 0.518691
vt 0.066667 0.518691
vt 0.100000 0.704656
vt 0.100000 0.518691
vt 0.133333 0.704656
vt 0.133333 0.518691
vt 0.166667 0.704656
vt 0.166667 0.518691
vt 0.233333 0.704656
vt 0.200000 0.518691
vt 0.233333 0.518691
vt 0.266667 0.704656
vt 0.266667 0.518691
vt 0.300000 0.704656
vt 0.300000 0.518691
vt 0.333333 0.704656
vt 0.333333 0.518691
vt 0.566667 0.704656
vt 0.533333 0.518691
vt 0.566667 0.518691
vt 0.600000 0.704656
vt 0.600000 0.518691
vt 0.633333 0.704656
vt 0.633333 0.518691
vt 0.666667 0.704656
vt 0.666667 0.518691
vt 0.400000 0.704656
vt 0.366667 0.518691
vt 0.400000 0.518691
vt 0.433333 0.704656
vt 0.433333 0.518691
vt 0.466667 0.704656
vt 0.466667 0.518691
vt 0.500000 0.704656
vt 0.500000 0.518691
vt 0.866667 0.704656
vt 0.700000 0.704656
vt 0.533333 0.704656
vt 0.366667 0.704656
vt 0.200000 0.704656
vt 0.033333 0.704656
vt -0.000000 0.518691
vt -0.000000 1.000000
vt 0.500000 1.000000
vt 0.708431 0.466000
vt 0.750000 0.490000
vt 0.791569 0.466000
vt 0.833138 0.442000
vt 0.666862 0.442000
vt 0.874708 0.418000
vt 0.542154 0.274000
vt 0.625292 0.418000
vt 0.583723 0.394000
vt 0.542154 0.322000
vt 0.542154 0.370000
vt 0.542154 0.178000
vt 0.542154 0.226000
vt 0.916277 0.394000
vt 0.957846 0.322000
vt 0.957846 0.370000
vt 0.583723 0.106000
vt 0.542154 0.130000
vt 0.708431 0.034000
vt 0.666862 0.058000
vt 0.791569 0.034000
vt 0.957846 0.226000
vt 0.874708 0.082000
vt 0.957846 0.178000
vt 0.916277 0.106000
vt 0.957846 0.130000
vt 0.750000 0.010000
vt -0.000000 0.829943
vt -0.000000 0.910612
vt 0.733333 1.000000
vt 0.066667 1.000000
vt 0.900000 1.000000
vt 0.233333 1.000000
vt 0.566667 1.000000
vt 0.400000 1.000000
vt -0.000000 0.704656
vt 0.733333 0.719329
vt 0.766667 0.719329
vt 0.800000 0.719329
vt 0.833333 0.719329
vt 0.900000 0.719329
vt 0.933333 0.719329
vt 0.966667 0.719329
vt 1.000000 0.719329
vt 0.066667 0.719329
vt 0.100000 0.719329
vt 0.133333 0.719329
vt 0.166667 0.719329
vt 0.233333 0.719329
vt 0.266667 0.719329
vt 0.300000 0.719329
vt 0.333333 0.719329
vt 0.566667 0.719329
vt 0.600000 0.719329
vt 0.633333 0.719329
vt 0.666667 0.719329
vt 0.400000 0.719329
vt 0.433333 0.719329
vt 0.466667 0.719329
vt 0.500000 0.719329
vt 0.866667 0.719329
vt 0.700000 0.719329
vt 0.533333 0.719329
vt 0.366667 0.719329
vt 0.200000 0.719329
vt 0.033333 0.719329
vt 0.700000 0.780280
vt 0.733333 0.780280
vt 0.766667 0.780280
vt 0.800000 0.780280
vt 0.833333 0.780280
vt 0.866667 0.780280
vt 0.900000 0.780280
vt 0.933333 0.780280
vt 0.966667 0.780280
vt 1.000000 0.780280
vt 0.033333 0.780280
vt 0.066667 0.780280
vt 0.100000 0.780280
vt 0.133333 0.780280
vt 0.166667 0.780280
vt 0.200000 0.780280
vt 0.233333 0.780280
vt 0.266667 0.780280
vt 0.300000 0.780280
vt 0.333333 0.780280
vt 0.533333 0.780280
vt 0.566667 0.780280
vt 0.600000 0.780280
vt 0.633333 0.780280
vt 0.666667 0.780280
vt 0.366667 0.780280
vt 0.400000 0.780280
vt 0.433333 0.780280
vt 0.466667 0.780280
vt 0.500000 0.780280
vt -0.000000 0.780280
vt -0.000000 0.719329
vt 0.700000 0.500000
vt 0.733333 0.500000
vt 0.766667 0.500000
vt 0.800000 0.500000
vt 0.833333 0.500000
vt 0.866667 0.500000
vt 0.900000 0.500000
vt 0.933333 0.500000
vt 0.966667 0.500000
vt 1.000000 0.500000
vt 0.033333 0.500000
vt 0.066667 0.500000
vt 0.100000 0.500000
vt 0.133333 0.500000
vt 0.166667 0.500000
vt 0.200000 0.500000
vt 0.233333 0.500000
vt 0.266667 0.500000
vt 0.300000 0.500000
vt 0.333333 0.500000
vt 0.533333 0.500000
vt 0.566667 0.500000
vt 0.600000 0.500000
vt 0.633333 0.500000
vt 0.666667 0.500000
vt 0.366667 0.500000
vt 0.400000 0.500000
vt 0.433333 0.500000
vt 0.466667 0.500000
vt 0.500000 0.500000
vt -0.000000 0.500000
vt 0.000000 0.000000
vt 0.000000 0.000000
vt 0.000000 0.000000
vt 0.000000 0.000000
vt 0.000000 0.000000
vt 0.000000 0.000000
vt 0.000000 0.000000
vt 0.000000 0.000000
vt 0.000000 0.000000
vt 0.000000 0.000000
vt 0.000000 0.000000
vt 0.000000 0.000000
vt 0.000000 0.000000
vt 0.000000 0.000000
vt 0.000000 0.000000
vt 0.000000 0.000000
vt 0.000000 0.000000
vt 0.000000 0.000000
vt 0.000000 0.000000
vt 0.000000 0.000000
vt 0.000000 0.000000
vt 0.000000 0.000000
vt 0.000000 0.000000
vt 0.000000 0.000000
vt 0.000000 0.000000
vt 0.000000 0.000000
vt 0.000000 0.000000
vt 0.000000 0.000000
vt 0.000000 0.000000
vt 0.000000 0.000000
vt 0.000000 0.000000
vt 0.000000 0.000000
vt 0.000000 0.000000
vt 0.000000 0.000000
vt 0.000000 0.000000
vt 0.000000 0.000000
vt 0.000000 0.000000
vt 0.000000 0.000000
vt 0.000000 0.000000
vt 0.000000 0.000000
vt 0.000000 0.000000
vt 0.000000 0.000000
vt 0.000000 0.000000
vt 0.000000 0.000000
vt 0.000000 0.000000
vt 0.000000 0.000000
vt 0.000000 0.000000
vt 0.000000 0.000000
vt 0.000000 0.000000
vt 0.000000 0.000000
vt 0.000000 0.000000
vt 0.000000 0.000000
vt 0.000000 0.000000
vt 0.000000 0.000000
vt 0.000000 0.000000
vt 0.000000 0.000000
vt 0.000000 0.000000
vt 0.000000 0.000000
vt 0.000000 0.000000
vt 0.000000 0.000000
vt 0.000000 0.000000
vt 0.000000 0.000000
vt 0.000000 0.000000
vt 0.000000 0.000000
vt 0.000000 0.000000
vt 0.000000 0.000000
vt 0.000000 0.000000
vt 0.000000 0.000000
vt 0.000000 0.000000
vt 0.000000 0.000000
vt 0.000000 0.000000
vt 0.000000 0.000000
vn 0.5000 0.0000 0.8660
vn 1.0000 0.0000 -0.0000
vn 0.5000 -0.0000 -0.8660
vn -0.5000 0.0000 -0.8660
vn -1.0000 0.0000 0.0000
vn -0.5000 0.0000 0.8660
vn 0.0000 -1.0000 -0.0000
vn 0.2127 0.9050 0.3684
vn 0.4254 0.9050 0.0000
vn 0.2127 0.9050 -0.3684
vn -0.2127 0.9050 -0.3684
vn -0.4254 0.9050 -0.0000
vn -0.2127 0.9050 0.3684
vn 0.4974 0.1019 -0.8615
vn -0.9973 0.0728 0.0000
vn 0.6659 0.0586 0.7437
vn 0.6614 0.0631 0.7474
vn 0.6530 0.0713 0.7540
vn 0.4987 0.0728 0.8637
vn 0.9948 0.1019 -0.0000
vn -0.7904 0.0609 -0.6096
vn -0.7944 0.0663 -0.6038
vn -0.7861 0.0552 -0.6156
vn 0.9770 0.0586 -0.2048
vn 0.9780 0.0631 -0.1991
vn 0.9795 0.0713 -0.1885
vn 0.9231 0.0609 0.3797
vn 0.9201 0.0663 0.3860
vn 0.9151 0.0750 0.3962
vn 0.4987 0.0728 -0.8637
vn -0.9231 0.0609 0.3797
vn -0.9201 0.0663 0.3860
vn -0.9262 0.0552 0.3730
vn -0.9770 0.0586 -0.2048
vn -0.9780 0.0631 -0.1991
vn -0.9759 0.0531 -0.2118
vn -0.3112 0.0586 0.9485
vn -0.3166 0.0631 0.9465
vn -0.3265 0.0713 0.9425
vn 0.0000 1.0000 0.0000
vn 0.3112 0.0586 0.9485
vn 0.3166 0.0631 0.9465
vn 0.3045 0.0531 0.9510
vn -0.4987 0.0728 0.8637
vn -0.4974 0.1019 -0.8615
vn -0.1327 0.0609 -0.9893
vn -0.1257 0.0663 -0.9898
vn -0.1144 0.0750 -0.9906
vn 0.9770 0.0586 0.2048
vn 0.9780 0.0631 0.1991
vn 0.9759 0.0531 0.2118
vn -0.9948 0.1019 0.0000
vn -0.1327 0.0609 0.9893
vn -0.1257 0.0663 0.9898
vn -0.1401 0.0552 0.9886
vn -0.9231 0.0609 -0.3797
vn -0.9201 0.0663 -0.3860
vn -0.9151 0.0750 -0.3962
vn 0.3112 0.0586 -0.9485
vn 0.3166 0.0631 -0.9465
vn 0.3265 0.0713 -0.9425
vn 0.6659 0.0586 -0.7437
vn 0.6614 0.0631 -0.7474
vn 0.6714 0.0531 -0.7392
vn 0.9973 0.0728 0.0000
vn 0.4974 0.1019 0.8615
vn 0.7904 0.0609 0.6096
vn 0.7944 0.0663 0.6038
vn 0.7861 0.0552 0.6156
vn -0.7904 0.0609 0.6096
vn -0.7944 0.0663 0.6038
vn -0.8007 0.0750 0.5944
vn -0.6659 0.0586 -0.7437
vn -0.6614 0.0631 -0.7474
vn -0.6530 0.0713 -0.7540
vn -0.3112 0.0586 -0.9485
vn -0.3166 0.0631 -0.9465
vn -0.3045 0.0531 -0.9510
vn -0.4987 0.0728 -0.8637
vn -0.4974 0.1019 0.8615
vn 0.9231 0.0609 -0.3797
vn 0.9201 0.0663 -0.3860
vn 0.9262 0.0552 -0.3730
vn 0.1327 0.0609 0.9893
vn 0.1257 0.0663 0.9898
vn 0.1144 0.0750 0.9906
vn -0.9770 0.0586 0.2048
vn -0.9780 0.0631 0.1991
vn -0.9795 0.0713 0.1885
vn -0.6659 0.0586 0.7437
vn -0.6614 0.0631 0.7474
vn -0.6714 0.0531 0.7392
vn 0.1327 0.0609 -0.9893
vn 0.1257 0.0663 -0.9898
vn 0.1401 0.0552 -0.9886
vn 0.7904 0.0609 -0.6096
vn 0.7944 0.0663 -0.6038
vn 0.8007 0.0750 -0.5944
vn 0.6714 0.0531 0.7392
vn -0.8007 0.0750 -0.5944
vn 0.9759 0.0531 -0.2118
vn 0.9262 0.0552 0.3730
vn -0.9151 0.0750 0.3962
vn -0.9795 0.0713 -0.1885
vn -0.3045 0.0531 0.9510
vn 0.3265 0.0713 0.9425
vn -0.1401 0.0552 -0.9886
vn 0.9795 0.0713 0.1885
vn -0.1144 0.0750 0.9906
vn -0.9262 0.0552 -0.3730
vn 0.3045 0.0531 -0.9510
vn 0.6530 0.0713 -0.7540
vn 0.8007 0.0750 0.5944
vn -0.7861 0.0552 0.6156
vn -0.6714 0.0531 -0.7392
vn -0.3265 0.0713 -0.9425
vn 0.9151 0.0750 -0.3962
vn 0.1401 0.0552 0.9886
vn -0.9759 0.0531 0.2118
vn -0.6530 0.0713 0.7540
vn 0.1144 0.0750 -0.9906
vn 0.7861 0.0552 -0.6156
vn 0.4319 -0.5037 0.7481
vn 0.4319 -0.5037 -0.7481
vn -0.8639 -0.5037 0.0000
vn 0.8639 -0.5037 0.0000
vn -0.4319 -0.5037 -0.7481
vn -0.4319 -0.5037 0.7481
vn 0.4361 -0.4891 -0.7554
vn -0.8722 -0.4891 0.0000
vn 0.8722 -0.4891 0.0000
vn -0.4361 -0.4891 -0.7554
vn -0.4361 -0.4891 0.7554
vn 0.4361 -0.4891 0.7554
vn 0.7343 0.5000 0.4591
vn 0.7343 0.5000 0.4592
vn 0.5302 0.0000 -0.8479
vn 0.7343 -0.5000 0.4591
vn 0.8479 -0.0003 0.5302
vn -0.8479 -0.0003 -0.5302
vn -0.7343 -0.5000 -0.4591
vn -0.5302 -0.0000 0.8479
vn -0.7343 0.5000 -0.4591
vn -0.7343 0.5000 -0.4592
vn -0.8479 0.0003 -0.5302
vn 0.8479 0.0003 0.5302
vn 0.0000 0.5000 0.8660
vn 0.0000 -0.5000 0.8660
vn 0.0000 -0.0003 1.0000
vn 0.0000 -0.0003 -1.0000
vn -0.0000 -0.5000 -0.8660
vn 0.0000 0.5000 -0.8660
vn 0.0000 0.0003 -1.0000
vn 0.0000 0.0003 1.0000
vn 0.7521 0.5000 -0.4293
vn -0.4957 -0.0000 -0.8685
vn 0.7521 -0.5000 -0.4293
vn 0.8685 -0.0003 -0.4957
vn -0.8685 -0.0003 0.4957
vn -0.8685 -0.0003 0.4958
vn -0.7521 -0.5000 0.4293
vn 0.4957 -0.0000 0.8685
vn 0.4958 -0.0000 0.8685
vn -0.7521 0.5000 0.4293
vn -0.8685 0.0003 0.4957
vn 0.8685 0.0003 -0.4958
vn 0.8685 0.0003 -0.4957
usemtl mat_grey01
s 1
f 2944/3105/378 2831/3106/378 2939/3107/378
f 2920/3108/379 2811/3109/379 2911/3110/379
f 2864/3111/380 2813/3112/380 2855/3113/380
f 2892/3114/381 2815/3115/381 2883/3116/381
f 3004/3117/382 2817/3118/382 2995/3119/382
f 2971/3120/383 2851/3121/383 2819/3122/383
f 2997/3123/384 2886/3124/384 2858/3125/384
f 2951/3126/378 3188/3127/378 3209/3128/378
f 2919/3129/379 3193/3130/379 3205/3131/379
f 2863/3132/380 3192/3133/380 3197/3134/380
f 2891/3135/381 3191/3136/381 3201/3137/381
f 3003/3138/382 3190/3139/382 3217/3140/382
f 2975/3141/383 3189/3142/383 3213/3143/383
f 2959/3144/378 2845/3145/378 2955/3146/378
f 2931/3147/379 2844/3148/379 2927/3149/379
f 2875/3150/380 2842/3151/380 2871/3152/380
f 2903/3153/381 2840/3154/381 2899/3155/381
f 3015/3156/382 2838/3157/382 3011/3158/382
f 2987/3159/383 2836/3160/383 2983/3161/383
f 2832/3162/385 2944/3163/385 2960/3164/385
f 2821/3165/386 2920/3166/386 2932/3167/386
f 2828/3168/387 2864/3169/387 2876/3170/387
f 2829/3171/388 2892/3172/388 2904/3173/388
f 2830/3174/389 3004/3175/389 3016/3176/389
f 2833/3177/390 2976/3178/390 2988/3179/390
f 2829/3171/387 2867/3180/387 2849/3181/387
f 2988/3179/391 3057/3182/391 2989/3183/391
f 2877/3184/387 2866/3185/387 2878/3186/387
f 3005/3187/392 3060/3188/392 3004/3117/392
f 2839/3189/380 2868/3190/380 2840/3154/380
f 2872/3191/380 2869/3192/380 2868/3190/380
f 2873/3193/380 2870/3194/380 2869/3192/380
f 2874/3195/380 2871/3152/380 2870/3194/380
f 2825/3196/380 3194/3197/380 3191/3136/380
f 2860/3198/380 3195/3199/380 3194/3197/380
f 2861/3200/380 3196/3201/380 3195/3199/380
f 2862/3202/380 3197/3134/380 3196/3201/380
f 2815/3115/380 2867/3203/380 2852/3204/380
f 2867/3203/380 2853/3205/380 2852/3204/380
f 2853/3205/380 2865/3206/380 2854/3207/380
f 2865/3206/380 2855/3113/380 2854/3207/380
f 2830/3174/388 2895/3208/388 2850/3209/388
f 2876/3170/393 3020/3210/394 3024/3211/395
f 2906/3212/388 2893/3213/388 2894/3214/388
f 2945/3215/396 3044/3216/396 2944/3105/396
f 2837/3217/381 2896/3218/381 2838/3157/381
f 2900/3219/381 2897/3220/381 2896/3218/381
f 2901/3221/381 2898/3222/381 2897/3220/381
f 2902/3223/381 2899/3155/381 2898/3222/381
f 2824/3224/381 3198/3225/381 3190/3139/381
f 2888/3226/381 3199/3227/381 3198/3225/381
f 2889/3228/381 3200/3229/381 3199/3227/381
f 2890/3230/381 3201/3137/381 3200/3229/381
f 2850/3231/381 2880/3232/381 2817/3118/381
f 2895/3233/381 2881/3234/381 2880/3232/381
f 2894/3235/381 2882/3236/381 2881/3234/381
f 2893/3237/381 2883/3116/381 2882/3236/381
f 2828/3168/386 2923/3238/386 2848/3239/386
f 3016/3176/397 3065/3240/397 3017/3241/397
f 2933/3242/386 2922/3243/386 2934/3244/386
f 2877/3184/398 3021/3245/399 2865/3246/400
f 2841/3247/379 2924/3248/379 2842/3151/379
f 2928/3249/379 2925/3250/379 2924/3248/379
f 2929/3251/379 2926/3252/379 2925/3250/379
f 2930/3253/379 2927/3149/379 2926/3252/379
f 2826/3254/379 3202/3255/379 3192/3133/379
f 2916/3256/379 3203/3257/379 3202/3255/379
f 2917/3258/379 3204/3259/379 3203/3257/379
f 2918/3260/379 3205/3131/379 3204/3259/379
f 2848/3261/379 2908/3262/379 2813/3112/379
f 2923/3263/379 2909/3264/379 2908/3262/379
f 2922/3265/379 2910/3266/379 2909/3264/379
f 2921/3267/379 2911/3110/379 2910/3266/379
f 2821/3165/385 2947/3268/385 2847/3269/385
f 2904/3173/401 3028/3270/402 3032/3271/403
f 2962/3272/385 2945/3273/385 2946/3274/385
f 2878/3186/404 3022/3275/405 3026/3276/406
f 2843/3277/378 2952/3278/378 2844/3148/378
f 2956/3279/378 2953/3280/378 2952/3278/378
f 2957/3281/378 2954/3282/378 2953/3280/378
f 2958/3283/378 2955/3146/378 2954/3282/378
f 2827/3284/378 3206/3285/378 3193/3130/378
f 2948/3286/378 3207/3287/378 3206/3285/378
f 2949/3288/378 3208/3289/378 3207/3287/378
f 2950/3290/378 3209/3128/378 3208/3289/378
f 2847/3291/378 2936/3292/378 2811/3109/378
f 2947/3293/378 2937/3294/378 2936/3292/378
f 2946/3295/378 2938/3296/378 2937/3294/378
f 2945/3215/378 2939/3107/378 2938/3296/378
f 2832/3162/390 2979/3297/390 2846/3298/390
f 2866/3299/407 3023/3300/407 3022/3301/407
f 2989/3183/390 2978/3302/390 2990/3303/390
f 2905/3304/408 3029/3305/409 2893/3213/410
f 2834/3306/383 2980/3307/383 2845/3308/383
f 2984/3309/383 2981/3310/383 2980/3307/383
f 2985/3311/383 2982/3312/383 2981/3310/383
f 2986/3313/383 2983/3161/383 2982/3312/383
f 2822/3314/383 3210/3315/383 3188/3316/383
f 2972/3317/383 3211/3318/383 3210/3315/383
f 2973/3319/383 3212/3320/383 3211/3318/383
f 2974/3321/383 3213/3143/383 3212/3320/383
f 2846/3322/383 2968/3323/383 2831/3324/383
f 2979/3325/383 2969/3326/383 2968/3323/383
f 2978/3327/383 2970/3328/383 2969/3326/383
f 2977/3329/383 2971/3120/383 2970/3328/383
f 2833/3177/389 3007/3330/389 2851/3331/389
f 2879/3332/411 3023/3333/412 2867/3180/413
f 3017/3241/389 3006/3334/389 3018/3335/389
f 2932/3167/414 3036/3336/415 3040/3337/416
f 2835/3338/382 3008/3339/382 2836/3160/382
f 3012/3340/382 3009/3341/382 3008/3339/382
f 3013/3342/382 3010/3343/382 3009/3341/382
f 3014/3344/382 3011/3158/382 3010/3343/382
f 2823/3345/382 3214/3346/382 3189/3142/382
f 3000/3347/382 3215/3348/382 3214/3346/382
f 3001/3349/382 3216/3350/382 3215/3348/382
f 3002/3351/382 3217/3140/382 3216/3350/382
f 2851/3121/382 2992/3352/382 2819/3122/382
f 3007/3353/382 2993/3354/382 2992/3352/382
f 3006/3355/382 2994/3356/382 2993/3354/382
f 3005/3187/382 2995/3119/382 2994/3356/382
f 3027/3357/417 3022/3275/417 3023/3333/417
f 3024/3211/417 3021/3245/417 3025/3358/417
f 3035/3359/417 3030/3360/417 3031/3361/417
f 3032/3271/417 3029/3305/417 3033/3362/417
f 3043/3363/417 3038/3364/417 3039/3365/417
f 3040/3337/417 3037/3366/417 3041/3367/417
f 3051/3368/417 3046/3369/417 3047/3370/417
f 3048/3371/417 3045/3372/417 3049/3373/417
f 3059/3374/417 3054/3375/417 3055/3376/417
f 3056/3377/417 3053/3378/417 3057/3182/417
f 3067/3379/417 3062/3380/417 3063/3381/417
f 3064/3382/417 3061/3383/417 3065/3240/417
f 3019/3384/397 3066/3385/397 3067/3379/397
f 2946/3295/396 3047/3386/396 3046/3387/396
f 3019/3384/418 3063/3381/419 3007/3330/420
f 2977/3329/421 3052/3388/421 2976/3389/421
f 2960/3164/422 3049/3373/422 2961/3390/422
f 3006/3355/392 3063/3391/392 3062/3392/392
f 2991/3393/391 3058/3394/391 3059/3374/391
f 3018/3335/423 3062/3380/424 3066/3385/425
f 2991/3393/426 3055/3376/427 2979/3297/428
f 2932/3167/429 3041/3367/429 2933/3242/429
f 3017/3241/430 3061/3383/431 3005/3395/432
f 2978/3327/421 3055/3396/421 3054/3397/421
f 2963/3398/422 3050/3399/422 3051/3368/422
f 2990/3303/433 3054/3375/434 3058/3394/435
f 3016/3176/436 3060/3400/437 3064/3382/438
f 2963/3398/439 3047/3370/440 2947/3268/441
f 2921/3267/442 3036/3401/442 2920/3108/442
f 2904/3173/443 3033/3362/443 2905/3304/443
f 2989/3183/444 3053/3378/445 2977/3402/446
f 2935/3403/429 3042/3404/429 3043/3363/429
f 2962/3272/447 3046/3369/448 3050/3399/449
f 2988/3179/450 3052/3405/451 3056/3377/452
f 2935/3403/453 3039/3365/454 2923/3238/455
f 2893/3237/456 3028/3406/456 2892/3114/456
f 2876/3170/457 3025/3358/457 2877/3184/457
f 2961/3390/458 3045/3372/459 2945/3273/460
f 2922/3265/442 3039/3407/442 3038/3408/442
f 2907/3409/443 3034/3410/443 3035/3359/443
f 2934/3244/461 3038/3364/462 3042/3404/463
f 2960/3164/464 3044/3411/465 3048/3371/466
f 2907/3409/467 3031/3361/468 2895/3208/469
f 2865/3206/407 3020/3412/407 2864/3111/407
f 2933/3242/470 3037/3366/471 2921/3413/472
f 2894/3235/456 3031/3414/456 3030/3415/456
f 2879/3332/457 3026/3276/457 3027/3357/457
f 2906/3212/473 3030/3360/474 3034/3410/475
f 3126/3416/382 3097/3417/382 3096/3418/382
f 3125/3419/382 3096/3418/382 3095/3420/382
f 3124/3421/382 3095/3420/382 3094/3422/382
f 3099/3423/382 3094/3422/382 3068/3424/382
f 3122/3425/383 3093/3426/383 3092/3427/383
f 3121/3428/383 3092/3427/383 3091/3429/383
f 3120/3430/383 3091/3429/383 3090/3431/383
f 3098/3432/383 3090/3431/383 3073/3433/383
f 3118/3434/378 3089/3435/378 3088/3436/378
f 3117/3437/378 3088/3436/378 3087/3438/378
f 3116/3439/378 3087/3438/378 3086/3440/378
f 3103/3441/378 3086/3440/378 3072/3442/378
f 3114/3443/379 3085/3444/379 3084/3445/379
f 3113/3446/379 3084/3445/379 3083/3447/379
f 3112/3448/379 3083/3447/379 3082/3449/379
f 3102/3450/379 3082/3449/379 3071/3451/379
f 3110/3452/381 3081/3453/381 3080/3454/381
f 3109/3455/381 3080/3454/381 3079/3456/381
f 3108/3457/381 3079/3456/381 3078/3458/381
f 3100/3459/381 3078/3458/381 3069/3460/381
f 3106/3461/380 3077/3462/380 3076/3463/380
f 3105/3464/380 3076/3463/380 3075/3465/380
f 3104/3466/380 3075/3465/380 3074/3467/380
f 3101/3468/380 3074/3467/380 3070/3469/380
f 3123/3470/383 3068/3424/383 3093/3426/383
f 3127/3471/382 3069/3460/382 3097/3417/382
f 3111/3472/381 3070/3469/381 3081/3453/381
f 3107/3473/380 3071/3451/380 3077/3462/380
f 3115/3474/379 3072/3442/379 3085/3444/379
f 3119/3475/378 3073/3476/378 3089/3435/378
f 2944/3105/378 2846/3477/378 2831/3106/378
f 2920/3108/379 2847/3291/379 2811/3109/379
f 2864/3111/380 2848/3261/380 2813/3112/380
f 2892/3114/381 2849/3478/381 2815/3115/381
f 3004/3117/382 2850/3231/382 2817/3118/382
f 2971/3120/383 2976/3389/383 2851/3121/383
f 2943/3479/384 2810/3480/384 2964/3481/384
f 2964/3481/384 2965/3482/384 2942/3483/384
f 2965/3482/384 2966/3484/384 2914/3485/384
f 2941/3486/384 2914/3485/384 2940/3487/384
f 2942/3483/384 2943/3479/384 2964/3481/384
f 2941/3486/384 2942/3483/384 2965/3482/384
f 2915/3488/384 2820/3489/384 2940/3487/384
f 2912/3490/384 2913/3491/384 2858/3125/384
f 2913/3491/384 2914/3485/384 2966/3484/384
f 2914/3485/384 2915/3488/384 2940/3487/384
f 2941/3486/384 2965/3482/384 2914/3485/384
f 2966/3484/384 2967/3492/384 2996/3493/384
f 2967/3492/384 2812/3494/384 2996/3493/384
f 2859/3495/384 2818/3496/384 2912/3490/384
f 2856/3497/384 2857/3498/384 2887/3499/384
f 2857/3498/384 2858/3125/384 2886/3124/384
f 2887/3499/384 2857/3498/384 2886/3124/384
f 2858/3125/384 2859/3495/384 2912/3490/384
f 2913/3491/384 2966/3484/384 2858/3125/384
f 2997/3123/384 2998/3500/384 2885/3501/384
f 2998/3500/384 2999/3502/384 2884/3503/384
f 2884/3503/384 2999/3502/384 2814/3504/384
f 2966/3484/384 2996/3493/384 2997/3123/384
f 2816/3505/384 2856/3497/384 2887/3499/384
f 2885/3501/384 2886/3124/384 2997/3123/384
f 2858/3125/384 2966/3484/384 2997/3123/384
f 2884/3503/384 2885/3501/384 2998/3500/384
f 2951/3126/378 2822/3506/378 3188/3127/378
f 2919/3129/379 2827/3284/379 3193/3130/379
f 2863/3132/380 2826/3254/380 3192/3133/380
f 2891/3135/381 2825/3196/381 3191/3136/381
f 3003/3138/382 2824/3224/382 3190/3139/382
f 2975/3141/383 2823/3345/383 3189/3142/383
f 2959/3144/378 2834/3507/378 2845/3145/378
f 2931/3147/379 2843/3277/379 2844/3148/379
f 2875/3150/380 2841/3247/380 2842/3151/380
f 2903/3153/381 2839/3189/381 2840/3154/381
f 3015/3156/382 2837/3217/382 2838/3157/382
f 2987/3159/383 2835/3338/383 2836/3160/383
f 2832/3162/385 2846/3298/385 2944/3163/385
f 2821/3165/386 2847/3269/386 2920/3166/386
f 2828/3168/387 2848/3239/387 2864/3169/387
f 2829/3171/388 2849/3181/388 2892/3172/388
f 2830/3174/389 2850/3209/389 3004/3175/389
f 2833/3177/390 2851/3331/390 2976/3178/390
f 2829/3171/387 2879/3332/387 2867/3180/387
f 2988/3179/391 3056/3377/391 3057/3182/391
f 2877/3184/387 2865/3246/387 2866/3185/387
f 3005/3187/392 3061/3508/392 3060/3188/392
f 2839/3189/380 2872/3191/380 2868/3190/380
f 2872/3191/380 2873/3193/380 2869/3192/380
f 2873/3193/380 2874/3195/380 2870/3194/380
f 2874/3195/380 2875/3150/380 2871/3152/380
f 2825/3196/380 2860/3198/380 3194/3197/380
f 2860/3198/380 2861/3200/380 3195/3199/380
f 2861/3200/380 2862/3202/380 3196/3201/380
f 2862/3202/380 2863/3132/380 3197/3134/380
f 2815/3115/380 2849/3478/380 2867/3203/380
f 2867/3203/380 2866/3299/380 2853/3205/380
f 2853/3205/380 2866/3299/380 2865/3206/380
f 2865/3206/380 2864/3111/380 2855/3113/380
f 2830/3174/388 2907/3409/388 2895/3208/388
f 2876/3170/393 2864/3169/476 3020/3210/394
f 2906/3212/388 2905/3304/388 2893/3213/388
f 2945/3215/396 3045/3509/396 3044/3216/396
f 2837/3217/381 2900/3219/381 2896/3218/381
f 2900/3219/381 2901/3221/381 2897/3220/381
f 2901/3221/381 2902/3223/381 2898/3222/381
f 2902/3223/381 2903/3153/381 2899/3155/381
f 2824/3224/381 2888/3226/381 3198/3225/381
f 2888/3226/381 2889/3228/381 3199/3227/381
f 2889/3228/381 2890/3230/381 3200/3229/381
f 2890/3230/381 2891/3135/381 3201/3137/381
f 2850/3231/381 2895/3233/381 2880/3232/381
f 2895/3233/381 2894/3235/381 2881/3234/381
f 2894/3235/381 2893/3237/381 2882/3236/381
f 2893/3237/381 2892/3114/381 2883/3116/381
f 2828/3168/386 2935/3403/386 2923/3238/386
f 3016/3176/397 3064/3382/397 3065/3240/397
f 2933/3242/386 2921/3413/386 2922/3243/386
f 2877/3184/398 3025/3358/477 3021/3245/399
f 2841/3247/379 2928/3249/379 2924/3248/379
f 2928/3249/379 2929/3251/379 2925/3250/379
f 2929/3251/379 2930/3253/379 2926/3252/379
f 2930/3253/379 2931/3147/379 2927/3149/379
f 2826/3254/379 2916/3256/379 3202/3255/379
f 2916/3256/379 2917/3258/379 3203/3257/379
f 2917/3258/379 2918/3260/379 3204/3259/379
f 2918/3260/379 2919/3129/379 3205/3131/379
f 2848/3261/379 2923/3263/379 2908/3262/379
f 2923/3263/379 2922/3265/379 2909/3264/379
f 2922/3265/379 2921/3267/379 2910/3266/379
f 2921/3267/379 2920/3108/379 2911/3110/379
f 2821/3165/385 2963/3398/385 2947/3268/385
f 2904/3173/401 2892/3172/478 3028/3270/402
f 2962/3272/385 2961/3390/385 2945/3273/385
f 2878/3186/404 2866/3185/479 3022/3275/405
f 2843/3277/378 2956/3279/378 2952/3278/378
f 2956/3279/378 2957/3281/378 2953/3280/378
f 2957/3281/378 2958/3283/378 2954/3282/378
f 2958/3283/378 2959/3144/378 2955/3146/378
f 2827/3284/378 2948/3286/378 3206/3285/378
f 2948/3286/378 2949/3288/378 3207/3287/378
f 2949/3288/378 2950/3290/378 3208/3289/378
f 2950/3290/378 2951/3126/378 3209/3128/378
f 2847/3291/378 2947/3293/378 2936/3292/378
f 2947/3293/378 2946/3295/378 2937/3294/378
f 2946/3295/378 2945/3215/378 2938/3296/378
f 2945/3215/378 2944/3105/378 2939/3107/378
f 2832/3162/390 2991/3393/390 2979/3297/390
f 2866/3299/407 2867/3203/407 3023/3300/407
f 2989/3183/390 2977/3402/390 2978/3302/390
f 2905/3304/408 3033/3362/480 3029/3305/409
f 2834/3306/383 2984/3309/383 2980/3307/383
f 2984/3309/383 2985/3311/383 2981/3310/383
f 2985/3311/383 2986/3313/383 2982/3312/383
f 2986/3313/383 2987/3159/383 2983/3161/383
f 2822/3314/383 2972/3317/383 3210/3315/383
f 2972/3317/383 2973/3319/383 3211/3318/383
f 2973/3319/383 2974/3321/383 3212/3320/383
f 2974/3321/383 2975/3141/383 3213/3143/383
f 2846/3322/383 2979/3325/383 2968/3323/383
f 2979/3325/383 2978/3327/383 2969/3326/383
f 2978/3327/383 2977/3329/383 2970/3328/383
f 2977/3329/383 2976/3389/383 2971/3120/383
f 2833/3177/389 3019/3384/389 3007/3330/389
f 2879/3332/411 3027/3357/481 3023/3333/412
f 3017/3241/389 3005/3395/389 3006/3334/389
f 2932/3167/414 2920/3166/482 3036/3336/415
f 2835/3338/382 3012/3340/382 3008/3339/382
f 3012/3340/382 3013/3342/382 3009/3341/382
f 3013/3342/382 3014/3344/382 3010/3343/382
f 3014/3344/382 3015/3156/382 3011/3158/382
f 2823/3345/382 3000/3347/382 3214/3346/382
f 3000/3347/382 3001/3349/382 3215/3348/382
f 3001/3349/382 3002/3351/382 3216/3350/382
f 3002/3351/382 3003/3138/382 3217/3140/382
f 2851/3121/382 3007/3353/382 2992/3352/382
f 3007/3353/382 3006/3355/382 2993/3354/382
f 3006/3355/382 3005/3187/382 2994/3356/382
f 3005/3187/382 3004/3117/382 2995/3119/382
f 3027/3357/417 3026/3276/417 3022/3275/417
f 3024/3211/417 3020/3210/417 3021/3245/417
f 3035/3359/417 3034/3410/417 3030/3360/417
f 3032/3271/417 3028/3270/417 3029/3305/417
f 3043/3363/417 3042/3404/417 3038/3364/417
f 3040/3337/417 3036/3336/417 3037/3366/417
f 3051/3368/417 3050/3399/417 3046/3369/417
f 3048/3371/417 3044/3411/417 3045/3372/417
f 3059/3374/417 3058/3394/417 3054/3375/417
f 3056/3377/417 3052/3405/417 3053/3378/417
f 3067/3379/417 3066/3385/417 3062/3380/417
f 3064/3382/417 3060/3400/417 3061/3383/417
f 3019/3384/397 3018/3335/397 3066/3385/397
f 2946/3295/396 2947/3293/396 3047/3386/396
f 3019/3384/418 3067/3379/483 3063/3381/419
f 2977/3329/421 3053/3510/421 3052/3388/421
f 2960/3164/422 3048/3371/422 3049/3373/422
f 3006/3355/392 3007/3353/392 3063/3391/392
f 2991/3393/391 2990/3303/391 3058/3394/391
f 3018/3335/423 3006/3334/484 3062/3380/424
f 2991/3393/426 3059/3374/485 3055/3376/427
f 2932/3167/429 3040/3337/429 3041/3367/429
f 3017/3241/430 3065/3240/486 3061/3383/431
f 2978/3327/421 2979/3325/421 3055/3396/421
f 2963/3398/422 2962/3272/422 3050/3399/422
f 2990/3303/433 2978/3302/487 3054/3375/434
f 3016/3176/436 3004/3175/488 3060/3400/437
f 2963/3398/439 3051/3368/489 3047/3370/440
f 2921/3267/442 3037/3511/442 3036/3401/442
f 2904/3173/443 3032/3271/443 3033/3362/443
f 2989/3183/444 3057/3182/490 3053/3378/445
f 2935/3403/429 2934/3244/429 3042/3404/429
f 2962/3272/447 2946/3274/491 3046/3369/448
f 2988/3179/450 2976/3178/492 3052/3405/451
f 2935/3403/453 3043/3363/493 3039/3365/454
f 2893/3237/456 3029/3512/456 3028/3406/456
f 2876/3170/457 3024/3211/457 3025/3358/457
f 2961/3390/458 3049/3373/494 3045/3372/459
f 2922/3265/442 2923/3263/442 3039/3407/442
f 2907/3409/443 2906/3212/443 3034/3410/443
f 2934/3244/461 2922/3243/495 3038/3364/462
f 2960/3164/464 2944/3163/496 3044/3411/465
f 2907/3409/467 3035/3359/497 3031/3361/468
f 2865/3206/407 3021/3513/407 3020/3412/407
f 2933/3242/470 3041/3367/498 3037/3366/471
f 2894/3235/456 2895/3233/456 3031/3414/456
f 2879/3332/457 2878/3186/457 3026/3276/457
f 2906/3212/473 2894/3214/499 3030/3360/474
f 3126/3416/382 3127/3471/382 3097/3417/382
f 3125/3419/382 3126/3416/382 3096/3418/382
f 3124/3421/382 3125/3419/382 3095/3420/382
f 3099/3423/382 3124/3421/382 3094/3422/382
f 3122/3425/383 3123/3470/383 3093/3426/383
f 3121/3428/383 3122/3425/383 3092/3427/383
f 3120/3430/383 3121/3428/383 3091/3429/383
f 3098/3432/383 3120/3430/383 3090/3431/383
f 3118/3434/378 3119/3475/378 3089/3435/378
f 3117/3437/378 3118/3434/378 3088/3436/378
f 3116/3439/378 3117/3437/378 3087/3438/378
f 3103/3441/378 3116/3439/378 3086/3440/378
f 3114/3443/379 3115/3474/379 3085/3444/379
f 3113/3446/379 3114/3443/379 3084/3445/379
f 3112/3448/379 3113/3446/379 3083/3447/379
f 3102/3450/379 3112/3448/379 3082/3449/379
f 3110/3452/381 3111/3472/381 3081/3453/381
f 3109/3455/381 3110/3452/381 3080/3454/381
f 3108/3457/381 3109/3455/381 3079/3456/381
f 3100/3459/381 3108/3457/381 3078/3458/381
f 3106/3461/380 3107/3473/380 3077/3462/380
f 3105/3464/380 3106/3461/380 3076/3463/380
f 3104/3466/380 3105/3464/380 3075/3465/380
f 3101/3468/380 3104/3466/380 3074/3467/380
f 3123/3470/383 3099/3423/383 3068/3424/383
f 3127/3471/382 3100/3459/382 3069/3460/382
f 3111/3472/381 3101/3468/381 3070/3469/381
f 3107/3473/380 3102/3450/380 3071/3451/380
f 3115/3474/379 3103/3441/379 3072/3442/379
f 3119/3475/378 3098/3514/378 3073/3476/378
usemtl mat_brown01
f 3156/3515/382 3127/3471/382 3126/3416/382
f 3155/3516/382 3126/3416/382 3125/3419/382
f 3154/3517/382 3125/3419/382 3124/3421/382
f 3129/3518/382 3124/3421/382 3099/3423/382
f 3152/3519/383 3123/3470/383 3122/3425/383
f 3151/3520/383 3122/3425/383 3121/3428/383
f 3150/3521/383 3121/3428/383 3120/3430/383
f 3128/3522/383 3120/3430/383 3098/3432/383
f 3148/3523/378 3119/3475/378 3118/3434/378
f 3147/3524/378 3118/3434/378 3117/3437/378
f 3146/3525/378 3117/3437/378 3116/3439/378
f 3133/3526/378 3116/3439/378 3103/3441/378
f 3144/3527/379 3115/3474/379 3114/3443/379
f 3143/3528/379 3114/3443/379 3113/3446/379
f 3142/3529/379 3113/3446/379 3112/3448/379
f 3132/3530/379 3112/3448/379 3102/3450/379
f 3140/3531/381 3111/3472/381 3110/3452/381
f 3139/3532/381 3110/3452/381 3109/3455/381
f 3138/3533/381 3109/3455/381 3108/3457/381
f 3130/3534/381 3108/3457/381 3100/3459/381
f 3136/3535/380 3107/3473/380 3106/3461/380
f 3135/3536/380 3106/3461/380 3105/3464/380
f 3134/3537/380 3105/3464/380 3104/3466/380
f 3131/3538/380 3104/3466/380 3101/3468/380
f 3153/3539/383 3099/3423/383 3123/3470/383
f 3157/3540/382 3100/3459/382 3127/3471/382
f 3141/3541/381 3101/3468/381 3111/3472/381
f 3137/3542/380 3102/3450/380 3107/3473/380
f 3145/3543/379 3103/3441/379 3115/3474/379
f 3149/3544/378 3098/3514/378 3119/3475/378
f 3216/3350/382 3187/3545/382 3186/3546/382
f 3215/3348/382 3186/3546/382 3185/3547/382
f 3214/3346/382 3185/3547/382 3184/3548/382
f 3189/3142/382 3184/3548/382 3159/3549/382
f 3212/3320/383 3183/3550/383 3182/3551/383
f 3211/3318/383 3182/3551/383 3181/3552/383
f 3210/3315/383 3181/3552/383 3180/3553/383
f 3188/3316/383 3180/3553/383 3158/3554/383
f 3208/3289/378 3179/3555/378 3178/3556/378
f 3207/3287/378 3178/3556/378 3177/3557/378
f 3206/3285/378 3177/3557/378 3176/3558/378
f 3193/3130/378 3176/3558/378 3163/3559/378
f 3204/3259/379 3175/3560/379 3174/3561/379
f 3203/3257/379 3174/3561/379 3173/3562/379
f 3202/3255/379 3173/3562/379 3172/3563/379
f 3192/3133/379 3172/3563/379 3162/3564/379
f 3200/3229/381 3171/3565/381 3170/3566/381
f 3199/3227/381 3170/3566/381 3169/3567/381
f 3198/3225/381 3169/3567/381 3168/3568/381
f 3190/3139/381 3168/3568/381 3160/3569/381
f 3196/3201/380 3167/3570/380 3166/3571/380
f 3195/3199/380 3166/3571/380 3165/3572/380
f 3194/3197/380 3165/3572/380 3164/3573/380
f 3191/3136/380 3164/3573/380 3161/3574/380
f 3213/3143/383 3159/3549/383 3183/3550/383
f 3217/3140/382 3160/3569/382 3187/3545/382
f 3201/3137/381 3161/3574/381 3171/3565/381
f 3197/3134/380 3162/3564/380 3167/3570/380
f 3205/3131/379 3163/3559/379 3175/3560/379
f 3209/3128/378 3158/3575/378 3179/3555/378
f 3156/3515/382 3157/3540/382 3127/3471/382
f 3155/3516/382 3156/3515/382 3126/3416/382
f 3154/3517/382 3155/3516/382 3125/3419/382
f 3129/3518/382 3154/3517/382 3124/3421/382
f 3152/3519/383 3153/3539/383 3123/3470/383
f 3151/3520/383 3152/3519/383 3122/3425/383
f 3150/3521/383 3151/3520/383 3121/3428/383
f 3128/3522/383 3150/3521/383 3120/3430/383
f 3148/3523/378 3149/3544/378 3119/3475/378
f 3147/3524/378 3148/3523/378 3118/3434/378
f 3146/3525/378 3147/3524/378 3117/3437/378
f 3133/3526/378 3146/3525/378 3116/3439/378
f 3144/3527/379 3145/3543/379 3115/3474/379
f 3143/3528/379 3144/3527/379 3114/3443/379
f 3142/3529/379 3143/3528/379 3113/3446/379
f 3132/3530/379 3142/3529/379 3112/3448/379
f 3140/3531/381 3141/3541/381 3111/3472/381
f 3139/3532/381 3140/3531/381 3110/3452/381
f 3138/3533/381 3139/3532/381 3109/3455/381
f 3130/3534/381 3138/3533/381 3108/3457/381
f 3136/3535/380 3137/3542/380 3107/3473/380
f 3135/3536/380 3136/3535/380 3106/3461/380
f 3134/3537/380 3135/3536/380 3105/3464/380
f 3131/3538/380 3134/3537/380 3104/3466/380
f 3153/3539/383 3129/3518/383 3099/3423/383
f 3157/3540/382 3130/3534/382 3100/3459/382
f 3141/3541/381 3131/3538/381 3101/3468/381
f 3137/3542/380 3132/3530/380 3102/3450/380
f 3145/3543/379 3133/3526/379 3103/3441/379
f 3149/3544/378 3128/3576/378 3098/3514/378
f 3216/3350/382 3217/3140/382 3187/3545/382
f 3215/3348/382 3216/3350/382 3186/3546/382
f 3214/3346/382 3215/3348/382 3185/3547/382
f 3189/3142/382 3214/3346/382 3184/3548/382
f 3212/3320/383 3213/3143/383 3183/3550/383
f 3211/3318/383 3212/3320/383 3182/3551/383
f 3210/3315/383 3211/3318/383 3181/3552/383
f 3188/3316/383 3210/3315/383 3180/3553/383
f 3208/3289/378 3209/3128/378 3179/3555/378
f 3207/3287/378 3208/3289/378 3178/3556/378
f 3206/3285/378 3207/3287/378 3177/3557/378
f 3193/3130/378 3206/3285/378 3176/3558/378
f 3204/3259/379 3205/3131/379 3175/3560/379
f 3203/3257/379 3204/3259/379 3174/3561/379
f 3202/3255/379 3203/3257/379 3173/3562/379
f 3192/3133/379 3202/3255/379 3172/3563/379
f 3200/3229/381 3201/3137/381 3171/3565/381
f 3199/3227/381 3200/3229/381 3170/3566/381
f 3198/3225/381 3199/3227/381 3169/3567/381
f 3190/3139/381 3198/3225/381 3168/3568/381
f 3196/3201/380 3197/3134/380 3167/3570/380
f 3195/3199/380 3196/3201/380 3166/3571/380
f 3194/3197/380 3195/3199/380 3165/3572/380
f 3191/3136/380 3194/3197/380 3164/3573/380
f 3213/3143/383 3189/3142/383 3159/3549/383
f 3217/3140/382 3190/3139/382 3160/3569/382
f 3201/3137/381 3191/3136/381 3161/3574/381
f 3197/3134/380 3192/3133/380 3162/3564/380
f 3205/3131/379 3193/3130/379 3163/3559/379
f 3209/3128/378 3188/3127/378 3158/3575/378
usemtl mat_grey02
f 3096/3418/382 2999/3577/382 2998/3578/382
f 3095/3420/382 2998/3578/382 2997/3579/382
f 3094/3422/382 2997/3579/382 2996/3580/382
f 3068/3424/382 2996/3580/382 2812/3581/382
f 3092/3427/383 2967/3582/383 2966/3583/383
f 3091/3429/383 2966/3583/383 2965/3584/383
f 3090/3431/383 2965/3584/383 2964/3585/383
f 3073/3433/383 2964/3585/383 2810/3586/383
f 3088/3436/378 2943/3587/378 2942/3588/378
f 3087/3438/378 2942/3588/378 2941/3589/378
f 3086/3440/378 2941/3589/378 2940/3590/378
f 3072/3442/378 2940/3590/378 2820/3591/378
f 3084/3445/379 2915/3592/379 2914/3593/379
f 3083/3447/379 2914/3593/379 2913/3594/379
f 3082/3449/379 2913/3594/379 2912/3595/379
f 3071/3451/379 2912/3595/379 2818/3596/379
f 3080/3454/381 2887/3597/381 2886/3598/381
f 3079/3456/381 2886/3598/381 2885/3599/381
f 3078/3458/381 2885/3599/381 2884/3600/381
f 3069/3460/381 2884/3600/381 2814/3601/381
f 3076/3463/380 2859/3602/380 2858/3603/380
f 3075/3465/380 2858/3603/380 2857/3604/380
f 3074/3467/380 2857/3604/380 2856/3605/380
f 3070/3469/380 2856/3605/380 2816/3606/380
f 3093/3426/383 2812/3581/383 2967/3582/383
f 3097/3417/382 2814/3601/382 2999/3577/382
f 3081/3453/381 2816/3606/381 2887/3597/381
f 3077/3462/380 2818/3596/380 2859/3602/380
f 3085/3444/379 2820/3591/379 2915/3592/379
f 3089/3435/378 2810/3607/378 2943/3587/378
f 3186/3546/382 3157/3540/382 3156/3515/382
f 3185/3547/382 3156/3515/382 3155/3516/382
f 3184/3548/382 3155/3516/382 3154/3517/382
f 3159/3549/382 3154/3517/382 3129/3518/382
f 3182/3551/383 3153/3539/383 3152/3519/383
f 3181/3552/383 3152/3519/383 3151/3520/383
f 3180/3553/383 3151/3520/383 3150/3521/383
f 3158/3554/383 3150/3521/383 3128/3522/383
f 3178/3556/378 3149/3544/378 3148/3523/378
f 3177/3557/378 3148/3523/378 3147/3524/378
f 3176/3558/378 3147/3524/378 3146/3525/378
f 3163/3559/378 3146/3525/378 3133/3526/378
f 3174/3561/379 3145/3543/379 3144/3527/379
f 3173/3562/379 3144/3527/379 3143/3528/379
f 3172/3563/379 3143/3528/379 3142/3529/379
f 3162/3564/379 3142/3529/379 3132/3530/379
f 3170/3566/381 3141/3541/381 3140/3531/381
f 3169/3567/381 3140/3531/381 3139/3532/381
f 3168/3568/381 3139/3532/381 3138/3533/381
f 3160/3569/381 3138/3533/381 3130/3534/381
f 3166/3571/380 3137/3542/380 3136/3535/380
f 3165/3572/380 3136/3535/380 3135/3536/380
f 3164/3573/380 3135/3536/380 3134/3537/380
f 3161/3574/380 3134/3537/380 3131/3538/380
f 3183/3550/383 3129/3518/383 3153/3539/383
f 3187/3545/382 3130/3534/382 3157/3540/382
f 3171/3565/381 3131/3538/381 3141/3541/381
f 3167/3570/380 3132/3530/380 3137/3542/380
f 3175/3560/379 3133/3526/379 3145/3543/379
f 3179/3555/378 3128/3576/378 3149/3544/378
f 3096/3418/382 3097/3417/382 2999/3577/382
f 3095/3420/382 3096/3418/382 2998/3578/382
f 3094/3422/382 3095/3420/382 2997/3579/382
f 3068/3424/382 3094/3422/382 2996/3580/382
f 3092/3427/383 3093/3426/383 2967/3582/383
f 3091/3429/383 3092/3427/383 2966/3583/383
f 3090/3431/383 3091/3429/383 2965/3584/383
f 3073/3433/383 3090/3431/383 2964/3585/383
f 3088/3436/378 3089/3435/378 2943/3587/378
f 3087/3438/378 3088/3436/378 2942/3588/378
f 3086/3440/378 3087/3438/378 2941/3589/378
f 3072/3442/378 3086/3440/378 2940/3590/378
f 3084/3445/379 3085/3444/379 2915/3592/379
f 3083/3447/379 3084/3445/379 2914/3593/379
f 3082/3449/379 3083/3447/379 2913/3594/379
f 3071/3451/379 3082/3449/379 2912/3595/379
f 3080/3454/381 3081/3453/381 2887/3597/381
f 3079/3456/381 3080/3454/381 2886/3598/381
f 3078/3458/381 3079/3456/381 2885/3599/381
f 3069/3460/381 3078/3458/381 2884/3600/381
f 3076/3463/380 3077/3462/380 2859/3602/380
f 3075/3465/380 3076/3463/380 2858/3603/380
f 3074/3467/380 3075/3465/380 2857/3604/380
f 3070/3469/380 3074/3467/380 2856/3605/380
f 3093/3426/383 3068/3424/383 2812/3581/383
f 3097/3417/382 3069/3460/382 2814/3601/382
f 3081/3453/381 3070/3469/381 2816/3606/381
f 3077/3462/380 3071/3451/380 2818/3596/380
f 3085/3444/379 3072/3442/379 2820/3591/379
f 3089/3435/378 3073/3476/378 2810/3607/378
f 3186/3546/382 3187/3545/382 3157/3540/382
f 3185/3547/382 3186/3546/382 3156/3515/382
f 3184/3548/382 3185/3547/382 3155/3516/382
f 3159/3549/382 3184/3548/382 3154/3517/382
f 3182/3551/383 3183/3550/383 3153/3539/383
f 3181/3552/383 3182/3551/383 3152/3519/383
f 3180/3553/383 3181/3552/383 3151/3520/383
f 3158/3554/383 3180/3553/383 3150/3521/383
f 3178/3556/378 3179/3555/378 3149/3544/378
f 3177/3557/378 3178/3556/378 3148/3523/378
f 3176/3558/378 3177/3557/378 3147/3524/378
f 3163/3559/378 3176/3558/378 3146/3525/378
f 3174/3561/379 3175/3560/379 3145/3543/379
f 3173/3562/379 3174/3561/379 3144/3527/379
f 3172/3563/379 3173/3562/379 3143/3528/379
f 3162/3564/379 3172/3563/379 3142/3529/379
f 3170/3566/381 3171/3565/381 3141/3541/381
f 3169/3567/381 3170/3566/381 3140/3531/381
f 3168/3568/381 3169/3567/381 3139/3532/381
f 3160/3569/381 3168/3568/381 3138/3533/381
f 3166/3571/380 3167/3570/380 3137/3542/380
f 3165/3572/380 3166/3571/380 3136/3535/380
f 3164/3573/380 3165/3572/380 3135/3536/380
f 3161/3574/380 3164/3573/380 3134/3537/380
f 3183/3550/383 3159/3549/383 3129/3518/383
f 3187/3545/382 3160/3569/382 3130/3534/382
f 3171/3565/381 3161/3574/381 3131/3538/381
f 3167/3570/380 3162/3564/380 3132/3530/380
f 3175/3560/379 3163/3559/379 3133/3526/379
f 3179/3555/378 3158/3575/378 3128/3576/378
usemtl mat_grey03
f 2906/3212/417 2934/3244/417 2878/3186/417
f 2827/3284/500 2952/3278/500 2948/3286/500
f 2825/3196/501 2868/3190/501 2860/3198/501
f 2823/3345/502 3008/3339/502 3000/3347/502
f 2826/3254/503 2924/3248/503 2916/3256/503
f 2824/3224/504 2896/3218/504 2888/3226/504
f 2822/3314/505 2980/3307/505 2972/3317/505
f 2839/3189/506 2852/3204/506 2872/3191/506
f 2835/3338/507 2992/3352/507 3012/3340/507
f 2841/3247/508 2908/3262/508 2928/3249/508
f 2837/3217/509 2880/3232/509 2900/3219/509
f 2834/3306/510 2968/3323/510 2984/3309/510
f 2843/3277/511 2936/3292/511 2956/3279/511
f 2841/3247/506 2855/3113/506 2813/3112/506
f 2875/3150/506 2854/3207/506 2855/3113/506
f 2873/3193/506 2854/3207/506 2874/3195/506
f 2872/3191/506 2853/3205/506 2873/3193/506
f 2826/3254/501 2871/3152/501 2842/3151/501
f 2863/3132/501 2870/3194/501 2871/3152/501
f 2861/3200/501 2870/3194/501 2862/3202/501
f 2860/3198/501 2869/3192/501 2861/3200/501
f 2839/3189/509 2883/3116/509 2815/3115/509
f 2903/3153/509 2882/3236/509 2883/3116/509
f 2901/3221/509 2882/3236/509 2902/3223/509
f 2900/3219/509 2881/3234/509 2901/3221/509
f 2825/3196/504 2899/3155/504 2840/3154/504
f 2891/3135/504 2898/3222/504 2899/3155/504
f 2889/3228/504 2898/3222/504 2890/3230/504
f 2888/3226/504 2897/3220/504 2889/3228/504
f 2843/3277/508 2911/3110/508 2811/3109/508
f 2931/3147/508 2910/3266/508 2911/3110/508
f 2929/3251/508 2910/3266/508 2930/3253/508
f 2928/3249/508 2909/3264/508 2929/3251/508
f 2827/3284/503 2927/3149/503 2844/3148/503
f 2919/3129/503 2926/3252/503 2927/3149/503
f 2917/3258/503 2926/3252/503 2918/3260/503
f 2916/3256/503 2925/3250/503 2917/3258/503
f 2834/3507/511 2939/3107/511 2831/3106/511
f 2959/3144/511 2938/3296/511 2939/3107/511
f 2958/3283/511 2937/3294/511 2938/3296/511
f 2956/3279/511 2937/3294/511 2957/3281/511
f 2822/3506/500 2955/3146/500 2845/3145/500
f 2951/3126/500 2954/3282/500 2955/3146/500
f 2949/3288/500 2954/3282/500 2950/3290/500
f 2948/3286/500 2953/3280/500 2949/3288/500
f 2835/3338/510 2971/3120/510 2819/3122/510
f 2987/3159/510 2970/3328/510 2971/3120/510
f 2985/3311/510 2970/3328/510 2986/3313/510
f 2984/3309/510 2969/3326/510 2985/3311/510
f 2823/3345/505 2983/3161/505 2836/3160/505
f 2975/3141/505 2982/3312/505 2983/3161/505
f 2973/3319/505 2982/3312/505 2974/3321/505
f 2972/3317/505 2981/3310/505 2973/3319/505
f 2837/3217/507 2995/3119/507 2817/3118/507
f 3015/3156/507 2994/3356/507 2995/3119/507
f 3013/3342/507 2994/3356/507 3014/3344/507
f 3012/3340/507 2993/3354/507 3013/3342/507
f 2824/3224/502 3011/3158/502 2838/3157/502
f 3003/3138/502 3010/3343/502 3011/3158/502
f 3002/3351/502 3009/3341/502 3010/3343/502
f 3000/3347/502 3009/3341/502 3001/3349/502
f 3223/3608/512 3237/3609/513 3218/3610/513
f 3228/3611/514 3229/3612/514 3224/3613/514
f 3234/3614/515 3227/3615/515 3233/3616/515
f 3232/3617/417 3224/3613/417 3230/3618/417
f 3235/3619/384 3228/3611/384 3234/3614/384
f 3233/3616/516 3226/3620/516 3232/3617/516
f 3231/3621/517 3224/3613/517 3225/3622/517
f 3231/3621/518 3229/3612/518 3235/3619/518
f 3219/3623/519 3231/3621/519 3218/3610/519
f 3220/3624/519 3230/3618/519 3219/3623/519
f 3220/3624/519 3233/3616/519 3232/3617/519
f 3221/3625/519 3234/3614/519 3233/3616/519
f 3222/3626/519 3235/3619/519 3234/3614/519
f 3218/3610/519 3235/3619/519 3223/3608/519
f 3221/3625/520 3240/3627/521 3222/3626/521
f 3219/3623/384 3238/3628/384 3220/3624/384
f 3222/3626/417 3241/3629/417 3223/3608/417
f 3221/3625/522 3238/3628/522 3239/3630/522
f 3218/3610/523 3236/3631/523 3219/3623/523
f 3247/3632/524 3261/3633/524 3242/3634/524
f 3252/3635/379 3253/3636/379 3248/3637/379
f 3257/3638/525 3252/3635/525 3251/3639/525
f 3256/3640/417 3248/3637/417 3254/3641/417
f 3259/3642/384 3252/3635/384 3258/3643/384
f 3257/3638/526 3250/3644/526 3256/3640/526
f 3255/3645/527 3248/3637/527 3249/3646/527
f 3255/3645/528 3253/3636/528 3259/3642/528
f 3243/3647/382 3255/3645/382 3242/3634/382
f 3244/3648/382 3254/3641/382 3243/3647/382
f 3244/3648/382 3257/3638/382 3256/3640/382
f 3245/3649/382 3258/3643/382 3257/3638/382
f 3247/3632/382 3258/3643/382 3246/3650/382
f 3242/3634/382 3259/3642/382 3247/3632/382
f 3245/3649/529 3264/3651/529 3246/3650/529
f 3243/3647/384 3262/3652/384 3244/3648/384
f 3246/3650/417 3265/3653/417 3247/3632/417
f 3244/3648/530 3263/3654/530 3245/3649/530
f 3242/3634/531 3260/3655/531 3243/3647/531
f 3271/3656/532 3285/3657/532 3266/3658/532
f 3276/3659/533 3277/3660/533 3272/3661/533
f 3281/3662/534 3276/3659/534 3275/3663/534
f 3280/3664/417 3272/3661/417 3278/3665/417
f 3283/3666/384 3276/3659/384 3282/3667/384
f 3280/3664/535 3275/3663/535 3274/3668/535
f 3279/3669/536 3272/3661/536 3273/3670/537
f 3279/3669/538 3277/3660/538 3283/3666/538
f 3267/3671/539 3279/3669/539 3266/3658/539
f 3268/3672/539 3278/3665/539 3267/3671/539
f 3268/3672/539 3281/3662/539 3280/3664/539
f 3269/3673/539 3282/3667/539 3281/3662/539
f 3270/3674/540 3283/3666/539 3282/3667/539
f 3266/3658/539 3283/3666/539 3271/3656/539
f 3270/3674/541 3287/3675/541 3288/3676/541
f 3267/3671/384 3286/3677/384 3268/3672/384
f 3270/3674/417 3289/3678/417 3271/3656/417
f 3268/3672/542 3287/3675/542 3269/3673/542
f 3267/3671/543 3285/3657/544 3284/3679/543
f 3019/3384/417 2833/3177/417 2988/3179/417
f 3019/3384/417 2988/3179/417 2989/3183/417
f 3016/3176/417 3017/3241/417 2907/3409/417
f 3017/3241/417 3018/3335/417 2990/3303/417
f 3018/3335/417 3019/3384/417 2989/3183/417
f 2990/3303/417 2991/3393/417 2960/3164/417
f 2991/3393/417 2832/3162/417 2960/3164/417
f 3018/3335/417 2989/3183/417 2990/3303/417
f 2907/3409/417 2830/3174/417 3016/3176/417
f 3017/3241/417 2990/3303/417 2906/3212/417
f 2907/3409/417 3017/3241/417 2906/3212/417
f 2961/3390/417 2962/3272/417 2990/3303/417
f 2962/3272/417 2963/3398/417 2933/3242/417
f 2990/3303/417 2962/3272/417 2906/3212/417
f 2990/3303/417 2960/3164/417 2961/3390/417
f 2904/3173/417 2905/3304/417 2878/3186/417
f 2905/3304/417 2906/3212/417 2878/3186/417
f 2906/3212/417 2962/3272/417 2934/3244/417
f 2963/3398/417 2821/3165/417 2932/3167/417
f 2933/3242/417 2934/3244/417 2962/3272/417
f 2934/3244/417 2935/3403/417 2877/3184/417
f 2963/3398/417 2932/3167/417 2933/3242/417
f 2879/3332/417 2829/3171/417 2904/3173/417
f 2935/3403/417 2828/3168/417 2876/3170/417
f 2876/3170/417 2877/3184/417 2935/3403/417
f 2877/3184/417 2878/3186/417 2934/3244/417
f 2878/3186/417 2879/3332/417 2904/3173/417
f 2827/3284/500 2844/3148/500 2952/3278/500
f 2825/3196/501 2840/3154/501 2868/3190/501
f 2823/3345/502 2836/3160/502 3008/3339/502
f 2826/3254/503 2842/3151/503 2924/3248/503
f 2824/3224/504 2838/3157/504 2896/3218/504
f 2822/3314/505 2845/3308/505 2980/3307/505
f 2839/3189/506 2815/3115/506 2852/3204/506
f 2835/3338/507 2819/3122/507 2992/3352/507
f 2841/3247/508 2813/3112/508 2908/3262/508
f 2837/3217/509 2817/3118/509 2880/3232/509
f 2834/3306/510 2831/3324/510 2968/3323/510
f 2843/3277/511 2811/3109/511 2936/3292/511
f 2841/3247/506 2875/3150/506 2855/3113/506
f 2875/3150/506 2874/3195/506 2854/3207/506
f 2873/3193/506 2853/3205/506 2854/3207/506
f 2872/3191/506 2852/3204/506 2853/3205/506
f 2826/3254/501 2863/3132/501 2871/3152/501
f 2863/3132/501 2862/3202/501 2870/3194/501
f 2861/3200/501 2869/3192/501 2870/3194/501
f 2860/3198/501 2868/3190/501 2869/3192/501
f 2839/3189/509 2903/3153/509 2883/3116/509
f 2903/3153/509 2902/3223/509 2882/3236/509
f 2901/3221/509 2881/3234/509 2882/3236/509
f 2900/3219/509 2880/3232/509 2881/3234/509
f 2825/3196/504 2891/3135/504 2899/3155/504
f 2891/3135/504 2890/3230/504 2898/3222/504
f 2889/3228/504 2897/3220/504 2898/3222/504
f 2888/3226/504 2896/3218/504 2897/3220/504
f 2843/3277/508 2931/3147/508 2911/3110/508
f 2931/3147/508 2930/3253/508 2910/3266/508
f 2929/3251/508 2909/3264/508 2910/3266/508
f 2928/3249/508 2908/3262/508 2909/3264/508
f 2827/3284/503 2919/3129/503 2927/3149/503
f 2919/3129/503 2918/3260/503 2926/3252/503
f 2917/3258/503 2925/3250/503 2926/3252/503
f 2916/3256/503 2924/3248/503 2925/3250/503
f 2834/3507/511 2959/3144/511 2939/3107/511
f 2959/3144/511 2958/3283/511 2938/3296/511
f 2958/3283/511 2957/3281/511 2937/3294/511
f 2956/3279/511 2936/3292/511 2937/3294/511
f 2822/3506/500 2951/3126/500 2955/3146/500
f 2951/3126/500 2950/3290/500 2954/3282/500
f 2949/3288/500 2953/3280/500 2954/3282/500
f 2948/3286/500 2952/3278/500 2953/3280/500
f 2835/3338/510 2987/3159/510 2971/3120/510
f 2987/3159/510 2986/3313/510 2970/3328/510
f 2985/3311/510 2969/3326/510 2970/3328/510
f 2984/3309/510 2968/3323/510 2969/3326/510
f 2823/3345/505 2975/3141/505 2983/3161/505
f 2975/3141/505 2974/3321/505 2982/3312/505
f 2973/3319/505 2981/3310/505 2982/3312/505
f 2972/3317/505 2980/3307/505 2981/3310/505
f 2837/3217/507 3015/3156/507 2995/3119/507
f 3015/3156/507 3014/3344/507 2994/3356/507
f 3013/3342/507 2993/3354/507 2994/3356/507
f 3012/3340/507 2992/3352/507 2993/3354/507
f 2824/3224/502 3003/3138/502 3011/3158/502
f 3003/3138/502 3002/3351/502 3010/3343/502
f 3002/3351/502 3001/3349/502 3009/3341/502
f 3000/3347/502 3008/3339/502 3009/3341/502
f 3223/3608/512 3241/3629/512 3237/3609/513
f 3225/3622/514 3224/3613/514 3229/3612/514
f 3224/3613/514 3226/3620/514 3228/3611/514
f 3226/3620/514 3227/3615/514 3228/3611/514
f 3234/3614/515 3228/3611/515 3227/3615/515
f 3232/3617/417 3226/3620/417 3224/3613/417
f 3235/3619/384 3229/3612/384 3228/3611/384
f 3233/3616/516 3227/3615/516 3226/3620/516
f 3231/3621/517 3230/3618/517 3224/3613/517
f 3231/3621/518 3225/3622/518 3229/3612/518
f 3219/3623/519 3230/3618/519 3231/3621/519
f 3220/3624/519 3232/3617/519 3230/3618/519
f 3220/3624/519 3221/3625/519 3233/3616/519
f 3221/3625/519 3222/3626/519 3234/3614/519
f 3222/3626/519 3223/3608/519 3235/3619/519
f 3218/3610/519 3231/3621/519 3235/3619/519
f 3221/3625/520 3239/3630/520 3240/3627/521
f 3219/3623/384 3236/3631/384 3238/3628/384
f 3222/3626/417 3240/3627/417 3241/3629/417
f 3221/3625/522 3220/3624/522 3238/3628/522
f 3218/3610/523 3237/3609/523 3236/3631/523
f 3247/3632/524 3265/3653/524 3261/3633/524
f 3249/3646/379 3248/3637/379 3253/3636/379
f 3248/3637/379 3250/3644/379 3252/3635/379
f 3250/3644/379 3251/3639/379 3252/3635/379
f 3257/3638/525 3258/3643/525 3252/3635/525
f 3256/3640/417 3250/3644/417 3248/3637/417
f 3259/3642/384 3253/3636/384 3252/3635/384
f 3257/3638/526 3251/3639/526 3250/3644/526
f 3255/3645/527 3254/3641/527 3248/3637/527
f 3255/3645/528 3249/3646/528 3253/3636/528
f 3243/3647/382 3254/3641/382 3255/3645/382
f 3244/3648/382 3256/3640/382 3254/3641/382
f 3244/3648/382 3245/3649/382 3257/3638/382
f 3245/3649/382 3246/3650/382 3258/3643/382
f 3247/3632/382 3259/3642/382 3258/3643/382
f 3242/3634/382 3255/3645/382 3259/3642/382
f 3245/3649/529 3263/3654/529 3264/3651/529
f 3243/3647/384 3260/3655/384 3262/3652/384
f 3246/3650/417 3264/3651/417 3265/3653/417
f 3244/3648/530 3262/3652/530 3263/3654/530
f 3242/3634/531 3261/3633/531 3260/3655/531
f 3271/3656/532 3289/3678/532 3285/3657/532
f 3273/3670/533 3272/3661/533 3277/3660/533
f 3272/3661/533 3274/3668/533 3276/3659/533
f 3274/3668/533 3275/3663/533 3276/3659/533
f 3281/3662/534 3282/3667/534 3276/3659/534
f 3280/3664/417 3274/3668/417 3272/3661/417
f 3283/3666/384 3277/3660/384 3276/3659/384
f 3280/3664/535 3281/3662/535 3275/3663/535
f 3279/3669/536 3278/3665/536 3272/3661/536
f 3279/3669/538 3273/3670/538 3277/3660/538
f 3267/3671/539 3278/3665/539 3279/3669/539
f 3268/3672/539 3280/3664/539 3278/3665/539
f 3268/3672/539 3269/3673/539 3281/3662/539
f 3269/3673/539 3270/3674/540 3282/3667/539
f 3270/3674/540 3271/3656/539 3283/3666/539
f 3266/3658/539 3279/3669/539 3283/3666/539
f 3270/3674/541 3269/3673/541 3287/3675/541
f 3267/3671/384 3284/3679/384 3286/3677/384
f 3270/3674/417 3288/3676/417 3289/3678/417
f 3268/3672/542 3286/3677/542 3287/3675/542
f 3267/3671/543 3266/3658/544 3285/3657/544
usemtl mat_black
f 3240/3627/519 3239/3630/519 3238/3628/519
f 3264/3651/382 3263/3654/382 3262/3652/382
f 3288/3676/539 3287/3675/540 3286/3677/539
f 3238/3628/519 3236/3631/519 3240/3627/519
f 3236/3631/519 3237/3609/519 3241/3629/519
f 3240/3627/519 3236/3631/519 3241/3629/519
f 3262/3652/382 3260/3655/382 3264/3651/382
f 3260/3655/382 3261/3633/382 3265/3653/382
f 3264/3651/382 3260/3655/382 3265/3653/382
f 3286/3677/539 3284/3679/539 3288/3676/539
f 3284/3679/539 3285/3657/540 3289/3678/540
f 3288/3676/539 3284/3679/539 3289/3678/540
o tower04_Cylinder.010
v -0.692841 0.146969 -0.832071
v -0.602003 1.703088 -1.264900
v -1.022262 0.146969 -0.641879
v -1.022263 1.703088 -1.507536
v -1.351684 0.146969 -0.832071
v -1.442522 1.703088 -1.264899
v -1.351684 0.146969 -1.212454
v -1.442522 1.703088 -0.779625
v -1.022263 0.146969 -1.402646
v -1.022262 1.703088 -0.536989
v -0.692841 0.146969 -1.212455
v -0.715615 2.054842 -1.199306
v -0.692841 1.225878 -0.832071
v -1.022262 1.225878 -0.641879
v -1.351684 1.225878 -0.832071
v -1.351684 1.225878 -1.212454
v -1.022263 1.225878 -1.402646
v -0.692841 1.225878 -1.212455
v -1.022263 2.054842 -1.376349
v -1.328910 2.054842 -1.199305
v -1.328910 2.054842 -0.845219
v -0.602003 1.703088 -0.779626
v -0.715615 2.054842 -0.845220
v -1.022262 2.054842 -0.668176
v -0.657161 1.604718 -0.811472
v -1.022262 1.604717 -0.600680
v -1.022262 1.287067 -0.600680
v -1.387363 1.604717 -0.811471
v -1.387363 1.287067 -0.811471
v -1.387364 1.604717 -1.233053
v -1.387364 1.287067 -1.233053
v -1.022263 1.604717 -1.443845
v -1.022263 1.287067 -1.443845
v -0.657162 1.604717 -1.233054
v -0.657162 1.287067 -1.233054
v -0.657162 1.287067 -0.811472
v -0.602003 2.001433 -0.779626
v -0.602003 2.001433 -1.264900
v -1.022263 2.001433 -1.507536
v -1.442522 2.001433 -1.264899
v -1.442522 2.001433 -0.779625
v -1.022262 2.001433 -0.536989
v -1.358470 1.703088 -1.313426
v -1.274418 1.703088 -1.361954
v -1.190367 1.703088 -1.410481
v -1.106315 1.703088 -1.459009
v -1.285800 0.146969 -1.250493
v -1.219916 0.146969 -1.288531
v -1.154032 0.146969 -1.326569
v -1.088147 0.146969 -1.364608
v -1.285800 1.225878 -1.250493
v -1.219916 1.225878 -1.288531
v -1.154032 1.225878 -1.326569
v -1.088147 1.225878 -1.364608
v -1.106315 2.001433 -1.459009
v -1.190367 2.001433 -1.410481
v -1.274418 2.001433 -1.361954
v -1.358470 2.001433 -1.313426
v -1.314343 1.287067 -1.275212
v -1.241323 1.287067 -1.317370
v -1.168303 1.287067 -1.359528
v -1.095283 1.287067 -1.401687
v -1.314343 1.604717 -1.275212
v -1.241323 1.604717 -1.317370
v -1.168303 1.604717 -1.359528
v -1.095283 1.604717 -1.401687
v -1.083592 2.054842 -1.340940
v -1.144922 2.054842 -1.305531
v -1.206251 2.054842 -1.270123
v -1.267581 2.054842 -1.234714
v -1.442522 1.703088 -0.876680
v -1.442522 1.703088 -0.973735
v -1.442522 1.703088 -1.070790
v -1.442522 1.703088 -1.167844
v -1.351684 0.146969 -0.908147
v -1.351684 0.146969 -0.984224
v -1.351684 0.146969 -1.060301
v -1.351684 0.146969 -1.136377
v -1.351684 1.225878 -0.908147
v -1.351684 1.225878 -0.984224
v -1.351684 1.225878 -1.060301
v -1.351684 1.225878 -1.136377
v -1.442522 2.001433 -1.167844
v -1.442522 2.001433 -1.070790
v -1.442522 2.001433 -0.973735
v -1.442522 2.001433 -0.876680
v -1.387363 1.287067 -0.895788
v -1.387363 1.287067 -0.980104
v -1.387363 1.287067 -1.064421
v -1.387364 1.287067 -1.148737
v -1.387363 1.604717 -0.895788
v -1.387363 1.604717 -0.980104
v -1.387363 1.604717 -1.064421
v -1.387364 1.604717 -1.148737
v -1.328910 2.054842 -1.128488
v -1.328910 2.054842 -1.057671
v -1.328910 2.054842 -0.986854
v -1.328910 2.054842 -0.916037
v -0.938211 1.703088 -1.459009
v -0.854159 1.703088 -1.410482
v -0.770107 1.703088 -1.361954
v -0.686055 1.703088 -1.313427
v -0.956378 0.146969 -1.364608
v -0.890494 0.146969 -1.326570
v -0.824610 0.146969 -1.288531
v -0.758725 0.146969 -1.250493
v -0.956378 1.225878 -1.364608
v -0.890494 1.225878 -1.326570
v -0.824610 1.225878 -1.288531
v -0.758725 1.225878 -1.250493
v -0.686055 2.001433 -1.313427
v -0.770107 2.001433 -1.361954
v -0.854159 2.001433 -1.410482
v -0.938211 2.001433 -1.459009
v -0.949243 1.287067 -1.401687
v -0.876222 1.287067 -1.359528
v -0.803202 1.287067 -1.317370
v -0.730182 1.287067 -1.275212
v -0.949243 1.604717 -1.401687
v -0.876222 1.604717 -1.359528
v -0.803202 1.604717 -1.317370
v -0.730182 1.604717 -1.275212
v -0.776945 2.054842 -1.234714
v -0.838274 2.054842 -1.270123
v -0.899604 2.054842 -1.305532
v -0.960933 2.054842 -1.340940
v -0.602003 1.703088 -1.167845
v -0.602003 1.703088 -1.070790
v -0.602003 1.703088 -0.973735
v -0.602003 1.703088 -0.876681
v -0.692841 0.146969 -1.136378
v -0.692841 0.146969 -1.060301
v -0.692841 0.146969 -0.984224
v -0.692841 0.146969 -0.908148
v -0.602003 2.001433 -0.876681
v -0.602003 2.001433 -0.973735
v -0.602003 2.001433 -1.070790
v -0.602003 2.001433 -1.167845
v -0.692841 1.225878 -1.136378
v -0.692841 1.225878 -1.060301
v -0.692841 1.225878 -0.984224
v -0.692841 1.225878 -0.908148
v -0.657162 1.287067 -1.148738
v -0.657162 1.287067 -1.064421
v -0.657162 1.287067 -0.980105
v -0.657162 1.287067 -0.895788
v -0.657162 1.604717 -1.148738
v -0.657162 1.604717 -1.064421
v -0.657162 1.604717 -0.980105
v -0.657162 1.604717 -0.895788
v -0.715615 2.054842 -0.916037
v -0.715615 2.054842 -0.986854
v -0.715615 2.054842 -1.057671
v -0.715615 2.054842 -1.128489
v -0.758725 0.146969 -0.794033
v -0.824609 0.146969 -0.755994
v -0.890494 0.146969 -0.717956
v -0.956378 0.146969 -0.679917
v -0.686055 1.703088 -0.731099
v -0.770107 1.703088 -0.682571
v -0.854159 1.703088 -0.634044
v -0.938210 1.703088 -0.585516
v -0.758725 1.225878 -0.794033
v -0.824609 1.225878 -0.755994
v -0.890494 1.225878 -0.717956
v -0.956378 1.225878 -0.679917
v -0.938210 2.001433 -0.585516
v -0.854159 2.001433 -0.634044
v -0.770107 2.001433 -0.682571
v -0.686055 2.001433 -0.731099
v -0.730182 1.287067 -0.769313
v -0.803202 1.287067 -0.727155
v -0.876222 1.287067 -0.684997
v -0.949242 1.287067 -0.642839
v -0.730182 1.604718 -0.769313
v -0.803202 1.604718 -0.727155
v -0.876222 1.604718 -0.684997
v -0.949242 1.604717 -0.642839
v -0.960933 2.054842 -0.703585
v -0.899603 2.054842 -0.738994
v -0.838274 2.054842 -0.774402
v -0.776944 2.054842 -0.809811
v -1.106314 1.703088 -0.585516
v -1.190366 1.703088 -0.634044
v -1.274418 1.703088 -0.682571
v -1.358470 1.703088 -0.731098
v -1.088147 0.146969 -0.679917
v -1.154031 0.146969 -0.717956
v -1.219916 0.146969 -0.755994
v -1.285800 0.146969 -0.794032
v -1.088147 1.225878 -0.679917
v -1.154031 1.225878 -0.717956
v -1.219916 1.225878 -0.755994
v -1.285800 1.225878 -0.794032
v -1.358470 2.001433 -0.731098
v -1.274418 2.001433 -0.682571
v -1.190366 2.001433 -0.634044
v -1.106314 2.001433 -0.585516
v -1.095283 1.287067 -0.642839
v -1.168303 1.287067 -0.684997
v -1.241323 1.287067 -0.727155
v -1.314343 1.287067 -0.769313
v -1.095283 1.604717 -0.642839
v -1.168303 1.604717 -0.684997
v -1.241323 1.604717 -0.727155
v -1.314343 1.604717 -0.769313
v -1.267580 2.054842 -0.809811
v -1.206251 2.054842 -0.774402
v -1.144921 2.054842 -0.738994
v -1.083592 2.054842 -0.703585
v -1.112276 2.187168 -1.439917
v -1.176273 2.187168 -1.402968
v -1.274958 2.187168 -1.345992
v -1.338956 2.187168 -1.309043
v -1.094975 2.187168 -1.350018
v -1.141671 2.187168 -1.323058
v -1.223055 2.187168 -1.276071
v -1.269752 2.187168 -1.249111
v -1.428969 2.187168 -1.153136
v -1.428969 2.187168 -1.079238
v -1.428969 2.187168 -0.965287
v -1.428968 2.187168 -0.891388
v -1.342463 2.187168 -1.123170
v -1.342463 2.187168 -1.069249
v -1.342463 2.187168 -0.975276
v -1.342463 2.187168 -0.921355
v -0.705570 2.187168 -1.309044
v -0.769567 2.187168 -1.345993
v -0.868252 2.187168 -1.402968
v -0.932250 2.187168 -1.439917
v -0.774774 2.187168 -1.249111
v -0.821471 2.187168 -1.276071
v -0.902854 2.187168 -1.323058
v -0.949551 2.187168 -1.350019
v -0.615556 2.187168 -0.891389
v -0.615556 2.187168 -0.965287
v -0.615557 2.187168 -1.079238
v -0.615557 2.187168 -1.153137
v -0.702062 2.187168 -0.921355
v -0.702062 2.187168 -0.975276
v -0.702062 2.187168 -1.069250
v -0.702062 2.187168 -1.123170
v -0.932249 2.187168 -0.604608
v -0.868252 2.187168 -0.641557
v -0.769567 2.187168 -0.698533
v -0.705569 2.187168 -0.735482
v -0.949551 2.187168 -0.694507
v -0.902854 2.187168 -0.721467
v -0.821470 2.187168 -0.768454
v -0.774773 2.187168 -0.795414
v -1.338956 2.187168 -0.735482
v -1.274958 2.187168 -0.698532
v -1.176273 2.187168 -0.641557
v -1.112275 2.187168 -0.604608
v -1.269751 2.187168 -0.795414
v -1.223055 2.187168 -0.768454
v -1.141671 2.187168 -0.721467
v -1.094974 2.187168 -0.694507
v -1.022262 0.208089 -0.641879
v -1.351684 0.208089 -0.832071
v -1.351684 0.208089 -1.212454
v -1.022263 0.208089 -1.402646
v -0.692841 0.208089 -1.212455
v -0.692841 0.208089 -0.832071
v -1.285800 0.208089 -1.250493
v -1.219916 0.208089 -1.288531
v -1.154032 0.208089 -1.326569
v -1.088147 0.208089 -1.364608
v -1.351684 0.208089 -0.908147
v -1.351684 0.208089 -0.984224
v -1.351684 0.208089 -1.060301
v -1.351684 0.208089 -1.136377
v -0.956378 0.208089 -1.364608
v -0.890494 0.208089 -1.326570
v -0.824610 0.208089 -1.288531
v -0.758725 0.208089 -1.250493
v -0.692841 0.208089 -1.136378
v -0.692841 0.208089 -1.060301
v -0.692841 0.208089 -0.984224
v -0.692841 0.208089 -0.908148
v -0.758725 0.208089 -0.794033
v -0.824609 0.208089 -0.755994
v -0.890494 0.208089 -0.717956
v -0.956378 0.208089 -0.679917
v -1.088147 0.208089 -0.679917
v -1.154031 0.208089 -0.717956
v -1.219916 0.208089 -0.755994
v -1.285800 0.208089 -0.794032
v -0.692841 0.816190 -0.832071
v -1.022262 0.816190 -0.641879
v -1.351684 0.816190 -0.832071
v -1.351684 0.816190 -1.212454
v -1.022263 0.816190 -1.402646
v -0.692841 0.816190 -1.212455
v -1.285800 0.816190 -1.250493
v -1.219916 0.816190 -1.288531
v -1.154032 0.816190 -1.326569
v -1.088147 0.816190 -1.364608
v -1.351684 0.816190 -0.908147
v -1.351684 0.816190 -0.984224
v -1.351684 0.816190 -1.060301
v -1.351684 0.816190 -1.136377
v -0.956378 0.816190 -1.364608
v -0.890494 0.816190 -1.326570
v -0.824610 0.816190 -1.288531
v -0.758725 0.816190 -1.250493
v -0.692841 0.816190 -1.136378
v -0.692841 0.816190 -1.060301
v -0.692841 0.816190 -0.984224
v -0.692841 0.816190 -0.908148
v -0.758725 0.816190 -0.794033
v -0.824609 0.816190 -0.755994
v -0.890494 0.816190 -0.717956
v -0.956378 0.816190 -0.679917
v -1.088147 0.816190 -0.679917
v -1.154031 0.816190 -0.717956
v -1.219916 0.816190 -0.755994
v -1.285800 0.816190 -0.794032
v -0.692841 0.864172 -0.832071
v -1.022262 0.864172 -0.641879
v -1.351684 0.864172 -0.832071
v -1.351684 0.864172 -1.212454
v -1.022263 0.864172 -1.402646
v -0.692841 0.864172 -1.212455
v -1.285800 0.864172 -1.250493
v -1.219916 0.864172 -1.288531
v -1.154032 0.864172 -1.326569
v -1.088147 0.864172 -1.364608
v -1.351684 0.864172 -0.908147
v -1.351684 0.864172 -0.984224
v -1.351684 0.864172 -1.060301
v -1.351684 0.864172 -1.136377
v -0.956378 0.864172 -1.364608
v -0.890494 0.864172 -1.326570
v -0.824610 0.864172 -1.288531
v -0.758725 0.864172 -1.250493
v -0.692841 0.864172 -1.136378
v -0.692841 0.864172 -1.060301
v -0.692841 0.864172 -0.984224
v -0.692841 0.864172 -0.908148
v -0.758725 0.864172 -0.794033
v -0.824609 0.864172 -0.755994
v -0.890494 0.864172 -0.717956
v -0.956378 0.864172 -0.679917
v -1.088147 0.864172 -0.679917
v -1.154031 0.864172 -0.717956
v -1.219916 0.864172 -0.755994
v -1.285800 0.864172 -0.794032
v -0.692841 1.063479 -0.832071
v -1.022262 1.063479 -0.641879
v -1.351684 1.063479 -0.832071
v -1.351684 1.063479 -1.212454
v -1.022263 1.063479 -1.402646
v -0.692841 1.063479 -1.212455
v -1.285800 1.063479 -1.250493
v -1.219916 1.063479 -1.288531
v -1.154032 1.063479 -1.326569
v -1.088147 1.063479 -1.364608
v -1.351684 1.063479 -0.908147
v -1.351684 1.063479 -0.984224
v -1.351684 1.063479 -1.060301
v -1.351684 1.063479 -1.136377
v -0.956378 1.063479 -1.364608
v -0.890494 1.063479 -1.326570
v -0.824610 1.063479 -1.288531
v -0.758725 1.063479 -1.250493
v -0.692841 1.063479 -1.136378
v -0.692841 1.063479 -1.060301
v -0.692841 1.063479 -0.984224
v -0.692841 1.063479 -0.908148
v -0.758725 1.063479 -0.794033
v -0.824609 1.063479 -0.755994
v -0.890494 1.063479 -0.717956
v -0.956378 1.063479 -0.679917
v -1.088147 1.063479 -0.679917
v -1.154031 1.063479 -0.717956
v -1.219916 1.063479 -0.755994
v -1.285800 1.063479 -0.794032
v -0.692841 1.139142 -0.832071
v -1.022262 1.139142 -0.641879
v -1.351684 1.139142 -0.832071
v -1.351684 1.139142 -1.212454
v -1.022263 1.139142 -1.402646
v -0.692841 1.139142 -1.212455
v -1.285800 1.139142 -1.250493
v -1.219916 1.139142 -1.288531
v -1.154032 1.139142 -1.326569
v -1.088147 1.139142 -1.364608
v -1.351684 1.139142 -0.908147
v -1.351684 1.139142 -0.984224
v -1.351684 1.139142 -1.060301
v -1.351684 1.139142 -1.136377
v -0.956378 1.139142 -1.364608
v -0.890494 1.139142 -1.326570
v -0.824610 1.139142 -1.288531
v -0.758725 1.139142 -1.250493
v -0.692841 1.139142 -1.136378
v -0.692841 1.139142 -1.060301
v -0.692841 1.139142 -0.984224
v -0.692841 1.139142 -0.908148
v -0.758725 1.139142 -0.794033
v -0.824609 1.139142 -0.755994
v -0.890494 1.139142 -0.717956
v -0.956378 1.139142 -0.679917
v -1.088147 1.139142 -0.679917
v -1.154031 1.139142 -0.717956
v -1.219916 1.139142 -0.755994
v -1.285800 1.139142 -0.794032
v -1.176358 0.904829 -1.359294
v -1.176332 0.814037 -1.359308
v -1.275568 0.814037 -1.306582
v -1.275542 0.904829 -1.306596
v -1.248631 0.957611 -1.320894
v -1.203269 0.957611 -1.344996
v -1.104399 0.783092 -1.289894
v -1.104435 0.913125 -1.289874
v -1.258306 0.783092 -1.208120
v -1.258269 0.913125 -1.208140
v -1.219811 0.988556 -1.228574
v -1.142894 0.988556 -1.269441
v -1.148996 0.783092 -1.373832
v -1.149033 0.913125 -1.373812
v -1.302903 0.783092 -1.292058
v -1.302867 0.913125 -1.292078
v -1.264408 0.988556 -1.312511
v -1.187491 0.988556 -1.353379
v -1.166113 0.814037 -1.340075
v -1.166139 0.904829 -1.340061
v -1.265349 0.814037 -1.287349
v -1.265323 0.904829 -1.287362
v -1.238412 0.957611 -1.301661
v -1.193050 0.957611 -1.325763
v -0.836300 0.904829 -1.335951
v -0.836275 0.814037 -1.335936
v -0.933593 0.814037 -1.392123
v -0.933568 0.904829 -1.392108
v -0.907177 0.957611 -1.376872
v -0.862691 0.957611 -1.351188
v -0.856993 0.783092 -1.238143
v -0.857029 0.913125 -1.238164
v -1.007926 0.783092 -1.325284
v -1.007890 0.913125 -1.325264
v -0.970174 0.988556 -1.303489
v -0.894744 0.988556 -1.259939
v -0.809468 0.783092 -1.320459
v -0.809504 0.913125 -1.320480
v -0.960401 0.783092 -1.407600
v -0.960365 0.913125 -1.407579
v -0.922650 0.988556 -1.385804
v -0.847219 0.988556 -1.342255
v -0.847165 0.814037 -1.317075
v -0.847190 0.904829 -1.317089
v -0.944483 0.814037 -1.373261
v -0.944458 0.904829 -1.373247
v -0.918067 0.957611 -1.358010
v -0.873581 0.957611 -1.332326
v -1.391644 0.904829 -1.091382
v -1.391644 0.814037 -1.091411
v -1.392195 0.814037 -0.979039
v -1.392194 0.904829 -0.979068
v -1.392045 0.957611 -1.009542
v -1.391793 0.957611 -1.060909
v -1.296443 0.783092 -1.121899
v -1.296443 0.913125 -1.121858
v -1.297297 0.783092 -0.947619
v -1.297297 0.913125 -0.947661
v -1.297084 0.988556 -0.991210
v -1.296657 0.988556 -1.078308
v -1.391492 0.783092 -1.122365
v -1.391492 0.913125 -1.122324
v -1.392346 0.783092 -0.948085
v -1.392346 0.913125 -0.948127
v -1.392133 0.988556 -0.991676
v -1.391706 0.988556 -1.078774
v -1.369865 0.814037 -1.091304
v -1.369865 0.904829 -1.091275
v -1.370415 0.814037 -0.978932
v -1.370415 0.904829 -0.978961
v -1.370266 0.957611 -1.009435
v -1.370014 0.957611 -1.060802
vt 0.033333 1.000000
vt -0.000000 0.910612
vt 0.033333 0.910612
vt 0.200000 1.000000
vt 0.166667 0.910612
vt 0.200000 0.910612
vt 0.366667 1.000000
vt 0.333333 0.910612
vt 0.366667 0.910612
vt 0.533333 1.000000
vt 0.500000 0.910612
vt 0.533333 0.910612
vt 0.700000 1.000000
vt 0.666667 0.910612
vt 0.700000 0.910612
vt 0.866667 0.910612
vt 0.833333 1.000000
vt 0.833333 0.910612
vt 0.957846 0.274000
vt 0.833138 0.058000
vt 0.625292 0.082000
vt 0.033333 0.829943
vt -0.000000 0.803418
vt 0.033333 0.803418
vt 0.200000 0.829943
vt 0.166667 0.803418
vt 0.200000 0.803418
vt 0.366667 0.829943
vt 0.333333 0.803418
vt 0.366667 0.803418
vt 0.533333 0.829943
vt 0.500000 0.803418
vt 0.533333 0.803418
vt 0.700000 0.829943
vt 0.666667 0.803418
vt 0.700000 0.803418
vt 0.866667 0.829943
vt 0.833333 0.803418
vt 0.866667 0.803418
vt 0.033333 0.910612
vt -0.000000 0.829943
vt 0.033333 0.829943
vt 0.200000 0.910612
vt 0.166667 0.829943
vt 0.200000 0.829943
vt 0.366667 0.910612
vt 0.333333 0.829943
vt 0.366667 0.829943
vt 0.533333 0.910612
vt 0.500000 0.829943
vt 0.533333 0.829943
vt 0.700000 0.910612
vt 0.666667 0.829943
vt 0.700000 0.829943
vt 0.866667 0.910612
vt 0.833333 0.829943
vt 0.866667 0.829943
vt 0.250000 0.425119
vt 0.208431 0.466000
vt 0.219669 0.407607
vt 0.098342 0.337559
vt 0.042154 0.322000
vt 0.098342 0.302536
vt 0.098342 0.162440
vt 0.083723 0.106000
vt 0.128674 0.144929
vt 0.250000 0.074881
vt 0.291569 0.034000
vt 0.280332 0.092393
vt 0.401658 0.162440
vt 0.457846 0.178000
vt 0.401658 0.197464
vt 0.401658 0.337559
vt 0.416277 0.394000
vt 0.371326 0.355071
vt 0.208431 0.034000
vt 0.250000 0.010000
vt 0.340995 0.372583
vt 0.340995 0.372583
vt 0.159005 0.127417
vt 0.166862 0.058000
vt 0.189337 0.109905
vt 0.733333 1.000000
vt 0.700000 1.000000
vt 0.500000 0.910612
vt 0.466667 0.829943
vt 0.466667 0.910612
vt 0.433333 0.829943
vt 0.433333 0.910612
vt 0.400000 0.829943
vt 0.400000 0.910612
vt 0.500000 0.829943
vt 0.466667 0.803418
vt 0.466667 0.829943
vt 0.433333 0.803418
vt 0.433333 0.829943
vt 0.400000 0.803418
vt 0.400000 0.829943
vt 0.466667 1.000000
vt 0.466667 0.910612
vt 0.433333 0.910612
vt 0.400000 1.000000
vt 0.400000 0.910612
vt 0.416277 0.106000
vt 0.457846 0.130000
vt 0.083723 0.106000
vt 0.128674 0.144929
vt 0.340995 0.127417
vt 0.333138 0.058000
vt 0.374708 0.082000
vt 0.066667 1.000000
vt 0.033333 1.000000
vt 0.666667 0.910612
vt 0.633333 0.829943
vt 0.633333 0.910612
vt 0.600000 0.829943
vt 0.600000 0.910612
vt 0.566667 0.829943
vt 0.566667 0.910612
vt 0.666667 0.829943
vt 0.633333 0.803418
vt 0.633333 0.829943
vt 0.600000 0.803418
vt 0.600000 0.829943
vt 0.566667 0.803418
vt 0.566667 0.829943
vt 0.666667 1.000000
vt 0.633333 0.910612
vt 0.633333 1.000000
vt 0.600000 0.910612
vt 0.600000 1.000000
vt 0.566667 0.910612
vt 0.566667 1.000000
vt 0.042154 0.178000
vt 0.042154 0.130000
vt 0.401658 0.232488
vt 0.401658 0.232488
vt 0.098342 0.267512
vt 0.042154 0.226000
vt 0.098342 0.232488
vt 0.125292 0.082000
vt 0.125292 0.082000
vt 0.333333 0.910612
vt 0.300000 0.829943
vt 0.300000 0.910612
vt 0.266667 0.829943
vt 0.266667 0.910612
vt 0.233333 0.829943
vt 0.233333 0.910612
vt 0.333333 0.829943
vt 0.300000 0.803418
vt 0.300000 0.829943
vt 0.266667 0.803418
vt 0.266667 0.829943
vt 0.233333 0.803418
vt 0.233333 0.829943
vt 0.333333 1.000000
vt 0.300000 0.910612
vt 0.300000 1.000000
vt 0.266667 0.910612
vt 0.266667 1.000000
vt 0.233333 0.910612
vt 0.233333 1.000000
vt 0.083723 0.394000
vt 0.042154 0.370000
vt 0.291569 0.034000
vt 0.280332 0.092393
vt 0.159005 0.372583
vt 0.166862 0.442000
vt 0.125292 0.418000
vt 0.166862 0.058000
vt 0.189337 0.109905
vt 0.166667 0.910612
vt 0.133333 0.829943
vt 0.133333 0.910612
vt 0.100000 0.829943
vt 0.100000 0.910612
vt 0.066667 0.829943
vt 0.066667 0.910612
vt 0.166667 0.829943
vt 0.133333 0.803418
vt 0.133333 0.829943
vt 0.100000 0.803418
vt 0.100000 0.829943
vt 0.066667 0.803418
vt 0.066667 0.829943
vt 0.166667 1.000000
vt 0.133333 0.910612
vt 0.133333 1.000000
vt 0.100000 0.910612
vt 0.100000 1.000000
vt 0.066667 0.910612
vt 0.291569 0.466000
vt 0.250000 0.490000
vt 0.433333 1.000000
vt 0.466667 1.000000
vt 0.433333 1.000000
vt 0.333138 0.442000
vt 0.310663 0.390095
vt 0.310663 0.109905
vt 0.333138 0.058000
vt 1.000000 0.910612
vt 0.966667 0.829943
vt 1.000000 0.829943
vt 0.966667 0.910612
vt 0.933333 0.829943
vt 0.933333 0.910612
vt 0.900000 0.829943
vt 0.900000 0.910612
vt 1.000000 0.829943
vt 0.966667 0.803418
vt 1.000000 0.803418
vt 0.966667 0.829943
vt 0.933333 0.803418
vt 0.933333 0.829943
vt 0.900000 0.803418
vt 0.900000 0.829943
vt 1.000000 1.000000
vt 0.966667 0.910612
vt 1.000000 0.910612
vt 0.966667 1.000000
vt 0.933333 0.910612
vt 0.933333 1.000000
vt 0.900000 0.910612
vt 0.900000 1.000000
vt 0.457846 0.322000
vt 0.457846 0.370000
vt 0.219668 0.092393
vt 0.208431 0.034000
vt 0.457846 0.274000
vt 0.401658 0.267512
vt 0.042154 0.322000
vt 0.098342 0.302536
vt 0.833333 0.910612
vt 0.800000 0.829943
vt 0.800000 0.910612
vt 0.766667 0.829943
vt 0.766667 0.910612
vt 0.733333 0.829943
vt 0.733333 0.910612
vt 0.833333 0.829943
vt 0.800000 0.803418
vt 0.800000 0.829943
vt 0.766667 0.803418
vt 0.766667 0.829943
vt 0.733333 0.803418
vt 0.733333 0.829943
vt 0.800000 0.910612
vt 0.800000 1.000000
vt 0.766667 0.910612
vt 0.766667 1.000000
vt 0.733333 0.910612
vt 0.219668 0.092393
vt 0.159005 0.127417
vt 0.371326 0.144929
vt 0.374708 0.082000
vt 0.416277 0.106000
vt 0.310663 0.109905
vt 0.098342 0.197464
vt 0.042154 0.226000
vt 0.042154 0.178000
vt 0.042154 0.274000
vt 0.098342 0.267512
vt 0.128674 0.355071
vt 0.125292 0.418000
vt 0.083723 0.394000
vt 0.219669 0.407607
vt 0.166862 0.442000
vt 0.189337 0.390095
vt 0.280332 0.407607
vt 0.333138 0.442000
vt 0.291569 0.466000
vt 0.371326 0.355071
vt 0.374708 0.418000
vt 0.401658 0.302536
vt 0.457846 0.274000
vt 0.457846 0.322000
vt 0.401658 0.197464
vt 0.457846 0.226000
vt 0.401658 0.302536
vt 0.401658 0.267512
vt 0.133333 1.000000
vt 0.100000 1.000000
vt 0.866667 1.000000
vt 0.866667 1.000000
vt 0.189337 0.390095
vt 0.800000 1.000000
vt 0.766667 1.000000
vt 0.280332 0.407607
vt 0.310663 0.390095
vt 0.457846 0.226000
vt 0.966667 1.000000
vt 0.933333 1.000000
vt 0.128674 0.355071
vt 0.159005 0.372583
vt 0.457846 0.178000
vt 0.200000 1.000000
vt 0.374708 0.418000
vt 0.098342 0.197464
vt 0.098342 0.232488
vt 0.416277 0.394000
vt 0.533333 1.000000
vt 0.300000 1.000000
vt 0.266667 1.000000
vt 0.371326 0.144929
vt 0.340995 0.127417
vt 0.208431 0.466000
vt 0.366667 1.000000
vt 0.042154 0.274000
vt 0.633333 1.000000
vt 0.600000 1.000000
vt 0.733333 0.704656
vt 0.700000 0.518691
vt 0.733333 0.518691
vt 0.766667 0.704656
vt 0.766667 0.518691
vt 0.800000 0.704656
vt 0.800000 0.518691
vt 0.833333 0.704656
vt 0.833333 0.518691
vt 0.900000 0.704656
vt 0.866667 0.518691
vt 0.900000 0.518691
vt 0.933333 0.704656
vt 0.933333 0.518691
vt 0.966667 0.704656
vt 0.966667 0.518691
vt 1.000000 0.704656
vt 1.000000 0.518691
vt 0.066667 0.704656
vt 0.033333 0.518691
vt 0.066667 0.518691
vt 0.100000 0.704656
vt 0.100000 0.518691
vt 0.133333 0.704656
vt 0.133333 0.518691
vt 0.166667 0.704656
vt 0.166667 0.518691
vt 0.233333 0.704656
vt 0.200000 0.518691
vt 0.233333 0.518691
vt 0.266667 0.704656
vt 0.266667 0.518691
vt 0.300000 0.704656
vt 0.300000 0.518691
vt 0.333333 0.704656
vt 0.333333 0.518691
vt 0.566667 0.704656
vt 0.533333 0.518691
vt 0.566667 0.518691
vt 0.600000 0.704656
vt 0.600000 0.518691
vt 0.633333 0.704656
vt 0.633333 0.518691
vt 0.666667 0.704656
vt 0.666667 0.518691
vt 0.400000 0.704656
vt 0.366667 0.518691
vt 0.400000 0.518691
vt 0.433333 0.704656
vt 0.433333 0.518691
vt 0.466667 0.704656
vt 0.466667 0.518691
vt 0.500000 0.704656
vt 0.500000 0.518691
vt 0.866667 0.704656
vt 0.700000 0.704656
vt 0.533333 0.704656
vt 0.366667 0.704656
vt 0.200000 0.704656
vt 0.033333 0.704656
vt -0.000000 0.518691
vt -0.000000 1.000000
vt 0.500000 1.000000
vt 0.708431 0.466000
vt 0.750000 0.490000
vt 0.791569 0.466000
vt 0.833138 0.442000
vt 0.666862 0.442000
vt 0.874708 0.418000
vt 0.542154 0.274000
vt 0.625292 0.418000
vt 0.583723 0.394000
vt 0.542154 0.322000
vt 0.542154 0.370000
vt 0.542154 0.178000
vt 0.542154 0.226000
vt 0.916277 0.394000
vt 0.957846 0.322000
vt 0.957846 0.370000
vt 0.583723 0.106000
vt 0.542154 0.130000
vt 0.708431 0.034000
vt 0.666862 0.058000
vt 0.791569 0.034000
vt 0.957846 0.226000
vt 0.874708 0.082000
vt 0.957846 0.178000
vt 0.916277 0.106000
vt 0.957846 0.130000
vt 0.750000 0.010000
vt -0.000000 0.829943
vt -0.000000 0.910612
vt 0.733333 1.000000
vt 0.066667 1.000000
vt 0.900000 1.000000
vt 0.233333 1.000000
vt 0.566667 1.000000
vt 0.400000 1.000000
vt -0.000000 0.704656
vt 0.733333 0.719329
vt 0.766667 0.719329
vt 0.800000 0.719329
vt 0.833333 0.719329
vt 0.900000 0.719329
vt 0.933333 0.719329
vt 0.966667 0.719329
vt 1.000000 0.719329
vt 0.066667 0.719329
vt 0.100000 0.719329
vt 0.133333 0.719329
vt 0.166667 0.719329
vt 0.233333 0.719329
vt 0.266667 0.719329
vt 0.300000 0.719329
vt 0.333333 0.719329
vt 0.566667 0.719329
vt 0.600000 0.719329
vt 0.633333 0.719329
vt 0.666667 0.719329
vt 0.400000 0.719329
vt 0.433333 0.719329
vt 0.466667 0.719329
vt 0.500000 0.719329
vt 0.866667 0.719329
vt 0.700000 0.719329
vt 0.533333 0.719329
vt 0.366667 0.719329
vt 0.200000 0.719329
vt 0.033333 0.719329
vt 0.700000 0.780280
vt 0.733333 0.780280
vt 0.766667 0.780280
vt 0.800000 0.780280
vt 0.833333 0.780280
vt 0.866667 0.780280
vt 0.900000 0.780280
vt 0.933333 0.780280
vt 0.966667 0.780280
vt 1.000000 0.780280
vt 0.033333 0.780280
vt 0.066667 0.780280
vt 0.100000 0.780280
vt 0.133333 0.780280
vt 0.166667 0.780280
vt 0.200000 0.780280
vt 0.233333 0.780280
vt 0.266667 0.780280
vt 0.300000 0.780280
vt 0.333333 0.780280
vt 0.533333 0.780280
vt 0.566667 0.780280
vt 0.600000 0.780280
vt 0.633333 0.780280
vt 0.666667 0.780280
vt 0.366667 0.780280
vt 0.400000 0.780280
vt 0.433333 0.780280
vt 0.466667 0.780280
vt 0.500000 0.780280
vt -0.000000 0.780280
vt -0.000000 0.719329
vt 0.700000 0.500000
vt 0.733333 0.500000
vt 0.766667 0.500000
vt 0.800000 0.500000
vt 0.833333 0.500000
vt 0.866667 0.500000
vt 0.900000 0.500000
vt 0.933333 0.500000
vt 0.966667 0.500000
vt 1.000000 0.500000
vt 0.033333 0.500000
vt 0.066667 0.500000
vt 0.100000 0.500000
vt 0.133333 0.500000
vt 0.166667 0.500000
vt 0.200000 0.500000
vt 0.233333 0.500000
vt 0.266667 0.500000
vt 0.300000 0.500000
vt 0.333333 0.500000
vt 0.533333 0.500000
vt 0.566667 0.500000
vt 0.600000 0.500000
vt 0.633333 0.500000
vt 0.666667 0.500000
vt 0.366667 0.500000
vt 0.400000 0.500000
vt 0.433333 0.500000
vt 0.466667 0.500000
vt 0.500000 0.500000
vt -0.000000 0.500000
vt 0.000000 0.000000
vt 0.000000 0.000000
vt 0.000000 0.000000
vt 0.000000 0.000000
vt 0.000000 0.000000
vt 0.000000 0.000000
vt 0.000000 0.000000
vt 0.000000 0.000000
vt 0.000000 0.000000
vt 0.000000 0.000000
vt 0.000000 0.000000
vt 0.000000 0.000000
vt 0.000000 0.000000
vt 0.000000 0.000000
vt 0.000000 0.000000
vt 0.000000 0.000000
vt 0.000000 0.000000
vt 0.000000 0.000000
vt 0.000000 0.000000
vt 0.000000 0.000000
vt 0.000000 0.000000
vt 0.000000 0.000000
vt 0.000000 0.000000
vt 0.000000 0.000000
vt 0.000000 0.000000
vt 0.000000 0.000000
vt 0.000000 0.000000
vt 0.000000 0.000000
vt 0.000000 0.000000
vt 0.000000 0.000000
vt 0.000000 0.000000
vt 0.000000 0.000000
vt 0.000000 0.000000
vt 0.000000 0.000000
vt 0.000000 0.000000
vt 0.000000 0.000000
vt 0.000000 0.000000
vt 0.000000 0.000000
vt 0.000000 0.000000
vt 0.000000 0.000000
vt 0.000000 0.000000
vt 0.000000 0.000000
vt 0.000000 0.000000
vt 0.000000 0.000000
vt 0.000000 0.000000
vt 0.000000 0.000000
vt 0.000000 0.000000
vt 0.000000 0.000000
vt 0.000000 0.000000
vt 0.000000 0.000000
vt 0.000000 0.000000
vt 0.000000 0.000000
vt 0.000000 0.000000
vt 0.000000 0.000000
vt 0.000000 0.000000
vt 0.000000 0.000000
vt 0.000000 0.000000
vt 0.000000 0.000000
vt 0.000000 0.000000
vt 0.000000 0.000000
vt 0.000000 0.000000
vt 0.000000 0.000000
vt 0.000000 0.000000
vt 0.000000 0.000000
vt 0.000000 0.000000
vt 0.000000 0.000000
vt 0.000000 0.000000
vt 0.000000 0.000000
vt 0.000000 0.000000
vt 0.000000 0.000000
vt 0.000000 0.000000
vt 0.000000 0.000000
vn 1.0000 0.0000 -0.0000
vn 0.5000 0.0000 -0.8660
vn -0.5000 0.0000 -0.8660
vn -1.0000 0.0000 0.0000
vn -0.5000 0.0000 0.8660
vn 0.5000 -0.0000 0.8660
vn 0.0000 -1.0000 -0.0000
vn 0.4254 0.9050 0.0000
vn 0.2127 0.9050 -0.3684
vn -0.2127 0.9050 -0.3684
vn -0.4254 0.9050 -0.0000
vn -0.2127 0.9050 0.3684
vn 0.2127 0.9050 0.3684
vn -0.4974 0.1019 -0.8615
vn -0.4987 0.0728 0.8637
vn 0.9770 0.0586 -0.2048
vn 0.9780 0.0631 -0.1991
vn 0.9795 0.0713 -0.1885
vn 0.9973 0.0728 -0.0000
vn 0.4974 0.1019 -0.8615
vn -0.9231 0.0609 0.3797
vn -0.9201 0.0663 0.3860
vn -0.9262 0.0552 0.3730
vn 0.3112 0.0586 -0.9485
vn 0.3166 0.0631 -0.9465
vn 0.3265 0.0713 -0.9425
vn 0.7904 0.0609 -0.6096
vn 0.7944 0.0663 -0.6038
vn 0.8007 0.0750 -0.5944
vn -0.4987 0.0728 -0.8637
vn -0.1327 0.0609 0.9893
vn -0.1257 0.0663 0.9898
vn -0.1401 0.0552 0.9886
vn -0.6659 0.0586 0.7437
vn -0.6614 0.0631 0.7474
vn -0.6714 0.0531 0.7392
vn 0.6659 0.0586 0.7437
vn 0.6614 0.0631 0.7474
vn 0.6530 0.0713 0.7540
vn 0.0000 1.0000 0.0000
vn 0.9770 0.0586 0.2048
vn 0.9780 0.0631 0.1991
vn 0.9759 0.0531 0.2118
vn 0.4987 0.0728 0.8637
vn -0.9948 0.1019 0.0000
vn -0.9231 0.0609 -0.3797
vn -0.9201 0.0663 -0.3860
vn -0.9151 0.0750 -0.3962
vn 0.6659 0.0586 -0.7437
vn 0.6614 0.0631 -0.7474
vn 0.6714 0.0531 -0.7392
vn -0.4974 0.1019 0.8615
vn 0.7904 0.0609 0.6096
vn 0.7944 0.0663 0.6038
vn 0.7861 0.0552 0.6156
vn -0.7904 0.0609 0.6096
vn -0.7944 0.0663 0.6038
vn -0.8007 0.0750 0.5944
vn -0.6659 0.0586 -0.7437
vn -0.6614 0.0631 -0.7474
vn -0.6530 0.0713 -0.7540
vn -0.3112 0.0586 -0.9485
vn -0.3166 0.0631 -0.9465
vn -0.3045 0.0531 -0.9510
vn 0.4987 0.0728 -0.8637
vn 0.9948 0.1019 0.0000
vn 0.9231 0.0609 -0.3797
vn 0.9201 0.0663 -0.3860
vn 0.9262 0.0552 -0.3730
vn 0.1327 0.0609 0.9893
vn 0.1257 0.0663 0.9898
vn 0.1144 0.0750 0.9906
vn -0.9770 0.0586 0.2048
vn -0.9780 0.0631 0.1991
vn -0.9795 0.0713 0.1885
vn -0.9770 0.0586 -0.2048
vn -0.9780 0.0631 -0.1991
vn -0.9759 0.0531 -0.2118
vn -0.9973 0.0728 0.0000
vn 0.4974 0.1019 0.8615
vn 0.1327 0.0609 -0.9893
vn 0.1257 0.0663 -0.9898
vn 0.1401 0.0552 -0.9886
vn 0.9231 0.0609 0.3797
vn 0.9201 0.0663 0.3860
vn 0.9151 0.0750 0.3962
vn -0.3112 0.0586 0.9485
vn -0.3166 0.0631 0.9465
vn -0.3265 0.0713 0.9425
vn 0.3112 0.0586 0.9485
vn 0.3166 0.0631 0.9465
vn 0.3045 0.0531 0.9510
vn -0.7904 0.0609 -0.6096
vn -0.7944 0.0663 -0.6038
vn -0.7861 0.0552 -0.6156
vn -0.1327 0.0609 -0.9893
vn -0.1257 0.0663 -0.9898
vn -0.1144 0.0750 -0.9906
vn 0.9759 0.0531 -0.2118
vn -0.9151 0.0750 0.3962
vn 0.3045 0.0531 -0.9510
vn 0.7861 0.0552 -0.6156
vn -0.1144 0.0750 0.9906
vn -0.6530 0.0713 0.7540
vn 0.6714 0.0531 0.7392
vn 0.9795 0.0713 0.1885
vn -0.9262 0.0552 -0.3730
vn 0.6530 0.0713 -0.7540
vn 0.8007 0.0750 0.5944
vn -0.7861 0.0552 0.6156
vn -0.6714 0.0531 -0.7392
vn -0.3265 0.0713 -0.9425
vn 0.9151 0.0750 -0.3962
vn 0.1401 0.0552 0.9886
vn -0.9759 0.0531 0.2118
vn -0.9795 0.0713 -0.1885
vn 0.1144 0.0750 -0.9906
vn 0.9262 0.0552 0.3730
vn -0.3045 0.0531 0.9510
vn 0.3265 0.0713 0.9425
vn -0.8007 0.0750 -0.5944
vn -0.1401 0.0552 -0.9886
vn 0.8639 -0.5037 -0.0000
vn -0.4319 -0.5037 -0.7481
vn -0.4319 -0.5037 0.7481
vn 0.4319 -0.5037 -0.7481
vn -0.8639 -0.5037 0.0000
vn 0.4319 -0.5037 0.7481
vn -0.4361 -0.4891 -0.7554
vn -0.4361 -0.4891 0.7554
vn 0.4361 -0.4891 -0.7554
vn -0.8722 -0.4891 0.0000
vn 0.4361 -0.4891 0.7554
vn 0.8722 -0.4891 -0.0000
vn 0.7648 0.5000 -0.4063
vn -0.4692 0.0000 -0.8831
vn 0.7648 -0.5000 -0.4063
vn 0.8831 -0.0003 -0.4692
vn -0.8831 -0.0003 0.4692
vn -0.7648 -0.5000 0.4063
vn 0.4692 0.0000 0.8831
vn -0.7648 0.5000 0.4063
vn -0.8831 0.0003 0.4692
vn 0.8831 0.0003 -0.4692
vn 0.7500 0.5000 0.4330
vn 0.7500 -0.5000 0.4330
vn 0.8660 -0.0003 0.5000
vn -0.8660 -0.0003 -0.5000
vn -0.7500 -0.5000 -0.4330
vn -0.7500 0.5000 -0.4330
vn -0.8660 0.0003 -0.5000
vn 0.8660 0.0003 0.5000
vn 0.0042 0.5000 -0.8660
vn -1.0000 0.0000 -0.0049
vn 0.0042 -0.5000 -0.8660
vn 0.0049 -0.0003 -1.0000
vn -0.0049 -0.0003 1.0000
vn -0.0042 -0.5000 0.8660
vn 1.0000 0.0000 0.0049
vn -0.0042 0.5000 0.8660
vn -0.0049 0.0003 1.0000
vn 0.0049 0.0003 -1.0000
usemtl mat_grey01
s 1
f 3424/3680/545 3311/3681/545 3419/3682/545
f 3400/3683/546 3291/3684/546 3391/3685/546
f 3344/3686/547 3293/3687/547 3335/3688/547
f 3372/3689/548 3295/3690/548 3363/3691/548
f 3484/3692/549 3297/3693/549 3475/3694/549
f 3451/3695/550 3331/3696/550 3299/3697/550
f 3477/3698/551 3366/3699/551 3338/3700/551
f 3431/3701/545 3668/3702/545 3689/3703/545
f 3399/3704/546 3673/3705/546 3685/3706/546
f 3343/3707/547 3672/3708/547 3677/3709/547
f 3371/3710/548 3671/3711/548 3681/3712/548
f 3483/3713/549 3670/3714/549 3697/3715/549
f 3455/3716/550 3669/3717/550 3693/3718/550
f 3439/3719/545 3325/3720/545 3435/3721/545
f 3411/3722/546 3324/3723/546 3407/3724/546
f 3355/3725/547 3322/3726/547 3351/3727/547
f 3383/3728/548 3320/3729/548 3379/3730/548
f 3495/3731/549 3318/3732/549 3491/3733/549
f 3467/3734/550 3316/3735/550 3463/3736/550
f 3312/3737/552 3424/3738/552 3440/3739/552
f 3301/3740/553 3400/3741/553 3412/3742/553
f 3308/3743/554 3344/3744/554 3356/3745/554
f 3309/3746/555 3372/3747/555 3384/3748/555
f 3310/3749/556 3484/3750/556 3496/3751/556
f 3313/3752/557 3456/3753/557 3468/3754/557
f 3309/3746/554 3347/3755/554 3329/3756/554
f 3468/3754/558 3537/3757/558 3469/3758/558
f 3357/3759/554 3346/3760/554 3358/3761/554
f 3485/3762/559 3540/3763/559 3484/3692/559
f 3319/3764/547 3348/3765/547 3320/3729/547
f 3352/3766/547 3349/3767/547 3348/3765/547
f 3353/3768/547 3350/3769/547 3349/3767/547
f 3354/3770/547 3351/3727/547 3350/3769/547
f 3305/3771/547 3674/3772/547 3671/3711/547
f 3340/3773/547 3675/3774/547 3674/3772/547
f 3341/3775/547 3676/3776/547 3675/3774/547
f 3342/3777/547 3677/3709/547 3676/3776/547
f 3295/3690/547 3347/3778/547 3332/3779/547
f 3347/3778/547 3333/3780/547 3332/3779/547
f 3333/3780/547 3345/3781/547 3334/3782/547
f 3345/3781/547 3335/3688/547 3334/3782/547
f 3310/3749/555 3375/3783/555 3330/3784/555
f 3356/3745/560 3500/3785/561 3504/3786/562
f 3386/3787/555 3373/3788/555 3374/3789/555
f 3425/3790/563 3524/3791/563 3424/3680/563
f 3317/3792/548 3376/3793/548 3318/3732/548
f 3380/3794/548 3377/3795/548 3376/3793/548
f 3381/3796/548 3378/3797/548 3377/3795/548
f 3382/3798/548 3379/3730/548 3378/3797/548
f 3304/3799/548 3678/3800/548 3670/3714/548
f 3368/3801/548 3679/3802/548 3678/3800/548
f 3369/3803/548 3680/3804/548 3679/3802/548
f 3370/3805/548 3681/3712/548 3680/3804/548
f 3330/3806/548 3360/3807/548 3297/3693/548
f 3375/3808/548 3361/3809/548 3360/3807/548
f 3374/3810/548 3362/3811/548 3361/3809/548
f 3373/3812/548 3363/3691/548 3362/3811/548
f 3308/3743/553 3403/3813/553 3328/3814/553
f 3496/3751/564 3545/3815/564 3497/3816/564
f 3413/3817/553 3402/3818/553 3414/3819/553
f 3357/3759/565 3501/3820/566 3345/3821/567
f 3321/3822/546 3404/3823/546 3322/3726/546
f 3408/3824/546 3405/3825/546 3404/3823/546
f 3409/3826/546 3406/3827/546 3405/3825/546
f 3410/3828/546 3407/3724/546 3406/3827/546
f 3306/3829/546 3682/3830/546 3672/3708/546
f 3396/3831/546 3683/3832/546 3682/3830/546
f 3397/3833/546 3684/3834/546 3683/3832/546
f 3398/3835/546 3685/3706/546 3684/3834/546
f 3328/3836/546 3388/3837/546 3293/3687/546
f 3403/3838/546 3389/3839/546 3388/3837/546
f 3402/3840/546 3390/3841/546 3389/3839/546
f 3401/3842/546 3391/3685/546 3390/3841/546
f 3301/3740/552 3427/3843/552 3327/3844/552
f 3384/3748/568 3508/3845/569 3512/3846/570
f 3442/3847/552 3425/3848/552 3426/3849/552
f 3358/3761/571 3502/3850/572 3506/3851/573
f 3323/3852/545 3432/3853/545 3324/3723/545
f 3436/3854/545 3433/3855/545 3432/3853/545
f 3437/3856/545 3434/3857/545 3433/3855/545
f 3438/3858/545 3435/3721/545 3434/3857/545
f 3307/3859/545 3686/3860/545 3673/3705/545
f 3428/3861/545 3687/3862/545 3686/3860/545
f 3429/3863/545 3688/3864/545 3687/3862/545
f 3430/3865/545 3689/3703/545 3688/3864/545
f 3327/3866/545 3416/3867/545 3291/3684/545
f 3427/3868/545 3417/3869/545 3416/3867/545
f 3426/3870/545 3418/3871/545 3417/3869/545
f 3425/3790/545 3419/3682/545 3418/3871/545
f 3312/3737/557 3459/3872/557 3326/3873/557
f 3346/3874/574 3503/3875/574 3502/3876/574
f 3469/3758/557 3458/3877/557 3470/3878/557
f 3385/3879/575 3509/3880/576 3373/3788/577
f 3314/3881/550 3460/3882/550 3325/3883/550
f 3464/3884/550 3461/3885/550 3460/3882/550
f 3465/3886/550 3462/3887/550 3461/3885/550
f 3466/3888/550 3463/3736/550 3462/3887/550
f 3302/3889/550 3690/3890/550 3668/3891/550
f 3452/3892/550 3691/3893/550 3690/3890/550
f 3453/3894/550 3692/3895/550 3691/3893/550
f 3454/3896/550 3693/3718/550 3692/3895/550
f 3326/3897/550 3448/3898/550 3311/3899/550
f 3459/3900/550 3449/3901/550 3448/3898/550
f 3458/3902/550 3450/3903/550 3449/3901/550
f 3457/3904/550 3451/3695/550 3450/3903/550
f 3313/3752/556 3487/3905/556 3331/3906/556
f 3359/3907/578 3503/3908/579 3347/3755/580
f 3497/3816/556 3486/3909/556 3498/3910/556
f 3412/3742/581 3516/3911/582 3520/3912/583
f 3315/3913/549 3488/3914/549 3316/3735/549
f 3492/3915/549 3489/3916/549 3488/3914/549
f 3493/3917/549 3490/3918/549 3489/3916/549
f 3494/3919/549 3491/3733/549 3490/3918/549
f 3303/3920/549 3694/3921/549 3669/3717/549
f 3480/3922/549 3695/3923/549 3694/3921/549
f 3481/3924/549 3696/3925/549 3695/3923/549
f 3482/3926/549 3697/3715/549 3696/3925/549
f 3331/3696/549 3472/3927/549 3299/3697/549
f 3487/3928/549 3473/3929/549 3472/3927/549
f 3486/3930/549 3474/3931/549 3473/3929/549
f 3485/3762/549 3475/3694/549 3474/3931/549
f 3507/3932/584 3502/3850/584 3503/3908/584
f 3504/3786/584 3501/3820/584 3505/3933/584
f 3515/3934/584 3510/3935/584 3511/3936/584
f 3512/3846/584 3509/3880/584 3513/3937/584
f 3523/3938/584 3518/3939/584 3519/3940/584
f 3520/3912/584 3517/3941/584 3521/3942/584
f 3531/3943/584 3526/3944/584 3527/3945/584
f 3528/3946/584 3525/3947/584 3529/3948/584
f 3539/3949/584 3534/3950/584 3535/3951/584
f 3536/3952/584 3533/3953/584 3537/3757/584
f 3547/3954/584 3542/3955/584 3543/3956/584
f 3544/3957/584 3541/3958/584 3545/3815/584
f 3499/3959/564 3546/3960/564 3547/3954/564
f 3426/3870/563 3527/3961/563 3526/3962/563
f 3499/3959/585 3543/3956/586 3487/3905/587
f 3457/3904/588 3532/3963/588 3456/3964/588
f 3440/3739/589 3529/3948/589 3441/3965/589
f 3486/3930/559 3543/3966/559 3542/3967/559
f 3471/3968/558 3538/3969/558 3539/3949/558
f 3498/3910/590 3542/3955/591 3546/3960/592
f 3471/3968/593 3535/3951/594 3459/3872/595
f 3412/3742/596 3521/3942/596 3413/3817/596
f 3497/3816/597 3541/3958/598 3485/3970/599
f 3458/3902/588 3535/3971/588 3534/3972/588
f 3443/3973/589 3530/3974/589 3531/3943/589
f 3470/3878/600 3534/3950/601 3538/3969/602
f 3496/3751/603 3540/3975/604 3544/3957/605
f 3443/3973/606 3527/3945/607 3427/3843/608
f 3401/3842/609 3516/3976/609 3400/3683/609
f 3384/3748/610 3513/3937/610 3385/3879/610
f 3469/3758/611 3533/3953/612 3457/3977/613
f 3415/3978/596 3522/3979/596 3523/3938/596
f 3442/3847/614 3526/3944/615 3530/3974/616
f 3468/3754/617 3532/3980/618 3536/3952/619
f 3415/3978/620 3519/3940/621 3403/3813/622
f 3373/3812/623 3508/3981/623 3372/3689/623
f 3356/3745/624 3505/3933/624 3357/3759/624
f 3441/3965/625 3525/3947/626 3425/3848/627
f 3402/3840/609 3519/3982/609 3518/3983/609
f 3387/3984/610 3514/3985/610 3515/3934/610
f 3414/3819/628 3518/3939/629 3522/3979/630
f 3440/3739/631 3524/3986/632 3528/3946/633
f 3387/3984/634 3511/3936/635 3375/3783/636
f 3345/3781/574 3500/3987/574 3344/3686/574
f 3413/3817/637 3517/3941/638 3401/3988/639
f 3374/3810/623 3511/3989/623 3510/3990/623
f 3359/3907/624 3506/3851/624 3507/3932/624
f 3386/3787/640 3510/3935/641 3514/3985/642
f 3606/3991/549 3577/3992/549 3576/3993/549
f 3605/3994/549 3576/3993/549 3575/3995/549
f 3604/3996/549 3575/3995/549 3574/3997/549
f 3579/3998/549 3574/3997/549 3548/3999/549
f 3602/4000/550 3573/4001/550 3572/4002/550
f 3601/4003/550 3572/4002/550 3571/4004/550
f 3600/4005/550 3571/4004/550 3570/4006/550
f 3578/4007/550 3570/4006/550 3553/4008/550
f 3598/4009/545 3569/4010/545 3568/4011/545
f 3597/4012/545 3568/4011/545 3567/4013/545
f 3596/4014/545 3567/4013/545 3566/4015/545
f 3583/4016/545 3566/4015/545 3552/4017/545
f 3594/4018/546 3565/4019/546 3564/4020/546
f 3593/4021/546 3564/4020/546 3563/4022/546
f 3592/4023/546 3563/4022/546 3562/4024/546
f 3582/4025/546 3562/4024/546 3551/4026/546
f 3590/4027/548 3561/4028/548 3560/4029/548
f 3589/4030/548 3560/4029/548 3559/4031/548
f 3588/4032/548 3559/4031/548 3558/4033/548
f 3580/4034/548 3558/4033/548 3549/4035/548
f 3586/4036/547 3557/4037/547 3556/4038/547
f 3585/4039/547 3556/4038/547 3555/4040/547
f 3584/4041/547 3555/4040/547 3554/4042/547
f 3581/4043/547 3554/4042/547 3550/4044/547
f 3603/4045/550 3548/3999/550 3573/4001/550
f 3607/4046/549 3549/4035/549 3577/3992/549
f 3591/4047/548 3550/4044/548 3561/4028/548
f 3587/4048/547 3551/4026/547 3557/4037/547
f 3595/4049/546 3552/4017/546 3565/4019/546
f 3599/4050/545 3553/4051/545 3569/4010/545
f 3424/3680/545 3326/4052/545 3311/3681/545
f 3400/3683/546 3327/3866/546 3291/3684/546
f 3344/3686/547 3328/3836/547 3293/3687/547
f 3372/3689/548 3329/4053/548 3295/3690/548
f 3484/3692/549 3330/3806/549 3297/3693/549
f 3451/3695/550 3456/3964/550 3331/3696/550
f 3423/4054/551 3290/4055/551 3444/4056/551
f 3444/4056/551 3445/4057/551 3422/4058/551
f 3445/4057/551 3446/4059/551 3394/4060/551
f 3421/4061/551 3394/4060/551 3420/4062/551
f 3422/4058/551 3423/4054/551 3444/4056/551
f 3421/4061/551 3422/4058/551 3445/4057/551
f 3395/4063/551 3300/4064/551 3420/4062/551
f 3392/4065/551 3393/4066/551 3338/3700/551
f 3393/4066/551 3394/4060/551 3446/4059/551
f 3394/4060/551 3395/4063/551 3420/4062/551
f 3421/4061/551 3445/4057/551 3394/4060/551
f 3446/4059/551 3447/4067/551 3476/4068/551
f 3447/4067/551 3292/4069/551 3476/4068/551
f 3339/4070/551 3298/4071/551 3392/4065/551
f 3336/4072/551 3337/4073/551 3367/4074/551
f 3337/4073/551 3338/3700/551 3366/3699/551
f 3367/4074/551 3337/4073/551 3366/3699/551
f 3338/3700/551 3339/4070/551 3392/4065/551
f 3393/4066/551 3446/4059/551 3338/3700/551
f 3477/3698/551 3478/4075/551 3365/4076/551
f 3478/4075/551 3479/4077/551 3364/4078/551
f 3364/4078/551 3479/4077/551 3294/4079/551
f 3446/4059/551 3476/4068/551 3477/3698/551
f 3296/4080/551 3336/4072/551 3367/4074/551
f 3365/4076/551 3366/3699/551 3477/3698/551
f 3338/3700/551 3446/4059/551 3477/3698/551
f 3364/4078/551 3365/4076/551 3478/4075/551
f 3431/3701/545 3302/4081/545 3668/3702/545
f 3399/3704/546 3307/3859/546 3673/3705/546
f 3343/3707/547 3306/3829/547 3672/3708/547
f 3371/3710/548 3305/3771/548 3671/3711/548
f 3483/3713/549 3304/3799/549 3670/3714/549
f 3455/3716/550 3303/3920/550 3669/3717/550
f 3439/3719/545 3314/4082/545 3325/3720/545
f 3411/3722/546 3323/3852/546 3324/3723/546
f 3355/3725/547 3321/3822/547 3322/3726/547
f 3383/3728/548 3319/3764/548 3320/3729/548
f 3495/3731/549 3317/3792/549 3318/3732/549
f 3467/3734/550 3315/3913/550 3316/3735/550
f 3312/3737/552 3326/3873/552 3424/3738/552
f 3301/3740/553 3327/3844/553 3400/3741/553
f 3308/3743/554 3328/3814/554 3344/3744/554
f 3309/3746/555 3329/3756/555 3372/3747/555
f 3310/3749/556 3330/3784/556 3484/3750/556
f 3313/3752/557 3331/3906/557 3456/3753/557
f 3309/3746/554 3359/3907/554 3347/3755/554
f 3468/3754/558 3536/3952/558 3537/3757/558
f 3357/3759/554 3345/3821/554 3346/3760/554
f 3485/3762/559 3541/4083/559 3540/3763/559
f 3319/3764/547 3352/3766/547 3348/3765/547
f 3352/3766/547 3353/3768/547 3349/3767/547
f 3353/3768/547 3354/3770/547 3350/3769/547
f 3354/3770/547 3355/3725/547 3351/3727/547
f 3305/3771/547 3340/3773/547 3674/3772/547
f 3340/3773/547 3341/3775/547 3675/3774/547
f 3341/3775/547 3342/3777/547 3676/3776/547
f 3342/3777/547 3343/3707/547 3677/3709/547
f 3295/3690/547 3329/4053/547 3347/3778/547
f 3347/3778/547 3346/3874/547 3333/3780/547
f 3333/3780/547 3346/3874/547 3345/3781/547
f 3345/3781/547 3344/3686/547 3335/3688/547
f 3310/3749/555 3387/3984/555 3375/3783/555
f 3356/3745/560 3344/3744/643 3500/3785/561
f 3386/3787/555 3385/3879/555 3373/3788/555
f 3425/3790/563 3525/4084/563 3524/3791/563
f 3317/3792/548 3380/3794/548 3376/3793/548
f 3380/3794/548 3381/3796/548 3377/3795/548
f 3381/3796/548 3382/3798/548 3378/3797/548
f 3382/3798/548 3383/3728/548 3379/3730/548
f 3304/3799/548 3368/3801/548 3678/3800/548
f 3368/3801/548 3369/3803/548 3679/3802/548
f 3369/3803/548 3370/3805/548 3680/3804/548
f 3370/3805/548 3371/3710/548 3681/3712/548
f 3330/3806/548 3375/3808/548 3360/3807/548
f 3375/3808/548 3374/3810/548 3361/3809/548
f 3374/3810/548 3373/3812/548 3362/3811/548
f 3373/3812/548 3372/3689/548 3363/3691/548
f 3308/3743/553 3415/3978/553 3403/3813/553
f 3496/3751/564 3544/3957/564 3545/3815/564
f 3413/3817/553 3401/3988/553 3402/3818/553
f 3357/3759/565 3505/3933/644 3501/3820/566
f 3321/3822/546 3408/3824/546 3404/3823/546
f 3408/3824/546 3409/3826/546 3405/3825/546
f 3409/3826/546 3410/3828/546 3406/3827/546
f 3410/3828/546 3411/3722/546 3407/3724/546
f 3306/3829/546 3396/3831/546 3682/3830/546
f 3396/3831/546 3397/3833/546 3683/3832/546
f 3397/3833/546 3398/3835/546 3684/3834/546
f 3398/3835/546 3399/3704/546 3685/3706/546
f 3328/3836/546 3403/3838/546 3388/3837/546
f 3403/3838/546 3402/3840/546 3389/3839/546
f 3402/3840/546 3401/3842/546 3390/3841/546
f 3401/3842/546 3400/3683/546 3391/3685/546
f 3301/3740/552 3443/3973/552 3427/3843/552
f 3384/3748/568 3372/3747/645 3508/3845/569
f 3442/3847/552 3441/3965/552 3425/3848/552
f 3358/3761/571 3346/3760/646 3502/3850/572
f 3323/3852/545 3436/3854/545 3432/3853/545
f 3436/3854/545 3437/3856/545 3433/3855/545
f 3437/3856/545 3438/3858/545 3434/3857/545
f 3438/3858/545 3439/3719/545 3435/3721/545
f 3307/3859/545 3428/3861/545 3686/3860/545
f 3428/3861/545 3429/3863/545 3687/3862/545
f 3429/3863/545 3430/3865/545 3688/3864/545
f 3430/3865/545 3431/3701/545 3689/3703/545
f 3327/3866/545 3427/3868/545 3416/3867/545
f 3427/3868/545 3426/3870/545 3417/3869/545
f 3426/3870/545 3425/3790/545 3418/3871/545
f 3425/3790/545 3424/3680/545 3419/3682/545
f 3312/3737/557 3471/3968/557 3459/3872/557
f 3346/3874/574 3347/3778/574 3503/3875/574
f 3469/3758/557 3457/3977/557 3458/3877/557
f 3385/3879/575 3513/3937/647 3509/3880/576
f 3314/3881/550 3464/3884/550 3460/3882/550
f 3464/3884/550 3465/3886/550 3461/3885/550
f 3465/3886/550 3466/3888/550 3462/3887/550
f 3466/3888/550 3467/3734/550 3463/3736/550
f 3302/3889/550 3452/3892/550 3690/3890/550
f 3452/3892/550 3453/3894/550 3691/3893/550
f 3453/3894/550 3454/3896/550 3692/3895/550
f 3454/3896/550 3455/3716/550 3693/3718/550
f 3326/3897/550 3459/3900/550 3448/3898/550
f 3459/3900/550 3458/3902/550 3449/3901/550
f 3458/3902/550 3457/3904/550 3450/3903/550
f 3457/3904/550 3456/3964/550 3451/3695/550
f 3313/3752/556 3499/3959/556 3487/3905/556
f 3359/3907/578 3507/3932/648 3503/3908/579
f 3497/3816/556 3485/3970/556 3486/3909/556
f 3412/3742/581 3400/3741/649 3516/3911/582
f 3315/3913/549 3492/3915/549 3488/3914/549
f 3492/3915/549 3493/3917/549 3489/3916/549
f 3493/3917/549 3494/3919/549 3490/3918/549
f 3494/3919/549 3495/3731/549 3491/3733/549
f 3303/3920/549 3480/3922/549 3694/3921/549
f 3480/3922/549 3481/3924/549 3695/3923/549
f 3481/3924/549 3482/3926/549 3696/3925/549
f 3482/3926/549 3483/3713/549 3697/3715/549
f 3331/3696/549 3487/3928/549 3472/3927/549
f 3487/3928/549 3486/3930/549 3473/3929/549
f 3486/3930/549 3485/3762/549 3474/3931/549
f 3485/3762/549 3484/3692/549 3475/3694/549
f 3507/3932/584 3506/3851/584 3502/3850/584
f 3504/3786/584 3500/3785/584 3501/3820/584
f 3515/3934/584 3514/3985/584 3510/3935/584
f 3512/3846/584 3508/3845/584 3509/3880/584
f 3523/3938/584 3522/3979/584 3518/3939/584
f 3520/3912/584 3516/3911/584 3517/3941/584
f 3531/3943/584 3530/3974/584 3526/3944/584
f 3528/3946/584 3524/3986/584 3525/3947/584
f 3539/3949/584 3538/3969/584 3534/3950/584
f 3536/3952/584 3532/3980/584 3533/3953/584
f 3547/3954/584 3546/3960/584 3542/3955/584
f 3544/3957/584 3540/3975/584 3541/3958/584
f 3499/3959/564 3498/3910/564 3546/3960/564
f 3426/3870/563 3427/3868/563 3527/3961/563
f 3499/3959/585 3547/3954/650 3543/3956/586
f 3457/3904/588 3533/4085/588 3532/3963/588
f 3440/3739/589 3528/3946/589 3529/3948/589
f 3486/3930/559 3487/3928/559 3543/3966/559
f 3471/3968/558 3470/3878/558 3538/3969/558
f 3498/3910/590 3486/3909/651 3542/3955/591
f 3471/3968/593 3539/3949/652 3535/3951/594
f 3412/3742/596 3520/3912/596 3521/3942/596
f 3497/3816/597 3545/3815/653 3541/3958/598
f 3458/3902/588 3459/3900/588 3535/3971/588
f 3443/3973/589 3442/3847/589 3530/3974/589
f 3470/3878/600 3458/3877/654 3534/3950/601
f 3496/3751/603 3484/3750/655 3540/3975/604
f 3443/3973/606 3531/3943/656 3527/3945/607
f 3401/3842/609 3517/4086/609 3516/3976/609
f 3384/3748/610 3512/3846/610 3513/3937/610
f 3469/3758/611 3537/3757/657 3533/3953/612
f 3415/3978/596 3414/3819/596 3522/3979/596
f 3442/3847/614 3426/3849/658 3526/3944/615
f 3468/3754/617 3456/3753/659 3532/3980/618
f 3415/3978/620 3523/3938/660 3519/3940/621
f 3373/3812/623 3509/4087/623 3508/3981/623
f 3356/3745/624 3504/3786/624 3505/3933/624
f 3441/3965/625 3529/3948/661 3525/3947/626
f 3402/3840/609 3403/3838/609 3519/3982/609
f 3387/3984/610 3386/3787/610 3514/3985/610
f 3414/3819/628 3402/3818/662 3518/3939/629
f 3440/3739/631 3424/3738/663 3524/3986/632
f 3387/3984/634 3515/3934/664 3511/3936/635
f 3345/3781/574 3501/4088/574 3500/3987/574
f 3413/3817/637 3521/3942/665 3517/3941/638
f 3374/3810/623 3375/3808/623 3511/3989/623
f 3359/3907/624 3358/3761/624 3506/3851/624
f 3386/3787/640 3374/3789/666 3510/3935/641
f 3606/3991/549 3607/4046/549 3577/3992/549
f 3605/3994/549 3606/3991/549 3576/3993/549
f 3604/3996/549 3605/3994/549 3575/3995/549
f 3579/3998/549 3604/3996/549 3574/3997/549
f 3602/4000/550 3603/4045/550 3573/4001/550
f 3601/4003/550 3602/4000/550 3572/4002/550
f 3600/4005/550 3601/4003/550 3571/4004/550
f 3578/4007/550 3600/4005/550 3570/4006/550
f 3598/4009/545 3599/4050/545 3569/4010/545
f 3597/4012/545 3598/4009/545 3568/4011/545
f 3596/4014/545 3597/4012/545 3567/4013/545
f 3583/4016/545 3596/4014/545 3566/4015/545
f 3594/4018/546 3595/4049/546 3565/4019/546
f 3593/4021/546 3594/4018/546 3564/4020/546
f 3592/4023/546 3593/4021/546 3563/4022/546
f 3582/4025/546 3592/4023/546 3562/4024/546
f 3590/4027/548 3591/4047/548 3561/4028/548
f 3589/4030/548 3590/4027/548 3560/4029/548
f 3588/4032/548 3589/4030/548 3559/4031/548
f 3580/4034/548 3588/4032/548 3558/4033/548
f 3586/4036/547 3587/4048/547 3557/4037/547
f 3585/4039/547 3586/4036/547 3556/4038/547
f 3584/4041/547 3585/4039/547 3555/4040/547
f 3581/4043/547 3584/4041/547 3554/4042/547
f 3603/4045/550 3579/3998/550 3548/3999/550
f 3607/4046/549 3580/4034/549 3549/4035/549
f 3591/4047/548 3581/4043/548 3550/4044/548
f 3587/4048/547 3582/4025/547 3551/4026/547
f 3595/4049/546 3583/4016/546 3552/4017/546
f 3599/4050/545 3578/4089/545 3553/4051/545
usemtl mat_brown01
f 3636/4090/549 3607/4046/549 3606/3991/549
f 3635/4091/549 3606/3991/549 3605/3994/549
f 3634/4092/549 3605/3994/549 3604/3996/549
f 3609/4093/549 3604/3996/549 3579/3998/549
f 3632/4094/550 3603/4045/550 3602/4000/550
f 3631/4095/550 3602/4000/550 3601/4003/550
f 3630/4096/550 3601/4003/550 3600/4005/550
f 3608/4097/550 3600/4005/550 3578/4007/550
f 3628/4098/545 3599/4050/545 3598/4009/545
f 3627/4099/545 3598/4009/545 3597/4012/545
f 3626/4100/545 3597/4012/545 3596/4014/545
f 3613/4101/545 3596/4014/545 3583/4016/545
f 3624/4102/546 3595/4049/546 3594/4018/546
f 3623/4103/546 3594/4018/546 3593/4021/546
f 3622/4104/546 3593/4021/546 3592/4023/546
f 3612/4105/546 3592/4023/546 3582/4025/546
f 3620/4106/548 3591/4047/548 3590/4027/548
f 3619/4107/548 3590/4027/548 3589/4030/548
f 3618/4108/548 3589/4030/548 3588/4032/548
f 3610/4109/548 3588/4032/548 3580/4034/548
f 3616/4110/547 3587/4048/547 3586/4036/547
f 3615/4111/547 3586/4036/547 3585/4039/547
f 3614/4112/547 3585/4039/547 3584/4041/547
f 3611/4113/547 3584/4041/547 3581/4043/547
f 3633/4114/550 3579/3998/550 3603/4045/550
f 3637/4115/549 3580/4034/549 3607/4046/549
f 3621/4116/548 3581/4043/548 3591/4047/548
f 3617/4117/547 3582/4025/547 3587/4048/547
f 3625/4118/546 3583/4016/546 3595/4049/546
f 3629/4119/545 3578/4089/545 3599/4050/545
f 3696/3925/549 3667/4120/549 3666/4121/549
f 3695/3923/549 3666/4121/549 3665/4122/549
f 3694/3921/549 3665/4122/549 3664/4123/549
f 3669/3717/549 3664/4123/549 3639/4124/549
f 3692/3895/550 3663/4125/550 3662/4126/550
f 3691/3893/550 3662/4126/550 3661/4127/550
f 3690/3890/550 3661/4127/550 3660/4128/550
f 3668/3891/550 3660/4128/550 3638/4129/550
f 3688/3864/545 3659/4130/545 3658/4131/545
f 3687/3862/545 3658/4131/545 3657/4132/545
f 3686/3860/545 3657/4132/545 3656/4133/545
f 3673/3705/545 3656/4133/545 3643/4134/545
f 3684/3834/546 3655/4135/546 3654/4136/546
f 3683/3832/546 3654/4136/546 3653/4137/546
f 3682/3830/546 3653/4137/546 3652/4138/546
f 3672/3708/546 3652/4138/546 3642/4139/546
f 3680/3804/548 3651/4140/548 3650/4141/548
f 3679/3802/548 3650/4141/548 3649/4142/548
f 3678/3800/548 3649/4142/548 3648/4143/548
f 3670/3714/548 3648/4143/548 3640/4144/548
f 3676/3776/547 3647/4145/547 3646/4146/547
f 3675/3774/547 3646/4146/547 3645/4147/547
f 3674/3772/547 3645/4147/547 3644/4148/547
f 3671/3711/547 3644/4148/547 3641/4149/547
f 3693/3718/550 3639/4124/550 3663/4125/550
f 3697/3715/549 3640/4144/549 3667/4120/549
f 3681/3712/548 3641/4149/548 3651/4140/548
f 3677/3709/547 3642/4139/547 3647/4145/547
f 3685/3706/546 3643/4134/546 3655/4135/546
f 3689/3703/545 3638/4150/545 3659/4130/545
f 3636/4090/549 3637/4115/549 3607/4046/549
f 3635/4091/549 3636/4090/549 3606/3991/549
f 3634/4092/549 3635/4091/549 3605/3994/549
f 3609/4093/549 3634/4092/549 3604/3996/549
f 3632/4094/550 3633/4114/550 3603/4045/550
f 3631/4095/550 3632/4094/550 3602/4000/550
f 3630/4096/550 3631/4095/550 3601/4003/550
f 3608/4097/550 3630/4096/550 3600/4005/550
f 3628/4098/545 3629/4119/545 3599/4050/545
f 3627/4099/545 3628/4098/545 3598/4009/545
f 3626/4100/545 3627/4099/545 3597/4012/545
f 3613/4101/545 3626/4100/545 3596/4014/545
f 3624/4102/546 3625/4118/546 3595/4049/546
f 3623/4103/546 3624/4102/546 3594/4018/546
f 3622/4104/546 3623/4103/546 3593/4021/546
f 3612/4105/546 3622/4104/546 3592/4023/546
f 3620/4106/548 3621/4116/548 3591/4047/548
f 3619/4107/548 3620/4106/548 3590/4027/548
f 3618/4108/548 3619/4107/548 3589/4030/548
f 3610/4109/548 3618/4108/548 3588/4032/548
f 3616/4110/547 3617/4117/547 3587/4048/547
f 3615/4111/547 3616/4110/547 3586/4036/547
f 3614/4112/547 3615/4111/547 3585/4039/547
f 3611/4113/547 3614/4112/547 3584/4041/547
f 3633/4114/550 3609/4093/550 3579/3998/550
f 3637/4115/549 3610/4109/549 3580/4034/549
f 3621/4116/548 3611/4113/548 3581/4043/548
f 3617/4117/547 3612/4105/547 3582/4025/547
f 3625/4118/546 3613/4101/546 3583/4016/546
f 3629/4119/545 3608/4151/545 3578/4089/545
f 3696/3925/549 3697/3715/549 3667/4120/549
f 3695/3923/549 3696/3925/549 3666/4121/549
f 3694/3921/549 3695/3923/549 3665/4122/549
f 3669/3717/549 3694/3921/549 3664/4123/549
f 3692/3895/550 3693/3718/550 3663/4125/550
f 3691/3893/550 3692/3895/550 3662/4126/550
f 3690/3890/550 3691/3893/550 3661/4127/550
f 3668/3891/550 3690/3890/550 3660/4128/550
f 3688/3864/545 3689/3703/545 3659/4130/545
f 3687/3862/545 3688/3864/545 3658/4131/545
f 3686/3860/545 3687/3862/545 3657/4132/545
f 3673/3705/545 3686/3860/545 3656/4133/545
f 3684/3834/546 3685/3706/546 3655/4135/546
f 3683/3832/546 3684/3834/546 3654/4136/546
f 3682/3830/546 3683/3832/546 3653/4137/546
f 3672/3708/546 3682/3830/546 3652/4138/546
f 3680/3804/548 3681/3712/548 3651/4140/548
f 3679/3802/548 3680/3804/548 3650/4141/548
f 3678/3800/548 3679/3802/548 3649/4142/548
f 3670/3714/548 3678/3800/548 3648/4143/548
f 3676/3776/547 3677/3709/547 3647/4145/547
f 3675/3774/547 3676/3776/547 3646/4146/547
f 3674/3772/547 3675/3774/547 3645/4147/547
f 3671/3711/547 3674/3772/547 3644/4148/547
f 3693/3718/550 3669/3717/550 3639/4124/550
f 3697/3715/549 3670/3714/549 3640/4144/549
f 3681/3712/548 3671/3711/548 3641/4149/548
f 3677/3709/547 3672/3708/547 3642/4139/547
f 3685/3706/546 3673/3705/546 3643/4134/546
f 3689/3703/545 3668/3702/545 3638/4150/545
usemtl mat_grey02
f 3576/3993/549 3479/4152/549 3478/4153/549
f 3575/3995/549 3478/4153/549 3477/4154/549
f 3574/3997/549 3477/4154/549 3476/4155/549
f 3548/3999/549 3476/4155/549 3292/4156/549
f 3572/4002/550 3447/4157/550 3446/4158/550
f 3571/4004/550 3446/4158/550 3445/4159/550
f 3570/4006/550 3445/4159/550 3444/4160/550
f 3553/4008/550 3444/4160/550 3290/4161/550
f 3568/4011/545 3423/4162/545 3422/4163/545
f 3567/4013/545 3422/4163/545 3421/4164/545
f 3566/4015/545 3421/4164/545 3420/4165/545
f 3552/4017/545 3420/4165/545 3300/4166/545
f 3564/4020/546 3395/4167/546 3394/4168/546
f 3563/4022/546 3394/4168/546 3393/4169/546
f 3562/4024/546 3393/4169/546 3392/4170/546
f 3551/4026/546 3392/4170/546 3298/4171/546
f 3560/4029/548 3367/4172/548 3366/4173/548
f 3559/4031/548 3366/4173/548 3365/4174/548
f 3558/4033/548 3365/4174/548 3364/4175/548
f 3549/4035/548 3364/4175/548 3294/4176/548
f 3556/4038/547 3339/4177/547 3338/4178/547
f 3555/4040/547 3338/4178/547 3337/4179/547
f 3554/4042/547 3337/4179/547 3336/4180/547
f 3550/4044/547 3336/4180/547 3296/4181/547
f 3573/4001/550 3292/4156/550 3447/4157/550
f 3577/3992/549 3294/4176/549 3479/4152/549
f 3561/4028/548 3296/4181/548 3367/4172/548
f 3557/4037/547 3298/4171/547 3339/4177/547
f 3565/4019/546 3300/4166/546 3395/4167/546
f 3569/4010/545 3290/4182/545 3423/4162/545
f 3666/4121/549 3637/4115/549 3636/4090/549
f 3665/4122/549 3636/4090/549 3635/4091/549
f 3664/4123/549 3635/4091/549 3634/4092/549
f 3639/4124/549 3634/4092/549 3609/4093/549
f 3662/4126/550 3633/4114/550 3632/4094/550
f 3661/4127/550 3632/4094/550 3631/4095/550
f 3660/4128/550 3631/4095/550 3630/4096/550
f 3638/4129/550 3630/4096/550 3608/4097/550
f 3658/4131/545 3629/4119/545 3628/4098/545
f 3657/4132/545 3628/4098/545 3627/4099/545
f 3656/4133/545 3627/4099/545 3626/4100/545
f 3643/4134/545 3626/4100/545 3613/4101/545
f 3654/4136/546 3625/4118/546 3624/4102/546
f 3653/4137/546 3624/4102/546 3623/4103/546
f 3652/4138/546 3623/4103/546 3622/4104/546
f 3642/4139/546 3622/4104/546 3612/4105/546
f 3650/4141/548 3621/4116/548 3620/4106/548
f 3649/4142/548 3620/4106/548 3619/4107/548
f 3648/4143/548 3619/4107/548 3618/4108/548
f 3640/4144/548 3618/4108/548 3610/4109/548
f 3646/4146/547 3617/4117/547 3616/4110/547
f 3645/4147/547 3616/4110/547 3615/4111/547
f 3644/4148/547 3615/4111/547 3614/4112/547
f 3641/4149/547 3614/4112/547 3611/4113/547
f 3663/4125/550 3609/4093/550 3633/4114/550
f 3667/4120/549 3610/4109/549 3637/4115/549
f 3651/4140/548 3611/4113/548 3621/4116/548
f 3647/4145/547 3612/4105/547 3617/4117/547
f 3655/4135/546 3613/4101/546 3625/4118/546
f 3659/4130/545 3608/4151/545 3629/4119/545
f 3576/3993/549 3577/3992/549 3479/4152/549
f 3575/3995/549 3576/3993/549 3478/4153/549
f 3574/3997/549 3575/3995/549 3477/4154/549
f 3548/3999/549 3574/3997/549 3476/4155/549
f 3572/4002/550 3573/4001/550 3447/4157/550
f 3571/4004/550 3572/4002/550 3446/4158/550
f 3570/4006/550 3571/4004/550 3445/4159/550
f 3553/4008/550 3570/4006/550 3444/4160/550
f 3568/4011/545 3569/4010/545 3423/4162/545
f 3567/4013/545 3568/4011/545 3422/4163/545
f 3566/4015/545 3567/4013/545 3421/4164/545
f 3552/4017/545 3566/4015/545 3420/4165/545
f 3564/4020/546 3565/4019/546 3395/4167/546
f 3563/4022/546 3564/4020/546 3394/4168/546
f 3562/4024/546 3563/4022/546 3393/4169/546
f 3551/4026/546 3562/4024/546 3392/4170/546
f 3560/4029/548 3561/4028/548 3367/4172/548
f 3559/4031/548 3560/4029/548 3366/4173/548
f 3558/4033/548 3559/4031/548 3365/4174/548
f 3549/4035/548 3558/4033/548 3364/4175/548
f 3556/4038/547 3557/4037/547 3339/4177/547
f 3555/4040/547 3556/4038/547 3338/4178/547
f 3554/4042/547 3555/4040/547 3337/4179/547
f 3550/4044/547 3554/4042/547 3336/4180/547
f 3573/4001/550 3548/3999/550 3292/4156/550
f 3577/3992/549 3549/4035/549 3294/4176/549
f 3561/4028/548 3550/4044/548 3296/4181/548
f 3557/4037/547 3551/4026/547 3298/4171/547
f 3565/4019/546 3552/4017/546 3300/4166/546
f 3569/4010/545 3553/4051/545 3290/4182/545
f 3666/4121/549 3667/4120/549 3637/4115/549
f 3665/4122/549 3666/4121/549 3636/4090/549
f 3664/4123/549 3665/4122/549 3635/4091/549
f 3639/4124/549 3664/4123/549 3634/4092/549
f 3662/4126/550 3663/4125/550 3633/4114/550
f 3661/4127/550 3662/4126/550 3632/4094/550
f 3660/4128/550 3661/4127/550 3631/4095/550
f 3638/4129/550 3660/4128/550 3630/4096/550
f 3658/4131/545 3659/4130/545 3629/4119/545
f 3657/4132/545 3658/4131/545 3628/4098/545
f 3656/4133/545 3657/4132/545 3627/4099/545
f 3643/4134/545 3656/4133/545 3626/4100/545
f 3654/4136/546 3655/4135/546 3625/4118/546
f 3653/4137/546 3654/4136/546 3624/4102/546
f 3652/4138/546 3653/4137/546 3623/4103/546
f 3642/4139/546 3652/4138/546 3622/4104/546
f 3650/4141/548 3651/4140/548 3621/4116/548
f 3649/4142/548 3650/4141/548 3620/4106/548
f 3648/4143/548 3649/4142/548 3619/4107/548
f 3640/4144/548 3648/4143/548 3618/4108/548
f 3646/4146/547 3647/4145/547 3617/4117/547
f 3645/4147/547 3646/4146/547 3616/4110/547
f 3644/4148/547 3645/4147/547 3615/4111/547
f 3641/4149/547 3644/4148/547 3614/4112/547
f 3663/4125/550 3639/4124/550 3609/4093/550
f 3667/4120/549 3640/4144/549 3610/4109/549
f 3651/4140/548 3641/4149/548 3611/4113/548
f 3647/4145/547 3642/4139/547 3612/4105/547
f 3655/4135/546 3643/4134/546 3613/4101/546
f 3659/4130/545 3638/4150/545 3608/4151/545
usemtl mat_grey03
f 3386/3787/584 3414/3819/584 3358/3761/584
f 3307/3859/667 3432/3853/667 3428/3861/667
f 3305/3771/668 3348/3765/668 3340/3773/668
f 3303/3920/669 3488/3914/669 3480/3922/669
f 3306/3829/670 3404/3823/670 3396/3831/670
f 3304/3799/671 3376/3793/671 3368/3801/671
f 3302/3889/672 3460/3882/672 3452/3892/672
f 3319/3764/673 3332/3779/673 3352/3766/673
f 3315/3913/674 3472/3927/674 3492/3915/674
f 3321/3822/675 3388/3837/675 3408/3824/675
f 3317/3792/676 3360/3807/676 3380/3794/676
f 3314/3881/677 3448/3898/677 3464/3884/677
f 3323/3852/678 3416/3867/678 3436/3854/678
f 3321/3822/673 3335/3688/673 3293/3687/673
f 3355/3725/673 3334/3782/673 3335/3688/673
f 3353/3768/673 3334/3782/673 3354/3770/673
f 3352/3766/673 3333/3780/673 3353/3768/673
f 3306/3829/668 3351/3727/668 3322/3726/668
f 3343/3707/668 3350/3769/668 3351/3727/668
f 3341/3775/668 3350/3769/668 3342/3777/668
f 3340/3773/668 3349/3767/668 3341/3775/668
f 3319/3764/676 3363/3691/676 3295/3690/676
f 3383/3728/676 3362/3811/676 3363/3691/676
f 3381/3796/676 3362/3811/676 3382/3798/676
f 3380/3794/676 3361/3809/676 3381/3796/676
f 3305/3771/671 3379/3730/671 3320/3729/671
f 3371/3710/671 3378/3797/671 3379/3730/671
f 3369/3803/671 3378/3797/671 3370/3805/671
f 3368/3801/671 3377/3795/671 3369/3803/671
f 3323/3852/675 3391/3685/675 3291/3684/675
f 3411/3722/675 3390/3841/675 3391/3685/675
f 3409/3826/675 3390/3841/675 3410/3828/675
f 3408/3824/675 3389/3839/675 3409/3826/675
f 3307/3859/670 3407/3724/670 3324/3723/670
f 3399/3704/670 3406/3827/670 3407/3724/670
f 3397/3833/670 3406/3827/670 3398/3835/670
f 3396/3831/670 3405/3825/670 3397/3833/670
f 3314/4082/678 3419/3682/678 3311/3681/678
f 3439/3719/678 3418/3871/678 3419/3682/678
f 3438/3858/678 3417/3869/678 3418/3871/678
f 3436/3854/678 3417/3869/678 3437/3856/678
f 3302/4081/667 3435/3721/667 3325/3720/667
f 3431/3701/667 3434/3857/667 3435/3721/667
f 3429/3863/667 3434/3857/667 3430/3865/667
f 3428/3861/667 3433/3855/667 3429/3863/667
f 3315/3913/677 3451/3695/677 3299/3697/677
f 3467/3734/677 3450/3903/677 3451/3695/677
f 3465/3886/677 3450/3903/677 3466/3888/677
f 3464/3884/677 3449/3901/677 3465/3886/677
f 3303/3920/672 3463/3736/672 3316/3735/672
f 3455/3716/672 3462/3887/672 3463/3736/672
f 3453/3894/672 3462/3887/672 3454/3896/672
f 3452/3892/672 3461/3885/672 3453/3894/672
f 3317/3792/674 3475/3694/674 3297/3693/674
f 3495/3731/674 3474/3931/674 3475/3694/674
f 3493/3917/674 3474/3931/674 3494/3919/674
f 3492/3915/674 3473/3929/674 3493/3917/674
f 3304/3799/669 3491/3733/669 3318/3732/669
f 3483/3713/669 3490/3918/669 3491/3733/669
f 3482/3926/669 3489/3916/669 3490/3918/669
f 3480/3922/669 3489/3916/669 3481/3924/669
f 3703/4183/679 3717/4184/679 3698/4185/679
f 3708/4186/680 3709/4187/680 3704/4188/680
f 3714/4189/681 3707/4190/681 3713/4191/681
f 3712/4192/584 3704/4188/584 3710/4193/584
f 3715/4194/551 3708/4186/551 3714/4189/551
f 3713/4191/682 3706/4195/682 3712/4192/682
f 3711/4196/683 3704/4188/683 3705/4197/683
f 3711/4196/684 3709/4187/684 3715/4194/684
f 3699/4198/685 3711/4196/685 3698/4185/685
f 3700/4199/685 3710/4193/685 3699/4198/685
f 3700/4199/685 3713/4191/685 3712/4192/685
f 3701/4200/685 3714/4189/685 3713/4191/685
f 3702/4201/685 3715/4194/685 3714/4189/685
f 3698/4185/685 3715/4194/685 3703/4183/685
f 3701/4200/686 3720/4202/686 3702/4201/686
f 3699/4198/551 3718/4203/551 3700/4199/551
f 3702/4201/584 3721/4204/584 3703/4183/584
f 3701/4200/687 3718/4203/687 3719/4205/687
f 3698/4185/688 3716/4206/688 3699/4198/688
f 3727/4207/689 3741/4208/689 3722/4209/689
f 3732/4210/546 3733/4211/546 3728/4212/546
f 3737/4213/690 3732/4210/690 3731/4214/690
f 3736/4215/584 3728/4212/584 3734/4216/584
f 3739/4217/551 3732/4210/551 3738/4218/551
f 3737/4213/691 3730/4219/691 3736/4215/691
f 3735/4220/692 3728/4212/692 3729/4221/692
f 3735/4220/693 3733/4211/693 3739/4217/693
f 3723/4222/549 3735/4220/549 3722/4209/549
f 3724/4223/549 3734/4216/549 3723/4222/549
f 3724/4223/549 3737/4213/549 3736/4215/549
f 3725/4224/549 3738/4218/549 3737/4213/549
f 3727/4207/549 3738/4218/549 3726/4225/549
f 3722/4209/549 3739/4217/549 3727/4207/549
f 3725/4224/694 3744/4226/694 3726/4225/694
f 3723/4222/551 3742/4227/551 3724/4223/551
f 3726/4225/584 3745/4228/584 3727/4207/584
f 3724/4223/695 3743/4229/695 3725/4224/695
f 3722/4209/696 3740/4230/696 3723/4222/696
f 3751/4231/697 3765/4232/697 3746/4233/697
f 3756/4234/698 3757/4235/698 3752/4236/698
f 3761/4237/699 3756/4234/699 3755/4238/699
f 3760/4239/584 3752/4236/584 3758/4240/584
f 3763/4241/551 3756/4234/551 3762/4242/551
f 3760/4239/700 3755/4238/700 3754/4243/700
f 3759/4244/701 3752/4236/701 3753/4245/701
f 3759/4244/702 3757/4235/702 3763/4241/702
f 3747/4246/703 3759/4244/703 3746/4233/703
f 3748/4247/703 3758/4240/703 3747/4246/703
f 3748/4247/703 3761/4237/703 3760/4239/703
f 3749/4248/703 3762/4242/703 3761/4237/703
f 3750/4249/703 3763/4241/703 3762/4242/703
f 3746/4233/703 3763/4241/703 3751/4231/703
f 3750/4249/704 3767/4250/704 3768/4251/704
f 3747/4246/551 3766/4252/551 3748/4247/551
f 3750/4249/584 3769/4253/584 3751/4231/584
f 3748/4247/705 3767/4250/705 3749/4248/705
f 3747/4246/706 3765/4232/706 3764/4254/706
f 3499/3959/584 3313/3752/584 3468/3754/584
f 3499/3959/584 3468/3754/584 3469/3758/584
f 3496/3751/584 3497/3816/584 3387/3984/584
f 3497/3816/584 3498/3910/584 3470/3878/584
f 3498/3910/584 3499/3959/584 3469/3758/584
f 3470/3878/584 3471/3968/584 3440/3739/584
f 3471/3968/584 3312/3737/584 3440/3739/584
f 3498/3910/584 3469/3758/584 3470/3878/584
f 3387/3984/584 3310/3749/584 3496/3751/584
f 3497/3816/584 3470/3878/584 3386/3787/584
f 3387/3984/584 3497/3816/584 3386/3787/584
f 3441/3965/584 3442/3847/584 3470/3878/584
f 3442/3847/584 3443/3973/584 3413/3817/584
f 3470/3878/584 3442/3847/584 3386/3787/584
f 3470/3878/584 3440/3739/584 3441/3965/584
f 3384/3748/584 3385/3879/584 3358/3761/584
f 3385/3879/584 3386/3787/584 3358/3761/584
f 3386/3787/584 3442/3847/584 3414/3819/584
f 3443/3973/584 3301/3740/584 3412/3742/584
f 3413/3817/584 3414/3819/584 3442/3847/584
f 3414/3819/584 3415/3978/584 3357/3759/584
f 3443/3973/584 3412/3742/584 3413/3817/584
f 3359/3907/584 3309/3746/584 3384/3748/584
f 3415/3978/584 3308/3743/584 3356/3745/584
f 3356/3745/584 3357/3759/584 3415/3978/584
f 3357/3759/584 3358/3761/584 3414/3819/584
f 3358/3761/584 3359/3907/584 3384/3748/584
f 3307/3859/667 3324/3723/667 3432/3853/667
f 3305/3771/668 3320/3729/668 3348/3765/668
f 3303/3920/669 3316/3735/669 3488/3914/669
f 3306/3829/670 3322/3726/670 3404/3823/670
f 3304/3799/671 3318/3732/671 3376/3793/671
f 3302/3889/672 3325/3883/672 3460/3882/672
f 3319/3764/673 3295/3690/673 3332/3779/673
f 3315/3913/674 3299/3697/674 3472/3927/674
f 3321/3822/675 3293/3687/675 3388/3837/675
f 3317/3792/676 3297/3693/676 3360/3807/676
f 3314/3881/677 3311/3899/677 3448/3898/677
f 3323/3852/678 3291/3684/678 3416/3867/678
f 3321/3822/673 3355/3725/673 3335/3688/673
f 3355/3725/673 3354/3770/673 3334/3782/673
f 3353/3768/673 3333/3780/673 3334/3782/673
f 3352/3766/673 3332/3779/673 3333/3780/673
f 3306/3829/668 3343/3707/668 3351/3727/668
f 3343/3707/668 3342/3777/668 3350/3769/668
f 3341/3775/668 3349/3767/668 3350/3769/668
f 3340/3773/668 3348/3765/668 3349/3767/668
f 3319/3764/676 3383/3728/676 3363/3691/676
f 3383/3728/676 3382/3798/676 3362/3811/676
f 3381/3796/676 3361/3809/676 3362/3811/676
f 3380/3794/676 3360/3807/676 3361/3809/676
f 3305/3771/671 3371/3710/671 3379/3730/671
f 3371/3710/671 3370/3805/671 3378/3797/671
f 3369/3803/671 3377/3795/671 3378/3797/671
f 3368/3801/671 3376/3793/671 3377/3795/671
f 3323/3852/675 3411/3722/675 3391/3685/675
f 3411/3722/675 3410/3828/675 3390/3841/675
f 3409/3826/675 3389/3839/675 3390/3841/675
f 3408/3824/675 3388/3837/675 3389/3839/675
f 3307/3859/670 3399/3704/670 3407/3724/670
f 3399/3704/670 3398/3835/670 3406/3827/670
f 3397/3833/670 3405/3825/670 3406/3827/670
f 3396/3831/670 3404/3823/670 3405/3825/670
f 3314/4082/678 3439/3719/678 3419/3682/678
f 3439/3719/678 3438/3858/678 3418/3871/678
f 3438/3858/678 3437/3856/678 3417/3869/678
f 3436/3854/678 3416/3867/678 3417/3869/678
f 3302/4081/667 3431/3701/667 3435/3721/667
f 3431/3701/667 3430/3865/667 3434/3857/667
f 3429/3863/667 3433/3855/667 3434/3857/667
f 3428/3861/667 3432/3853/667 3433/3855/667
f 3315/3913/677 3467/3734/677 3451/3695/677
f 3467/3734/677 3466/3888/677 3450/3903/677
f 3465/3886/677 3449/3901/677 3450/3903/677
f 3464/3884/677 3448/3898/677 3449/3901/677
f 3303/3920/672 3455/3716/672 3463/3736/672
f 3455/3716/672 3454/3896/672 3462/3887/672
f 3453/3894/672 3461/3885/672 3462/3887/672
f 3452/3892/672 3460/3882/672 3461/3885/672
f 3317/3792/674 3495/3731/674 3475/3694/674
f 3495/3731/674 3494/3919/674 3474/3931/674
f 3493/3917/674 3473/3929/674 3474/3931/674
f 3492/3915/674 3472/3927/674 3473/3929/674
f 3304/3799/669 3483/3713/669 3491/3733/669
f 3483/3713/669 3482/3926/669 3490/3918/669
f 3482/3926/669 3481/3924/669 3489/3916/669
f 3480/3922/669 3488/3914/669 3489/3916/669
f 3703/4183/679 3721/4204/679 3717/4184/679
f 3705/4197/680 3704/4188/680 3709/4187/680
f 3704/4188/680 3706/4195/680 3708/4186/680
f 3706/4195/680 3707/4190/680 3708/4186/680
f 3714/4189/681 3708/4186/681 3707/4190/681
f 3712/4192/584 3706/4195/584 3704/4188/584
f 3715/4194/551 3709/4187/551 3708/4186/551
f 3713/4191/682 3707/4190/682 3706/4195/682
f 3711/4196/683 3710/4193/683 3704/4188/683
f 3711/4196/684 3705/4197/684 3709/4187/684
f 3699/4198/685 3710/4193/685 3711/4196/685
f 3700/4199/685 3712/4192/685 3710/4193/685
f 3700/4199/685 3701/4200/685 3713/4191/685
f 3701/4200/685 3702/4201/685 3714/4189/685
f 3702/4201/685 3703/4183/685 3715/4194/685
f 3698/4185/685 3711/4196/685 3715/4194/685
f 3701/4200/686 3719/4205/686 3720/4202/686
f 3699/4198/551 3716/4206/551 3718/4203/551
f 3702/4201/584 3720/4202/584 3721/4204/584
f 3701/4200/687 3700/4199/687 3718/4203/687
f 3698/4185/688 3717/4184/688 3716/4206/688
f 3727/4207/689 3745/4228/689 3741/4208/689
f 3729/4221/546 3728/4212/546 3733/4211/546
f 3728/4212/546 3730/4219/546 3732/4210/546
f 3730/4219/546 3731/4214/546 3732/4210/546
f 3737/4213/690 3738/4218/690 3732/4210/690
f 3736/4215/584 3730/4219/584 3728/4212/584
f 3739/4217/551 3733/4211/551 3732/4210/551
f 3737/4213/691 3731/4214/691 3730/4219/691
f 3735/4220/692 3734/4216/692 3728/4212/692
f 3735/4220/693 3729/4221/693 3733/4211/693
f 3723/4222/549 3734/4216/549 3735/4220/549
f 3724/4223/549 3736/4215/549 3734/4216/549
f 3724/4223/549 3725/4224/549 3737/4213/549
f 3725/4224/549 3726/4225/549 3738/4218/549
f 3727/4207/549 3739/4217/549 3738/4218/549
f 3722/4209/549 3735/4220/549 3739/4217/549
f 3725/4224/694 3743/4229/694 3744/4226/694
f 3723/4222/551 3740/4230/551 3742/4227/551
f 3726/4225/584 3744/4226/584 3745/4228/584
f 3724/4223/695 3742/4227/695 3743/4229/695
f 3722/4209/696 3741/4208/696 3740/4230/696
f 3751/4231/697 3769/4253/697 3765/4232/697
f 3753/4245/698 3752/4236/698 3757/4235/698
f 3752/4236/698 3754/4243/698 3756/4234/698
f 3754/4243/698 3755/4238/698 3756/4234/698
f 3761/4237/699 3762/4242/699 3756/4234/699
f 3760/4239/584 3754/4243/584 3752/4236/584
f 3763/4241/551 3757/4235/551 3756/4234/551
f 3760/4239/700 3761/4237/700 3755/4238/700
f 3759/4244/701 3758/4240/701 3752/4236/701
f 3759/4244/702 3753/4245/702 3757/4235/702
f 3747/4246/703 3758/4240/703 3759/4244/703
f 3748/4247/703 3760/4239/703 3758/4240/703
f 3748/4247/703 3749/4248/703 3761/4237/703
f 3749/4248/703 3750/4249/703 3762/4242/703
f 3750/4249/703 3751/4231/703 3763/4241/703
f 3746/4233/703 3759/4244/703 3763/4241/703
f 3750/4249/704 3749/4248/704 3767/4250/704
f 3747/4246/551 3764/4254/551 3766/4252/551
f 3750/4249/584 3768/4251/584 3769/4253/584
f 3748/4247/705 3766/4252/705 3767/4250/705
f 3747/4246/706 3746/4233/706 3765/4232/706
usemtl mat_black
f 3720/4202/685 3719/4205/685 3718/4203/685
f 3744/4226/549 3743/4229/549 3742/4227/549
f 3768/4251/703 3767/4250/703 3766/4252/703
f 3718/4203/685 3716/4206/685 3720/4202/685
f 3716/4206/685 3717/4184/685 3721/4204/685
f 3720/4202/685 3716/4206/685 3721/4204/685
f 3742/4227/549 3740/4230/549 3744/4226/549
f 3740/4230/549 3741/4208/549 3745/4228/549
f 3744/4226/549 3740/4230/549 3745/4228/549
f 3766/4252/703 3764/4254/703 3768/4251/703
f 3764/4254/703 3765/4232/703 3769/4253/703
f 3768/4251/703 3764/4254/703 3769/4253/703
